ISO-10303-21;
HEADER;
FILE_DESCRIPTION(('Open CASCADE Model'),'2;1');
FILE_NAME('Open CASCADE Shape Model','2026-10-07T15:17:45',('Author'),(
    'Open CASCADE'),'Open CASCADE STEP processor 7.9','Open CASCADE 7.9'
  ,'Unknown');
FILE_SCHEMA(('AUTOMOTIVE_DESIGN { 1 0 10303 214 1 1 1 1 }'));
ENDSEC;
DATA;
#1 = APPLICATION_PROTOCOL_DEFINITION('international standard',
  'automotive_design',2000,#2);
#2 = APPLICATION_CONTEXT(
  'core data for automotive mechanical design processes');
#3 = SHAPE_DEFINITION_REPRESENTATION(#4,#10);
#4 = PRODUCT_DEFINITION_SHAPE('','',#5);
#5 = PRODUCT_DEFINITION('design','',#6,#9);
#6 = PRODUCT_DEFINITION_FORMATION('','',#7);
#7 = PRODUCT('dominio_alabe','dominio_alabe','',(#8));
#8 = PRODUCT_CONTEXT('',#2,'mechanical');
#9 = PRODUCT_DEFINITION_CONTEXT('part definition',#2,'design');
#10 = SHAPE_REPRESENTATION('',(#11,#15,#19,#23,#27,#31,#35,#39,#43,#47,
    #51,#55,#59),#63);
#11 = AXIS2_PLACEMENT_3D('',#12,#13,#14);
#12 = CARTESIAN_POINT('',(0.,0.,0.));
#13 = DIRECTION('',(0.,0.,1.));
#14 = DIRECTION('',(1.,0.,-0.));
#15 = AXIS2_PLACEMENT_3D('',#16,#17,#18);
#16 = CARTESIAN_POINT('',(0.,0.,0.));
#17 = DIRECTION('',(0.,0.,1.));
#18 = DIRECTION('',(1.,0.,-0.));
#19 = AXIS2_PLACEMENT_3D('',#20,#21,#22);
#20 = CARTESIAN_POINT('',(0.,0.,0.));
#21 = DIRECTION('',(0.,0.,1.));
#22 = DIRECTION('',(1.,0.,-0.));
#23 = AXIS2_PLACEMENT_3D('',#24,#25,#26);
#24 = CARTESIAN_POINT('',(0.,0.,0.));
#25 = DIRECTION('',(0.,0.,1.));
#26 = DIRECTION('',(1.,0.,-0.));
#27 = AXIS2_PLACEMENT_3D('',#28,#29,#30);
#28 = CARTESIAN_POINT('',(0.,0.,0.));
#29 = DIRECTION('',(0.,0.,1.));
#30 = DIRECTION('',(1.,0.,-0.));
#31 = AXIS2_PLACEMENT_3D('',#32,#33,#34);
#32 = CARTESIAN_POINT('',(0.,0.,0.));
#33 = DIRECTION('',(0.,0.,1.));
#34 = DIRECTION('',(1.,0.,-0.));
#35 = AXIS2_PLACEMENT_3D('',#36,#37,#38);
#36 = CARTESIAN_POINT('',(0.,0.,0.));
#37 = DIRECTION('',(0.,0.,1.));
#38 = DIRECTION('',(1.,0.,-0.));
#39 = AXIS2_PLACEMENT_3D('',#40,#41,#42);
#40 = CARTESIAN_POINT('',(0.,0.,0.));
#41 = DIRECTION('',(0.,0.,1.));
#42 = DIRECTION('',(1.,0.,-0.));
#43 = AXIS2_PLACEMENT_3D('',#44,#45,#46);
#44 = CARTESIAN_POINT('',(0.,0.,0.));
#45 = DIRECTION('',(0.,0.,1.));
#46 = DIRECTION('',(1.,0.,-0.));
#47 = AXIS2_PLACEMENT_3D('',#48,#49,#50);
#48 = CARTESIAN_POINT('',(0.,0.,0.));
#49 = DIRECTION('',(0.,0.,1.));
#50 = DIRECTION('',(1.,0.,-0.));
#51 = AXIS2_PLACEMENT_3D('',#52,#53,#54);
#52 = CARTESIAN_POINT('',(0.,0.,0.));
#53 = DIRECTION('',(0.,0.,1.));
#54 = DIRECTION('',(1.,0.,-0.));
#55 = AXIS2_PLACEMENT_3D('',#56,#57,#58);
#56 = CARTESIAN_POINT('',(0.,0.,0.));
#57 = DIRECTION('',(0.,0.,1.));
#58 = DIRECTION('',(1.,0.,-0.));
#59 = AXIS2_PLACEMENT_3D('',#60,#61,#62);
#60 = CARTESIAN_POINT('',(0.,0.,0.));
#61 = DIRECTION('',(0.,0.,1.));
#62 = DIRECTION('',(1.,0.,-0.));
#63 = ( GEOMETRIC_REPRESENTATION_CONTEXT(3) 
GLOBAL_UNCERTAINTY_ASSIGNED_CONTEXT((#67)) GLOBAL_UNIT_ASSIGNED_CONTEXT(
(#64,#65,#66)) REPRESENTATION_CONTEXT('Context #1',
  '3D Context with UNIT and UNCERTAINTY') );
#64 = ( LENGTH_UNIT() NAMED_UNIT(*) SI_UNIT(.MILLI.,.METRE.) );
#65 = ( NAMED_UNIT(*) PLANE_ANGLE_UNIT() SI_UNIT($,.RADIAN.) );
#66 = ( NAMED_UNIT(*) SI_UNIT($,.STERADIAN.) SOLID_ANGLE_UNIT() );
#67 = UNCERTAINTY_MEASURE_WITH_UNIT(LENGTH_MEASURE(1.E-07),#64,
  'distance_accuracy_value','confusion accuracy');
#68 = PRODUCT_RELATED_PRODUCT_CATEGORY('part',$,(#7));
#69 = SHAPE_DEFINITION_REPRESENTATION(#70,#76);
#70 = PRODUCT_DEFINITION_SHAPE('','',#71);
#71 = PRODUCT_DEFINITION('design','',#72,#75);
#72 = PRODUCT_DEFINITION_FORMATION('','',#73);
#73 = PRODUCT('ALABE','ALABE','',(#74));
#74 = PRODUCT_CONTEXT('',#2,'mechanical');
#75 = PRODUCT_DEFINITION_CONTEXT('part definition',#2,'design');
#76 = ADVANCED_BREP_SHAPE_REPRESENTATION('',(#11,#77),#2295);
#77 = MANIFOLD_SOLID_BREP('',#78);
#78 = CLOSED_SHELL('',(#79,#1367,#1721,#2025,#2052,#2079,#2106,#2133,
    #2160,#2187,#2214,#2241,#2268));
#79 = ADVANCED_FACE('',(#80),#94,.T.);
#80 = FACE_BOUND('',#81,.T.);
#81 = EDGE_LOOP('',(#82,#354,#860,#861));
#82 = ORIENTED_EDGE('',*,*,#83,.T.);
#83 = EDGE_CURVE('',#84,#86,#88,.T.);
#84 = VERTEX_POINT('',#85);
#85 = CARTESIAN_POINT('',(23.2738,113.8936,0.));
#86 = VERTEX_POINT('',#87);
#87 = CARTESIAN_POINT('',(23.2738,113.8936,12.7));
#88 = SEAM_CURVE('',#89,(#93,#347),.PCURVE_S1.);
#89 = LINE('',#90,#91);
#90 = CARTESIAN_POINT('',(23.2738,113.8936,0.));
#91 = VECTOR('',#92,1.);
#92 = DIRECTION('',(0.,0.,1.));
#93 = PCURVE('',#94,#341);
#94 = SURFACE_OF_LINEAR_EXTRUSION('',#95,#339);
#95 = B_SPLINE_CURVE_WITH_KNOTS('',3,(#96,#97,#98,#99,#100,#101,#102,
    #103,#104,#105,#106,#107,#108,#109,#110,#111,#112,#113,#114,#115,
    #116,#117,#118,#119,#120,#121,#122,#123,#124,#125,#126,#127,#128,
    #129,#130,#131,#132,#133,#134,#135,#136,#137,#138,#139,#140,#141,
    #142,#143,#144,#145,#146,#147,#148,#149,#150,#151,#152,#153,#154,
    #155,#156,#157,#158,#159,#160,#161,#162,#163,#164,#165,#166,#167,
    #168,#169,#170,#171,#172,#173,#174,#175,#176,#177,#178,#179,#180,
    #181,#182,#183,#184,#185,#186,#187,#188,#189,#190,#191,#192,#193,
    #194,#195,#196,#197,#198,#199,#200,#201,#202,#203,#204,#205,#206,
    #207,#208,#209,#210,#211,#212,#213,#214,#215,#216,#217,#218,#219,
    #220,#221,#222,#223,#224,#225,#226,#227,#228,#229,#230,#231,#232,
    #233,#234,#235,#236,#237,#238,#239,#240,#241,#242,#243,#244,#245,
    #246,#247,#248,#249,#250,#251,#252,#253,#254,#255,#256,#257,#258,
    #259,#260,#261,#262,#263,#264,#265,#266,#267,#268,#269,#270,#271,
    #272,#273,#274,#275,#276,#277,#278,#279,#280,#281,#282,#283,#284,
    #285,#286,#287,#288,#289,#290,#291,#292,#293,#294,#295,#296,#297,
    #298,#299,#300,#301,#302,#303,#304,#305,#306,#307,#308,#309,#310,
    #311,#312,#313,#314,#315,#316,#317,#318,#319,#320,#321,#322,#323,
    #324,#325,#326,#327,#328,#329,#330,#331,#332,#333,#334,#335,#336,
    #337,#338),.UNSPECIFIED.,.T.,.F.,(1,1,2,1,1,1,1,1,1,1,1,1,1,1,1,1,1,
    1,1,1,1,1,1,1,1,1,1,1,1,1,1,1,1,1,1,1,1,1,1,1,1,1,1,1,1,1,1,1,1,1,1,
    1,1,1,1,1,1,1,1,1,1,1,1,1,1,1,1,1,1,1,1,1,1,1,1,1,1,1,1,1,1,1,1,1,1,
    1,1,1,1,1,1,1,1,1,1,1,1,1,1,1,1,1,1,1,1,1,1,1,1,1,1,1,1,1,1,1,1,1,1,
    1,1,1,1,1,1,1,1,1,1,1,1,1,1,1,1,1,1,1,1,1,1,1,1,1,1,1,1,1,1,1,1,1,1,
    1,1,1,1,1,1,1,1,1,1,1,1,1,1,1,1,1,1,1,1,1,1,1,1,1,1,1,1,1,1,1,1,1,1,
    1,1,1,1,1,1,1,1,1,1,1,1,1,1,1,1,1,1,1,1,1,1,1,1,1,1,1,1,1,1,1,1,1,1,
    1,1,1,1,1,1,1,1,1,1,1,1,1,1,1,1,1,1,1,1,1,2,1,1),(-2.665651851091,
    -1.332779088972,0.,1.333450355281,2.666975083211,4.000432187883,
    5.333917774607,6.667441602665,8.000953724845,9.334460807691,
    10.668054992591,12.001566582342,13.335182006668,14.668692989,
    16.002276387217,17.335777898277,18.669360119214,20.002942756324,
    21.336482107074,22.670028465474,24.003702518607,25.337168427432,
    26.670803227518,28.004387484324,29.337934828815,30.671520000448,
    32.005117855876,33.338690381087,34.672225191282,36.005822000666,
    37.339371084877,38.672987540234,40.006466767669,41.340065001771,
    42.673671484209,44.007238419162,45.340760271251,46.674411593749,
    48.007932947159,49.341509555382,50.675026683131,52.00865498592,
    53.342197444937,54.675817128355,56.009400639051,57.342918123001,
    58.676558231876,60.010060237873,61.343651348372,62.67724348992,
    64.010747175704,65.344384945115,66.677932488325,68.011478925462,
    69.34511495152,70.678620230849,72.01222483867,73.345800457073,
    74.679396591591,76.012927307397,77.346529257006,78.680071716023,
    80.013686480488,81.347245065628,82.680788799444,84.014408404129,
    85.347970869857,86.681519927823,88.015140522295,89.348703846625,
    90.68229414728,92.015824083202,93.349335856678,94.682965584151,
    96.016515770684,97.350077655262,98.683665567625,100.0172706441,
    101.35079990512,102.68441636047,104.01795250547,105.35153250682,
    106.68509080325,108.01863165377,109.35218702945,110.68582005619,
    112.01932390695,113.3529324927,114.68647904232,116.02005699655,
    117.35361321209,118.68707022302,120.02068285793,121.35416365644,
    122.68768352881,124.02121800906,125.35468235803,126.68822465583,
    127.99485545678,129.29563124453,130.5963607091,131.89718849555,
    133.23020169879,134.56369862417,135.89729874789,137.23086121362,
    138.56438122097,139.89805246232,141.23155907273,142.56514858978,
    143.89866220426,145.23231094362,146.56583531535,147.89943183979,
    149.23301965092,150.56659561427,151.90011605655,153.23366490455,
    154.56721938788,155.90077475981,157.23442066859,158.56792043986,
    159.90157227224,161.23510125205,162.56864933892,163.9022273269,
    165.23573944533,166.56935680049,167.90289243931,169.23648190013,
    170.56996765183,171.9035917218,173.2370991646,174.57062175533,
    175.90429323662,177.23785930173,178.57136408612,179.90489100748,
    181.23848060702,182.57207263234,183.90560497916,185.23913376025,
    186.57269132181,187.9063057226,189.23984514084,190.57340550318,
    191.90699674865,193.24053029904,194.57409613918,195.9076527559,
    197.24122720077,198.57476664526,199.90839510926,201.24186601633,
    202.57546128477,203.90903297763,205.24258129696,206.57613016371,
    207.90975930631,209.24325447316,210.57680990882,211.91036715544,
    213.24394124412,214.57751204464,215.91104027081,217.24463403955,
    218.57813901516,219.9117432818,221.24529289468,222.57880904381,
    223.91244481493,225.24594529487,226.5794948815,227.91305031717,
    229.24660350321,230.58015762659,231.91368718757,233.24728084757,
    234.58082024707,235.91439040645,237.24800176288,238.58154439062,
    239.91503815139,241.24864920788,242.58221294839,243.91571243845,
    245.2492753991,246.58288485092,247.91639369979,249.25002307109,
    250.58349064475,251.91706776663,253.25066659686,254.58425031377,
    255.91773948508,257.25135529932,258.58493115768,259.91848516484,
    261.25205098623,262.58557898744,263.9192302462,265.25280235524,
    266.58629334133,267.9198719292,269.25350744162,270.58706080763,
    271.92059849364,273.25419222863,274.58774269261,275.92135202821,
    277.25490009634,278.58845326363,279.92206733824,281.25556298878,
    282.58915273079,283.92258264271,285.25539998954,286.58816747488,
    287.92100572464,289.25384732438,290.58669016958,291.91947601134,
    293.2523586956,294.58516278473,295.91793205583,297.25081043363,
    298.58364088046,299.91641759844,301.24919361864,302.58206127148,
    303.91491028769,305.24769903689,306.58053086799,307.91330747343,
    309.24615932191,310.57901639227,311.91181582204,313.24465791696,
    314.57747485863,315.91026648901,317.2430555796,318.57592834172,
    319.90870743069,321.24215778597,322.5756825139),.UNSPECIFIED.);
#96 = CARTESIAN_POINT('',(23.222798385879,114.33497764014,0.));
#97 = CARTESIAN_POINT('',(23.324827301548,113.45200005598,0.));
#98 = CARTESIAN_POINT('',(23.444874961666,112.57095013787,0.));
#99 = CARTESIAN_POINT('',(23.676117862768,111.25733745498,0.));
#100 = CARTESIAN_POINT('',(23.955829647807,109.95322121022,0.));
#101 = CARTESIAN_POINT('',(24.280976998367,108.65972265416,0.));
#102 = CARTESIAN_POINT('',(24.647686748114,107.37739653654,0.));
#103 = CARTESIAN_POINT('',(25.054071085206,106.10710668397,0.));
#104 = CARTESIAN_POINT('',(25.496033604264,104.84876419585,0.));
#105 = CARTESIAN_POINT('',(25.970853999282,103.60247298848,0.));
#106 = CARTESIAN_POINT('',(26.475303068191,102.36786393939,0.));
#107 = CARTESIAN_POINT('',(27.006803543496,101.14470541154,0.));
#108 = CARTESIAN_POINT('',(27.562807250001,99.93248324983,0.));
#109 = CARTESIAN_POINT('',(28.140412936874,98.730464888317,0.));
#110 = CARTESIAN_POINT('',(28.73707937031,97.537782933761,0.));
#111 = CARTESIAN_POINT('',(29.350142851125,96.353459826858,0.));
#112 = CARTESIAN_POINT('',(29.977355258529,95.176565740077,0.));
#113 = CARTESIAN_POINT('',(30.616189354993,94.005963937436,0.));
#114 = CARTESIAN_POINT('',(31.264108978077,92.840339649417,0.));
#115 = CARTESIAN_POINT('',(31.918687317291,91.678475861696,0.));
#116 = CARTESIAN_POINT('',(32.57735131872,90.518893586942,0.));
#117 = CARTESIAN_POINT('',(33.237659680047,89.360282236645,0.));
#118 = CARTESIAN_POINT('',(33.899373274916,88.202441664979,0.));
#119 = CARTESIAN_POINT('',(34.561802364326,87.045029552271,0.));
#120 = CARTESIAN_POINT('',(35.224857121978,85.887970544166,0.));
#121 = CARTESIAN_POINT('',(35.888185935106,84.73105897941,0.));
#122 = CARTESIAN_POINT('',(36.550965606076,83.573852060092,0.));
#123 = CARTESIAN_POINT('',(37.213313986329,82.416398541692,0.));
#124 = CARTESIAN_POINT('',(37.874436102798,81.258252902518,0.));
#125 = CARTESIAN_POINT('',(38.534107810808,80.099249128744,0.));
#126 = CARTESIAN_POINT('',(39.191979873989,78.93926751776,0.));
#127 = CARTESIAN_POINT('',(39.847445597766,77.777905406973,0.));
#128 = CARTESIAN_POINT('',(40.500352816426,76.615106317721,0.));
#129 = CARTESIAN_POINT('',(41.149965535849,75.450429450615,0.));
#130 = CARTESIAN_POINT('',(41.796134266896,74.283867279849,0.));
#131 = CARTESIAN_POINT('',(42.438460977008,73.115167244357,0.));
#132 = CARTESIAN_POINT('',(43.076338868464,71.94404993559,0.));
#133 = CARTESIAN_POINT('',(43.709668399748,70.770445505382,0.));
#134 = CARTESIAN_POINT('',(44.337818598421,69.594110062942,0.));
#135 = CARTESIAN_POINT('',(44.960418098661,68.414787804611,0.));
#136 = CARTESIAN_POINT('',(45.578207135879,67.232951962425,0.));
#137 = CARTESIAN_POINT('',(46.191089932846,66.048526346423,0.));
#138 = CARTESIAN_POINT('',(46.799897013156,64.862018617141,0.));
#139 = CARTESIAN_POINT('',(47.405085360888,63.673671047677,0.));
#140 = CARTESIAN_POINT('',(48.0073047865,62.483808838894,0.));
#141 = CARTESIAN_POINT('',(48.60659376229,61.292498910396,0.));
#142 = CARTESIAN_POINT('',(49.2040072545,60.100220432723,0.));
#143 = CARTESIAN_POINT('',(49.799649752704,58.907074257854,0.));
#144 = CARTESIAN_POINT('',(50.394394924863,57.713480199403,0.));
#145 = CARTESIAN_POINT('',(50.988498613233,56.519549381358,0.));
#146 = CARTESIAN_POINT('',(51.582723478975,55.325695504758,0.));
#147 = CARTESIAN_POINT('',(52.177333382628,54.132017374685,0.));
#148 = CARTESIAN_POINT('',(52.772941766462,52.938837507402,0.));
#149 = CARTESIAN_POINT('',(53.370173359216,51.746484923446,0.));
#150 = CARTESIAN_POINT('',(53.969256206527,50.555039183137,0.));
#151 = CARTESIAN_POINT('',(54.57108223063,49.364998960615,0.));
#152 = CARTESIAN_POINT('',(55.175402322786,48.176189662244,0.));
#153 = CARTESIAN_POINT('',(55.782115914467,46.988627771461,0.));
#154 = CARTESIAN_POINT('',(56.391078398834,45.802207903159,0.));
#155 = CARTESIAN_POINT('',(57.002027470958,44.616829835398,0.));
#156 = CARTESIAN_POINT('',(57.615169969069,43.432553574231,0.));
#157 = CARTESIAN_POINT('',(58.229752565772,42.249040320971,0.));
#158 = CARTESIAN_POINT('',(58.846368075236,41.066584424476,0.));
#159 = CARTESIAN_POINT('',(59.464362153643,39.884846891677,0.));
#160 = CARTESIAN_POINT('',(60.083854306564,38.703892438506,0.));
#161 = CARTESIAN_POINT('',(60.704768282652,37.523682942266,0.));
#162 = CARTESIAN_POINT('',(61.327060239598,36.344199236526,0.));
#163 = CARTESIAN_POINT('',(61.950257698876,35.165193340518,0.));
#164 = CARTESIAN_POINT('',(62.574861802493,33.986916479344,0.));
#165 = CARTESIAN_POINT('',(63.200306214131,32.809119776876,0.));
#166 = CARTESIAN_POINT('',(63.826848595877,31.631926183799,0.));
#167 = CARTESIAN_POINT('',(64.454288522528,30.455195958974,0.));
#168 = CARTESIAN_POINT('',(65.082511549901,29.278875893488,0.));
#169 = CARTESIAN_POINT('',(65.712398095157,28.103425998102,0.));
#170 = CARTESIAN_POINT('',(66.345300587207,26.929611805018,0.));
#171 = CARTESIAN_POINT('',(66.982433058969,25.758064919131,0.));
#172 = CARTESIAN_POINT('',(67.625378359248,24.589707901996,0.));
#173 = CARTESIAN_POINT('',(68.274984690095,23.425027818463,0.));
#174 = CARTESIAN_POINT('',(68.932557083313,22.264848841359,0.));
#175 = CARTESIAN_POINT('',(69.599315571054,21.109901528322,0.));
#176 = CARTESIAN_POINT('',(70.276215128512,19.960886065994,0.));
#177 = CARTESIAN_POINT('',(70.964402413161,18.818590101934,0.));
#178 = CARTESIAN_POINT('',(71.664552837558,17.683590360272,0.));
#179 = CARTESIAN_POINT('',(72.378215000809,16.557002801546,0.));
#180 = CARTESIAN_POINT('',(73.105664160512,15.439277970886,0.));
#181 = CARTESIAN_POINT('',(73.848195794544,14.331486122456,0.));
#182 = CARTESIAN_POINT('',(74.606454441499,13.234428295314,0.));
#183 = CARTESIAN_POINT('',(75.381729147735,12.149281890817,0.));
#184 = CARTESIAN_POINT('',(76.176055753336,11.078007543058,0.));
#185 = CARTESIAN_POINT('',(76.991003259878,10.022346156153,0.));
#186 = CARTESIAN_POINT('',(77.828615934801,8.984554891141,0.));
#187 = CARTESIAN_POINT('',(78.690315196391,7.966613669481,0.));
#188 = CARTESIAN_POINT('',(79.57816367887,6.971573291249,0.));
#189 = CARTESIAN_POINT('',(80.493265804765,6.000655205112,0.));
#190 = CARTESIAN_POINT('',(81.43738925031,5.06118845944,0.));
#191 = CARTESIAN_POINT('',(82.412681875507,4.141683670917,0.));
#192 = CARTESIAN_POINT('',(83.408457131764,3.304045670518,0.));
#193 = CARTESIAN_POINT('',(84.442256548469,2.359366015476,0.));
#194 = CARTESIAN_POINT('',(84.320924962301,0.889182541152,0.));
#195 = CARTESIAN_POINT('',(83.248047953484,-8.841663349767E-02,0.));
#196 = CARTESIAN_POINT('',(81.83915313795,8.020347391142E-02,0.));
#197 = CARTESIAN_POINT('',(80.687280039561,0.715069363667,0.));
#198 = CARTESIAN_POINT('',(79.430926313582,1.176947816271,0.));
#199 = CARTESIAN_POINT('',(78.19084904901,1.663876308945,0.));
#200 = CARTESIAN_POINT('',(76.939140878699,2.125123375468,0.));
#201 = CARTESIAN_POINT('',(75.684844888325,2.577809012159,0.));
#202 = CARTESIAN_POINT('',(74.427012270814,3.020936057988,0.));
#203 = CARTESIAN_POINT('',(73.166995004092,3.457745825314,0.));
#204 = CARTESIAN_POINT('',(71.905700619723,3.890717537411,0.));
#205 = CARTESIAN_POINT('',(70.643901303602,4.322350163357,0.));
#206 = CARTESIAN_POINT('',(69.382459038743,4.754962336745,0.));
#207 = CARTESIAN_POINT('',(68.122071584748,5.19072847905,0.));
#208 = CARTESIAN_POINT('',(66.863537544336,5.631764585784,0.));
#209 = CARTESIAN_POINT('',(65.607178431224,6.07901303625,0.));
#210 = CARTESIAN_POINT('',(64.353394884372,6.53336664462,0.));
#211 = CARTESIAN_POINT('',(63.102758511231,6.996277772362,0.));
#212 = CARTESIAN_POINT('',(61.855324590231,7.467739725904,0.));
#213 = CARTESIAN_POINT('',(60.611921714359,7.949771479457,0.));
#214 = CARTESIAN_POINT('',(59.372556824048,8.442186936112,0.));
#215 = CARTESIAN_POINT('',(58.138099866533,8.946741420428,0.));
#216 = CARTESIAN_POINT('',(56.908684043661,9.463547865691,0.));
#217 = CARTESIAN_POINT('',(55.685120121746,9.993971262969,0.));
#218 = CARTESIAN_POINT('',(54.46764550425,10.538274334268,0.));
#219 = CARTESIAN_POINT('',(53.257085612621,11.097737317521,0.));
#220 = CARTESIAN_POINT('',(52.053762930753,11.672599275739,0.));
#221 = CARTESIAN_POINT('',(50.858560449176,12.264218218536,0.));
#222 = CARTESIAN_POINT('',(49.671819894112,12.872616163629,0.));
#223 = CARTESIAN_POINT('',(48.494681913196,13.499453257581,0.));
#224 = CARTESIAN_POINT('',(47.327196361993,14.144001158693,0.));
#225 = CARTESIAN_POINT('',(46.170087838654,14.807055063623,0.));
#226 = CARTESIAN_POINT('',(45.023036894937,15.487304118959,0.));
#227 = CARTESIAN_POINT('',(43.886753595229,16.185413985415,0.));
#228 = CARTESIAN_POINT('',(42.760909971429,16.900264916871,0.));
#229 = CARTESIAN_POINT('',(41.646139777201,17.632298229849,0.));
#230 = CARTESIAN_POINT('',(40.54211096545,18.380421444727,0.));
#231 = CARTESIAN_POINT('',(39.449557168054,19.145119405368,0.));
#232 = CARTESIAN_POINT('',(38.368018047922,19.925331364018,0.));
#233 = CARTESIAN_POINT('',(37.298246041415,20.721646386325,0.));
#234 = CARTESIAN_POINT('',(36.239592301543,21.532686879205,0.));
#235 = CARTESIAN_POINT('',(35.193094952687,22.359320349257,0.));
#236 = CARTESIAN_POINT('',(34.158042545755,23.200220240268,0.));
#237 = CARTESIAN_POINT('',(33.135269442465,24.056052820883,0.));
#238 = CARTESIAN_POINT('',(32.123990136026,24.925444126238,0.));
#239 = CARTESIAN_POINT('',(31.125482256722,25.809472632899,0.));
#240 = CARTESIAN_POINT('',(30.138455551422,26.706288326541,0.));
#241 = CARTESIAN_POINT('',(29.164251430957,27.617014458352,0.));
#242 = CARTESIAN_POINT('',(28.201821187287,28.540175756646,0.));
#243 = CARTESIAN_POINT('',(27.252425881434,29.476719577122,0.));
#244 = CARTESIAN_POINT('',(26.31487867233,30.425142510195,0.));
#245 = CARTESIAN_POINT('',(25.390640638342,31.386529571968,0.));
#246 = CARTESIAN_POINT('',(24.478790587164,32.359705903872,0.));
#247 = CARTESIAN_POINT('',(23.580699404023,33.345552039205,0.));
#248 = CARTESIAN_POINT('',(22.696010049769,34.343465455631,0.));
#249 = CARTESIAN_POINT('',(21.825509406592,35.35375937351,0.));
#250 = CARTESIAN_POINT('',(20.969365878174,36.376280554694,0.));
#251 = CARTESIAN_POINT('',(20.127866724587,37.410870459302,0.));
#252 = CARTESIAN_POINT('',(19.301554760924,38.457653564418,0.));
#253 = CARTESIAN_POINT('',(18.490426286015,39.516227833724,0.));
#254 = CARTESIAN_POINT('',(17.695500087934,40.587022891541,0.));
#255 = CARTESIAN_POINT('',(16.916116621925,41.669158747924,0.));
#256 = CARTESIAN_POINT('',(16.154016032526,42.763566474627,0.));
#257 = CARTESIAN_POINT('',(15.407997295141,43.869007353521,0.));
#258 = CARTESIAN_POINT('',(14.68000363371,44.98639047971,0.));
#259 = CARTESIAN_POINT('',(13.96883072083,46.114564653451,0.));
#260 = CARTESIAN_POINT('',(13.276615944012,47.254443652163,0.));
#261 = CARTESIAN_POINT('',(12.601783607926,48.404730058399,0.));
#262 = CARTESIAN_POINT('',(11.946758032264,49.566395541975,0.));
#263 = CARTESIAN_POINT('',(11.310035095836,50.738195230586,0.));
#264 = CARTESIAN_POINT('',(10.693528538298,51.920773960741,0.));
#265 = CARTESIAN_POINT('',(10.096549102758,53.113307265654,0.));
#266 = CARTESIAN_POINT('',(9.519789044877,54.315763922779,0.));
#267 = CARTESIAN_POINT('',(8.962864703093,55.527501868592,0.));
#268 = CARTESIAN_POINT('',(8.425940011193,56.748255237567,0.));
#269 = CARTESIAN_POINT('',(7.909176419829,57.977674431772,0.));
#270 = CARTESIAN_POINT('',(7.41175682237,59.215040769931,0.));
#271 = CARTESIAN_POINT('',(6.93500946914,60.460529380669,0.));
#272 = CARTESIAN_POINT('',(6.477362036802,61.713157158904,0.));
#273 = CARTESIAN_POINT('',(6.040374159535,62.973152467251,0.));
#274 = CARTESIAN_POINT('',(5.622119930211,64.239496907252,0.));
#275 = CARTESIAN_POINT('',(5.224720333883,65.512539292265,0.));
#276 = CARTESIAN_POINT('',(4.845845945166,66.79118998789,0.));
#277 = CARTESIAN_POINT('',(4.487723402272,68.075806869657,0.));
#278 = CARTESIAN_POINT('',(4.147997226979,69.365415748967,0.));
#279 = CARTESIAN_POINT('',(3.828710136635,70.660240168378,0.));
#280 = CARTESIAN_POINT('',(3.527996082062,71.959483063794,0.));
#281 = CARTESIAN_POINT('',(3.247074803156,73.263166395006,0.));
#282 = CARTESIAN_POINT('',(2.984884751733,74.570745365736,0.));
#283 = CARTESIAN_POINT('',(2.742020277543,75.882076345834,0.));
#284 = CARTESIAN_POINT('',(2.518200090294,77.196739989848,0.));
#285 = CARTESIAN_POINT('',(2.313027724318,78.514466767327,0.));
#286 = CARTESIAN_POINT('',(2.126858794198,79.834999661974,0.));
#287 = CARTESIAN_POINT('',(1.958925910555,81.15801595153,0.));
#288 = CARTESIAN_POINT('',(1.810044359655,82.483277376535,0.));
#289 = CARTESIAN_POINT('',(1.677716284138,83.810292164317,0.));
#290 = CARTESIAN_POINT('',(1.561467251238,85.138803552842,0.));
#291 = CARTESIAN_POINT('',(1.458619251315,86.4684355008,0.));
#292 = CARTESIAN_POINT('',(1.368860187538,87.79899424082,0.));
#293 = CARTESIAN_POINT('',(1.289539491082,89.130195195295,0.));
#294 = CARTESIAN_POINT('',(1.220184396379,90.461981829672,0.));
#295 = CARTESIAN_POINT('',(1.158110635069,91.794125793647,0.));
#296 = CARTESIAN_POINT('',(1.102580420214,93.126544516447,0.));
#297 = CARTESIAN_POINT('',(1.051375236504,94.459109823849,0.));
#298 = CARTESIAN_POINT('',(1.003311380349,95.791812392131,0.));
#299 = CARTESIAN_POINT('',(0.956374422383,97.124575163798,0.));
#300 = CARTESIAN_POINT('',(0.908997225823,98.457309137305,0.));
#301 = CARTESIAN_POINT('',(0.859238282472,99.789943029713,0.));
#302 = CARTESIAN_POINT('',(0.805645351164,101.12242979156,0.));
#303 = CARTESIAN_POINT('',(0.745782976049,102.4546752018,0.));
#304 = CARTESIAN_POINT('',(0.678817885581,103.78657180715,0.));
#305 = CARTESIAN_POINT('',(0.601552128445,105.11791611725,0.));
#306 = CARTESIAN_POINT('',(0.51317269946,106.44857546865,0.));
#307 = CARTESIAN_POINT('',(0.411749849741,107.7782861003,0.));
#308 = CARTESIAN_POINT('',(0.293246355577,109.1066562294,0.));
#309 = CARTESIAN_POINT('',(0.163052965165,110.4336152262,0.));
#310 = CARTESIAN_POINT('',(-3.994127299614E-03,111.75754060642,0.));
#311 = CARTESIAN_POINT('',(-8.377844641509E-03,113.09412655459,0.));
#312 = CARTESIAN_POINT('',(0.135302640401,114.42185565848,0.));
#313 = CARTESIAN_POINT('',(0.43259305534,115.72419826021,0.));
#314 = CARTESIAN_POINT('',(0.874532705012,116.98458225689,0.));
#315 = CARTESIAN_POINT('',(1.456669312188,118.18685931288,0.));
#316 = CARTESIAN_POINT('',(2.173942763191,119.31369194236,0.));
#317 = CARTESIAN_POINT('',(3.013464875705,120.35252001514,0.));
#318 = CARTESIAN_POINT('',(3.965886492806,121.28910909869,0.));
#319 = CARTESIAN_POINT('',(5.019738042299,122.10979401696,0.));
#320 = CARTESIAN_POINT('',(6.159347986727,122.80644424941,0.));
#321 = CARTESIAN_POINT('',(7.371186167311,123.36838763899,0.));
#322 = CARTESIAN_POINT('',(8.639375957439,123.7875522428,0.));
#323 = CARTESIAN_POINT('',(9.946721348996,124.06120360535,0.));
#324 = CARTESIAN_POINT('',(11.276943776375,124.18306444416,0.));
#325 = CARTESIAN_POINT('',(12.612270419806,124.15214039328,0.));
#326 = CARTESIAN_POINT('',(13.935642323529,123.97098336308,0.));
#327 = CARTESIAN_POINT('',(15.229421166423,123.63871411209,0.));
#328 = CARTESIAN_POINT('',(16.47678758129,123.16118676904,0.));
#329 = CARTESIAN_POINT('',(17.662573082999,122.54627265304,0.));
#330 = CARTESIAN_POINT('',(18.769336925032,121.79831560009,0.));
#331 = CARTESIAN_POINT('',(19.783984454378,120.92973626318,0.));
#332 = CARTESIAN_POINT('',(20.694376796661,119.95228907498,0.));
#333 = CARTESIAN_POINT('',(21.485475602608,118.87594904015,0.));
#334 = CARTESIAN_POINT('',(22.149483155056,117.71717179297,0.));
#335 = CARTESIAN_POINT('',(22.679196004655,116.49075076212,0.));
#336 = CARTESIAN_POINT('',(23.06079029528,115.21107236788,0.));
#337 = CARTESIAN_POINT('',(23.222798385879,114.33497764014,0.));
#338 = CARTESIAN_POINT('',(23.324827301548,113.45200005598,0.));
#339 = VECTOR('',#340,1.);
#340 = DIRECTION('',(-0.,-0.,-1.));
#341 = DEFINITIONAL_REPRESENTATION('',(#342),#346);
#342 = LINE('',#343,#344);
#343 = CARTESIAN_POINT('',(0.,0.));
#344 = VECTOR('',#345,1.);
#345 = DIRECTION('',(0.,-1.));
#346 = ( GEOMETRIC_REPRESENTATION_CONTEXT(2) 
PARAMETRIC_REPRESENTATION_CONTEXT() REPRESENTATION_CONTEXT('2D SPACE',''
  ) );
#347 = PCURVE('',#94,#348);
#348 = DEFINITIONAL_REPRESENTATION('',(#349),#353);
#349 = LINE('',#350,#351);
#350 = CARTESIAN_POINT('',(319.90870743069,0.));
#351 = VECTOR('',#352,1.);
#352 = DIRECTION('',(0.,-1.));
#353 = ( GEOMETRIC_REPRESENTATION_CONTEXT(2) 
PARAMETRIC_REPRESENTATION_CONTEXT() REPRESENTATION_CONTEXT('2D SPACE',''
  ) );
#354 = ORIENTED_EDGE('',*,*,#355,.T.);
#355 = EDGE_CURVE('',#86,#86,#356,.T.);
#356 = SURFACE_CURVE('',#357,(#601,#608),.PCURVE_S1.);
#357 = B_SPLINE_CURVE_WITH_KNOTS('',3,(#358,#359,#360,#361,#362,#363,
    #364,#365,#366,#367,#368,#369,#370,#371,#372,#373,#374,#375,#376,
    #377,#378,#379,#380,#381,#382,#383,#384,#385,#386,#387,#388,#389,
    #390,#391,#392,#393,#394,#395,#396,#397,#398,#399,#400,#401,#402,
    #403,#404,#405,#406,#407,#408,#409,#410,#411,#412,#413,#414,#415,
    #416,#417,#418,#419,#420,#421,#422,#423,#424,#425,#426,#427,#428,
    #429,#430,#431,#432,#433,#434,#435,#436,#437,#438,#439,#440,#441,
    #442,#443,#444,#445,#446,#447,#448,#449,#450,#451,#452,#453,#454,
    #455,#456,#457,#458,#459,#460,#461,#462,#463,#464,#465,#466,#467,
    #468,#469,#470,#471,#472,#473,#474,#475,#476,#477,#478,#479,#480,
    #481,#482,#483,#484,#485,#486,#487,#488,#489,#490,#491,#492,#493,
    #494,#495,#496,#497,#498,#499,#500,#501,#502,#503,#504,#505,#506,
    #507,#508,#509,#510,#511,#512,#513,#514,#515,#516,#517,#518,#519,
    #520,#521,#522,#523,#524,#525,#526,#527,#528,#529,#530,#531,#532,
    #533,#534,#535,#536,#537,#538,#539,#540,#541,#542,#543,#544,#545,
    #546,#547,#548,#549,#550,#551,#552,#553,#554,#555,#556,#557,#558,
    #559,#560,#561,#562,#563,#564,#565,#566,#567,#568,#569,#570,#571,
    #572,#573,#574,#575,#576,#577,#578,#579,#580,#581,#582,#583,#584,
    #585,#586,#587,#588,#589,#590,#591,#592,#593,#594,#595,#596,#597,
    #598,#599,#600),.UNSPECIFIED.,.T.,.F.,(1,1,2,1,1,1,1,1,1,1,1,1,1,1,1
    ,1,1,1,1,1,1,1,1,1,1,1,1,1,1,1,1,1,1,1,1,1,1,1,1,1,1,1,1,1,1,1,1,1,1
    ,1,1,1,1,1,1,1,1,1,1,1,1,1,1,1,1,1,1,1,1,1,1,1,1,1,1,1,1,1,1,1,1,1,1
    ,1,1,1,1,1,1,1,1,1,1,1,1,1,1,1,1,1,1,1,1,1,1,1,1,1,1,1,1,1,1,1,1,1,1
    ,1,1,1,1,1,1,1,1,1,1,1,1,1,1,1,1,1,1,1,1,1,1,1,1,1,1,1,1,1,1,1,1,1,1
    ,1,1,1,1,1,1,1,1,1,1,1,1,1,1,1,1,1,1,1,1,1,1,1,1,1,1,1,1,1,1,1,1,1,1
    ,1,1,1,1,1,1,1,1,1,1,1,1,1,1,1,1,1,1,1,1,1,1,1,1,1,1,1,1,1,1,1,1,1,1
    ,1,1,1,1,1,1,1,1,1,1,1,1,1,1,1,1,1,1,1,1,1,1,1,2,1,1),(
    -2.665651851091,-1.332779088972,0.,1.333450355281,2.666975083211,
    4.000432187883,5.333917774607,6.667441602665,8.000953724845,
    9.334460807691,10.668054992591,12.001566582342,13.335182006668,
    14.668692989,16.002276387217,17.335777898277,18.669360119214,
    20.002942756324,21.336482107074,22.670028465474,24.003702518607,
    25.337168427432,26.670803227518,28.004387484324,29.337934828815,
    30.671520000448,32.005117855876,33.338690381087,34.672225191282,
    36.005822000666,37.339371084877,38.672987540234,40.006466767669,
    41.340065001771,42.673671484209,44.007238419162,45.340760271251,
    46.674411593749,48.007932947159,49.341509555382,50.675026683131,
    52.00865498592,53.342197444937,54.675817128355,56.009400639051,
    57.342918123001,58.676558231876,60.010060237873,61.343651348372,
    62.67724348992,64.010747175704,65.344384945115,66.677932488325,
    68.011478925462,69.34511495152,70.678620230849,72.01222483867,
    73.345800457073,74.679396591591,76.012927307397,77.346529257006,
    78.680071716023,80.013686480488,81.347245065628,82.680788799444,
    84.014408404129,85.347970869857,86.681519927823,88.015140522295,
    89.348703846625,90.68229414728,92.015824083202,93.349335856678,
    94.682965584151,96.016515770684,97.350077655262,98.683665567625,
    100.0172706441,101.35079990512,102.68441636047,104.01795250547,
    105.35153250682,106.68509080325,108.01863165377,109.35218702945,
    110.68582005619,112.01932390695,113.3529324927,114.68647904232,
    116.02005699655,117.35361321209,118.68707022302,120.02068285793,
    121.35416365644,122.68768352881,124.02121800906,125.35468235803,
    126.68822465583,127.99485545678,129.29563124453,130.5963607091,
    131.89718849555,133.23020169879,134.56369862417,135.89729874789,
    137.23086121362,138.56438122097,139.89805246232,141.23155907273,
    142.56514858978,143.89866220426,145.23231094362,146.56583531535,
    147.89943183979,149.23301965092,150.56659561427,151.90011605655,
    153.23366490455,154.56721938788,155.90077475981,157.23442066859,
    158.56792043986,159.90157227224,161.23510125205,162.56864933892,
    163.9022273269,165.23573944533,166.56935680049,167.90289243931,
    169.23648190013,170.56996765183,171.9035917218,173.2370991646,
    174.57062175533,175.90429323662,177.23785930173,178.57136408612,
    179.90489100748,181.23848060702,182.57207263234,183.90560497916,
    185.23913376025,186.57269132181,187.9063057226,189.23984514084,
    190.57340550318,191.90699674865,193.24053029904,194.57409613918,
    195.9076527559,197.24122720077,198.57476664526,199.90839510926,
    201.24186601633,202.57546128477,203.90903297763,205.24258129696,
    206.57613016371,207.90975930631,209.24325447316,210.57680990882,
    211.91036715544,213.24394124412,214.57751204464,215.91104027081,
    217.24463403955,218.57813901516,219.9117432818,221.24529289468,
    222.57880904381,223.91244481493,225.24594529487,226.5794948815,
    227.91305031717,229.24660350321,230.58015762659,231.91368718757,
    233.24728084757,234.58082024707,235.91439040645,237.24800176288,
    238.58154439062,239.91503815139,241.24864920788,242.58221294839,
    243.91571243845,245.2492753991,246.58288485092,247.91639369979,
    249.25002307109,250.58349064475,251.91706776663,253.25066659686,
    254.58425031377,255.91773948508,257.25135529932,258.58493115768,
    259.91848516484,261.25205098623,262.58557898744,263.9192302462,
    265.25280235524,266.58629334133,267.9198719292,269.25350744162,
    270.58706080763,271.92059849364,273.25419222863,274.58774269261,
    275.92135202821,277.25490009634,278.58845326363,279.92206733824,
    281.25556298878,282.58915273079,283.92258264271,285.25539998954,
    286.58816747488,287.92100572464,289.25384732438,290.58669016958,
    291.91947601134,293.2523586956,294.58516278473,295.91793205583,
    297.25081043363,298.58364088046,299.91641759844,301.24919361864,
    302.58206127148,303.91491028769,305.24769903689,306.58053086799,
    307.91330747343,309.24615932191,310.57901639227,311.91181582204,
    313.24465791696,314.57747485863,315.91026648901,317.2430555796,
    318.57592834172,319.90870743069,321.24215778597,322.5756825139),
  .UNSPECIFIED.);
#358 = CARTESIAN_POINT('',(23.222798385879,114.33497764014,12.7));
#359 = CARTESIAN_POINT('',(23.324827301548,113.45200005598,12.7));
#360 = CARTESIAN_POINT('',(23.444874961666,112.57095013787,12.7));
#361 = CARTESIAN_POINT('',(23.676117862768,111.25733745498,12.7));
#362 = CARTESIAN_POINT('',(23.955829647807,109.95322121022,12.7));
#363 = CARTESIAN_POINT('',(24.280976998367,108.65972265416,12.7));
#364 = CARTESIAN_POINT('',(24.647686748114,107.37739653654,12.7));
#365 = CARTESIAN_POINT('',(25.054071085206,106.10710668397,12.7));
#366 = CARTESIAN_POINT('',(25.496033604264,104.84876419585,12.7));
#367 = CARTESIAN_POINT('',(25.970853999282,103.60247298848,12.7));
#368 = CARTESIAN_POINT('',(26.475303068191,102.36786393939,12.7));
#369 = CARTESIAN_POINT('',(27.006803543496,101.14470541154,12.7));
#370 = CARTESIAN_POINT('',(27.562807250001,99.93248324983,12.7));
#371 = CARTESIAN_POINT('',(28.140412936874,98.730464888317,12.7));
#372 = CARTESIAN_POINT('',(28.73707937031,97.537782933761,12.7));
#373 = CARTESIAN_POINT('',(29.350142851125,96.353459826858,12.7));
#374 = CARTESIAN_POINT('',(29.977355258529,95.176565740077,12.7));
#375 = CARTESIAN_POINT('',(30.616189354993,94.005963937436,12.7));
#376 = CARTESIAN_POINT('',(31.264108978077,92.840339649417,12.7));
#377 = CARTESIAN_POINT('',(31.918687317291,91.678475861696,12.7));
#378 = CARTESIAN_POINT('',(32.57735131872,90.518893586942,12.7));
#379 = CARTESIAN_POINT('',(33.237659680047,89.360282236645,12.7));
#380 = CARTESIAN_POINT('',(33.899373274916,88.202441664979,12.7));
#381 = CARTESIAN_POINT('',(34.561802364326,87.045029552271,12.7));
#382 = CARTESIAN_POINT('',(35.224857121978,85.887970544166,12.7));
#383 = CARTESIAN_POINT('',(35.888185935106,84.73105897941,12.7));
#384 = CARTESIAN_POINT('',(36.550965606076,83.573852060092,12.7));
#385 = CARTESIAN_POINT('',(37.213313986329,82.416398541692,12.7));
#386 = CARTESIAN_POINT('',(37.874436102798,81.258252902518,12.7));
#387 = CARTESIAN_POINT('',(38.534107810808,80.099249128744,12.7));
#388 = CARTESIAN_POINT('',(39.191979873989,78.93926751776,12.7));
#389 = CARTESIAN_POINT('',(39.847445597766,77.777905406973,12.7));
#390 = CARTESIAN_POINT('',(40.500352816426,76.615106317721,12.7));
#391 = CARTESIAN_POINT('',(41.149965535849,75.450429450615,12.7));
#392 = CARTESIAN_POINT('',(41.796134266896,74.283867279849,12.7));
#393 = CARTESIAN_POINT('',(42.438460977008,73.115167244357,12.7));
#394 = CARTESIAN_POINT('',(43.076338868464,71.94404993559,12.7));
#395 = CARTESIAN_POINT('',(43.709668399748,70.770445505382,12.7));
#396 = CARTESIAN_POINT('',(44.337818598421,69.594110062942,12.7));
#397 = CARTESIAN_POINT('',(44.960418098661,68.414787804611,12.7));
#398 = CARTESIAN_POINT('',(45.578207135879,67.232951962425,12.7));
#399 = CARTESIAN_POINT('',(46.191089932846,66.048526346423,12.7));
#400 = CARTESIAN_POINT('',(46.799897013156,64.862018617141,12.7));
#401 = CARTESIAN_POINT('',(47.405085360888,63.673671047677,12.7));
#402 = CARTESIAN_POINT('',(48.0073047865,62.483808838894,12.7));
#403 = CARTESIAN_POINT('',(48.60659376229,61.292498910396,12.7));
#404 = CARTESIAN_POINT('',(49.2040072545,60.100220432723,12.7));
#405 = CARTESIAN_POINT('',(49.799649752704,58.907074257854,12.7));
#406 = CARTESIAN_POINT('',(50.394394924863,57.713480199403,12.7));
#407 = CARTESIAN_POINT('',(50.988498613233,56.519549381358,12.7));
#408 = CARTESIAN_POINT('',(51.582723478975,55.325695504758,12.7));
#409 = CARTESIAN_POINT('',(52.177333382628,54.132017374685,12.7));
#410 = CARTESIAN_POINT('',(52.772941766462,52.938837507402,12.7));
#411 = CARTESIAN_POINT('',(53.370173359216,51.746484923446,12.7));
#412 = CARTESIAN_POINT('',(53.969256206527,50.555039183137,12.7));
#413 = CARTESIAN_POINT('',(54.57108223063,49.364998960615,12.7));
#414 = CARTESIAN_POINT('',(55.175402322786,48.176189662244,12.7));
#415 = CARTESIAN_POINT('',(55.782115914467,46.988627771461,12.7));
#416 = CARTESIAN_POINT('',(56.391078398834,45.802207903159,12.7));
#417 = CARTESIAN_POINT('',(57.002027470958,44.616829835398,12.7));
#418 = CARTESIAN_POINT('',(57.615169969069,43.432553574231,12.7));
#419 = CARTESIAN_POINT('',(58.229752565772,42.249040320971,12.7));
#420 = CARTESIAN_POINT('',(58.846368075236,41.066584424476,12.7));
#421 = CARTESIAN_POINT('',(59.464362153643,39.884846891677,12.7));
#422 = CARTESIAN_POINT('',(60.083854306564,38.703892438506,12.7));
#423 = CARTESIAN_POINT('',(60.704768282652,37.523682942266,12.7));
#424 = CARTESIAN_POINT('',(61.327060239598,36.344199236526,12.7));
#425 = CARTESIAN_POINT('',(61.950257698876,35.165193340518,12.7));
#426 = CARTESIAN_POINT('',(62.574861802493,33.986916479344,12.7));
#427 = CARTESIAN_POINT('',(63.200306214131,32.809119776876,12.7));
#428 = CARTESIAN_POINT('',(63.826848595877,31.631926183799,12.7));
#429 = CARTESIAN_POINT('',(64.454288522528,30.455195958974,12.7));
#430 = CARTESIAN_POINT('',(65.082511549901,29.278875893488,12.7));
#431 = CARTESIAN_POINT('',(65.712398095157,28.103425998102,12.7));
#432 = CARTESIAN_POINT('',(66.345300587207,26.929611805018,12.7));
#433 = CARTESIAN_POINT('',(66.982433058969,25.758064919131,12.7));
#434 = CARTESIAN_POINT('',(67.625378359248,24.589707901996,12.7));
#435 = CARTESIAN_POINT('',(68.274984690095,23.425027818463,12.7));
#436 = CARTESIAN_POINT('',(68.932557083313,22.264848841359,12.7));
#437 = CARTESIAN_POINT('',(69.599315571054,21.109901528322,12.7));
#438 = CARTESIAN_POINT('',(70.276215128512,19.960886065994,12.7));
#439 = CARTESIAN_POINT('',(70.964402413161,18.818590101934,12.7));
#440 = CARTESIAN_POINT('',(71.664552837558,17.683590360272,12.7));
#441 = CARTESIAN_POINT('',(72.378215000809,16.557002801546,12.7));
#442 = CARTESIAN_POINT('',(73.105664160512,15.439277970886,12.7));
#443 = CARTESIAN_POINT('',(73.848195794544,14.331486122456,12.7));
#444 = CARTESIAN_POINT('',(74.606454441499,13.234428295314,12.7));
#445 = CARTESIAN_POINT('',(75.381729147735,12.149281890817,12.7));
#446 = CARTESIAN_POINT('',(76.176055753336,11.078007543058,12.7));
#447 = CARTESIAN_POINT('',(76.991003259878,10.022346156153,12.7));
#448 = CARTESIAN_POINT('',(77.828615934801,8.984554891141,12.7));
#449 = CARTESIAN_POINT('',(78.690315196391,7.966613669481,12.7));
#450 = CARTESIAN_POINT('',(79.57816367887,6.971573291249,12.7));
#451 = CARTESIAN_POINT('',(80.493265804765,6.000655205112,12.7));
#452 = CARTESIAN_POINT('',(81.43738925031,5.06118845944,12.7));
#453 = CARTESIAN_POINT('',(82.412681875507,4.141683670917,12.7));
#454 = CARTESIAN_POINT('',(83.408457131764,3.304045670518,12.7));
#455 = CARTESIAN_POINT('',(84.442256548469,2.359366015476,12.7));
#456 = CARTESIAN_POINT('',(84.320924962301,0.889182541152,12.7));
#457 = CARTESIAN_POINT('',(83.248047953484,-8.841663349767E-02,12.7));
#458 = CARTESIAN_POINT('',(81.83915313795,8.020347391142E-02,12.7));
#459 = CARTESIAN_POINT('',(80.687280039561,0.715069363667,12.7));
#460 = CARTESIAN_POINT('',(79.430926313582,1.176947816271,12.7));
#461 = CARTESIAN_POINT('',(78.19084904901,1.663876308945,12.7));
#462 = CARTESIAN_POINT('',(76.939140878699,2.125123375468,12.7));
#463 = CARTESIAN_POINT('',(75.684844888325,2.577809012159,12.7));
#464 = CARTESIAN_POINT('',(74.427012270814,3.020936057988,12.7));
#465 = CARTESIAN_POINT('',(73.166995004092,3.457745825314,12.7));
#466 = CARTESIAN_POINT('',(71.905700619723,3.890717537411,12.7));
#467 = CARTESIAN_POINT('',(70.643901303602,4.322350163357,12.7));
#468 = CARTESIAN_POINT('',(69.382459038743,4.754962336745,12.7));
#469 = CARTESIAN_POINT('',(68.122071584748,5.19072847905,12.7));
#470 = CARTESIAN_POINT('',(66.863537544336,5.631764585784,12.7));
#471 = CARTESIAN_POINT('',(65.607178431224,6.07901303625,12.7));
#472 = CARTESIAN_POINT('',(64.353394884372,6.53336664462,12.7));
#473 = CARTESIAN_POINT('',(63.102758511231,6.996277772362,12.7));
#474 = CARTESIAN_POINT('',(61.855324590231,7.467739725904,12.7));
#475 = CARTESIAN_POINT('',(60.611921714359,7.949771479457,12.7));
#476 = CARTESIAN_POINT('',(59.372556824048,8.442186936112,12.7));
#477 = CARTESIAN_POINT('',(58.138099866533,8.946741420428,12.7));
#478 = CARTESIAN_POINT('',(56.908684043661,9.463547865691,12.7));
#479 = CARTESIAN_POINT('',(55.685120121746,9.993971262969,12.7));
#480 = CARTESIAN_POINT('',(54.46764550425,10.538274334268,12.7));
#481 = CARTESIAN_POINT('',(53.257085612621,11.097737317521,12.7));
#482 = CARTESIAN_POINT('',(52.053762930753,11.672599275739,12.7));
#483 = CARTESIAN_POINT('',(50.858560449176,12.264218218536,12.7));
#484 = CARTESIAN_POINT('',(49.671819894112,12.872616163629,12.7));
#485 = CARTESIAN_POINT('',(48.494681913196,13.499453257581,12.7));
#486 = CARTESIAN_POINT('',(47.327196361993,14.144001158693,12.7));
#487 = CARTESIAN_POINT('',(46.170087838654,14.807055063623,12.7));
#488 = CARTESIAN_POINT('',(45.023036894937,15.487304118959,12.7));
#489 = CARTESIAN_POINT('',(43.886753595229,16.185413985415,12.7));
#490 = CARTESIAN_POINT('',(42.760909971429,16.900264916871,12.7));
#491 = CARTESIAN_POINT('',(41.646139777201,17.632298229849,12.7));
#492 = CARTESIAN_POINT('',(40.54211096545,18.380421444727,12.7));
#493 = CARTESIAN_POINT('',(39.449557168054,19.145119405368,12.7));
#494 = CARTESIAN_POINT('',(38.368018047922,19.925331364018,12.7));
#495 = CARTESIAN_POINT('',(37.298246041415,20.721646386325,12.7));
#496 = CARTESIAN_POINT('',(36.239592301543,21.532686879205,12.7));
#497 = CARTESIAN_POINT('',(35.193094952687,22.359320349257,12.7));
#498 = CARTESIAN_POINT('',(34.158042545755,23.200220240268,12.7));
#499 = CARTESIAN_POINT('',(33.135269442465,24.056052820883,12.7));
#500 = CARTESIAN_POINT('',(32.123990136026,24.925444126238,12.7));
#501 = CARTESIAN_POINT('',(31.125482256722,25.809472632899,12.7));
#502 = CARTESIAN_POINT('',(30.138455551422,26.706288326541,12.7));
#503 = CARTESIAN_POINT('',(29.164251430957,27.617014458352,12.7));
#504 = CARTESIAN_POINT('',(28.201821187287,28.540175756646,12.7));
#505 = CARTESIAN_POINT('',(27.252425881434,29.476719577122,12.7));
#506 = CARTESIAN_POINT('',(26.31487867233,30.425142510195,12.7));
#507 = CARTESIAN_POINT('',(25.390640638342,31.386529571968,12.7));
#508 = CARTESIAN_POINT('',(24.478790587164,32.359705903872,12.7));
#509 = CARTESIAN_POINT('',(23.580699404023,33.345552039205,12.7));
#510 = CARTESIAN_POINT('',(22.696010049769,34.343465455631,12.7));
#511 = CARTESIAN_POINT('',(21.825509406592,35.35375937351,12.7));
#512 = CARTESIAN_POINT('',(20.969365878174,36.376280554694,12.7));
#513 = CARTESIAN_POINT('',(20.127866724587,37.410870459302,12.7));
#514 = CARTESIAN_POINT('',(19.301554760924,38.457653564418,12.7));
#515 = CARTESIAN_POINT('',(18.490426286015,39.516227833724,12.7));
#516 = CARTESIAN_POINT('',(17.695500087934,40.587022891541,12.7));
#517 = CARTESIAN_POINT('',(16.916116621925,41.669158747924,12.7));
#518 = CARTESIAN_POINT('',(16.154016032526,42.763566474627,12.7));
#519 = CARTESIAN_POINT('',(15.407997295141,43.869007353521,12.7));
#520 = CARTESIAN_POINT('',(14.68000363371,44.98639047971,12.7));
#521 = CARTESIAN_POINT('',(13.96883072083,46.114564653451,12.7));
#522 = CARTESIAN_POINT('',(13.276615944012,47.254443652163,12.7));
#523 = CARTESIAN_POINT('',(12.601783607926,48.404730058399,12.7));
#524 = CARTESIAN_POINT('',(11.946758032264,49.566395541975,12.7));
#525 = CARTESIAN_POINT('',(11.310035095836,50.738195230586,12.7));
#526 = CARTESIAN_POINT('',(10.693528538298,51.920773960741,12.7));
#527 = CARTESIAN_POINT('',(10.096549102758,53.113307265654,12.7));
#528 = CARTESIAN_POINT('',(9.519789044877,54.315763922779,12.7));
#529 = CARTESIAN_POINT('',(8.962864703093,55.527501868592,12.7));
#530 = CARTESIAN_POINT('',(8.425940011193,56.748255237567,12.7));
#531 = CARTESIAN_POINT('',(7.909176419829,57.977674431772,12.7));
#532 = CARTESIAN_POINT('',(7.41175682237,59.215040769931,12.7));
#533 = CARTESIAN_POINT('',(6.93500946914,60.460529380669,12.7));
#534 = CARTESIAN_POINT('',(6.477362036802,61.713157158904,12.7));
#535 = CARTESIAN_POINT('',(6.040374159535,62.973152467251,12.7));
#536 = CARTESIAN_POINT('',(5.622119930211,64.239496907252,12.7));
#537 = CARTESIAN_POINT('',(5.224720333883,65.512539292265,12.7));
#538 = CARTESIAN_POINT('',(4.845845945166,66.79118998789,12.7));
#539 = CARTESIAN_POINT('',(4.487723402272,68.075806869657,12.7));
#540 = CARTESIAN_POINT('',(4.147997226979,69.365415748967,12.7));
#541 = CARTESIAN_POINT('',(3.828710136635,70.660240168378,12.7));
#542 = CARTESIAN_POINT('',(3.527996082062,71.959483063794,12.7));
#543 = CARTESIAN_POINT('',(3.247074803156,73.263166395006,12.7));
#544 = CARTESIAN_POINT('',(2.984884751733,74.570745365736,12.7));
#545 = CARTESIAN_POINT('',(2.742020277543,75.882076345834,12.7));
#546 = CARTESIAN_POINT('',(2.518200090294,77.196739989848,12.7));
#547 = CARTESIAN_POINT('',(2.313027724318,78.514466767327,12.7));
#548 = CARTESIAN_POINT('',(2.126858794198,79.834999661974,12.7));
#549 = CARTESIAN_POINT('',(1.958925910555,81.15801595153,12.7));
#550 = CARTESIAN_POINT('',(1.810044359655,82.483277376535,12.7));
#551 = CARTESIAN_POINT('',(1.677716284138,83.810292164317,12.7));
#552 = CARTESIAN_POINT('',(1.561467251238,85.138803552842,12.7));
#553 = CARTESIAN_POINT('',(1.458619251315,86.4684355008,12.7));
#554 = CARTESIAN_POINT('',(1.368860187538,87.79899424082,12.7));
#555 = CARTESIAN_POINT('',(1.289539491082,89.130195195295,12.7));
#556 = CARTESIAN_POINT('',(1.220184396379,90.461981829672,12.7));
#557 = CARTESIAN_POINT('',(1.158110635069,91.794125793647,12.7));
#558 = CARTESIAN_POINT('',(1.102580420214,93.126544516447,12.7));
#559 = CARTESIAN_POINT('',(1.051375236504,94.459109823849,12.7));
#560 = CARTESIAN_POINT('',(1.003311380349,95.791812392131,12.7));
#561 = CARTESIAN_POINT('',(0.956374422383,97.124575163798,12.7));
#562 = CARTESIAN_POINT('',(0.908997225823,98.457309137305,12.7));
#563 = CARTESIAN_POINT('',(0.859238282472,99.789943029713,12.7));
#564 = CARTESIAN_POINT('',(0.805645351164,101.12242979156,12.7));
#565 = CARTESIAN_POINT('',(0.745782976049,102.4546752018,12.7));
#566 = CARTESIAN_POINT('',(0.678817885581,103.78657180715,12.7));
#567 = CARTESIAN_POINT('',(0.601552128445,105.11791611725,12.7));
#568 = CARTESIAN_POINT('',(0.51317269946,106.44857546865,12.7));
#569 = CARTESIAN_POINT('',(0.411749849741,107.7782861003,12.7));
#570 = CARTESIAN_POINT('',(0.293246355577,109.1066562294,12.7));
#571 = CARTESIAN_POINT('',(0.163052965165,110.4336152262,12.7));
#572 = CARTESIAN_POINT('',(-3.994127299614E-03,111.75754060642,12.7));
#573 = CARTESIAN_POINT('',(-8.377844641509E-03,113.09412655459,12.7));
#574 = CARTESIAN_POINT('',(0.135302640401,114.42185565848,12.7));
#575 = CARTESIAN_POINT('',(0.43259305534,115.72419826021,12.7));
#576 = CARTESIAN_POINT('',(0.874532705012,116.98458225689,12.7));
#577 = CARTESIAN_POINT('',(1.456669312188,118.18685931288,12.7));
#578 = CARTESIAN_POINT('',(2.173942763191,119.31369194236,12.7));
#579 = CARTESIAN_POINT('',(3.013464875705,120.35252001514,12.7));
#580 = CARTESIAN_POINT('',(3.965886492806,121.28910909869,12.7));
#581 = CARTESIAN_POINT('',(5.019738042299,122.10979401696,12.7));
#582 = CARTESIAN_POINT('',(6.159347986727,122.80644424941,12.7));
#583 = CARTESIAN_POINT('',(7.371186167311,123.36838763899,12.7));
#584 = CARTESIAN_POINT('',(8.639375957439,123.7875522428,12.7));
#585 = CARTESIAN_POINT('',(9.946721348996,124.06120360535,12.7));
#586 = CARTESIAN_POINT('',(11.276943776375,124.18306444416,12.7));
#587 = CARTESIAN_POINT('',(12.612270419806,124.15214039328,12.7));
#588 = CARTESIAN_POINT('',(13.935642323529,123.97098336308,12.7));
#589 = CARTESIAN_POINT('',(15.229421166423,123.63871411209,12.7));
#590 = CARTESIAN_POINT('',(16.47678758129,123.16118676904,12.7));
#591 = CARTESIAN_POINT('',(17.662573082999,122.54627265304,12.7));
#592 = CARTESIAN_POINT('',(18.769336925032,121.79831560009,12.7));
#593 = CARTESIAN_POINT('',(19.783984454378,120.92973626318,12.7));
#594 = CARTESIAN_POINT('',(20.694376796661,119.95228907498,12.7));
#595 = CARTESIAN_POINT('',(21.485475602608,118.87594904015,12.7));
#596 = CARTESIAN_POINT('',(22.149483155056,117.71717179297,12.7));
#597 = CARTESIAN_POINT('',(22.679196004655,116.49075076212,12.7));
#598 = CARTESIAN_POINT('',(23.06079029528,115.21107236788,12.7));
#599 = CARTESIAN_POINT('',(23.222798385879,114.33497764014,12.7));
#600 = CARTESIAN_POINT('',(23.324827301548,113.45200005598,12.7));
#601 = PCURVE('',#94,#602);
#602 = DEFINITIONAL_REPRESENTATION('',(#603),#607);
#603 = LINE('',#604,#605);
#604 = CARTESIAN_POINT('',(0.,-12.7));
#605 = VECTOR('',#606,1.);
#606 = DIRECTION('',(1.,0.));
#607 = ( GEOMETRIC_REPRESENTATION_CONTEXT(2) 
PARAMETRIC_REPRESENTATION_CONTEXT() REPRESENTATION_CONTEXT('2D SPACE',''
  ) );
#608 = PCURVE('',#609,#614);
#609 = PLANE('',#610);
#610 = AXIS2_PLACEMENT_3D('',#611,#612,#613);
#611 = CARTESIAN_POINT('',(35.420397702441,57.771797982673,12.7));
#612 = DIRECTION('',(-0.,-0.,-1.));
#613 = DIRECTION('',(-1.,0.,0.));
#614 = DEFINITIONAL_REPRESENTATION('',(#615),#859);
#615 = B_SPLINE_CURVE_WITH_KNOTS('',3,(#616,#617,#618,#619,#620,#621,
    #622,#623,#624,#625,#626,#627,#628,#629,#630,#631,#632,#633,#634,
    #635,#636,#637,#638,#639,#640,#641,#642,#643,#644,#645,#646,#647,
    #648,#649,#650,#651,#652,#653,#654,#655,#656,#657,#658,#659,#660,
    #661,#662,#663,#664,#665,#666,#667,#668,#669,#670,#671,#672,#673,
    #674,#675,#676,#677,#678,#679,#680,#681,#682,#683,#684,#685,#686,
    #687,#688,#689,#690,#691,#692,#693,#694,#695,#696,#697,#698,#699,
    #700,#701,#702,#703,#704,#705,#706,#707,#708,#709,#710,#711,#712,
    #713,#714,#715,#716,#717,#718,#719,#720,#721,#722,#723,#724,#725,
    #726,#727,#728,#729,#730,#731,#732,#733,#734,#735,#736,#737,#738,
    #739,#740,#741,#742,#743,#744,#745,#746,#747,#748,#749,#750,#751,
    #752,#753,#754,#755,#756,#757,#758,#759,#760,#761,#762,#763,#764,
    #765,#766,#767,#768,#769,#770,#771,#772,#773,#774,#775,#776,#777,
    #778,#779,#780,#781,#782,#783,#784,#785,#786,#787,#788,#789,#790,
    #791,#792,#793,#794,#795,#796,#797,#798,#799,#800,#801,#802,#803,
    #804,#805,#806,#807,#808,#809,#810,#811,#812,#813,#814,#815,#816,
    #817,#818,#819,#820,#821,#822,#823,#824,#825,#826,#827,#828,#829,
    #830,#831,#832,#833,#834,#835,#836,#837,#838,#839,#840,#841,#842,
    #843,#844,#845,#846,#847,#848,#849,#850,#851,#852,#853,#854,#855,
    #856,#857,#858),.UNSPECIFIED.,.F.,.F.,(1,1,2,1,1,1,1,1,1,1,1,1,1,1,1
    ,1,1,1,1,1,1,1,1,1,1,1,1,1,1,1,1,1,1,1,1,1,1,1,1,1,1,1,1,1,1,1,1,1,1
    ,1,1,1,1,1,1,1,1,1,1,1,1,1,1,1,1,1,1,1,1,1,1,1,1,1,1,1,1,1,1,1,1,1,1
    ,1,1,1,1,1,1,1,1,1,1,1,1,1,1,1,1,1,1,1,1,1,1,1,1,1,1,1,1,1,1,1,1,1,1
    ,1,1,1,1,1,1,1,1,1,1,1,1,1,1,1,1,1,1,1,1,1,1,1,1,1,1,1,1,1,1,1,1,1,1
    ,1,1,1,1,1,1,1,1,1,1,1,1,1,1,1,1,1,1,1,1,1,1,1,1,1,1,1,1,1,1,1,1,1,1
    ,1,1,1,1,1,1,1,1,1,1,1,1,1,1,1,1,1,1,1,1,1,1,1,1,1,1,1,1,1,1,1,1,1,1
    ,1,1,1,1,1,1,1,1,1,1,1,1,1,1,1,1,1,1,1,1,1,1,1,2,1,1),(
    -2.665651851091,-1.332779088972,0.,1.333450355281,2.666975083211,
    4.000432187883,5.333917774607,6.667441602665,8.000953724845,
    9.334460807691,10.668054992591,12.001566582342,13.335182006668,
    14.668692989,16.002276387217,17.335777898277,18.669360119214,
    20.002942756324,21.336482107074,22.670028465474,24.003702518607,
    25.337168427432,26.670803227518,28.004387484324,29.337934828815,
    30.671520000448,32.005117855876,33.338690381087,34.672225191282,
    36.005822000666,37.339371084877,38.672987540234,40.006466767669,
    41.340065001771,42.673671484209,44.007238419162,45.340760271251,
    46.674411593749,48.007932947159,49.341509555382,50.675026683131,
    52.00865498592,53.342197444937,54.675817128355,56.009400639051,
    57.342918123001,58.676558231876,60.010060237873,61.343651348372,
    62.67724348992,64.010747175704,65.344384945115,66.677932488325,
    68.011478925462,69.34511495152,70.678620230849,72.01222483867,
    73.345800457073,74.679396591591,76.012927307397,77.346529257006,
    78.680071716023,80.013686480488,81.347245065628,82.680788799444,
    84.014408404129,85.347970869857,86.681519927823,88.015140522295,
    89.348703846625,90.68229414728,92.015824083202,93.349335856678,
    94.682965584151,96.016515770684,97.350077655262,98.683665567625,
    100.0172706441,101.35079990512,102.68441636047,104.01795250547,
    105.35153250682,106.68509080325,108.01863165377,109.35218702945,
    110.68582005619,112.01932390695,113.3529324927,114.68647904232,
    116.02005699655,117.35361321209,118.68707022302,120.02068285793,
    121.35416365644,122.68768352881,124.02121800906,125.35468235803,
    126.68822465583,127.99485545678,129.29563124453,130.5963607091,
    131.89718849555,133.23020169879,134.56369862417,135.89729874789,
    137.23086121362,138.56438122097,139.89805246232,141.23155907273,
    142.56514858978,143.89866220426,145.23231094362,146.56583531535,
    147.89943183979,149.23301965092,150.56659561427,151.90011605655,
    153.23366490455,154.56721938788,155.90077475981,157.23442066859,
    158.56792043986,159.90157227224,161.23510125205,162.56864933892,
    163.9022273269,165.23573944533,166.56935680049,167.90289243931,
    169.23648190013,170.56996765183,171.9035917218,173.2370991646,
    174.57062175533,175.90429323662,177.23785930173,178.57136408612,
    179.90489100748,181.23848060702,182.57207263234,183.90560497916,
    185.23913376025,186.57269132181,187.9063057226,189.23984514084,
    190.57340550318,191.90699674865,193.24053029904,194.57409613918,
    195.9076527559,197.24122720077,198.57476664526,199.90839510926,
    201.24186601633,202.57546128477,203.90903297763,205.24258129696,
    206.57613016371,207.90975930631,209.24325447316,210.57680990882,
    211.91036715544,213.24394124412,214.57751204464,215.91104027081,
    217.24463403955,218.57813901516,219.9117432818,221.24529289468,
    222.57880904381,223.91244481493,225.24594529487,226.5794948815,
    227.91305031717,229.24660350321,230.58015762659,231.91368718757,
    233.24728084757,234.58082024707,235.91439040645,237.24800176288,
    238.58154439062,239.91503815139,241.24864920788,242.58221294839,
    243.91571243845,245.2492753991,246.58288485092,247.91639369979,
    249.25002307109,250.58349064475,251.91706776663,253.25066659686,
    254.58425031377,255.91773948508,257.25135529932,258.58493115768,
    259.91848516484,261.25205098623,262.58557898744,263.9192302462,
    265.25280235524,266.58629334133,267.9198719292,269.25350744162,
    270.58706080763,271.92059849364,273.25419222863,274.58774269261,
    275.92135202821,277.25490009634,278.58845326363,279.92206733824,
    281.25556298878,282.58915273079,283.92258264271,285.25539998954,
    286.58816747488,287.92100572464,289.25384732438,290.58669016958,
    291.91947601134,293.2523586956,294.58516278473,295.91793205583,
    297.25081043363,298.58364088046,299.91641759844,301.24919361864,
    302.58206127148,303.91491028769,305.24769903689,306.58053086799,
    307.91330747343,309.24615932191,310.57901639227,311.91181582204,
    313.24465791696,314.57747485863,315.91026648901,317.2430555796,
    318.57592834172,319.90870743069,321.24215778597,322.5756825139),
  .UNSPECIFIED.);
#616 = CARTESIAN_POINT('',(12.197599316562,56.563179657475));
#617 = CARTESIAN_POINT('',(12.095570400893,55.680202073316));
#618 = CARTESIAN_POINT('',(11.975522740775,54.799152155201));
#619 = CARTESIAN_POINT('',(11.744279839673,53.485539472314));
#620 = CARTESIAN_POINT('',(11.464568054634,52.181423227555));
#621 = CARTESIAN_POINT('',(11.139420704073,50.887924671492));
#622 = CARTESIAN_POINT('',(10.772710954327,49.605598553874));
#623 = CARTESIAN_POINT('',(10.366326617235,48.3353087013));
#624 = CARTESIAN_POINT('',(9.924364098176,47.076966213179));
#625 = CARTESIAN_POINT('',(9.449543703159,45.830675005808));
#626 = CARTESIAN_POINT('',(8.94509463425,44.596065956721));
#627 = CARTESIAN_POINT('',(8.413594158945,43.372907428871));
#628 = CARTESIAN_POINT('',(7.85759045244,42.160685267157));
#629 = CARTESIAN_POINT('',(7.279984765567,40.958666905643));
#630 = CARTESIAN_POINT('',(6.683318332131,39.765984951088));
#631 = CARTESIAN_POINT('',(6.070254851316,38.581661844185));
#632 = CARTESIAN_POINT('',(5.443042443911,37.404767757404));
#633 = CARTESIAN_POINT('',(4.804208347448,36.234165954763));
#634 = CARTESIAN_POINT('',(4.156288724364,35.068541666744));
#635 = CARTESIAN_POINT('',(3.50171038515,33.906677879023));
#636 = CARTESIAN_POINT('',(2.843046383721,32.747095604269));
#637 = CARTESIAN_POINT('',(2.182738022394,31.588484253972));
#638 = CARTESIAN_POINT('',(1.521024427525,30.430643682306));
#639 = CARTESIAN_POINT('',(0.858595338115,29.273231569598));
#640 = CARTESIAN_POINT('',(0.195540580463,28.116172561493));
#641 = CARTESIAN_POINT('',(-0.467788232665,26.959260996737));
#642 = CARTESIAN_POINT('',(-1.130567903635,25.802054077418));
#643 = CARTESIAN_POINT('',(-1.792916283888,24.644600559019));
#644 = CARTESIAN_POINT('',(-2.454038400358,23.486454919845));
#645 = CARTESIAN_POINT('',(-3.113710108367,22.327451146071));
#646 = CARTESIAN_POINT('',(-3.771582171548,21.167469535087));
#647 = CARTESIAN_POINT('',(-4.427047895325,20.0061074243));
#648 = CARTESIAN_POINT('',(-5.079955113985,18.843308335048));
#649 = CARTESIAN_POINT('',(-5.729567833408,17.678631467942));
#650 = CARTESIAN_POINT('',(-6.375736564455,16.512069297176));
#651 = CARTESIAN_POINT('',(-7.018063274568,15.343369261684));
#652 = CARTESIAN_POINT('',(-7.655941166023,14.172251952917));
#653 = CARTESIAN_POINT('',(-8.289270697307,12.998647522709));
#654 = CARTESIAN_POINT('',(-8.91742089598,11.822312080268));
#655 = CARTESIAN_POINT('',(-9.540020396221,10.642989821937));
#656 = CARTESIAN_POINT('',(-10.15780943343,9.461153979752));
#657 = CARTESIAN_POINT('',(-10.7706922304,8.27672836375));
#658 = CARTESIAN_POINT('',(-11.37949931071,7.090220634468));
#659 = CARTESIAN_POINT('',(-11.98468765844,5.901873065004));
#660 = CARTESIAN_POINT('',(-12.58690708405,4.712010856221));
#661 = CARTESIAN_POINT('',(-13.18619605984,3.520700927723));
#662 = CARTESIAN_POINT('',(-13.78360955205,2.32842245005));
#663 = CARTESIAN_POINT('',(-14.37925205026,1.135276275181));
#664 = CARTESIAN_POINT('',(-14.97399722242,-5.831778327033E-02));
#665 = CARTESIAN_POINT('',(-15.56810091079,-1.252248601316));
#666 = CARTESIAN_POINT('',(-16.16232577653,-2.446102477915));
#667 = CARTESIAN_POINT('',(-16.75693568018,-3.639780607988));
#668 = CARTESIAN_POINT('',(-17.35254406402,-4.832960475271));
#669 = CARTESIAN_POINT('',(-17.94977565677,-6.025313059227));
#670 = CARTESIAN_POINT('',(-18.54885850408,-7.216758799536));
#671 = CARTESIAN_POINT('',(-19.15068452818,-8.406799022059));
#672 = CARTESIAN_POINT('',(-19.75500462034,-9.595608320429));
#673 = CARTESIAN_POINT('',(-20.36171821202,-10.78317021121));
#674 = CARTESIAN_POINT('',(-20.97068069639,-11.96959007951));
#675 = CARTESIAN_POINT('',(-21.58162976851,-13.15496814727));
#676 = CARTESIAN_POINT('',(-22.19477226662,-14.33924440844));
#677 = CARTESIAN_POINT('',(-22.80935486333,-15.5227576617));
#678 = CARTESIAN_POINT('',(-23.42597037279,-16.70521355819));
#679 = CARTESIAN_POINT('',(-24.0439644512,-17.88695109099));
#680 = CARTESIAN_POINT('',(-24.66345660412,-19.06790554416));
#681 = CARTESIAN_POINT('',(-25.28437058021,-20.2481150404));
#682 = CARTESIAN_POINT('',(-25.90666253715,-21.42759874614));
#683 = CARTESIAN_POINT('',(-26.52985999643,-22.60660464215));
#684 = CARTESIAN_POINT('',(-27.15446410005,-23.78488150332));
#685 = CARTESIAN_POINT('',(-27.77990851169,-24.96267820579));
#686 = CARTESIAN_POINT('',(-28.40645089343,-26.13987179887));
#687 = CARTESIAN_POINT('',(-29.03389082008,-27.31660202369));
#688 = CARTESIAN_POINT('',(-29.66211384746,-28.49292208918));
#689 = CARTESIAN_POINT('',(-30.29200039271,-29.66837198457));
#690 = CARTESIAN_POINT('',(-30.92490288476,-30.84218617765));
#691 = CARTESIAN_POINT('',(-31.56203535652,-32.01373306354));
#692 = CARTESIAN_POINT('',(-32.2049806568,-33.18209008067));
#693 = CARTESIAN_POINT('',(-32.85458698765,-34.34677016421));
#694 = CARTESIAN_POINT('',(-33.51215938087,-35.50694914131));
#695 = CARTESIAN_POINT('',(-34.17891786861,-36.66189645435));
#696 = CARTESIAN_POINT('',(-34.85581742607,-37.81091191667));
#697 = CARTESIAN_POINT('',(-35.54400471072,-38.95320788073));
#698 = CARTESIAN_POINT('',(-36.24415513511,-40.0882076224));
#699 = CARTESIAN_POINT('',(-36.95781729836,-41.21479518112));
#700 = CARTESIAN_POINT('',(-37.68526645807,-42.33252001178));
#701 = CARTESIAN_POINT('',(-38.4277980921,-43.44031186021));
#702 = CARTESIAN_POINT('',(-39.18605673905,-44.53736968735));
#703 = CARTESIAN_POINT('',(-39.96133144529,-45.62251609185));
#704 = CARTESIAN_POINT('',(-40.75565805089,-46.69379043961));
#705 = CARTESIAN_POINT('',(-41.57060555743,-47.74945182652));
#706 = CARTESIAN_POINT('',(-42.40821823236,-48.78724309153));
#707 = CARTESIAN_POINT('',(-43.26991749395,-49.80518431319));
#708 = CARTESIAN_POINT('',(-44.15776597642,-50.80022469142));
#709 = CARTESIAN_POINT('',(-45.07286810232,-51.77114277756));
#710 = CARTESIAN_POINT('',(-46.01699154786,-52.71060952323));
#711 = CARTESIAN_POINT('',(-46.99228417306,-53.63011431175));
#712 = CARTESIAN_POINT('',(-47.98805942932,-54.46775231215));
#713 = CARTESIAN_POINT('',(-49.02185884602,-55.41243196719));
#714 = CARTESIAN_POINT('',(-48.90052725986,-56.88261544152));
#715 = CARTESIAN_POINT('',(-47.82765025104,-57.86021461617));
#716 = CARTESIAN_POINT('',(-46.41875543551,-57.69159450876));
#717 = CARTESIAN_POINT('',(-45.26688233712,-57.056728619));
#718 = CARTESIAN_POINT('',(-44.01052861114,-56.5948501664));
#719 = CARTESIAN_POINT('',(-42.77045134657,-56.10792167372));
#720 = CARTESIAN_POINT('',(-41.51874317625,-55.6466746072));
#721 = CARTESIAN_POINT('',(-40.26444718588,-55.19398897051));
#722 = CARTESIAN_POINT('',(-39.00661456837,-54.75086192468));
#723 = CARTESIAN_POINT('',(-37.74659730165,-54.31405215735));
#724 = CARTESIAN_POINT('',(-36.48530291728,-53.88108044526));
#725 = CARTESIAN_POINT('',(-35.22350360116,-53.44944781931));
#726 = CARTESIAN_POINT('',(-33.9620613363,-53.01683564592));
#727 = CARTESIAN_POINT('',(-32.7016738823,-52.58106950362));
#728 = CARTESIAN_POINT('',(-31.44313984189,-52.14003339688));
#729 = CARTESIAN_POINT('',(-30.18678072878,-51.69278494642));
#730 = CARTESIAN_POINT('',(-28.93299718193,-51.23843133805));
#731 = CARTESIAN_POINT('',(-27.68236080879,-50.77552021031));
#732 = CARTESIAN_POINT('',(-26.43492688779,-50.30405825676));
#733 = CARTESIAN_POINT('',(-25.19152401191,-49.82202650321));
#734 = CARTESIAN_POINT('',(-23.9521591216,-49.32961104656));
#735 = CARTESIAN_POINT('',(-22.71770216409,-48.82505656224));
#736 = CARTESIAN_POINT('',(-21.48828634122,-48.30825011698));
#737 = CARTESIAN_POINT('',(-20.2647224193,-47.7778267197));
#738 = CARTESIAN_POINT('',(-19.04724780181,-47.2335236484));
#739 = CARTESIAN_POINT('',(-17.83668791018,-46.67406066515));
#740 = CARTESIAN_POINT('',(-16.63336522831,-46.09919870693));
#741 = CARTESIAN_POINT('',(-15.43816274673,-45.50757976413));
#742 = CARTESIAN_POINT('',(-14.25142219167,-44.89918181904));
#743 = CARTESIAN_POINT('',(-13.07428421075,-44.27234472509));
#744 = CARTESIAN_POINT('',(-11.90679865955,-43.62779682398));
#745 = CARTESIAN_POINT('',(-10.74969013621,-42.96474291905));
#746 = CARTESIAN_POINT('',(-9.602639192496,-42.28449386371));
#747 = CARTESIAN_POINT('',(-8.466355892788,-41.58638399725));
#748 = CARTESIAN_POINT('',(-7.340512268988,-40.8715330658));
#749 = CARTESIAN_POINT('',(-6.22574207476,-40.13949975282));
#750 = CARTESIAN_POINT('',(-5.12171326301,-39.39137653794));
#751 = CARTESIAN_POINT('',(-4.029159465613,-38.6266785773));
#752 = CARTESIAN_POINT('',(-2.947620345481,-37.84646661865));
#753 = CARTESIAN_POINT('',(-1.877848338974,-37.05015159634));
#754 = CARTESIAN_POINT('',(-0.819194599102,-36.23911110346));
#755 = CARTESIAN_POINT('',(0.227302749754,-35.41247763341));
#756 = CARTESIAN_POINT('',(1.262355156685,-34.5715777424));
#757 = CARTESIAN_POINT('',(2.285128259975,-33.71574516179));
#758 = CARTESIAN_POINT('',(3.296407566415,-32.84635385643));
#759 = CARTESIAN_POINT('',(4.294915445719,-31.96232534977));
#760 = CARTESIAN_POINT('',(5.281942151019,-31.06550965613));
#761 = CARTESIAN_POINT('',(6.256146271483,-30.15478352432));
#762 = CARTESIAN_POINT('',(7.218576515154,-29.23162222602));
#763 = CARTESIAN_POINT('',(8.167971821007,-28.29507840555));
#764 = CARTESIAN_POINT('',(9.105519030111,-27.34665547247));
#765 = CARTESIAN_POINT('',(10.029757064099,-26.3852684107));
#766 = CARTESIAN_POINT('',(10.941607115277,-25.4120920788));
#767 = CARTESIAN_POINT('',(11.839698298418,-24.42624594346));
#768 = CARTESIAN_POINT('',(12.724387652672,-23.42833252704));
#769 = CARTESIAN_POINT('',(13.594888295848,-22.41803860916));
#770 = CARTESIAN_POINT('',(14.451031824267,-21.39551742797));
#771 = CARTESIAN_POINT('',(15.292530977854,-20.36092752337));
#772 = CARTESIAN_POINT('',(16.118842941517,-19.31414441825));
#773 = CARTESIAN_POINT('',(16.929971416426,-18.25557014894));
#774 = CARTESIAN_POINT('',(17.724897614506,-17.18477509113));
#775 = CARTESIAN_POINT('',(18.504281080516,-16.10263923474));
#776 = CARTESIAN_POINT('',(19.266381669914,-15.00823150804));
#777 = CARTESIAN_POINT('',(20.0124004073,-13.90279062915));
#778 = CARTESIAN_POINT('',(20.740394068731,-12.78540750296));
#779 = CARTESIAN_POINT('',(21.45156698161,-11.65723332922));
#780 = CARTESIAN_POINT('',(22.143781758429,-10.51735433051));
#781 = CARTESIAN_POINT('',(22.818614094515,-9.367067924274));
#782 = CARTESIAN_POINT('',(23.473639670177,-8.205402440698));
#783 = CARTESIAN_POINT('',(24.110362606605,-7.033602752087));
#784 = CARTESIAN_POINT('',(24.726869164143,-5.851024021932));
#785 = CARTESIAN_POINT('',(25.323848599683,-4.658490717019));
#786 = CARTESIAN_POINT('',(25.900608657564,-3.456034059894));
#787 = CARTESIAN_POINT('',(26.457532999348,-2.244296114081));
#788 = CARTESIAN_POINT('',(26.994457691248,-1.023542745106));
#789 = CARTESIAN_POINT('',(27.511221282612,0.205876449099));
#790 = CARTESIAN_POINT('',(28.00864088007,1.443242787258));
#791 = CARTESIAN_POINT('',(28.4853882333,2.688731397996));
#792 = CARTESIAN_POINT('',(28.943035665639,3.941359176231));
#793 = CARTESIAN_POINT('',(29.380023542905,5.201354484578));
#794 = CARTESIAN_POINT('',(29.79827777223,6.467698924579));
#795 = CARTESIAN_POINT('',(30.195677368557,7.740741309592));
#796 = CARTESIAN_POINT('',(30.574551757274,9.019392005217));
#797 = CARTESIAN_POINT('',(30.932674300169,10.304008886983));
#798 = CARTESIAN_POINT('',(31.272400475462,11.593617766294));
#799 = CARTESIAN_POINT('',(31.591687565806,12.888442185705));
#800 = CARTESIAN_POINT('',(31.892401620379,14.187685081121));
#801 = CARTESIAN_POINT('',(32.173322899285,15.491368412333));
#802 = CARTESIAN_POINT('',(32.435512950708,16.798947383063));
#803 = CARTESIAN_POINT('',(32.678377424898,18.110278363161));
#804 = CARTESIAN_POINT('',(32.902197612147,19.424942007175));
#805 = CARTESIAN_POINT('',(33.107369978123,20.742668784653));
#806 = CARTESIAN_POINT('',(33.293538908243,22.063201679301));
#807 = CARTESIAN_POINT('',(33.461471791886,23.386217968857));
#808 = CARTESIAN_POINT('',(33.610353342785,24.711479393862));
#809 = CARTESIAN_POINT('',(33.742681418303,26.038494181644));
#810 = CARTESIAN_POINT('',(33.858930451203,27.367005570169));
#811 = CARTESIAN_POINT('',(33.961778451126,28.696637518127));
#812 = CARTESIAN_POINT('',(34.051537514903,30.027196258147));
#813 = CARTESIAN_POINT('',(34.130858211358,31.358397212622));
#814 = CARTESIAN_POINT('',(34.200213306062,32.690183846999));
#815 = CARTESIAN_POINT('',(34.262287067372,34.022327810974));
#816 = CARTESIAN_POINT('',(34.317817282227,35.354746533774));
#817 = CARTESIAN_POINT('',(34.369022465937,36.687311841176));
#818 = CARTESIAN_POINT('',(34.417086322092,38.020014409458));
#819 = CARTESIAN_POINT('',(34.464023280058,39.352777181125));
#820 = CARTESIAN_POINT('',(34.511400476617,40.685511154632));
#821 = CARTESIAN_POINT('',(34.561159419969,42.01814504704));
#822 = CARTESIAN_POINT('',(34.614752351277,43.350631808896));
#823 = CARTESIAN_POINT('',(34.674614726391,44.682877219127));
#824 = CARTESIAN_POINT('',(34.741579816859,46.014773824478));
#825 = CARTESIAN_POINT('',(34.818845573996,47.346118134585));
#826 = CARTESIAN_POINT('',(34.907225002981,48.67677748598));
#827 = CARTESIAN_POINT('',(35.0086478527,50.006488117631));
#828 = CARTESIAN_POINT('',(35.127151346863,51.334858246731));
#829 = CARTESIAN_POINT('',(35.257344737276,52.66181724353));
#830 = CARTESIAN_POINT('',(35.42439182974,53.985742623751));
#831 = CARTESIAN_POINT('',(35.428775547082,55.322328571922));
#832 = CARTESIAN_POINT('',(35.28509506204,56.650057675813));
#833 = CARTESIAN_POINT('',(34.987804647101,57.952400277536));
#834 = CARTESIAN_POINT('',(34.545864997429,59.212784274224));
#835 = CARTESIAN_POINT('',(33.963728390253,60.415061330208));
#836 = CARTESIAN_POINT('',(33.246454939249,61.541893959689));
#837 = CARTESIAN_POINT('',(32.406932826736,62.580722032467));
#838 = CARTESIAN_POINT('',(31.454511209635,63.517311116024));
#839 = CARTESIAN_POINT('',(30.400659660142,64.337996034292));
#840 = CARTESIAN_POINT('',(29.261049715714,65.034646266743));
#841 = CARTESIAN_POINT('',(28.04921153513,65.596589656317));
#842 = CARTESIAN_POINT('',(26.781021745001,66.015754260131));
#843 = CARTESIAN_POINT('',(25.473676353445,66.289405622684));
#844 = CARTESIAN_POINT('',(24.143453926066,66.41126646149));
#845 = CARTESIAN_POINT('',(22.808127282635,66.380342410611));
#846 = CARTESIAN_POINT('',(21.484755378912,66.199185380414));
#847 = CARTESIAN_POINT('',(20.190976536018,65.86691612942));
#848 = CARTESIAN_POINT('',(18.943610121151,65.389388786367));
#849 = CARTESIAN_POINT('',(17.757824619442,64.774474670372));
#850 = CARTESIAN_POINT('',(16.651060777409,64.026517617425));
#851 = CARTESIAN_POINT('',(15.636413248062,63.157938280514));
#852 = CARTESIAN_POINT('',(14.72602090578,62.180491092307));
#853 = CARTESIAN_POINT('',(13.934922099832,61.104151057481));
#854 = CARTESIAN_POINT('',(13.270914547385,59.945373810298));
#855 = CARTESIAN_POINT('',(12.741201697786,58.71895277945));
#856 = CARTESIAN_POINT('',(12.359607407161,57.439274385207));
#857 = CARTESIAN_POINT('',(12.197599316562,56.563179657475));
#858 = CARTESIAN_POINT('',(12.095570400893,55.680202073316));
#859 = ( GEOMETRIC_REPRESENTATION_CONTEXT(2) 
PARAMETRIC_REPRESENTATION_CONTEXT() REPRESENTATION_CONTEXT('2D SPACE',''
  ) );
#860 = ORIENTED_EDGE('',*,*,#83,.F.);
#861 = ORIENTED_EDGE('',*,*,#862,.F.);
#862 = EDGE_CURVE('',#84,#84,#863,.T.);
#863 = SURFACE_CURVE('',#864,(#1108,#1115),.PCURVE_S1.);
#864 = B_SPLINE_CURVE_WITH_KNOTS('',3,(#865,#866,#867,#868,#869,#870,
    #871,#872,#873,#874,#875,#876,#877,#878,#879,#880,#881,#882,#883,
    #884,#885,#886,#887,#888,#889,#890,#891,#892,#893,#894,#895,#896,
    #897,#898,#899,#900,#901,#902,#903,#904,#905,#906,#907,#908,#909,
    #910,#911,#912,#913,#914,#915,#916,#917,#918,#919,#920,#921,#922,
    #923,#924,#925,#926,#927,#928,#929,#930,#931,#932,#933,#934,#935,
    #936,#937,#938,#939,#940,#941,#942,#943,#944,#945,#946,#947,#948,
    #949,#950,#951,#952,#953,#954,#955,#956,#957,#958,#959,#960,#961,
    #962,#963,#964,#965,#966,#967,#968,#969,#970,#971,#972,#973,#974,
    #975,#976,#977,#978,#979,#980,#981,#982,#983,#984,#985,#986,#987,
    #988,#989,#990,#991,#992,#993,#994,#995,#996,#997,#998,#999,#1000,
    #1001,#1002,#1003,#1004,#1005,#1006,#1007,#1008,#1009,#1010,#1011,
    #1012,#1013,#1014,#1015,#1016,#1017,#1018,#1019,#1020,#1021,#1022,
    #1023,#1024,#1025,#1026,#1027,#1028,#1029,#1030,#1031,#1032,#1033,
    #1034,#1035,#1036,#1037,#1038,#1039,#1040,#1041,#1042,#1043,#1044,
    #1045,#1046,#1047,#1048,#1049,#1050,#1051,#1052,#1053,#1054,#1055,
    #1056,#1057,#1058,#1059,#1060,#1061,#1062,#1063,#1064,#1065,#1066,
    #1067,#1068,#1069,#1070,#1071,#1072,#1073,#1074,#1075,#1076,#1077,
    #1078,#1079,#1080,#1081,#1082,#1083,#1084,#1085,#1086,#1087,#1088,
    #1089,#1090,#1091,#1092,#1093,#1094,#1095,#1096,#1097,#1098,#1099,
    #1100,#1101,#1102,#1103,#1104,#1105,#1106,#1107),.UNSPECIFIED.,.T.,
  .F.,(1,1,2,1,1,1,1,1,1,1,1,1,1,1,1,1,1,1,1,1,1,1,1,1,1,1,1,1,1,1,1,1,1
    ,1,1,1,1,1,1,1,1,1,1,1,1,1,1,1,1,1,1,1,1,1,1,1,1,1,1,1,1,1,1,1,1,1,1
    ,1,1,1,1,1,1,1,1,1,1,1,1,1,1,1,1,1,1,1,1,1,1,1,1,1,1,1,1,1,1,1,1,1,1
    ,1,1,1,1,1,1,1,1,1,1,1,1,1,1,1,1,1,1,1,1,1,1,1,1,1,1,1,1,1,1,1,1,1,1
    ,1,1,1,1,1,1,1,1,1,1,1,1,1,1,1,1,1,1,1,1,1,1,1,1,1,1,1,1,1,1,1,1,1,1
    ,1,1,1,1,1,1,1,1,1,1,1,1,1,1,1,1,1,1,1,1,1,1,1,1,1,1,1,1,1,1,1,1,1,1
    ,1,1,1,1,1,1,1,1,1,1,1,1,1,1,1,1,1,1,1,1,1,1,1,1,1,1,1,1,1,1,1,1,1,1
    ,1,1,1,1,1,2,1,1),(-2.665651851091,-1.332779088972,0.,1.333450355281
    ,2.666975083211,4.000432187883,5.333917774607,6.667441602665,
    8.000953724845,9.334460807691,10.668054992591,12.001566582342,
    13.335182006668,14.668692989,16.002276387217,17.335777898277,
    18.669360119214,20.002942756324,21.336482107074,22.670028465474,
    24.003702518607,25.337168427432,26.670803227518,28.004387484324,
    29.337934828815,30.671520000448,32.005117855876,33.338690381087,
    34.672225191282,36.005822000666,37.339371084877,38.672987540234,
    40.006466767669,41.340065001771,42.673671484209,44.007238419162,
    45.340760271251,46.674411593749,48.007932947159,49.341509555382,
    50.675026683131,52.00865498592,53.342197444937,54.675817128355,
    56.009400639051,57.342918123001,58.676558231876,60.010060237873,
    61.343651348372,62.67724348992,64.010747175704,65.344384945115,
    66.677932488325,68.011478925462,69.34511495152,70.678620230849,
    72.01222483867,73.345800457073,74.679396591591,76.012927307397,
    77.346529257006,78.680071716023,80.013686480488,81.347245065628,
    82.680788799444,84.014408404129,85.347970869857,86.681519927823,
    88.015140522295,89.348703846625,90.68229414728,92.015824083202,
    93.349335856678,94.682965584151,96.016515770684,97.350077655262,
    98.683665567625,100.0172706441,101.35079990512,102.68441636047,
    104.01795250547,105.35153250682,106.68509080325,108.01863165377,
    109.35218702945,110.68582005619,112.01932390695,113.3529324927,
    114.68647904232,116.02005699655,117.35361321209,118.68707022302,
    120.02068285793,121.35416365644,122.68768352881,124.02121800906,
    125.35468235803,126.68822465583,127.99485545678,129.29563124453,
    130.5963607091,131.89718849555,133.23020169879,134.56369862417,
    135.89729874789,137.23086121362,138.56438122097,139.89805246232,
    141.23155907273,142.56514858978,143.89866220426,145.23231094362,
    146.56583531535,147.89943183979,149.23301965092,150.56659561427,
    151.90011605655,153.23366490455,154.56721938788,155.90077475981,
    157.23442066859,158.56792043986,159.90157227224,161.23510125205,
    162.56864933892,163.9022273269,165.23573944533,166.56935680049,
    167.90289243931,169.23648190013,170.56996765183,171.9035917218,
    173.2370991646,174.57062175533,175.90429323662,177.23785930173,
    178.57136408612,179.90489100748,181.23848060702,182.57207263234,
    183.90560497916,185.23913376025,186.57269132181,187.9063057226,
    189.23984514084,190.57340550318,191.90699674865,193.24053029904,
    194.57409613918,195.9076527559,197.24122720077,198.57476664526,
    199.90839510926,201.24186601633,202.57546128477,203.90903297763,
    205.24258129696,206.57613016371,207.90975930631,209.24325447316,
    210.57680990882,211.91036715544,213.24394124412,214.57751204464,
    215.91104027081,217.24463403955,218.57813901516,219.9117432818,
    221.24529289468,222.57880904381,223.91244481493,225.24594529487,
    226.5794948815,227.91305031717,229.24660350321,230.58015762659,
    231.91368718757,233.24728084757,234.58082024707,235.91439040645,
    237.24800176288,238.58154439062,239.91503815139,241.24864920788,
    242.58221294839,243.91571243845,245.2492753991,246.58288485092,
    247.91639369979,249.25002307109,250.58349064475,251.91706776663,
    253.25066659686,254.58425031377,255.91773948508,257.25135529932,
    258.58493115768,259.91848516484,261.25205098623,262.58557898744,
    263.9192302462,265.25280235524,266.58629334133,267.9198719292,
    269.25350744162,270.58706080763,271.92059849364,273.25419222863,
    274.58774269261,275.92135202821,277.25490009634,278.58845326363,
    279.92206733824,281.25556298878,282.58915273079,283.92258264271,
    285.25539998954,286.58816747488,287.92100572464,289.25384732438,
    290.58669016958,291.91947601134,293.2523586956,294.58516278473,
    295.91793205583,297.25081043363,298.58364088046,299.91641759844,
    301.24919361864,302.58206127148,303.91491028769,305.24769903689,
    306.58053086799,307.91330747343,309.24615932191,310.57901639227,
    311.91181582204,313.24465791696,314.57747485863,315.91026648901,
    317.2430555796,318.57592834172,319.90870743069,321.24215778597,
    322.5756825139),.UNSPECIFIED.);
#865 = CARTESIAN_POINT('',(23.222798385879,114.33497764014,0.));
#866 = CARTESIAN_POINT('',(23.324827301548,113.45200005598,0.));
#867 = CARTESIAN_POINT('',(23.444874961666,112.57095013787,0.));
#868 = CARTESIAN_POINT('',(23.676117862768,111.25733745498,0.));
#869 = CARTESIAN_POINT('',(23.955829647807,109.95322121022,0.));
#870 = CARTESIAN_POINT('',(24.280976998367,108.65972265416,0.));
#871 = CARTESIAN_POINT('',(24.647686748114,107.37739653654,0.));
#872 = CARTESIAN_POINT('',(25.054071085206,106.10710668397,0.));
#873 = CARTESIAN_POINT('',(25.496033604264,104.84876419585,0.));
#874 = CARTESIAN_POINT('',(25.970853999282,103.60247298848,0.));
#875 = CARTESIAN_POINT('',(26.475303068191,102.36786393939,0.));
#876 = CARTESIAN_POINT('',(27.006803543496,101.14470541154,0.));
#877 = CARTESIAN_POINT('',(27.562807250001,99.93248324983,0.));
#878 = CARTESIAN_POINT('',(28.140412936874,98.730464888317,0.));
#879 = CARTESIAN_POINT('',(28.73707937031,97.537782933761,0.));
#880 = CARTESIAN_POINT('',(29.350142851125,96.353459826858,0.));
#881 = CARTESIAN_POINT('',(29.977355258529,95.176565740077,0.));
#882 = CARTESIAN_POINT('',(30.616189354993,94.005963937436,0.));
#883 = CARTESIAN_POINT('',(31.264108978077,92.840339649417,0.));
#884 = CARTESIAN_POINT('',(31.918687317291,91.678475861696,0.));
#885 = CARTESIAN_POINT('',(32.57735131872,90.518893586942,0.));
#886 = CARTESIAN_POINT('',(33.237659680047,89.360282236645,0.));
#887 = CARTESIAN_POINT('',(33.899373274916,88.202441664979,0.));
#888 = CARTESIAN_POINT('',(34.561802364326,87.045029552271,0.));
#889 = CARTESIAN_POINT('',(35.224857121978,85.887970544166,0.));
#890 = CARTESIAN_POINT('',(35.888185935106,84.73105897941,0.));
#891 = CARTESIAN_POINT('',(36.550965606076,83.573852060092,0.));
#892 = CARTESIAN_POINT('',(37.213313986329,82.416398541692,0.));
#893 = CARTESIAN_POINT('',(37.874436102798,81.258252902518,0.));
#894 = CARTESIAN_POINT('',(38.534107810808,80.099249128744,0.));
#895 = CARTESIAN_POINT('',(39.191979873989,78.93926751776,0.));
#896 = CARTESIAN_POINT('',(39.847445597766,77.777905406973,0.));
#897 = CARTESIAN_POINT('',(40.500352816426,76.615106317721,0.));
#898 = CARTESIAN_POINT('',(41.149965535849,75.450429450615,0.));
#899 = CARTESIAN_POINT('',(41.796134266896,74.283867279849,0.));
#900 = CARTESIAN_POINT('',(42.438460977008,73.115167244357,0.));
#901 = CARTESIAN_POINT('',(43.076338868464,71.94404993559,0.));
#902 = CARTESIAN_POINT('',(43.709668399748,70.770445505382,0.));
#903 = CARTESIAN_POINT('',(44.337818598421,69.594110062942,0.));
#904 = CARTESIAN_POINT('',(44.960418098661,68.414787804611,0.));
#905 = CARTESIAN_POINT('',(45.578207135879,67.232951962425,0.));
#906 = CARTESIAN_POINT('',(46.191089932846,66.048526346423,0.));
#907 = CARTESIAN_POINT('',(46.799897013156,64.862018617141,0.));
#908 = CARTESIAN_POINT('',(47.405085360888,63.673671047677,0.));
#909 = CARTESIAN_POINT('',(48.0073047865,62.483808838894,0.));
#910 = CARTESIAN_POINT('',(48.60659376229,61.292498910396,0.));
#911 = CARTESIAN_POINT('',(49.2040072545,60.100220432723,0.));
#912 = CARTESIAN_POINT('',(49.799649752704,58.907074257854,0.));
#913 = CARTESIAN_POINT('',(50.394394924863,57.713480199403,0.));
#914 = CARTESIAN_POINT('',(50.988498613233,56.519549381358,0.));
#915 = CARTESIAN_POINT('',(51.582723478975,55.325695504758,0.));
#916 = CARTESIAN_POINT('',(52.177333382628,54.132017374685,0.));
#917 = CARTESIAN_POINT('',(52.772941766462,52.938837507402,0.));
#918 = CARTESIAN_POINT('',(53.370173359216,51.746484923446,0.));
#919 = CARTESIAN_POINT('',(53.969256206527,50.555039183137,0.));
#920 = CARTESIAN_POINT('',(54.57108223063,49.364998960615,0.));
#921 = CARTESIAN_POINT('',(55.175402322786,48.176189662244,0.));
#922 = CARTESIAN_POINT('',(55.782115914467,46.988627771461,0.));
#923 = CARTESIAN_POINT('',(56.391078398834,45.802207903159,0.));
#924 = CARTESIAN_POINT('',(57.002027470958,44.616829835398,0.));
#925 = CARTESIAN_POINT('',(57.615169969069,43.432553574231,0.));
#926 = CARTESIAN_POINT('',(58.229752565772,42.249040320971,0.));
#927 = CARTESIAN_POINT('',(58.846368075236,41.066584424476,0.));
#928 = CARTESIAN_POINT('',(59.464362153643,39.884846891677,0.));
#929 = CARTESIAN_POINT('',(60.083854306564,38.703892438506,0.));
#930 = CARTESIAN_POINT('',(60.704768282652,37.523682942266,0.));
#931 = CARTESIAN_POINT('',(61.327060239598,36.344199236526,0.));
#932 = CARTESIAN_POINT('',(61.950257698876,35.165193340518,0.));
#933 = CARTESIAN_POINT('',(62.574861802493,33.986916479344,0.));
#934 = CARTESIAN_POINT('',(63.200306214131,32.809119776876,0.));
#935 = CARTESIAN_POINT('',(63.826848595877,31.631926183799,0.));
#936 = CARTESIAN_POINT('',(64.454288522528,30.455195958974,0.));
#937 = CARTESIAN_POINT('',(65.082511549901,29.278875893488,0.));
#938 = CARTESIAN_POINT('',(65.712398095157,28.103425998102,0.));
#939 = CARTESIAN_POINT('',(66.345300587207,26.929611805018,0.));
#940 = CARTESIAN_POINT('',(66.982433058969,25.758064919131,0.));
#941 = CARTESIAN_POINT('',(67.625378359248,24.589707901996,0.));
#942 = CARTESIAN_POINT('',(68.274984690095,23.425027818463,0.));
#943 = CARTESIAN_POINT('',(68.932557083313,22.264848841359,0.));
#944 = CARTESIAN_POINT('',(69.599315571054,21.109901528322,0.));
#945 = CARTESIAN_POINT('',(70.276215128512,19.960886065994,0.));
#946 = CARTESIAN_POINT('',(70.964402413161,18.818590101934,0.));
#947 = CARTESIAN_POINT('',(71.664552837558,17.683590360272,0.));
#948 = CARTESIAN_POINT('',(72.378215000809,16.557002801546,0.));
#949 = CARTESIAN_POINT('',(73.105664160512,15.439277970886,0.));
#950 = CARTESIAN_POINT('',(73.848195794544,14.331486122456,0.));
#951 = CARTESIAN_POINT('',(74.606454441499,13.234428295314,0.));
#952 = CARTESIAN_POINT('',(75.381729147735,12.149281890817,0.));
#953 = CARTESIAN_POINT('',(76.176055753336,11.078007543058,0.));
#954 = CARTESIAN_POINT('',(76.991003259878,10.022346156153,0.));
#955 = CARTESIAN_POINT('',(77.828615934801,8.984554891141,0.));
#956 = CARTESIAN_POINT('',(78.690315196391,7.966613669481,0.));
#957 = CARTESIAN_POINT('',(79.57816367887,6.971573291249,0.));
#958 = CARTESIAN_POINT('',(80.493265804765,6.000655205112,0.));
#959 = CARTESIAN_POINT('',(81.43738925031,5.06118845944,0.));
#960 = CARTESIAN_POINT('',(82.412681875507,4.141683670917,0.));
#961 = CARTESIAN_POINT('',(83.408457131764,3.304045670518,0.));
#962 = CARTESIAN_POINT('',(84.442256548469,2.359366015476,0.));
#963 = CARTESIAN_POINT('',(84.320924962301,0.889182541152,0.));
#964 = CARTESIAN_POINT('',(83.248047953484,-8.841663349767E-02,0.));
#965 = CARTESIAN_POINT('',(81.83915313795,8.020347391142E-02,0.));
#966 = CARTESIAN_POINT('',(80.687280039561,0.715069363667,0.));
#967 = CARTESIAN_POINT('',(79.430926313582,1.176947816271,0.));
#968 = CARTESIAN_POINT('',(78.19084904901,1.663876308945,0.));
#969 = CARTESIAN_POINT('',(76.939140878699,2.125123375468,0.));
#970 = CARTESIAN_POINT('',(75.684844888325,2.577809012159,0.));
#971 = CARTESIAN_POINT('',(74.427012270814,3.020936057988,0.));
#972 = CARTESIAN_POINT('',(73.166995004092,3.457745825314,0.));
#973 = CARTESIAN_POINT('',(71.905700619723,3.890717537411,0.));
#974 = CARTESIAN_POINT('',(70.643901303602,4.322350163357,0.));
#975 = CARTESIAN_POINT('',(69.382459038743,4.754962336745,0.));
#976 = CARTESIAN_POINT('',(68.122071584748,5.19072847905,0.));
#977 = CARTESIAN_POINT('',(66.863537544336,5.631764585784,0.));
#978 = CARTESIAN_POINT('',(65.607178431224,6.07901303625,0.));
#979 = CARTESIAN_POINT('',(64.353394884372,6.53336664462,0.));
#980 = CARTESIAN_POINT('',(63.102758511231,6.996277772362,0.));
#981 = CARTESIAN_POINT('',(61.855324590231,7.467739725904,0.));
#982 = CARTESIAN_POINT('',(60.611921714359,7.949771479457,0.));
#983 = CARTESIAN_POINT('',(59.372556824048,8.442186936112,0.));
#984 = CARTESIAN_POINT('',(58.138099866533,8.946741420428,0.));
#985 = CARTESIAN_POINT('',(56.908684043661,9.463547865691,0.));
#986 = CARTESIAN_POINT('',(55.685120121746,9.993971262969,0.));
#987 = CARTESIAN_POINT('',(54.46764550425,10.538274334268,0.));
#988 = CARTESIAN_POINT('',(53.257085612621,11.097737317521,0.));
#989 = CARTESIAN_POINT('',(52.053762930753,11.672599275739,0.));
#990 = CARTESIAN_POINT('',(50.858560449176,12.264218218536,0.));
#991 = CARTESIAN_POINT('',(49.671819894112,12.872616163629,0.));
#992 = CARTESIAN_POINT('',(48.494681913196,13.499453257581,0.));
#993 = CARTESIAN_POINT('',(47.327196361993,14.144001158693,0.));
#994 = CARTESIAN_POINT('',(46.170087838654,14.807055063623,0.));
#995 = CARTESIAN_POINT('',(45.023036894937,15.487304118959,0.));
#996 = CARTESIAN_POINT('',(43.886753595229,16.185413985415,0.));
#997 = CARTESIAN_POINT('',(42.760909971429,16.900264916871,0.));
#998 = CARTESIAN_POINT('',(41.646139777201,17.632298229849,0.));
#999 = CARTESIAN_POINT('',(40.54211096545,18.380421444727,0.));
#1000 = CARTESIAN_POINT('',(39.449557168054,19.145119405368,0.));
#1001 = CARTESIAN_POINT('',(38.368018047922,19.925331364018,0.));
#1002 = CARTESIAN_POINT('',(37.298246041415,20.721646386325,0.));
#1003 = CARTESIAN_POINT('',(36.239592301543,21.532686879205,0.));
#1004 = CARTESIAN_POINT('',(35.193094952687,22.359320349257,0.));
#1005 = CARTESIAN_POINT('',(34.158042545755,23.200220240268,0.));
#1006 = CARTESIAN_POINT('',(33.135269442465,24.056052820883,0.));
#1007 = CARTESIAN_POINT('',(32.123990136026,24.925444126238,0.));
#1008 = CARTESIAN_POINT('',(31.125482256722,25.809472632899,0.));
#1009 = CARTESIAN_POINT('',(30.138455551422,26.706288326541,0.));
#1010 = CARTESIAN_POINT('',(29.164251430957,27.617014458352,0.));
#1011 = CARTESIAN_POINT('',(28.201821187287,28.540175756646,0.));
#1012 = CARTESIAN_POINT('',(27.252425881434,29.476719577122,0.));
#1013 = CARTESIAN_POINT('',(26.31487867233,30.425142510195,0.));
#1014 = CARTESIAN_POINT('',(25.390640638342,31.386529571968,0.));
#1015 = CARTESIAN_POINT('',(24.478790587164,32.359705903872,0.));
#1016 = CARTESIAN_POINT('',(23.580699404023,33.345552039205,0.));
#1017 = CARTESIAN_POINT('',(22.696010049769,34.343465455631,0.));
#1018 = CARTESIAN_POINT('',(21.825509406592,35.35375937351,0.));
#1019 = CARTESIAN_POINT('',(20.969365878174,36.376280554694,0.));
#1020 = CARTESIAN_POINT('',(20.127866724587,37.410870459302,0.));
#1021 = CARTESIAN_POINT('',(19.301554760924,38.457653564418,0.));
#1022 = CARTESIAN_POINT('',(18.490426286015,39.516227833724,0.));
#1023 = CARTESIAN_POINT('',(17.695500087934,40.587022891541,0.));
#1024 = CARTESIAN_POINT('',(16.916116621925,41.669158747924,0.));
#1025 = CARTESIAN_POINT('',(16.154016032526,42.763566474627,0.));
#1026 = CARTESIAN_POINT('',(15.407997295141,43.869007353521,0.));
#1027 = CARTESIAN_POINT('',(14.68000363371,44.98639047971,0.));
#1028 = CARTESIAN_POINT('',(13.96883072083,46.114564653451,0.));
#1029 = CARTESIAN_POINT('',(13.276615944012,47.254443652163,0.));
#1030 = CARTESIAN_POINT('',(12.601783607926,48.404730058399,0.));
#1031 = CARTESIAN_POINT('',(11.946758032264,49.566395541975,0.));
#1032 = CARTESIAN_POINT('',(11.310035095836,50.738195230586,0.));
#1033 = CARTESIAN_POINT('',(10.693528538298,51.920773960741,0.));
#1034 = CARTESIAN_POINT('',(10.096549102758,53.113307265654,0.));
#1035 = CARTESIAN_POINT('',(9.519789044877,54.315763922779,0.));
#1036 = CARTESIAN_POINT('',(8.962864703093,55.527501868592,0.));
#1037 = CARTESIAN_POINT('',(8.425940011193,56.748255237567,0.));
#1038 = CARTESIAN_POINT('',(7.909176419829,57.977674431772,0.));
#1039 = CARTESIAN_POINT('',(7.41175682237,59.215040769931,0.));
#1040 = CARTESIAN_POINT('',(6.93500946914,60.460529380669,0.));
#1041 = CARTESIAN_POINT('',(6.477362036802,61.713157158904,0.));
#1042 = CARTESIAN_POINT('',(6.040374159535,62.973152467251,0.));
#1043 = CARTESIAN_POINT('',(5.622119930211,64.239496907252,0.));
#1044 = CARTESIAN_POINT('',(5.224720333883,65.512539292265,0.));
#1045 = CARTESIAN_POINT('',(4.845845945166,66.79118998789,0.));
#1046 = CARTESIAN_POINT('',(4.487723402272,68.075806869657,0.));
#1047 = CARTESIAN_POINT('',(4.147997226979,69.365415748967,0.));
#1048 = CARTESIAN_POINT('',(3.828710136635,70.660240168378,0.));
#1049 = CARTESIAN_POINT('',(3.527996082062,71.959483063794,0.));
#1050 = CARTESIAN_POINT('',(3.247074803156,73.263166395006,0.));
#1051 = CARTESIAN_POINT('',(2.984884751733,74.570745365736,0.));
#1052 = CARTESIAN_POINT('',(2.742020277543,75.882076345834,0.));
#1053 = CARTESIAN_POINT('',(2.518200090294,77.196739989848,0.));
#1054 = CARTESIAN_POINT('',(2.313027724318,78.514466767327,0.));
#1055 = CARTESIAN_POINT('',(2.126858794198,79.834999661974,0.));
#1056 = CARTESIAN_POINT('',(1.958925910555,81.15801595153,0.));
#1057 = CARTESIAN_POINT('',(1.810044359655,82.483277376535,0.));
#1058 = CARTESIAN_POINT('',(1.677716284138,83.810292164317,0.));
#1059 = CARTESIAN_POINT('',(1.561467251238,85.138803552842,0.));
#1060 = CARTESIAN_POINT('',(1.458619251315,86.4684355008,0.));
#1061 = CARTESIAN_POINT('',(1.368860187538,87.79899424082,0.));
#1062 = CARTESIAN_POINT('',(1.289539491082,89.130195195295,0.));
#1063 = CARTESIAN_POINT('',(1.220184396379,90.461981829672,0.));
#1064 = CARTESIAN_POINT('',(1.158110635069,91.794125793647,0.));
#1065 = CARTESIAN_POINT('',(1.102580420214,93.126544516447,0.));
#1066 = CARTESIAN_POINT('',(1.051375236504,94.459109823849,0.));
#1067 = CARTESIAN_POINT('',(1.003311380349,95.791812392131,0.));
#1068 = CARTESIAN_POINT('',(0.956374422383,97.124575163798,0.));
#1069 = CARTESIAN_POINT('',(0.908997225823,98.457309137305,0.));
#1070 = CARTESIAN_POINT('',(0.859238282472,99.789943029713,0.));
#1071 = CARTESIAN_POINT('',(0.805645351164,101.12242979156,0.));
#1072 = CARTESIAN_POINT('',(0.745782976049,102.4546752018,0.));
#1073 = CARTESIAN_POINT('',(0.678817885581,103.78657180715,0.));
#1074 = CARTESIAN_POINT('',(0.601552128445,105.11791611725,0.));
#1075 = CARTESIAN_POINT('',(0.51317269946,106.44857546865,0.));
#1076 = CARTESIAN_POINT('',(0.411749849741,107.7782861003,0.));
#1077 = CARTESIAN_POINT('',(0.293246355577,109.1066562294,0.));
#1078 = CARTESIAN_POINT('',(0.163052965165,110.4336152262,0.));
#1079 = CARTESIAN_POINT('',(-3.994127299614E-03,111.75754060642,0.));
#1080 = CARTESIAN_POINT('',(-8.377844641509E-03,113.09412655459,0.));
#1081 = CARTESIAN_POINT('',(0.135302640401,114.42185565848,0.));
#1082 = CARTESIAN_POINT('',(0.43259305534,115.72419826021,0.));
#1083 = CARTESIAN_POINT('',(0.874532705012,116.98458225689,0.));
#1084 = CARTESIAN_POINT('',(1.456669312188,118.18685931288,0.));
#1085 = CARTESIAN_POINT('',(2.173942763191,119.31369194236,0.));
#1086 = CARTESIAN_POINT('',(3.013464875705,120.35252001514,0.));
#1087 = CARTESIAN_POINT('',(3.965886492806,121.28910909869,0.));
#1088 = CARTESIAN_POINT('',(5.019738042299,122.10979401696,0.));
#1089 = CARTESIAN_POINT('',(6.159347986727,122.80644424941,0.));
#1090 = CARTESIAN_POINT('',(7.371186167311,123.36838763899,0.));
#1091 = CARTESIAN_POINT('',(8.639375957439,123.7875522428,0.));
#1092 = CARTESIAN_POINT('',(9.946721348996,124.06120360535,0.));
#1093 = CARTESIAN_POINT('',(11.276943776375,124.18306444416,0.));
#1094 = CARTESIAN_POINT('',(12.612270419806,124.15214039328,0.));
#1095 = CARTESIAN_POINT('',(13.935642323529,123.97098336308,0.));
#1096 = CARTESIAN_POINT('',(15.229421166423,123.63871411209,0.));
#1097 = CARTESIAN_POINT('',(16.47678758129,123.16118676904,0.));
#1098 = CARTESIAN_POINT('',(17.662573082999,122.54627265304,0.));
#1099 = CARTESIAN_POINT('',(18.769336925032,121.79831560009,0.));
#1100 = CARTESIAN_POINT('',(19.783984454378,120.92973626318,0.));
#1101 = CARTESIAN_POINT('',(20.694376796661,119.95228907498,0.));
#1102 = CARTESIAN_POINT('',(21.485475602608,118.87594904015,0.));
#1103 = CARTESIAN_POINT('',(22.149483155056,117.71717179297,0.));
#1104 = CARTESIAN_POINT('',(22.679196004655,116.49075076212,0.));
#1105 = CARTESIAN_POINT('',(23.06079029528,115.21107236788,0.));
#1106 = CARTESIAN_POINT('',(23.222798385879,114.33497764014,0.));
#1107 = CARTESIAN_POINT('',(23.324827301548,113.45200005598,0.));
#1108 = PCURVE('',#94,#1109);
#1109 = DEFINITIONAL_REPRESENTATION('',(#1110),#1114);
#1110 = LINE('',#1111,#1112);
#1111 = CARTESIAN_POINT('',(0.,0.));
#1112 = VECTOR('',#1113,1.);
#1113 = DIRECTION('',(1.,0.));
#1114 = ( GEOMETRIC_REPRESENTATION_CONTEXT(2) 
PARAMETRIC_REPRESENTATION_CONTEXT() REPRESENTATION_CONTEXT('2D SPACE',''
  ) );
#1115 = PCURVE('',#1116,#1121);
#1116 = PLANE('',#1117);
#1117 = AXIS2_PLACEMENT_3D('',#1118,#1119,#1120);
#1118 = CARTESIAN_POINT('',(35.420397702441,57.771797982673,0.));
#1119 = DIRECTION('',(-0.,-0.,-1.));
#1120 = DIRECTION('',(-1.,0.,0.));
#1121 = DEFINITIONAL_REPRESENTATION('',(#1122),#1366);
#1122 = B_SPLINE_CURVE_WITH_KNOTS('',3,(#1123,#1124,#1125,#1126,#1127,
    #1128,#1129,#1130,#1131,#1132,#1133,#1134,#1135,#1136,#1137,#1138,
    #1139,#1140,#1141,#1142,#1143,#1144,#1145,#1146,#1147,#1148,#1149,
    #1150,#1151,#1152,#1153,#1154,#1155,#1156,#1157,#1158,#1159,#1160,
    #1161,#1162,#1163,#1164,#1165,#1166,#1167,#1168,#1169,#1170,#1171,
    #1172,#1173,#1174,#1175,#1176,#1177,#1178,#1179,#1180,#1181,#1182,
    #1183,#1184,#1185,#1186,#1187,#1188,#1189,#1190,#1191,#1192,#1193,
    #1194,#1195,#1196,#1197,#1198,#1199,#1200,#1201,#1202,#1203,#1204,
    #1205,#1206,#1207,#1208,#1209,#1210,#1211,#1212,#1213,#1214,#1215,
    #1216,#1217,#1218,#1219,#1220,#1221,#1222,#1223,#1224,#1225,#1226,
    #1227,#1228,#1229,#1230,#1231,#1232,#1233,#1234,#1235,#1236,#1237,
    #1238,#1239,#1240,#1241,#1242,#1243,#1244,#1245,#1246,#1247,#1248,
    #1249,#1250,#1251,#1252,#1253,#1254,#1255,#1256,#1257,#1258,#1259,
    #1260,#1261,#1262,#1263,#1264,#1265,#1266,#1267,#1268,#1269,#1270,
    #1271,#1272,#1273,#1274,#1275,#1276,#1277,#1278,#1279,#1280,#1281,
    #1282,#1283,#1284,#1285,#1286,#1287,#1288,#1289,#1290,#1291,#1292,
    #1293,#1294,#1295,#1296,#1297,#1298,#1299,#1300,#1301,#1302,#1303,
    #1304,#1305,#1306,#1307,#1308,#1309,#1310,#1311,#1312,#1313,#1314,
    #1315,#1316,#1317,#1318,#1319,#1320,#1321,#1322,#1323,#1324,#1325,
    #1326,#1327,#1328,#1329,#1330,#1331,#1332,#1333,#1334,#1335,#1336,
    #1337,#1338,#1339,#1340,#1341,#1342,#1343,#1344,#1345,#1346,#1347,
    #1348,#1349,#1350,#1351,#1352,#1353,#1354,#1355,#1356,#1357,#1358,
    #1359,#1360,#1361,#1362,#1363,#1364,#1365),.UNSPECIFIED.,.F.,.F.,(1,
    1,2,1,1,1,1,1,1,1,1,1,1,1,1,1,1,1,1,1,1,1,1,1,1,1,1,1,1,1,1,1,1,1,1,
    1,1,1,1,1,1,1,1,1,1,1,1,1,1,1,1,1,1,1,1,1,1,1,1,1,1,1,1,1,1,1,1,1,1,
    1,1,1,1,1,1,1,1,1,1,1,1,1,1,1,1,1,1,1,1,1,1,1,1,1,1,1,1,1,1,1,1,1,1,
    1,1,1,1,1,1,1,1,1,1,1,1,1,1,1,1,1,1,1,1,1,1,1,1,1,1,1,1,1,1,1,1,1,1,
    1,1,1,1,1,1,1,1,1,1,1,1,1,1,1,1,1,1,1,1,1,1,1,1,1,1,1,1,1,1,1,1,1,1,
    1,1,1,1,1,1,1,1,1,1,1,1,1,1,1,1,1,1,1,1,1,1,1,1,1,1,1,1,1,1,1,1,1,1,
    1,1,1,1,1,1,1,1,1,1,1,1,1,1,1,1,1,1,1,1,1,1,1,1,1,1,1,1,1,1,1,1,1,1,
    1,1,1,2,1,1),(-2.665651851091,-1.332779088972,0.,1.333450355281,
    2.666975083211,4.000432187883,5.333917774607,6.667441602665,
    8.000953724845,9.334460807691,10.668054992591,12.001566582342,
    13.335182006668,14.668692989,16.002276387217,17.335777898277,
    18.669360119214,20.002942756324,21.336482107074,22.670028465474,
    24.003702518607,25.337168427432,26.670803227518,28.004387484324,
    29.337934828815,30.671520000448,32.005117855876,33.338690381087,
    34.672225191282,36.005822000666,37.339371084877,38.672987540234,
    40.006466767669,41.340065001771,42.673671484209,44.007238419162,
    45.340760271251,46.674411593749,48.007932947159,49.341509555382,
    50.675026683131,52.00865498592,53.342197444937,54.675817128355,
    56.009400639051,57.342918123001,58.676558231876,60.010060237873,
    61.343651348372,62.67724348992,64.010747175704,65.344384945115,
    66.677932488325,68.011478925462,69.34511495152,70.678620230849,
    72.01222483867,73.345800457073,74.679396591591,76.012927307397,
    77.346529257006,78.680071716023,80.013686480488,81.347245065628,
    82.680788799444,84.014408404129,85.347970869857,86.681519927823,
    88.015140522295,89.348703846625,90.68229414728,92.015824083202,
    93.349335856678,94.682965584151,96.016515770684,97.350077655262,
    98.683665567625,100.0172706441,101.35079990512,102.68441636047,
    104.01795250547,105.35153250682,106.68509080325,108.01863165377,
    109.35218702945,110.68582005619,112.01932390695,113.3529324927,
    114.68647904232,116.02005699655,117.35361321209,118.68707022302,
    120.02068285793,121.35416365644,122.68768352881,124.02121800906,
    125.35468235803,126.68822465583,127.99485545678,129.29563124453,
    130.5963607091,131.89718849555,133.23020169879,134.56369862417,
    135.89729874789,137.23086121362,138.56438122097,139.89805246232,
    141.23155907273,142.56514858978,143.89866220426,145.23231094362,
    146.56583531535,147.89943183979,149.23301965092,150.56659561427,
    151.90011605655,153.23366490455,154.56721938788,155.90077475981,
    157.23442066859,158.56792043986,159.90157227224,161.23510125205,
    162.56864933892,163.9022273269,165.23573944533,166.56935680049,
    167.90289243931,169.23648190013,170.56996765183,171.9035917218,
    173.2370991646,174.57062175533,175.90429323662,177.23785930173,
    178.57136408612,179.90489100748,181.23848060702,182.57207263234,
    183.90560497916,185.23913376025,186.57269132181,187.9063057226,
    189.23984514084,190.57340550318,191.90699674865,193.24053029904,
    194.57409613918,195.9076527559,197.24122720077,198.57476664526,
    199.90839510926,201.24186601633,202.57546128477,203.90903297763,
    205.24258129696,206.57613016371,207.90975930631,209.24325447316,
    210.57680990882,211.91036715544,213.24394124412,214.57751204464,
    215.91104027081,217.24463403955,218.57813901516,219.9117432818,
    221.24529289468,222.57880904381,223.91244481493,225.24594529487,
    226.5794948815,227.91305031717,229.24660350321,230.58015762659,
    231.91368718757,233.24728084757,234.58082024707,235.91439040645,
    237.24800176288,238.58154439062,239.91503815139,241.24864920788,
    242.58221294839,243.91571243845,245.2492753991,246.58288485092,
    247.91639369979,249.25002307109,250.58349064475,251.91706776663,
    253.25066659686,254.58425031377,255.91773948508,257.25135529932,
    258.58493115768,259.91848516484,261.25205098623,262.58557898744,
    263.9192302462,265.25280235524,266.58629334133,267.9198719292,
    269.25350744162,270.58706080763,271.92059849364,273.25419222863,
    274.58774269261,275.92135202821,277.25490009634,278.58845326363,
    279.92206733824,281.25556298878,282.58915273079,283.92258264271,
    285.25539998954,286.58816747488,287.92100572464,289.25384732438,
    290.58669016958,291.91947601134,293.2523586956,294.58516278473,
    295.91793205583,297.25081043363,298.58364088046,299.91641759844,
    301.24919361864,302.58206127148,303.91491028769,305.24769903689,
    306.58053086799,307.91330747343,309.24615932191,310.57901639227,
    311.91181582204,313.24465791696,314.57747485863,315.91026648901,
    317.2430555796,318.57592834172,319.90870743069,321.24215778597,
    322.5756825139),.UNSPECIFIED.);
#1123 = CARTESIAN_POINT('',(12.197599316562,56.563179657475));
#1124 = CARTESIAN_POINT('',(12.095570400893,55.680202073316));
#1125 = CARTESIAN_POINT('',(11.975522740775,54.799152155201));
#1126 = CARTESIAN_POINT('',(11.744279839673,53.485539472314));
#1127 = CARTESIAN_POINT('',(11.464568054634,52.181423227555));
#1128 = CARTESIAN_POINT('',(11.139420704073,50.887924671492));
#1129 = CARTESIAN_POINT('',(10.772710954327,49.605598553874));
#1130 = CARTESIAN_POINT('',(10.366326617235,48.3353087013));
#1131 = CARTESIAN_POINT('',(9.924364098176,47.076966213179));
#1132 = CARTESIAN_POINT('',(9.449543703159,45.830675005808));
#1133 = CARTESIAN_POINT('',(8.94509463425,44.596065956721));
#1134 = CARTESIAN_POINT('',(8.413594158945,43.372907428871));
#1135 = CARTESIAN_POINT('',(7.85759045244,42.160685267157));
#1136 = CARTESIAN_POINT('',(7.279984765567,40.958666905643));
#1137 = CARTESIAN_POINT('',(6.683318332131,39.765984951088));
#1138 = CARTESIAN_POINT('',(6.070254851316,38.581661844185));
#1139 = CARTESIAN_POINT('',(5.443042443911,37.404767757404));
#1140 = CARTESIAN_POINT('',(4.804208347448,36.234165954763));
#1141 = CARTESIAN_POINT('',(4.156288724364,35.068541666744));
#1142 = CARTESIAN_POINT('',(3.50171038515,33.906677879023));
#1143 = CARTESIAN_POINT('',(2.843046383721,32.747095604269));
#1144 = CARTESIAN_POINT('',(2.182738022394,31.588484253972));
#1145 = CARTESIAN_POINT('',(1.521024427525,30.430643682306));
#1146 = CARTESIAN_POINT('',(0.858595338115,29.273231569598));
#1147 = CARTESIAN_POINT('',(0.195540580463,28.116172561493));
#1148 = CARTESIAN_POINT('',(-0.467788232665,26.959260996737));
#1149 = CARTESIAN_POINT('',(-1.130567903635,25.802054077418));
#1150 = CARTESIAN_POINT('',(-1.792916283888,24.644600559019));
#1151 = CARTESIAN_POINT('',(-2.454038400358,23.486454919845));
#1152 = CARTESIAN_POINT('',(-3.113710108367,22.327451146071));
#1153 = CARTESIAN_POINT('',(-3.771582171548,21.167469535087));
#1154 = CARTESIAN_POINT('',(-4.427047895325,20.0061074243));
#1155 = CARTESIAN_POINT('',(-5.079955113985,18.843308335048));
#1156 = CARTESIAN_POINT('',(-5.729567833408,17.678631467942));
#1157 = CARTESIAN_POINT('',(-6.375736564455,16.512069297176));
#1158 = CARTESIAN_POINT('',(-7.018063274568,15.343369261684));
#1159 = CARTESIAN_POINT('',(-7.655941166023,14.172251952917));
#1160 = CARTESIAN_POINT('',(-8.289270697307,12.998647522709));
#1161 = CARTESIAN_POINT('',(-8.91742089598,11.822312080268));
#1162 = CARTESIAN_POINT('',(-9.540020396221,10.642989821937));
#1163 = CARTESIAN_POINT('',(-10.15780943343,9.461153979752));
#1164 = CARTESIAN_POINT('',(-10.7706922304,8.27672836375));
#1165 = CARTESIAN_POINT('',(-11.37949931071,7.090220634468));
#1166 = CARTESIAN_POINT('',(-11.98468765844,5.901873065004));
#1167 = CARTESIAN_POINT('',(-12.58690708405,4.712010856221));
#1168 = CARTESIAN_POINT('',(-13.18619605984,3.520700927723));
#1169 = CARTESIAN_POINT('',(-13.78360955205,2.32842245005));
#1170 = CARTESIAN_POINT('',(-14.37925205026,1.135276275181));
#1171 = CARTESIAN_POINT('',(-14.97399722242,-5.831778327033E-02));
#1172 = CARTESIAN_POINT('',(-15.56810091079,-1.252248601316));
#1173 = CARTESIAN_POINT('',(-16.16232577653,-2.446102477915));
#1174 = CARTESIAN_POINT('',(-16.75693568018,-3.639780607988));
#1175 = CARTESIAN_POINT('',(-17.35254406402,-4.832960475271));
#1176 = CARTESIAN_POINT('',(-17.94977565677,-6.025313059227));
#1177 = CARTESIAN_POINT('',(-18.54885850408,-7.216758799536));
#1178 = CARTESIAN_POINT('',(-19.15068452818,-8.406799022059));
#1179 = CARTESIAN_POINT('',(-19.75500462034,-9.595608320429));
#1180 = CARTESIAN_POINT('',(-20.36171821202,-10.78317021121));
#1181 = CARTESIAN_POINT('',(-20.97068069639,-11.96959007951));
#1182 = CARTESIAN_POINT('',(-21.58162976851,-13.15496814727));
#1183 = CARTESIAN_POINT('',(-22.19477226662,-14.33924440844));
#1184 = CARTESIAN_POINT('',(-22.80935486333,-15.5227576617));
#1185 = CARTESIAN_POINT('',(-23.42597037279,-16.70521355819));
#1186 = CARTESIAN_POINT('',(-24.0439644512,-17.88695109099));
#1187 = CARTESIAN_POINT('',(-24.66345660412,-19.06790554416));
#1188 = CARTESIAN_POINT('',(-25.28437058021,-20.2481150404));
#1189 = CARTESIAN_POINT('',(-25.90666253715,-21.42759874614));
#1190 = CARTESIAN_POINT('',(-26.52985999643,-22.60660464215));
#1191 = CARTESIAN_POINT('',(-27.15446410005,-23.78488150332));
#1192 = CARTESIAN_POINT('',(-27.77990851169,-24.96267820579));
#1193 = CARTESIAN_POINT('',(-28.40645089343,-26.13987179887));
#1194 = CARTESIAN_POINT('',(-29.03389082008,-27.31660202369));
#1195 = CARTESIAN_POINT('',(-29.66211384746,-28.49292208918));
#1196 = CARTESIAN_POINT('',(-30.29200039271,-29.66837198457));
#1197 = CARTESIAN_POINT('',(-30.92490288476,-30.84218617765));
#1198 = CARTESIAN_POINT('',(-31.56203535652,-32.01373306354));
#1199 = CARTESIAN_POINT('',(-32.2049806568,-33.18209008067));
#1200 = CARTESIAN_POINT('',(-32.85458698765,-34.34677016421));
#1201 = CARTESIAN_POINT('',(-33.51215938087,-35.50694914131));
#1202 = CARTESIAN_POINT('',(-34.17891786861,-36.66189645435));
#1203 = CARTESIAN_POINT('',(-34.85581742607,-37.81091191667));
#1204 = CARTESIAN_POINT('',(-35.54400471072,-38.95320788073));
#1205 = CARTESIAN_POINT('',(-36.24415513511,-40.0882076224));
#1206 = CARTESIAN_POINT('',(-36.95781729836,-41.21479518112));
#1207 = CARTESIAN_POINT('',(-37.68526645807,-42.33252001178));
#1208 = CARTESIAN_POINT('',(-38.4277980921,-43.44031186021));
#1209 = CARTESIAN_POINT('',(-39.18605673905,-44.53736968735));
#1210 = CARTESIAN_POINT('',(-39.96133144529,-45.62251609185));
#1211 = CARTESIAN_POINT('',(-40.75565805089,-46.69379043961));
#1212 = CARTESIAN_POINT('',(-41.57060555743,-47.74945182652));
#1213 = CARTESIAN_POINT('',(-42.40821823236,-48.78724309153));
#1214 = CARTESIAN_POINT('',(-43.26991749395,-49.80518431319));
#1215 = CARTESIAN_POINT('',(-44.15776597642,-50.80022469142));
#1216 = CARTESIAN_POINT('',(-45.07286810232,-51.77114277756));
#1217 = CARTESIAN_POINT('',(-46.01699154786,-52.71060952323));
#1218 = CARTESIAN_POINT('',(-46.99228417306,-53.63011431175));
#1219 = CARTESIAN_POINT('',(-47.98805942932,-54.46775231215));
#1220 = CARTESIAN_POINT('',(-49.02185884602,-55.41243196719));
#1221 = CARTESIAN_POINT('',(-48.90052725986,-56.88261544152));
#1222 = CARTESIAN_POINT('',(-47.82765025104,-57.86021461617));
#1223 = CARTESIAN_POINT('',(-46.41875543551,-57.69159450876));
#1224 = CARTESIAN_POINT('',(-45.26688233712,-57.056728619));
#1225 = CARTESIAN_POINT('',(-44.01052861114,-56.5948501664));
#1226 = CARTESIAN_POINT('',(-42.77045134657,-56.10792167372));
#1227 = CARTESIAN_POINT('',(-41.51874317625,-55.6466746072));
#1228 = CARTESIAN_POINT('',(-40.26444718588,-55.19398897051));
#1229 = CARTESIAN_POINT('',(-39.00661456837,-54.75086192468));
#1230 = CARTESIAN_POINT('',(-37.74659730165,-54.31405215735));
#1231 = CARTESIAN_POINT('',(-36.48530291728,-53.88108044526));
#1232 = CARTESIAN_POINT('',(-35.22350360116,-53.44944781931));
#1233 = CARTESIAN_POINT('',(-33.9620613363,-53.01683564592));
#1234 = CARTESIAN_POINT('',(-32.7016738823,-52.58106950362));
#1235 = CARTESIAN_POINT('',(-31.44313984189,-52.14003339688));
#1236 = CARTESIAN_POINT('',(-30.18678072878,-51.69278494642));
#1237 = CARTESIAN_POINT('',(-28.93299718193,-51.23843133805));
#1238 = CARTESIAN_POINT('',(-27.68236080879,-50.77552021031));
#1239 = CARTESIAN_POINT('',(-26.43492688779,-50.30405825676));
#1240 = CARTESIAN_POINT('',(-25.19152401191,-49.82202650321));
#1241 = CARTESIAN_POINT('',(-23.9521591216,-49.32961104656));
#1242 = CARTESIAN_POINT('',(-22.71770216409,-48.82505656224));
#1243 = CARTESIAN_POINT('',(-21.48828634122,-48.30825011698));
#1244 = CARTESIAN_POINT('',(-20.2647224193,-47.7778267197));
#1245 = CARTESIAN_POINT('',(-19.04724780181,-47.2335236484));
#1246 = CARTESIAN_POINT('',(-17.83668791018,-46.67406066515));
#1247 = CARTESIAN_POINT('',(-16.63336522831,-46.09919870693));
#1248 = CARTESIAN_POINT('',(-15.43816274673,-45.50757976413));
#1249 = CARTESIAN_POINT('',(-14.25142219167,-44.89918181904));
#1250 = CARTESIAN_POINT('',(-13.07428421075,-44.27234472509));
#1251 = CARTESIAN_POINT('',(-11.90679865955,-43.62779682398));
#1252 = CARTESIAN_POINT('',(-10.74969013621,-42.96474291905));
#1253 = CARTESIAN_POINT('',(-9.602639192496,-42.28449386371));
#1254 = CARTESIAN_POINT('',(-8.466355892788,-41.58638399725));
#1255 = CARTESIAN_POINT('',(-7.340512268988,-40.8715330658));
#1256 = CARTESIAN_POINT('',(-6.22574207476,-40.13949975282));
#1257 = CARTESIAN_POINT('',(-5.12171326301,-39.39137653794));
#1258 = CARTESIAN_POINT('',(-4.029159465613,-38.6266785773));
#1259 = CARTESIAN_POINT('',(-2.947620345481,-37.84646661865));
#1260 = CARTESIAN_POINT('',(-1.877848338974,-37.05015159634));
#1261 = CARTESIAN_POINT('',(-0.819194599102,-36.23911110346));
#1262 = CARTESIAN_POINT('',(0.227302749754,-35.41247763341));
#1263 = CARTESIAN_POINT('',(1.262355156685,-34.5715777424));
#1264 = CARTESIAN_POINT('',(2.285128259975,-33.71574516179));
#1265 = CARTESIAN_POINT('',(3.296407566415,-32.84635385643));
#1266 = CARTESIAN_POINT('',(4.294915445719,-31.96232534977));
#1267 = CARTESIAN_POINT('',(5.281942151019,-31.06550965613));
#1268 = CARTESIAN_POINT('',(6.256146271483,-30.15478352432));
#1269 = CARTESIAN_POINT('',(7.218576515154,-29.23162222602));
#1270 = CARTESIAN_POINT('',(8.167971821007,-28.29507840555));
#1271 = CARTESIAN_POINT('',(9.105519030111,-27.34665547247));
#1272 = CARTESIAN_POINT('',(10.029757064099,-26.3852684107));
#1273 = CARTESIAN_POINT('',(10.941607115277,-25.4120920788));
#1274 = CARTESIAN_POINT('',(11.839698298418,-24.42624594346));
#1275 = CARTESIAN_POINT('',(12.724387652672,-23.42833252704));
#1276 = CARTESIAN_POINT('',(13.594888295848,-22.41803860916));
#1277 = CARTESIAN_POINT('',(14.451031824267,-21.39551742797));
#1278 = CARTESIAN_POINT('',(15.292530977854,-20.36092752337));
#1279 = CARTESIAN_POINT('',(16.118842941517,-19.31414441825));
#1280 = CARTESIAN_POINT('',(16.929971416426,-18.25557014894));
#1281 = CARTESIAN_POINT('',(17.724897614506,-17.18477509113));
#1282 = CARTESIAN_POINT('',(18.504281080516,-16.10263923474));
#1283 = CARTESIAN_POINT('',(19.266381669914,-15.00823150804));
#1284 = CARTESIAN_POINT('',(20.0124004073,-13.90279062915));
#1285 = CARTESIAN_POINT('',(20.740394068731,-12.78540750296));
#1286 = CARTESIAN_POINT('',(21.45156698161,-11.65723332922));
#1287 = CARTESIAN_POINT('',(22.143781758429,-10.51735433051));
#1288 = CARTESIAN_POINT('',(22.818614094515,-9.367067924274));
#1289 = CARTESIAN_POINT('',(23.473639670177,-8.205402440698));
#1290 = CARTESIAN_POINT('',(24.110362606605,-7.033602752087));
#1291 = CARTESIAN_POINT('',(24.726869164143,-5.851024021932));
#1292 = CARTESIAN_POINT('',(25.323848599683,-4.658490717019));
#1293 = CARTESIAN_POINT('',(25.900608657564,-3.456034059894));
#1294 = CARTESIAN_POINT('',(26.457532999348,-2.244296114081));
#1295 = CARTESIAN_POINT('',(26.994457691248,-1.023542745106));
#1296 = CARTESIAN_POINT('',(27.511221282612,0.205876449099));
#1297 = CARTESIAN_POINT('',(28.00864088007,1.443242787258));
#1298 = CARTESIAN_POINT('',(28.4853882333,2.688731397996));
#1299 = CARTESIAN_POINT('',(28.943035665639,3.941359176231));
#1300 = CARTESIAN_POINT('',(29.380023542905,5.201354484578));
#1301 = CARTESIAN_POINT('',(29.79827777223,6.467698924579));
#1302 = CARTESIAN_POINT('',(30.195677368557,7.740741309592));
#1303 = CARTESIAN_POINT('',(30.574551757274,9.019392005217));
#1304 = CARTESIAN_POINT('',(30.932674300169,10.304008886983));
#1305 = CARTESIAN_POINT('',(31.272400475462,11.593617766294));
#1306 = CARTESIAN_POINT('',(31.591687565806,12.888442185705));
#1307 = CARTESIAN_POINT('',(31.892401620379,14.187685081121));
#1308 = CARTESIAN_POINT('',(32.173322899285,15.491368412333));
#1309 = CARTESIAN_POINT('',(32.435512950708,16.798947383063));
#1310 = CARTESIAN_POINT('',(32.678377424898,18.110278363161));
#1311 = CARTESIAN_POINT('',(32.902197612147,19.424942007175));
#1312 = CARTESIAN_POINT('',(33.107369978123,20.742668784653));
#1313 = CARTESIAN_POINT('',(33.293538908243,22.063201679301));
#1314 = CARTESIAN_POINT('',(33.461471791886,23.386217968857));
#1315 = CARTESIAN_POINT('',(33.610353342785,24.711479393862));
#1316 = CARTESIAN_POINT('',(33.742681418303,26.038494181644));
#1317 = CARTESIAN_POINT('',(33.858930451203,27.367005570169));
#1318 = CARTESIAN_POINT('',(33.961778451126,28.696637518127));
#1319 = CARTESIAN_POINT('',(34.051537514903,30.027196258147));
#1320 = CARTESIAN_POINT('',(34.130858211358,31.358397212622));
#1321 = CARTESIAN_POINT('',(34.200213306062,32.690183846999));
#1322 = CARTESIAN_POINT('',(34.262287067372,34.022327810974));
#1323 = CARTESIAN_POINT('',(34.317817282227,35.354746533774));
#1324 = CARTESIAN_POINT('',(34.369022465937,36.687311841176));
#1325 = CARTESIAN_POINT('',(34.417086322092,38.020014409458));
#1326 = CARTESIAN_POINT('',(34.464023280058,39.352777181125));
#1327 = CARTESIAN_POINT('',(34.511400476617,40.685511154632));
#1328 = CARTESIAN_POINT('',(34.561159419969,42.01814504704));
#1329 = CARTESIAN_POINT('',(34.614752351277,43.350631808896));
#1330 = CARTESIAN_POINT('',(34.674614726391,44.682877219127));
#1331 = CARTESIAN_POINT('',(34.741579816859,46.014773824478));
#1332 = CARTESIAN_POINT('',(34.818845573996,47.346118134585));
#1333 = CARTESIAN_POINT('',(34.907225002981,48.67677748598));
#1334 = CARTESIAN_POINT('',(35.0086478527,50.006488117631));
#1335 = CARTESIAN_POINT('',(35.127151346863,51.334858246731));
#1336 = CARTESIAN_POINT('',(35.257344737276,52.66181724353));
#1337 = CARTESIAN_POINT('',(35.42439182974,53.985742623751));
#1338 = CARTESIAN_POINT('',(35.428775547082,55.322328571922));
#1339 = CARTESIAN_POINT('',(35.28509506204,56.650057675813));
#1340 = CARTESIAN_POINT('',(34.987804647101,57.952400277536));
#1341 = CARTESIAN_POINT('',(34.545864997429,59.212784274224));
#1342 = CARTESIAN_POINT('',(33.963728390253,60.415061330208));
#1343 = CARTESIAN_POINT('',(33.246454939249,61.541893959689));
#1344 = CARTESIAN_POINT('',(32.406932826736,62.580722032467));
#1345 = CARTESIAN_POINT('',(31.454511209635,63.517311116024));
#1346 = CARTESIAN_POINT('',(30.400659660142,64.337996034292));
#1347 = CARTESIAN_POINT('',(29.261049715714,65.034646266743));
#1348 = CARTESIAN_POINT('',(28.04921153513,65.596589656317));
#1349 = CARTESIAN_POINT('',(26.781021745001,66.015754260131));
#1350 = CARTESIAN_POINT('',(25.473676353445,66.289405622684));
#1351 = CARTESIAN_POINT('',(24.143453926066,66.41126646149));
#1352 = CARTESIAN_POINT('',(22.808127282635,66.380342410611));
#1353 = CARTESIAN_POINT('',(21.484755378912,66.199185380414));
#1354 = CARTESIAN_POINT('',(20.190976536018,65.86691612942));
#1355 = CARTESIAN_POINT('',(18.943610121151,65.389388786367));
#1356 = CARTESIAN_POINT('',(17.757824619442,64.774474670372));
#1357 = CARTESIAN_POINT('',(16.651060777409,64.026517617425));
#1358 = CARTESIAN_POINT('',(15.636413248062,63.157938280514));
#1359 = CARTESIAN_POINT('',(14.72602090578,62.180491092307));
#1360 = CARTESIAN_POINT('',(13.934922099832,61.104151057481));
#1361 = CARTESIAN_POINT('',(13.270914547385,59.945373810298));
#1362 = CARTESIAN_POINT('',(12.741201697786,58.71895277945));
#1363 = CARTESIAN_POINT('',(12.359607407161,57.439274385207));
#1364 = CARTESIAN_POINT('',(12.197599316562,56.563179657475));
#1365 = CARTESIAN_POINT('',(12.095570400893,55.680202073316));
#1366 = ( GEOMETRIC_REPRESENTATION_CONTEXT(2) 
PARAMETRIC_REPRESENTATION_CONTEXT() REPRESENTATION_CONTEXT('2D SPACE',''
  ) );
#1367 = ADVANCED_FACE('',(#1368,#1371,#1406,#1441,#1476,#1511,#1546,
    #1581,#1616,#1651,#1686),#1116,.T.);
#1368 = FACE_BOUND('',#1369,.T.);
#1369 = EDGE_LOOP('',(#1370));
#1370 = ORIENTED_EDGE('',*,*,#862,.T.);
#1371 = FACE_BOUND('',#1372,.T.);
#1372 = EDGE_LOOP('',(#1373));
#1373 = ORIENTED_EDGE('',*,*,#1374,.T.);
#1374 = EDGE_CURVE('',#1375,#1375,#1377,.T.);
#1375 = VERTEX_POINT('',#1376);
#1376 = CARTESIAN_POINT('',(67.4965,13.5113,0.));
#1377 = SURFACE_CURVE('',#1378,(#1383,#1394),.PCURVE_S1.);
#1378 = CIRCLE('',#1379,1.55);
#1379 = AXIS2_PLACEMENT_3D('',#1380,#1381,#1382);
#1380 = CARTESIAN_POINT('',(65.9465,13.5113,0.));
#1381 = DIRECTION('',(0.,0.,1.));
#1382 = DIRECTION('',(1.,0.,0.));
#1383 = PCURVE('',#1116,#1384);
#1384 = DEFINITIONAL_REPRESENTATION('',(#1385),#1393);
#1385 = ( BOUNDED_CURVE() B_SPLINE_CURVE(2,(#1386,#1387,#1388,#1389,
#1390,#1391,#1392),.UNSPECIFIED.,.T.,.F.) B_SPLINE_CURVE_WITH_KNOTS((1,2
    ,2,2,2,1),(-2.094395102393,0.,2.094395102393,4.188790204786,
6.28318530718,8.377580409573),.UNSPECIFIED.) CURVE() 
GEOMETRIC_REPRESENTATION_ITEM() RATIONAL_B_SPLINE_CURVE((1.,0.5,1.,0.5,
1.,0.5,1.)) REPRESENTATION_ITEM('') );
#1386 = CARTESIAN_POINT('',(-32.07610229755,-44.26049798267));
#1387 = CARTESIAN_POINT('',(-32.07610229755,-41.57581923094));
#1388 = CARTESIAN_POINT('',(-29.75110229755,-42.9181586068));
#1389 = CARTESIAN_POINT('',(-27.42610229755,-44.26049798267));
#1390 = CARTESIAN_POINT('',(-29.75110229755,-45.60283735853));
#1391 = CARTESIAN_POINT('',(-32.07610229755,-46.9451767344));
#1392 = CARTESIAN_POINT('',(-32.07610229755,-44.26049798267));
#1393 = ( GEOMETRIC_REPRESENTATION_CONTEXT(2) 
PARAMETRIC_REPRESENTATION_CONTEXT() REPRESENTATION_CONTEXT('2D SPACE',''
  ) );
#1394 = PCURVE('',#1395,#1400);
#1395 = CYLINDRICAL_SURFACE('',#1396,1.55);
#1396 = AXIS2_PLACEMENT_3D('',#1397,#1398,#1399);
#1397 = CARTESIAN_POINT('',(65.9465,13.5113,0.));
#1398 = DIRECTION('',(-0.,-0.,-1.));
#1399 = DIRECTION('',(1.,0.,0.));
#1400 = DEFINITIONAL_REPRESENTATION('',(#1401),#1405);
#1401 = LINE('',#1402,#1403);
#1402 = CARTESIAN_POINT('',(-0.,0.));
#1403 = VECTOR('',#1404,1.);
#1404 = DIRECTION('',(-1.,0.));
#1405 = ( GEOMETRIC_REPRESENTATION_CONTEXT(2) 
PARAMETRIC_REPRESENTATION_CONTEXT() REPRESENTATION_CONTEXT('2D SPACE',''
  ) );
#1406 = FACE_BOUND('',#1407,.T.);
#1407 = EDGE_LOOP('',(#1408));
#1408 = ORIENTED_EDGE('',*,*,#1409,.T.);
#1409 = EDGE_CURVE('',#1410,#1410,#1412,.T.);
#1410 = VERTEX_POINT('',#1411);
#1411 = CARTESIAN_POINT('',(59.3089,20.6902,0.));
#1412 = SURFACE_CURVE('',#1413,(#1418,#1429),.PCURVE_S1.);
#1413 = CIRCLE('',#1414,1.55);
#1414 = AXIS2_PLACEMENT_3D('',#1415,#1416,#1417);
#1415 = CARTESIAN_POINT('',(57.7589,20.6902,0.));
#1416 = DIRECTION('',(0.,0.,1.));
#1417 = DIRECTION('',(1.,0.,0.));
#1418 = PCURVE('',#1116,#1419);
#1419 = DEFINITIONAL_REPRESENTATION('',(#1420),#1428);
#1420 = ( BOUNDED_CURVE() B_SPLINE_CURVE(2,(#1421,#1422,#1423,#1424,
#1425,#1426,#1427),.UNSPECIFIED.,.T.,.F.) B_SPLINE_CURVE_WITH_KNOTS((1,2
    ,2,2,2,1),(-2.094395102393,0.,2.094395102393,4.188790204786,
6.28318530718,8.377580409573),.UNSPECIFIED.) CURVE() 
GEOMETRIC_REPRESENTATION_ITEM() RATIONAL_B_SPLINE_CURVE((1.,0.5,1.,0.5,
1.,0.5,1.)) REPRESENTATION_ITEM('') );
#1421 = CARTESIAN_POINT('',(-23.88850229755,-37.08159798267));
#1422 = CARTESIAN_POINT('',(-23.88850229755,-34.39691923094));
#1423 = CARTESIAN_POINT('',(-21.56350229755,-35.7392586068));
#1424 = CARTESIAN_POINT('',(-19.23850229755,-37.08159798267));
#1425 = CARTESIAN_POINT('',(-21.56350229755,-38.42393735853));
#1426 = CARTESIAN_POINT('',(-23.88850229755,-39.7662767344));
#1427 = CARTESIAN_POINT('',(-23.88850229755,-37.08159798267));
#1428 = ( GEOMETRIC_REPRESENTATION_CONTEXT(2) 
PARAMETRIC_REPRESENTATION_CONTEXT() REPRESENTATION_CONTEXT('2D SPACE',''
  ) );
#1429 = PCURVE('',#1430,#1435);
#1430 = CYLINDRICAL_SURFACE('',#1431,1.55);
#1431 = AXIS2_PLACEMENT_3D('',#1432,#1433,#1434);
#1432 = CARTESIAN_POINT('',(57.7589,20.6902,0.));
#1433 = DIRECTION('',(-0.,-0.,-1.));
#1434 = DIRECTION('',(1.,0.,0.));
#1435 = DEFINITIONAL_REPRESENTATION('',(#1436),#1440);
#1436 = LINE('',#1437,#1438);
#1437 = CARTESIAN_POINT('',(-0.,0.));
#1438 = VECTOR('',#1439,1.);
#1439 = DIRECTION('',(-1.,0.));
#1440 = ( GEOMETRIC_REPRESENTATION_CONTEXT(2) 
PARAMETRIC_REPRESENTATION_CONTEXT() REPRESENTATION_CONTEXT('2D SPACE',''
  ) );
#1441 = FACE_BOUND('',#1442,.T.);
#1442 = EDGE_LOOP('',(#1443));
#1443 = ORIENTED_EDGE('',*,*,#1444,.T.);
#1444 = EDGE_CURVE('',#1445,#1445,#1447,.T.);
#1445 = VERTEX_POINT('',#1446);
#1446 = CARTESIAN_POINT('',(53.2636,28.4442,0.));
#1447 = SURFACE_CURVE('',#1448,(#1453,#1464),.PCURVE_S1.);
#1448 = CIRCLE('',#1449,3.15);
#1449 = AXIS2_PLACEMENT_3D('',#1450,#1451,#1452);
#1450 = CARTESIAN_POINT('',(50.1136,28.4442,0.));
#1451 = DIRECTION('',(0.,0.,1.));
#1452 = DIRECTION('',(1.,0.,0.));
#1453 = PCURVE('',#1116,#1454);
#1454 = DEFINITIONAL_REPRESENTATION('',(#1455),#1463);
#1455 = ( BOUNDED_CURVE() B_SPLINE_CURVE(2,(#1456,#1457,#1458,#1459,
#1460,#1461,#1462),.UNSPECIFIED.,.T.,.F.) B_SPLINE_CURVE_WITH_KNOTS((1,2
    ,2,2,2,1),(-2.094395102393,0.,2.094395102393,4.188790204786,
6.28318530718,8.377580409573),.UNSPECIFIED.) CURVE() 
GEOMETRIC_REPRESENTATION_ITEM() RATIONAL_B_SPLINE_CURVE((1.,0.5,1.,0.5,
1.,0.5,1.)) REPRESENTATION_ITEM('') );
#1456 = CARTESIAN_POINT('',(-17.84320229755,-29.32759798267));
#1457 = CARTESIAN_POINT('',(-17.84320229755,-23.87163793883));
#1458 = CARTESIAN_POINT('',(-13.11820229755,-26.59961796075));
#1459 = CARTESIAN_POINT('',(-8.393202297559,-29.32759798267));
#1460 = CARTESIAN_POINT('',(-13.11820229755,-32.05557800459));
#1461 = CARTESIAN_POINT('',(-17.84320229755,-34.78355802651));
#1462 = CARTESIAN_POINT('',(-17.84320229755,-29.32759798267));
#1463 = ( GEOMETRIC_REPRESENTATION_CONTEXT(2) 
PARAMETRIC_REPRESENTATION_CONTEXT() REPRESENTATION_CONTEXT('2D SPACE',''
  ) );
#1464 = PCURVE('',#1465,#1470);
#1465 = CYLINDRICAL_SURFACE('',#1466,3.15);
#1466 = AXIS2_PLACEMENT_3D('',#1467,#1468,#1469);
#1467 = CARTESIAN_POINT('',(50.1136,28.4442,0.));
#1468 = DIRECTION('',(-0.,-0.,-1.));
#1469 = DIRECTION('',(1.,0.,0.));
#1470 = DEFINITIONAL_REPRESENTATION('',(#1471),#1475);
#1471 = LINE('',#1472,#1473);
#1472 = CARTESIAN_POINT('',(-0.,0.));
#1473 = VECTOR('',#1474,1.);
#1474 = DIRECTION('',(-1.,0.));
#1475 = ( GEOMETRIC_REPRESENTATION_CONTEXT(2) 
PARAMETRIC_REPRESENTATION_CONTEXT() REPRESENTATION_CONTEXT('2D SPACE',''
  ) );
#1476 = FACE_BOUND('',#1477,.T.);
#1477 = EDGE_LOOP('',(#1478));
#1478 = ORIENTED_EDGE('',*,*,#1479,.T.);
#1479 = EDGE_CURVE('',#1480,#1480,#1482,.T.);
#1480 = VERTEX_POINT('',#1481);
#1481 = CARTESIAN_POINT('',(45.361,37.8038,0.));
#1482 = SURFACE_CURVE('',#1483,(#1488,#1499),.PCURVE_S1.);
#1483 = CIRCLE('',#1484,3.15);
#1484 = AXIS2_PLACEMENT_3D('',#1485,#1486,#1487);
#1485 = CARTESIAN_POINT('',(42.211,37.8038,0.));
#1486 = DIRECTION('',(0.,0.,1.));
#1487 = DIRECTION('',(1.,0.,0.));
#1488 = PCURVE('',#1116,#1489);
#1489 = DEFINITIONAL_REPRESENTATION('',(#1490),#1498);
#1490 = ( BOUNDED_CURVE() B_SPLINE_CURVE(2,(#1491,#1492,#1493,#1494,
#1495,#1496,#1497),.UNSPECIFIED.,.T.,.F.) B_SPLINE_CURVE_WITH_KNOTS((1,2
    ,2,2,2,1),(-2.094395102393,0.,2.094395102393,4.188790204786,
6.28318530718,8.377580409573),.UNSPECIFIED.) CURVE() 
GEOMETRIC_REPRESENTATION_ITEM() RATIONAL_B_SPLINE_CURVE((1.,0.5,1.,0.5,
1.,0.5,1.)) REPRESENTATION_ITEM('') );
#1491 = CARTESIAN_POINT('',(-9.940602297559,-19.96799798267));
#1492 = CARTESIAN_POINT('',(-9.940602297559,-14.51203793883));
#1493 = CARTESIAN_POINT('',(-5.215602297559,-17.24001796075));
#1494 = CARTESIAN_POINT('',(-0.490602297559,-19.96799798267));
#1495 = CARTESIAN_POINT('',(-5.215602297559,-22.69597800459));
#1496 = CARTESIAN_POINT('',(-9.940602297559,-25.42395802651));
#1497 = CARTESIAN_POINT('',(-9.940602297559,-19.96799798267));
#1498 = ( GEOMETRIC_REPRESENTATION_CONTEXT(2) 
PARAMETRIC_REPRESENTATION_CONTEXT() REPRESENTATION_CONTEXT('2D SPACE',''
  ) );
#1499 = PCURVE('',#1500,#1505);
#1500 = CYLINDRICAL_SURFACE('',#1501,3.15);
#1501 = AXIS2_PLACEMENT_3D('',#1502,#1503,#1504);
#1502 = CARTESIAN_POINT('',(42.211,37.8038,0.));
#1503 = DIRECTION('',(-0.,-0.,-1.));
#1504 = DIRECTION('',(1.,0.,0.));
#1505 = DEFINITIONAL_REPRESENTATION('',(#1506),#1510);
#1506 = LINE('',#1507,#1508);
#1507 = CARTESIAN_POINT('',(-0.,0.));
#1508 = VECTOR('',#1509,1.);
#1509 = DIRECTION('',(-1.,0.));
#1510 = ( GEOMETRIC_REPRESENTATION_CONTEXT(2) 
PARAMETRIC_REPRESENTATION_CONTEXT() REPRESENTATION_CONTEXT('2D SPACE',''
  ) );
#1511 = FACE_BOUND('',#1512,.T.);
#1512 = EDGE_LOOP('',(#1513));
#1513 = ORIENTED_EDGE('',*,*,#1514,.T.);
#1514 = EDGE_CURVE('',#1515,#1515,#1517,.T.);
#1515 = VERTEX_POINT('',#1516);
#1516 = CARTESIAN_POINT('',(38.2484,47.7769,0.));
#1517 = SURFACE_CURVE('',#1518,(#1523,#1534),.PCURVE_S1.);
#1518 = CIRCLE('',#1519,3.15);
#1519 = AXIS2_PLACEMENT_3D('',#1520,#1521,#1522);
#1520 = CARTESIAN_POINT('',(35.0984,47.7769,0.));
#1521 = DIRECTION('',(0.,0.,1.));
#1522 = DIRECTION('',(1.,0.,0.));
#1523 = PCURVE('',#1116,#1524);
#1524 = DEFINITIONAL_REPRESENTATION('',(#1525),#1533);
#1525 = ( BOUNDED_CURVE() B_SPLINE_CURVE(2,(#1526,#1527,#1528,#1529,
#1530,#1531,#1532),.UNSPECIFIED.,.T.,.F.) B_SPLINE_CURVE_WITH_KNOTS((1,2
    ,2,2,2,1),(-2.094395102393,0.,2.094395102393,4.188790204786,
6.28318530718,8.377580409573),.UNSPECIFIED.) CURVE() 
GEOMETRIC_REPRESENTATION_ITEM() RATIONAL_B_SPLINE_CURVE((1.,0.5,1.,0.5,
1.,0.5,1.)) REPRESENTATION_ITEM('') );
#1526 = CARTESIAN_POINT('',(-2.828002297559,-9.994897982673));
#1527 = CARTESIAN_POINT('',(-2.828002297559,-4.538937938831));
#1528 = CARTESIAN_POINT('',(1.896997702441,-7.266917960752));
#1529 = CARTESIAN_POINT('',(6.621997702441,-9.994897982673));
#1530 = CARTESIAN_POINT('',(1.896997702441,-12.72287800459));
#1531 = CARTESIAN_POINT('',(-2.828002297559,-15.45085802651));
#1532 = CARTESIAN_POINT('',(-2.828002297559,-9.994897982673));
#1533 = ( GEOMETRIC_REPRESENTATION_CONTEXT(2) 
PARAMETRIC_REPRESENTATION_CONTEXT() REPRESENTATION_CONTEXT('2D SPACE',''
  ) );
#1534 = PCURVE('',#1535,#1540);
#1535 = CYLINDRICAL_SURFACE('',#1536,3.15);
#1536 = AXIS2_PLACEMENT_3D('',#1537,#1538,#1539);
#1537 = CARTESIAN_POINT('',(35.0984,47.7769,0.));
#1538 = DIRECTION('',(-0.,-0.,-1.));
#1539 = DIRECTION('',(1.,0.,0.));
#1540 = DEFINITIONAL_REPRESENTATION('',(#1541),#1545);
#1541 = LINE('',#1542,#1543);
#1542 = CARTESIAN_POINT('',(-0.,0.));
#1543 = VECTOR('',#1544,1.);
#1544 = DIRECTION('',(-1.,0.));
#1545 = ( GEOMETRIC_REPRESENTATION_CONTEXT(2) 
PARAMETRIC_REPRESENTATION_CONTEXT() REPRESENTATION_CONTEXT('2D SPACE',''
  ) );
#1546 = FACE_BOUND('',#1547,.T.);
#1547 = EDGE_LOOP('',(#1548));
#1548 = ORIENTED_EDGE('',*,*,#1549,.T.);
#1549 = EDGE_CURVE('',#1550,#1550,#1552,.T.);
#1550 = VERTEX_POINT('',#1551);
#1551 = CARTESIAN_POINT('',(31.9732,58.2971,0.));
#1552 = SURFACE_CURVE('',#1553,(#1558,#1569),.PCURVE_S1.);
#1553 = CIRCLE('',#1554,3.15);
#1554 = AXIS2_PLACEMENT_3D('',#1555,#1556,#1557);
#1555 = CARTESIAN_POINT('',(28.8232,58.2971,0.));
#1556 = DIRECTION('',(0.,0.,1.));
#1557 = DIRECTION('',(1.,0.,0.));
#1558 = PCURVE('',#1116,#1559);
#1559 = DEFINITIONAL_REPRESENTATION('',(#1560),#1568);
#1560 = ( BOUNDED_CURVE() B_SPLINE_CURVE(2,(#1561,#1562,#1563,#1564,
#1565,#1566,#1567),.UNSPECIFIED.,.T.,.F.) B_SPLINE_CURVE_WITH_KNOTS((1,2
    ,2,2,2,1),(-2.094395102393,0.,2.094395102393,4.188790204786,
6.28318530718,8.377580409573),.UNSPECIFIED.) CURVE() 
GEOMETRIC_REPRESENTATION_ITEM() RATIONAL_B_SPLINE_CURVE((1.,0.5,1.,0.5,
1.,0.5,1.)) REPRESENTATION_ITEM('') );
#1561 = CARTESIAN_POINT('',(3.447197702441,0.525302017327));
#1562 = CARTESIAN_POINT('',(3.447197702441,5.981262061169));
#1563 = CARTESIAN_POINT('',(8.172197702441,3.253282039248));
#1564 = CARTESIAN_POINT('',(12.897197702441,0.525302017327));
#1565 = CARTESIAN_POINT('',(8.172197702441,-2.202678004594));
#1566 = CARTESIAN_POINT('',(3.447197702441,-4.930658026515));
#1567 = CARTESIAN_POINT('',(3.447197702441,0.525302017327));
#1568 = ( GEOMETRIC_REPRESENTATION_CONTEXT(2) 
PARAMETRIC_REPRESENTATION_CONTEXT() REPRESENTATION_CONTEXT('2D SPACE',''
  ) );
#1569 = PCURVE('',#1570,#1575);
#1570 = CYLINDRICAL_SURFACE('',#1571,3.15);
#1571 = AXIS2_PLACEMENT_3D('',#1572,#1573,#1574);
#1572 = CARTESIAN_POINT('',(28.8232,58.2971,0.));
#1573 = DIRECTION('',(-0.,-0.,-1.));
#1574 = DIRECTION('',(1.,0.,0.));
#1575 = DEFINITIONAL_REPRESENTATION('',(#1576),#1580);
#1576 = LINE('',#1577,#1578);
#1577 = CARTESIAN_POINT('',(-0.,0.));
#1578 = VECTOR('',#1579,1.);
#1579 = DIRECTION('',(-1.,0.));
#1580 = ( GEOMETRIC_REPRESENTATION_CONTEXT(2) 
PARAMETRIC_REPRESENTATION_CONTEXT() REPRESENTATION_CONTEXT('2D SPACE',''
  ) );
#1581 = FACE_BOUND('',#1582,.T.);
#1582 = EDGE_LOOP('',(#1583));
#1583 = ORIENTED_EDGE('',*,*,#1584,.T.);
#1584 = EDGE_CURVE('',#1585,#1585,#1587,.T.);
#1585 = VERTEX_POINT('',#1586);
#1586 = CARTESIAN_POINT('',(26.5772,69.2942,0.));
#1587 = SURFACE_CURVE('',#1588,(#1593,#1604),.PCURVE_S1.);
#1588 = CIRCLE('',#1589,3.15);
#1589 = AXIS2_PLACEMENT_3D('',#1590,#1591,#1592);
#1590 = CARTESIAN_POINT('',(23.4272,69.2942,0.));
#1591 = DIRECTION('',(0.,0.,1.));
#1592 = DIRECTION('',(1.,0.,0.));
#1593 = PCURVE('',#1116,#1594);
#1594 = DEFINITIONAL_REPRESENTATION('',(#1595),#1603);
#1595 = ( BOUNDED_CURVE() B_SPLINE_CURVE(2,(#1596,#1597,#1598,#1599,
#1600,#1601,#1602),.UNSPECIFIED.,.T.,.F.) B_SPLINE_CURVE_WITH_KNOTS((1,2
    ,2,2,2,1),(-2.094395102393,0.,2.094395102393,4.188790204786,
6.28318530718,8.377580409573),.UNSPECIFIED.) CURVE() 
GEOMETRIC_REPRESENTATION_ITEM() RATIONAL_B_SPLINE_CURVE((1.,0.5,1.,0.5,
1.,0.5,1.)) REPRESENTATION_ITEM('') );
#1596 = CARTESIAN_POINT('',(8.843197702441,11.522402017327));
#1597 = CARTESIAN_POINT('',(8.843197702441,16.978362061169));
#1598 = CARTESIAN_POINT('',(13.568197702441,14.250382039248));
#1599 = CARTESIAN_POINT('',(18.293197702441,11.522402017327));
#1600 = CARTESIAN_POINT('',(13.568197702441,8.794421995406));
#1601 = CARTESIAN_POINT('',(8.843197702441,6.066441973485));
#1602 = CARTESIAN_POINT('',(8.843197702441,11.522402017327));
#1603 = ( GEOMETRIC_REPRESENTATION_CONTEXT(2) 
PARAMETRIC_REPRESENTATION_CONTEXT() REPRESENTATION_CONTEXT('2D SPACE',''
  ) );
#1604 = PCURVE('',#1605,#1610);
#1605 = CYLINDRICAL_SURFACE('',#1606,3.15);
#1606 = AXIS2_PLACEMENT_3D('',#1607,#1608,#1609);
#1607 = CARTESIAN_POINT('',(23.4272,69.2942,0.));
#1608 = DIRECTION('',(-0.,-0.,-1.));
#1609 = DIRECTION('',(1.,0.,0.));
#1610 = DEFINITIONAL_REPRESENTATION('',(#1611),#1615);
#1611 = LINE('',#1612,#1613);
#1612 = CARTESIAN_POINT('',(-0.,0.));
#1613 = VECTOR('',#1614,1.);
#1614 = DIRECTION('',(-1.,0.));
#1615 = ( GEOMETRIC_REPRESENTATION_CONTEXT(2) 
PARAMETRIC_REPRESENTATION_CONTEXT() REPRESENTATION_CONTEXT('2D SPACE',''
  ) );
#1616 = FACE_BOUND('',#1617,.T.);
#1617 = EDGE_LOOP('',(#1618));
#1618 = ORIENTED_EDGE('',*,*,#1619,.T.);
#1619 = EDGE_CURVE('',#1620,#1620,#1622,.T.);
#1620 = VERTEX_POINT('',#1621);
#1621 = CARTESIAN_POINT('',(22.0965,80.6949,0.));
#1622 = SURFACE_CURVE('',#1623,(#1628,#1639),.PCURVE_S1.);
#1623 = CIRCLE('',#1624,3.15);
#1624 = AXIS2_PLACEMENT_3D('',#1625,#1626,#1627);
#1625 = CARTESIAN_POINT('',(18.9465,80.6949,0.));
#1626 = DIRECTION('',(0.,0.,1.));
#1627 = DIRECTION('',(1.,0.,0.));
#1628 = PCURVE('',#1116,#1629);
#1629 = DEFINITIONAL_REPRESENTATION('',(#1630),#1638);
#1630 = ( BOUNDED_CURVE() B_SPLINE_CURVE(2,(#1631,#1632,#1633,#1634,
#1635,#1636,#1637),.UNSPECIFIED.,.T.,.F.) B_SPLINE_CURVE_WITH_KNOTS((1,2
    ,2,2,2,1),(-2.094395102393,0.,2.094395102393,4.188790204786,
6.28318530718,8.377580409573),.UNSPECIFIED.) CURVE() 
GEOMETRIC_REPRESENTATION_ITEM() RATIONAL_B_SPLINE_CURVE((1.,0.5,1.,0.5,
1.,0.5,1.)) REPRESENTATION_ITEM('') );
#1631 = CARTESIAN_POINT('',(13.323897702441,22.923102017327));
#1632 = CARTESIAN_POINT('',(13.323897702441,28.379062061169));
#1633 = CARTESIAN_POINT('',(18.048897702441,25.651082039248));
#1634 = CARTESIAN_POINT('',(22.773897702441,22.923102017327));
#1635 = CARTESIAN_POINT('',(18.048897702441,20.195121995406));
#1636 = CARTESIAN_POINT('',(13.323897702441,17.467141973485));
#1637 = CARTESIAN_POINT('',(13.323897702441,22.923102017327));
#1638 = ( GEOMETRIC_REPRESENTATION_CONTEXT(2) 
PARAMETRIC_REPRESENTATION_CONTEXT() REPRESENTATION_CONTEXT('2D SPACE',''
  ) );
#1639 = PCURVE('',#1640,#1645);
#1640 = CYLINDRICAL_SURFACE('',#1641,3.15);
#1641 = AXIS2_PLACEMENT_3D('',#1642,#1643,#1644);
#1642 = CARTESIAN_POINT('',(18.9465,80.6949,0.));
#1643 = DIRECTION('',(-0.,-0.,-1.));
#1644 = DIRECTION('',(1.,0.,0.));
#1645 = DEFINITIONAL_REPRESENTATION('',(#1646),#1650);
#1646 = LINE('',#1647,#1648);
#1647 = CARTESIAN_POINT('',(-0.,0.));
#1648 = VECTOR('',#1649,1.);
#1649 = DIRECTION('',(-1.,0.));
#1650 = ( GEOMETRIC_REPRESENTATION_CONTEXT(2) 
PARAMETRIC_REPRESENTATION_CONTEXT() REPRESENTATION_CONTEXT('2D SPACE',''
  ) );
#1651 = FACE_BOUND('',#1652,.T.);
#1652 = EDGE_LOOP('',(#1653));
#1653 = ORIENTED_EDGE('',*,*,#1654,.T.);
#1654 = EDGE_CURVE('',#1655,#1655,#1657,.T.);
#1655 = VERTEX_POINT('',#1656);
#1656 = CARTESIAN_POINT('',(18.561,92.4232,0.));
#1657 = SURFACE_CURVE('',#1658,(#1663,#1674),.PCURVE_S1.);
#1658 = CIRCLE('',#1659,3.15);
#1659 = AXIS2_PLACEMENT_3D('',#1660,#1661,#1662);
#1660 = CARTESIAN_POINT('',(15.411,92.4232,0.));
#1661 = DIRECTION('',(0.,0.,1.));
#1662 = DIRECTION('',(1.,0.,0.));
#1663 = PCURVE('',#1116,#1664);
#1664 = DEFINITIONAL_REPRESENTATION('',(#1665),#1673);
#1665 = ( BOUNDED_CURVE() B_SPLINE_CURVE(2,(#1666,#1667,#1668,#1669,
#1670,#1671,#1672),.UNSPECIFIED.,.T.,.F.) B_SPLINE_CURVE_WITH_KNOTS((1,2
    ,2,2,2,1),(-2.094395102393,0.,2.094395102393,4.188790204786,
6.28318530718,8.377580409573),.UNSPECIFIED.) CURVE() 
GEOMETRIC_REPRESENTATION_ITEM() RATIONAL_B_SPLINE_CURVE((1.,0.5,1.,0.5,
1.,0.5,1.)) REPRESENTATION_ITEM('') );
#1666 = CARTESIAN_POINT('',(16.859397702441,34.651402017327));
#1667 = CARTESIAN_POINT('',(16.859397702441,40.107362061169));
#1668 = CARTESIAN_POINT('',(21.584397702441,37.379382039248));
#1669 = CARTESIAN_POINT('',(26.309397702441,34.651402017327));
#1670 = CARTESIAN_POINT('',(21.584397702441,31.923421995406));
#1671 = CARTESIAN_POINT('',(16.859397702441,29.195441973485));
#1672 = CARTESIAN_POINT('',(16.859397702441,34.651402017327));
#1673 = ( GEOMETRIC_REPRESENTATION_CONTEXT(2) 
PARAMETRIC_REPRESENTATION_CONTEXT() REPRESENTATION_CONTEXT('2D SPACE',''
  ) );
#1674 = PCURVE('',#1675,#1680);
#1675 = CYLINDRICAL_SURFACE('',#1676,3.15);
#1676 = AXIS2_PLACEMENT_3D('',#1677,#1678,#1679);
#1677 = CARTESIAN_POINT('',(15.411,92.4232,0.));
#1678 = DIRECTION('',(-0.,-0.,-1.));
#1679 = DIRECTION('',(1.,0.,0.));
#1680 = DEFINITIONAL_REPRESENTATION('',(#1681),#1685);
#1681 = LINE('',#1682,#1683);
#1682 = CARTESIAN_POINT('',(-0.,0.));
#1683 = VECTOR('',#1684,1.);
#1684 = DIRECTION('',(-1.,0.));
#1685 = ( GEOMETRIC_REPRESENTATION_CONTEXT(2) 
PARAMETRIC_REPRESENTATION_CONTEXT() REPRESENTATION_CONTEXT('2D SPACE',''
  ) );
#1686 = FACE_BOUND('',#1687,.T.);
#1687 = EDGE_LOOP('',(#1688));
#1688 = ORIENTED_EDGE('',*,*,#1689,.T.);
#1689 = EDGE_CURVE('',#1690,#1690,#1692,.T.);
#1690 = VERTEX_POINT('',#1691);
#1691 = CARTESIAN_POINT('',(16.2309,103.0602,0.));
#1692 = SURFACE_CURVE('',#1693,(#1698,#1709),.PCURVE_S1.);
#1693 = CIRCLE('',#1694,3.15);
#1694 = AXIS2_PLACEMENT_3D('',#1695,#1696,#1697);
#1695 = CARTESIAN_POINT('',(13.0809,103.0602,0.));
#1696 = DIRECTION('',(0.,0.,1.));
#1697 = DIRECTION('',(1.,0.,0.));
#1698 = PCURVE('',#1116,#1699);
#1699 = DEFINITIONAL_REPRESENTATION('',(#1700),#1708);
#1700 = ( BOUNDED_CURVE() B_SPLINE_CURVE(2,(#1701,#1702,#1703,#1704,
#1705,#1706,#1707),.UNSPECIFIED.,.T.,.F.) B_SPLINE_CURVE_WITH_KNOTS((1,2
    ,2,2,2,1),(-2.094395102393,0.,2.094395102393,4.188790204786,
6.28318530718,8.377580409573),.UNSPECIFIED.) CURVE() 
GEOMETRIC_REPRESENTATION_ITEM() RATIONAL_B_SPLINE_CURVE((1.,0.5,1.,0.5,
1.,0.5,1.)) REPRESENTATION_ITEM('') );
#1701 = CARTESIAN_POINT('',(19.189497702441,45.288402017327));
#1702 = CARTESIAN_POINT('',(19.189497702441,50.744362061169));
#1703 = CARTESIAN_POINT('',(23.914497702441,48.016382039248));
#1704 = CARTESIAN_POINT('',(28.639497702441,45.288402017327));
#1705 = CARTESIAN_POINT('',(23.914497702441,42.560421995406));
#1706 = CARTESIAN_POINT('',(19.189497702441,39.832441973485));
#1707 = CARTESIAN_POINT('',(19.189497702441,45.288402017327));
#1708 = ( GEOMETRIC_REPRESENTATION_CONTEXT(2) 
PARAMETRIC_REPRESENTATION_CONTEXT() REPRESENTATION_CONTEXT('2D SPACE',''
  ) );
#1709 = PCURVE('',#1710,#1715);
#1710 = CYLINDRICAL_SURFACE('',#1711,3.15);
#1711 = AXIS2_PLACEMENT_3D('',#1712,#1713,#1714);
#1712 = CARTESIAN_POINT('',(13.0809,103.0602,0.));
#1713 = DIRECTION('',(-0.,-0.,-1.));
#1714 = DIRECTION('',(1.,0.,0.));
#1715 = DEFINITIONAL_REPRESENTATION('',(#1716),#1720);
#1716 = LINE('',#1717,#1718);
#1717 = CARTESIAN_POINT('',(-0.,0.));
#1718 = VECTOR('',#1719,1.);
#1719 = DIRECTION('',(-1.,0.));
#1720 = ( GEOMETRIC_REPRESENTATION_CONTEXT(2) 
PARAMETRIC_REPRESENTATION_CONTEXT() REPRESENTATION_CONTEXT('2D SPACE',''
  ) );
#1721 = ADVANCED_FACE('',(#1722,#1725,#1755,#1785,#1815,#1845,#1875,
    #1905,#1935,#1965,#1995),#609,.F.);
#1722 = FACE_BOUND('',#1723,.F.);
#1723 = EDGE_LOOP('',(#1724));
#1724 = ORIENTED_EDGE('',*,*,#355,.T.);
#1725 = FACE_BOUND('',#1726,.F.);
#1726 = EDGE_LOOP('',(#1727));
#1727 = ORIENTED_EDGE('',*,*,#1728,.T.);
#1728 = EDGE_CURVE('',#1729,#1729,#1731,.T.);
#1729 = VERTEX_POINT('',#1730);
#1730 = CARTESIAN_POINT('',(67.4965,13.5113,12.7));
#1731 = SURFACE_CURVE('',#1732,(#1737,#1748),.PCURVE_S1.);
#1732 = CIRCLE('',#1733,1.55);
#1733 = AXIS2_PLACEMENT_3D('',#1734,#1735,#1736);
#1734 = CARTESIAN_POINT('',(65.9465,13.5113,12.7));
#1735 = DIRECTION('',(0.,0.,1.));
#1736 = DIRECTION('',(1.,0.,0.));
#1737 = PCURVE('',#609,#1738);
#1738 = DEFINITIONAL_REPRESENTATION('',(#1739),#1747);
#1739 = ( BOUNDED_CURVE() B_SPLINE_CURVE(2,(#1740,#1741,#1742,#1743,
#1744,#1745,#1746),.UNSPECIFIED.,.T.,.F.) B_SPLINE_CURVE_WITH_KNOTS((1,2
    ,2,2,2,1),(-2.094395102393,0.,2.094395102393,4.188790204786,
6.28318530718,8.377580409573),.UNSPECIFIED.) CURVE() 
GEOMETRIC_REPRESENTATION_ITEM() RATIONAL_B_SPLINE_CURVE((1.,0.5,1.,0.5,
1.,0.5,1.)) REPRESENTATION_ITEM('') );
#1740 = CARTESIAN_POINT('',(-32.07610229755,-44.26049798267));
#1741 = CARTESIAN_POINT('',(-32.07610229755,-41.57581923094));
#1742 = CARTESIAN_POINT('',(-29.75110229755,-42.9181586068));
#1743 = CARTESIAN_POINT('',(-27.42610229755,-44.26049798267));
#1744 = CARTESIAN_POINT('',(-29.75110229755,-45.60283735853));
#1745 = CARTESIAN_POINT('',(-32.07610229755,-46.9451767344));
#1746 = CARTESIAN_POINT('',(-32.07610229755,-44.26049798267));
#1747 = ( GEOMETRIC_REPRESENTATION_CONTEXT(2) 
PARAMETRIC_REPRESENTATION_CONTEXT() REPRESENTATION_CONTEXT('2D SPACE',''
  ) );
#1748 = PCURVE('',#1395,#1749);
#1749 = DEFINITIONAL_REPRESENTATION('',(#1750),#1754);
#1750 = LINE('',#1751,#1752);
#1751 = CARTESIAN_POINT('',(-0.,-12.7));
#1752 = VECTOR('',#1753,1.);
#1753 = DIRECTION('',(-1.,0.));
#1754 = ( GEOMETRIC_REPRESENTATION_CONTEXT(2) 
PARAMETRIC_REPRESENTATION_CONTEXT() REPRESENTATION_CONTEXT('2D SPACE',''
  ) );
#1755 = FACE_BOUND('',#1756,.F.);
#1756 = EDGE_LOOP('',(#1757));
#1757 = ORIENTED_EDGE('',*,*,#1758,.T.);
#1758 = EDGE_CURVE('',#1759,#1759,#1761,.T.);
#1759 = VERTEX_POINT('',#1760);
#1760 = CARTESIAN_POINT('',(59.3089,20.6902,12.7));
#1761 = SURFACE_CURVE('',#1762,(#1767,#1778),.PCURVE_S1.);
#1762 = CIRCLE('',#1763,1.55);
#1763 = AXIS2_PLACEMENT_3D('',#1764,#1765,#1766);
#1764 = CARTESIAN_POINT('',(57.7589,20.6902,12.7));
#1765 = DIRECTION('',(0.,0.,1.));
#1766 = DIRECTION('',(1.,0.,0.));
#1767 = PCURVE('',#609,#1768);
#1768 = DEFINITIONAL_REPRESENTATION('',(#1769),#1777);
#1769 = ( BOUNDED_CURVE() B_SPLINE_CURVE(2,(#1770,#1771,#1772,#1773,
#1774,#1775,#1776),.UNSPECIFIED.,.T.,.F.) B_SPLINE_CURVE_WITH_KNOTS((1,2
    ,2,2,2,1),(-2.094395102393,0.,2.094395102393,4.188790204786,
6.28318530718,8.377580409573),.UNSPECIFIED.) CURVE() 
GEOMETRIC_REPRESENTATION_ITEM() RATIONAL_B_SPLINE_CURVE((1.,0.5,1.,0.5,
1.,0.5,1.)) REPRESENTATION_ITEM('') );
#1770 = CARTESIAN_POINT('',(-23.88850229755,-37.08159798267));
#1771 = CARTESIAN_POINT('',(-23.88850229755,-34.39691923094));
#1772 = CARTESIAN_POINT('',(-21.56350229755,-35.7392586068));
#1773 = CARTESIAN_POINT('',(-19.23850229755,-37.08159798267));
#1774 = CARTESIAN_POINT('',(-21.56350229755,-38.42393735853));
#1775 = CARTESIAN_POINT('',(-23.88850229755,-39.7662767344));
#1776 = CARTESIAN_POINT('',(-23.88850229755,-37.08159798267));
#1777 = ( GEOMETRIC_REPRESENTATION_CONTEXT(2) 
PARAMETRIC_REPRESENTATION_CONTEXT() REPRESENTATION_CONTEXT('2D SPACE',''
  ) );
#1778 = PCURVE('',#1430,#1779);
#1779 = DEFINITIONAL_REPRESENTATION('',(#1780),#1784);
#1780 = LINE('',#1781,#1782);
#1781 = CARTESIAN_POINT('',(-0.,-12.7));
#1782 = VECTOR('',#1783,1.);
#1783 = DIRECTION('',(-1.,0.));
#1784 = ( GEOMETRIC_REPRESENTATION_CONTEXT(2) 
PARAMETRIC_REPRESENTATION_CONTEXT() REPRESENTATION_CONTEXT('2D SPACE',''
  ) );
#1785 = FACE_BOUND('',#1786,.F.);
#1786 = EDGE_LOOP('',(#1787));
#1787 = ORIENTED_EDGE('',*,*,#1788,.T.);
#1788 = EDGE_CURVE('',#1789,#1789,#1791,.T.);
#1789 = VERTEX_POINT('',#1790);
#1790 = CARTESIAN_POINT('',(53.2636,28.4442,12.7));
#1791 = SURFACE_CURVE('',#1792,(#1797,#1808),.PCURVE_S1.);
#1792 = CIRCLE('',#1793,3.15);
#1793 = AXIS2_PLACEMENT_3D('',#1794,#1795,#1796);
#1794 = CARTESIAN_POINT('',(50.1136,28.4442,12.7));
#1795 = DIRECTION('',(0.,0.,1.));
#1796 = DIRECTION('',(1.,0.,0.));
#1797 = PCURVE('',#609,#1798);
#1798 = DEFINITIONAL_REPRESENTATION('',(#1799),#1807);
#1799 = ( BOUNDED_CURVE() B_SPLINE_CURVE(2,(#1800,#1801,#1802,#1803,
#1804,#1805,#1806),.UNSPECIFIED.,.T.,.F.) B_SPLINE_CURVE_WITH_KNOTS((1,2
    ,2,2,2,1),(-2.094395102393,0.,2.094395102393,4.188790204786,
6.28318530718,8.377580409573),.UNSPECIFIED.) CURVE() 
GEOMETRIC_REPRESENTATION_ITEM() RATIONAL_B_SPLINE_CURVE((1.,0.5,1.,0.5,
1.,0.5,1.)) REPRESENTATION_ITEM('') );
#1800 = CARTESIAN_POINT('',(-17.84320229755,-29.32759798267));
#1801 = CARTESIAN_POINT('',(-17.84320229755,-23.87163793883));
#1802 = CARTESIAN_POINT('',(-13.11820229755,-26.59961796075));
#1803 = CARTESIAN_POINT('',(-8.393202297559,-29.32759798267));
#1804 = CARTESIAN_POINT('',(-13.11820229755,-32.05557800459));
#1805 = CARTESIAN_POINT('',(-17.84320229755,-34.78355802651));
#1806 = CARTESIAN_POINT('',(-17.84320229755,-29.32759798267));
#1807 = ( GEOMETRIC_REPRESENTATION_CONTEXT(2) 
PARAMETRIC_REPRESENTATION_CONTEXT() REPRESENTATION_CONTEXT('2D SPACE',''
  ) );
#1808 = PCURVE('',#1465,#1809);
#1809 = DEFINITIONAL_REPRESENTATION('',(#1810),#1814);
#1810 = LINE('',#1811,#1812);
#1811 = CARTESIAN_POINT('',(-0.,-12.7));
#1812 = VECTOR('',#1813,1.);
#1813 = DIRECTION('',(-1.,0.));
#1814 = ( GEOMETRIC_REPRESENTATION_CONTEXT(2) 
PARAMETRIC_REPRESENTATION_CONTEXT() REPRESENTATION_CONTEXT('2D SPACE',''
  ) );
#1815 = FACE_BOUND('',#1816,.F.);
#1816 = EDGE_LOOP('',(#1817));
#1817 = ORIENTED_EDGE('',*,*,#1818,.T.);
#1818 = EDGE_CURVE('',#1819,#1819,#1821,.T.);
#1819 = VERTEX_POINT('',#1820);
#1820 = CARTESIAN_POINT('',(45.361,37.8038,12.7));
#1821 = SURFACE_CURVE('',#1822,(#1827,#1838),.PCURVE_S1.);
#1822 = CIRCLE('',#1823,3.15);
#1823 = AXIS2_PLACEMENT_3D('',#1824,#1825,#1826);
#1824 = CARTESIAN_POINT('',(42.211,37.8038,12.7));
#1825 = DIRECTION('',(0.,0.,1.));
#1826 = DIRECTION('',(1.,0.,0.));
#1827 = PCURVE('',#609,#1828);
#1828 = DEFINITIONAL_REPRESENTATION('',(#1829),#1837);
#1829 = ( BOUNDED_CURVE() B_SPLINE_CURVE(2,(#1830,#1831,#1832,#1833,
#1834,#1835,#1836),.UNSPECIFIED.,.T.,.F.) B_SPLINE_CURVE_WITH_KNOTS((1,2
    ,2,2,2,1),(-2.094395102393,0.,2.094395102393,4.188790204786,
6.28318530718,8.377580409573),.UNSPECIFIED.) CURVE() 
GEOMETRIC_REPRESENTATION_ITEM() RATIONAL_B_SPLINE_CURVE((1.,0.5,1.,0.5,
1.,0.5,1.)) REPRESENTATION_ITEM('') );
#1830 = CARTESIAN_POINT('',(-9.940602297559,-19.96799798267));
#1831 = CARTESIAN_POINT('',(-9.940602297559,-14.51203793883));
#1832 = CARTESIAN_POINT('',(-5.215602297559,-17.24001796075));
#1833 = CARTESIAN_POINT('',(-0.490602297559,-19.96799798267));
#1834 = CARTESIAN_POINT('',(-5.215602297559,-22.69597800459));
#1835 = CARTESIAN_POINT('',(-9.940602297559,-25.42395802651));
#1836 = CARTESIAN_POINT('',(-9.940602297559,-19.96799798267));
#1837 = ( GEOMETRIC_REPRESENTATION_CONTEXT(2) 
PARAMETRIC_REPRESENTATION_CONTEXT() REPRESENTATION_CONTEXT('2D SPACE',''
  ) );
#1838 = PCURVE('',#1500,#1839);
#1839 = DEFINITIONAL_REPRESENTATION('',(#1840),#1844);
#1840 = LINE('',#1841,#1842);
#1841 = CARTESIAN_POINT('',(-0.,-12.7));
#1842 = VECTOR('',#1843,1.);
#1843 = DIRECTION('',(-1.,0.));
#1844 = ( GEOMETRIC_REPRESENTATION_CONTEXT(2) 
PARAMETRIC_REPRESENTATION_CONTEXT() REPRESENTATION_CONTEXT('2D SPACE',''
  ) );
#1845 = FACE_BOUND('',#1846,.F.);
#1846 = EDGE_LOOP('',(#1847));
#1847 = ORIENTED_EDGE('',*,*,#1848,.T.);
#1848 = EDGE_CURVE('',#1849,#1849,#1851,.T.);
#1849 = VERTEX_POINT('',#1850);
#1850 = CARTESIAN_POINT('',(38.2484,47.7769,12.7));
#1851 = SURFACE_CURVE('',#1852,(#1857,#1868),.PCURVE_S1.);
#1852 = CIRCLE('',#1853,3.15);
#1853 = AXIS2_PLACEMENT_3D('',#1854,#1855,#1856);
#1854 = CARTESIAN_POINT('',(35.0984,47.7769,12.7));
#1855 = DIRECTION('',(0.,0.,1.));
#1856 = DIRECTION('',(1.,0.,0.));
#1857 = PCURVE('',#609,#1858);
#1858 = DEFINITIONAL_REPRESENTATION('',(#1859),#1867);
#1859 = ( BOUNDED_CURVE() B_SPLINE_CURVE(2,(#1860,#1861,#1862,#1863,
#1864,#1865,#1866),.UNSPECIFIED.,.T.,.F.) B_SPLINE_CURVE_WITH_KNOTS((1,2
    ,2,2,2,1),(-2.094395102393,0.,2.094395102393,4.188790204786,
6.28318530718,8.377580409573),.UNSPECIFIED.) CURVE() 
GEOMETRIC_REPRESENTATION_ITEM() RATIONAL_B_SPLINE_CURVE((1.,0.5,1.,0.5,
1.,0.5,1.)) REPRESENTATION_ITEM('') );
#1860 = CARTESIAN_POINT('',(-2.828002297559,-9.994897982673));
#1861 = CARTESIAN_POINT('',(-2.828002297559,-4.538937938831));
#1862 = CARTESIAN_POINT('',(1.896997702441,-7.266917960752));
#1863 = CARTESIAN_POINT('',(6.621997702441,-9.994897982673));
#1864 = CARTESIAN_POINT('',(1.896997702441,-12.72287800459));
#1865 = CARTESIAN_POINT('',(-2.828002297559,-15.45085802651));
#1866 = CARTESIAN_POINT('',(-2.828002297559,-9.994897982673));
#1867 = ( GEOMETRIC_REPRESENTATION_CONTEXT(2) 
PARAMETRIC_REPRESENTATION_CONTEXT() REPRESENTATION_CONTEXT('2D SPACE',''
  ) );
#1868 = PCURVE('',#1535,#1869);
#1869 = DEFINITIONAL_REPRESENTATION('',(#1870),#1874);
#1870 = LINE('',#1871,#1872);
#1871 = CARTESIAN_POINT('',(-0.,-12.7));
#1872 = VECTOR('',#1873,1.);
#1873 = DIRECTION('',(-1.,0.));
#1874 = ( GEOMETRIC_REPRESENTATION_CONTEXT(2) 
PARAMETRIC_REPRESENTATION_CONTEXT() REPRESENTATION_CONTEXT('2D SPACE',''
  ) );
#1875 = FACE_BOUND('',#1876,.F.);
#1876 = EDGE_LOOP('',(#1877));
#1877 = ORIENTED_EDGE('',*,*,#1878,.T.);
#1878 = EDGE_CURVE('',#1879,#1879,#1881,.T.);
#1879 = VERTEX_POINT('',#1880);
#1880 = CARTESIAN_POINT('',(31.9732,58.2971,12.7));
#1881 = SURFACE_CURVE('',#1882,(#1887,#1898),.PCURVE_S1.);
#1882 = CIRCLE('',#1883,3.15);
#1883 = AXIS2_PLACEMENT_3D('',#1884,#1885,#1886);
#1884 = CARTESIAN_POINT('',(28.8232,58.2971,12.7));
#1885 = DIRECTION('',(0.,0.,1.));
#1886 = DIRECTION('',(1.,0.,0.));
#1887 = PCURVE('',#609,#1888);
#1888 = DEFINITIONAL_REPRESENTATION('',(#1889),#1897);
#1889 = ( BOUNDED_CURVE() B_SPLINE_CURVE(2,(#1890,#1891,#1892,#1893,
#1894,#1895,#1896),.UNSPECIFIED.,.T.,.F.) B_SPLINE_CURVE_WITH_KNOTS((1,2
    ,2,2,2,1),(-2.094395102393,0.,2.094395102393,4.188790204786,
6.28318530718,8.377580409573),.UNSPECIFIED.) CURVE() 
GEOMETRIC_REPRESENTATION_ITEM() RATIONAL_B_SPLINE_CURVE((1.,0.5,1.,0.5,
1.,0.5,1.)) REPRESENTATION_ITEM('') );
#1890 = CARTESIAN_POINT('',(3.447197702441,0.525302017327));
#1891 = CARTESIAN_POINT('',(3.447197702441,5.981262061169));
#1892 = CARTESIAN_POINT('',(8.172197702441,3.253282039248));
#1893 = CARTESIAN_POINT('',(12.897197702441,0.525302017327));
#1894 = CARTESIAN_POINT('',(8.172197702441,-2.202678004594));
#1895 = CARTESIAN_POINT('',(3.447197702441,-4.930658026515));
#1896 = CARTESIAN_POINT('',(3.447197702441,0.525302017327));
#1897 = ( GEOMETRIC_REPRESENTATION_CONTEXT(2) 
PARAMETRIC_REPRESENTATION_CONTEXT() REPRESENTATION_CONTEXT('2D SPACE',''
  ) );
#1898 = PCURVE('',#1570,#1899);
#1899 = DEFINITIONAL_REPRESENTATION('',(#1900),#1904);
#1900 = LINE('',#1901,#1902);
#1901 = CARTESIAN_POINT('',(-0.,-12.7));
#1902 = VECTOR('',#1903,1.);
#1903 = DIRECTION('',(-1.,0.));
#1904 = ( GEOMETRIC_REPRESENTATION_CONTEXT(2) 
PARAMETRIC_REPRESENTATION_CONTEXT() REPRESENTATION_CONTEXT('2D SPACE',''
  ) );
#1905 = FACE_BOUND('',#1906,.F.);
#1906 = EDGE_LOOP('',(#1907));
#1907 = ORIENTED_EDGE('',*,*,#1908,.T.);
#1908 = EDGE_CURVE('',#1909,#1909,#1911,.T.);
#1909 = VERTEX_POINT('',#1910);
#1910 = CARTESIAN_POINT('',(26.5772,69.2942,12.7));
#1911 = SURFACE_CURVE('',#1912,(#1917,#1928),.PCURVE_S1.);
#1912 = CIRCLE('',#1913,3.15);
#1913 = AXIS2_PLACEMENT_3D('',#1914,#1915,#1916);
#1914 = CARTESIAN_POINT('',(23.4272,69.2942,12.7));
#1915 = DIRECTION('',(0.,0.,1.));
#1916 = DIRECTION('',(1.,0.,0.));
#1917 = PCURVE('',#609,#1918);
#1918 = DEFINITIONAL_REPRESENTATION('',(#1919),#1927);
#1919 = ( BOUNDED_CURVE() B_SPLINE_CURVE(2,(#1920,#1921,#1922,#1923,
#1924,#1925,#1926),.UNSPECIFIED.,.T.,.F.) B_SPLINE_CURVE_WITH_KNOTS((1,2
    ,2,2,2,1),(-2.094395102393,0.,2.094395102393,4.188790204786,
6.28318530718,8.377580409573),.UNSPECIFIED.) CURVE() 
GEOMETRIC_REPRESENTATION_ITEM() RATIONAL_B_SPLINE_CURVE((1.,0.5,1.,0.5,
1.,0.5,1.)) REPRESENTATION_ITEM('') );
#1920 = CARTESIAN_POINT('',(8.843197702441,11.522402017327));
#1921 = CARTESIAN_POINT('',(8.843197702441,16.978362061169));
#1922 = CARTESIAN_POINT('',(13.568197702441,14.250382039248));
#1923 = CARTESIAN_POINT('',(18.293197702441,11.522402017327));
#1924 = CARTESIAN_POINT('',(13.568197702441,8.794421995406));
#1925 = CARTESIAN_POINT('',(8.843197702441,6.066441973485));
#1926 = CARTESIAN_POINT('',(8.843197702441,11.522402017327));
#1927 = ( GEOMETRIC_REPRESENTATION_CONTEXT(2) 
PARAMETRIC_REPRESENTATION_CONTEXT() REPRESENTATION_CONTEXT('2D SPACE',''
  ) );
#1928 = PCURVE('',#1605,#1929);
#1929 = DEFINITIONAL_REPRESENTATION('',(#1930),#1934);
#1930 = LINE('',#1931,#1932);
#1931 = CARTESIAN_POINT('',(-0.,-12.7));
#1932 = VECTOR('',#1933,1.);
#1933 = DIRECTION('',(-1.,0.));
#1934 = ( GEOMETRIC_REPRESENTATION_CONTEXT(2) 
PARAMETRIC_REPRESENTATION_CONTEXT() REPRESENTATION_CONTEXT('2D SPACE',''
  ) );
#1935 = FACE_BOUND('',#1936,.F.);
#1936 = EDGE_LOOP('',(#1937));
#1937 = ORIENTED_EDGE('',*,*,#1938,.T.);
#1938 = EDGE_CURVE('',#1939,#1939,#1941,.T.);
#1939 = VERTEX_POINT('',#1940);
#1940 = CARTESIAN_POINT('',(22.0965,80.6949,12.7));
#1941 = SURFACE_CURVE('',#1942,(#1947,#1958),.PCURVE_S1.);
#1942 = CIRCLE('',#1943,3.15);
#1943 = AXIS2_PLACEMENT_3D('',#1944,#1945,#1946);
#1944 = CARTESIAN_POINT('',(18.9465,80.6949,12.7));
#1945 = DIRECTION('',(0.,0.,1.));
#1946 = DIRECTION('',(1.,0.,0.));
#1947 = PCURVE('',#609,#1948);
#1948 = DEFINITIONAL_REPRESENTATION('',(#1949),#1957);
#1949 = ( BOUNDED_CURVE() B_SPLINE_CURVE(2,(#1950,#1951,#1952,#1953,
#1954,#1955,#1956),.UNSPECIFIED.,.T.,.F.) B_SPLINE_CURVE_WITH_KNOTS((1,2
    ,2,2,2,1),(-2.094395102393,0.,2.094395102393,4.188790204786,
6.28318530718,8.377580409573),.UNSPECIFIED.) CURVE() 
GEOMETRIC_REPRESENTATION_ITEM() RATIONAL_B_SPLINE_CURVE((1.,0.5,1.,0.5,
1.,0.5,1.)) REPRESENTATION_ITEM('') );
#1950 = CARTESIAN_POINT('',(13.323897702441,22.923102017327));
#1951 = CARTESIAN_POINT('',(13.323897702441,28.379062061169));
#1952 = CARTESIAN_POINT('',(18.048897702441,25.651082039248));
#1953 = CARTESIAN_POINT('',(22.773897702441,22.923102017327));
#1954 = CARTESIAN_POINT('',(18.048897702441,20.195121995406));
#1955 = CARTESIAN_POINT('',(13.323897702441,17.467141973485));
#1956 = CARTESIAN_POINT('',(13.323897702441,22.923102017327));
#1957 = ( GEOMETRIC_REPRESENTATION_CONTEXT(2) 
PARAMETRIC_REPRESENTATION_CONTEXT() REPRESENTATION_CONTEXT('2D SPACE',''
  ) );
#1958 = PCURVE('',#1640,#1959);
#1959 = DEFINITIONAL_REPRESENTATION('',(#1960),#1964);
#1960 = LINE('',#1961,#1962);
#1961 = CARTESIAN_POINT('',(-0.,-12.7));
#1962 = VECTOR('',#1963,1.);
#1963 = DIRECTION('',(-1.,0.));
#1964 = ( GEOMETRIC_REPRESENTATION_CONTEXT(2) 
PARAMETRIC_REPRESENTATION_CONTEXT() REPRESENTATION_CONTEXT('2D SPACE',''
  ) );
#1965 = FACE_BOUND('',#1966,.F.);
#1966 = EDGE_LOOP('',(#1967));
#1967 = ORIENTED_EDGE('',*,*,#1968,.T.);
#1968 = EDGE_CURVE('',#1969,#1969,#1971,.T.);
#1969 = VERTEX_POINT('',#1970);
#1970 = CARTESIAN_POINT('',(18.561,92.4232,12.7));
#1971 = SURFACE_CURVE('',#1972,(#1977,#1988),.PCURVE_S1.);
#1972 = CIRCLE('',#1973,3.15);
#1973 = AXIS2_PLACEMENT_3D('',#1974,#1975,#1976);
#1974 = CARTESIAN_POINT('',(15.411,92.4232,12.7));
#1975 = DIRECTION('',(0.,0.,1.));
#1976 = DIRECTION('',(1.,0.,0.));
#1977 = PCURVE('',#609,#1978);
#1978 = DEFINITIONAL_REPRESENTATION('',(#1979),#1987);
#1979 = ( BOUNDED_CURVE() B_SPLINE_CURVE(2,(#1980,#1981,#1982,#1983,
#1984,#1985,#1986),.UNSPECIFIED.,.T.,.F.) B_SPLINE_CURVE_WITH_KNOTS((1,2
    ,2,2,2,1),(-2.094395102393,0.,2.094395102393,4.188790204786,
6.28318530718,8.377580409573),.UNSPECIFIED.) CURVE() 
GEOMETRIC_REPRESENTATION_ITEM() RATIONAL_B_SPLINE_CURVE((1.,0.5,1.,0.5,
1.,0.5,1.)) REPRESENTATION_ITEM('') );
#1980 = CARTESIAN_POINT('',(16.859397702441,34.651402017327));
#1981 = CARTESIAN_POINT('',(16.859397702441,40.107362061169));
#1982 = CARTESIAN_POINT('',(21.584397702441,37.379382039248));
#1983 = CARTESIAN_POINT('',(26.309397702441,34.651402017327));
#1984 = CARTESIAN_POINT('',(21.584397702441,31.923421995406));
#1985 = CARTESIAN_POINT('',(16.859397702441,29.195441973485));
#1986 = CARTESIAN_POINT('',(16.859397702441,34.651402017327));
#1987 = ( GEOMETRIC_REPRESENTATION_CONTEXT(2) 
PARAMETRIC_REPRESENTATION_CONTEXT() REPRESENTATION_CONTEXT('2D SPACE',''
  ) );
#1988 = PCURVE('',#1675,#1989);
#1989 = DEFINITIONAL_REPRESENTATION('',(#1990),#1994);
#1990 = LINE('',#1991,#1992);
#1991 = CARTESIAN_POINT('',(-0.,-12.7));
#1992 = VECTOR('',#1993,1.);
#1993 = DIRECTION('',(-1.,0.));
#1994 = ( GEOMETRIC_REPRESENTATION_CONTEXT(2) 
PARAMETRIC_REPRESENTATION_CONTEXT() REPRESENTATION_CONTEXT('2D SPACE',''
  ) );
#1995 = FACE_BOUND('',#1996,.F.);
#1996 = EDGE_LOOP('',(#1997));
#1997 = ORIENTED_EDGE('',*,*,#1998,.T.);
#1998 = EDGE_CURVE('',#1999,#1999,#2001,.T.);
#1999 = VERTEX_POINT('',#2000);
#2000 = CARTESIAN_POINT('',(16.2309,103.0602,12.7));
#2001 = SURFACE_CURVE('',#2002,(#2007,#2018),.PCURVE_S1.);
#2002 = CIRCLE('',#2003,3.15);
#2003 = AXIS2_PLACEMENT_3D('',#2004,#2005,#2006);
#2004 = CARTESIAN_POINT('',(13.0809,103.0602,12.7));
#2005 = DIRECTION('',(0.,0.,1.));
#2006 = DIRECTION('',(1.,0.,0.));
#2007 = PCURVE('',#609,#2008);
#2008 = DEFINITIONAL_REPRESENTATION('',(#2009),#2017);
#2009 = ( BOUNDED_CURVE() B_SPLINE_CURVE(2,(#2010,#2011,#2012,#2013,
#2014,#2015,#2016),.UNSPECIFIED.,.T.,.F.) B_SPLINE_CURVE_WITH_KNOTS((1,2
    ,2,2,2,1),(-2.094395102393,0.,2.094395102393,4.188790204786,
6.28318530718,8.377580409573),.UNSPECIFIED.) CURVE() 
GEOMETRIC_REPRESENTATION_ITEM() RATIONAL_B_SPLINE_CURVE((1.,0.5,1.,0.5,
1.,0.5,1.)) REPRESENTATION_ITEM('') );
#2010 = CARTESIAN_POINT('',(19.189497702441,45.288402017327));
#2011 = CARTESIAN_POINT('',(19.189497702441,50.744362061169));
#2012 = CARTESIAN_POINT('',(23.914497702441,48.016382039248));
#2013 = CARTESIAN_POINT('',(28.639497702441,45.288402017327));
#2014 = CARTESIAN_POINT('',(23.914497702441,42.560421995406));
#2015 = CARTESIAN_POINT('',(19.189497702441,39.832441973485));
#2016 = CARTESIAN_POINT('',(19.189497702441,45.288402017327));
#2017 = ( GEOMETRIC_REPRESENTATION_CONTEXT(2) 
PARAMETRIC_REPRESENTATION_CONTEXT() REPRESENTATION_CONTEXT('2D SPACE',''
  ) );
#2018 = PCURVE('',#1710,#2019);
#2019 = DEFINITIONAL_REPRESENTATION('',(#2020),#2024);
#2020 = LINE('',#2021,#2022);
#2021 = CARTESIAN_POINT('',(-0.,-12.7));
#2022 = VECTOR('',#2023,1.);
#2023 = DIRECTION('',(-1.,0.));
#2024 = ( GEOMETRIC_REPRESENTATION_CONTEXT(2) 
PARAMETRIC_REPRESENTATION_CONTEXT() REPRESENTATION_CONTEXT('2D SPACE',''
  ) );
#2025 = ADVANCED_FACE('',(#2026),#1395,.F.);
#2026 = FACE_BOUND('',#2027,.T.);
#2027 = EDGE_LOOP('',(#2028,#2049,#2050,#2051));
#2028 = ORIENTED_EDGE('',*,*,#2029,.T.);
#2029 = EDGE_CURVE('',#1375,#1729,#2030,.T.);
#2030 = SEAM_CURVE('',#2031,(#2035,#2042),.PCURVE_S1.);
#2031 = LINE('',#2032,#2033);
#2032 = CARTESIAN_POINT('',(67.4965,13.5113,0.));
#2033 = VECTOR('',#2034,1.);
#2034 = DIRECTION('',(0.,0.,1.));
#2035 = PCURVE('',#1395,#2036);
#2036 = DEFINITIONAL_REPRESENTATION('',(#2037),#2041);
#2037 = LINE('',#2038,#2039);
#2038 = CARTESIAN_POINT('',(-0.,0.));
#2039 = VECTOR('',#2040,1.);
#2040 = DIRECTION('',(-0.,-1.));
#2041 = ( GEOMETRIC_REPRESENTATION_CONTEXT(2) 
PARAMETRIC_REPRESENTATION_CONTEXT() REPRESENTATION_CONTEXT('2D SPACE',''
  ) );
#2042 = PCURVE('',#1395,#2043);
#2043 = DEFINITIONAL_REPRESENTATION('',(#2044),#2048);
#2044 = LINE('',#2045,#2046);
#2045 = CARTESIAN_POINT('',(-6.28318530718,0.));
#2046 = VECTOR('',#2047,1.);
#2047 = DIRECTION('',(-0.,-1.));
#2048 = ( GEOMETRIC_REPRESENTATION_CONTEXT(2) 
PARAMETRIC_REPRESENTATION_CONTEXT() REPRESENTATION_CONTEXT('2D SPACE',''
  ) );
#2049 = ORIENTED_EDGE('',*,*,#1728,.T.);
#2050 = ORIENTED_EDGE('',*,*,#2029,.F.);
#2051 = ORIENTED_EDGE('',*,*,#1374,.F.);
#2052 = ADVANCED_FACE('',(#2053),#1430,.F.);
#2053 = FACE_BOUND('',#2054,.T.);
#2054 = EDGE_LOOP('',(#2055,#2076,#2077,#2078));
#2055 = ORIENTED_EDGE('',*,*,#2056,.T.);
#2056 = EDGE_CURVE('',#1410,#1759,#2057,.T.);
#2057 = SEAM_CURVE('',#2058,(#2062,#2069),.PCURVE_S1.);
#2058 = LINE('',#2059,#2060);
#2059 = CARTESIAN_POINT('',(59.3089,20.6902,0.));
#2060 = VECTOR('',#2061,1.);
#2061 = DIRECTION('',(0.,0.,1.));
#2062 = PCURVE('',#1430,#2063);
#2063 = DEFINITIONAL_REPRESENTATION('',(#2064),#2068);
#2064 = LINE('',#2065,#2066);
#2065 = CARTESIAN_POINT('',(-0.,0.));
#2066 = VECTOR('',#2067,1.);
#2067 = DIRECTION('',(-0.,-1.));
#2068 = ( GEOMETRIC_REPRESENTATION_CONTEXT(2) 
PARAMETRIC_REPRESENTATION_CONTEXT() REPRESENTATION_CONTEXT('2D SPACE',''
  ) );
#2069 = PCURVE('',#1430,#2070);
#2070 = DEFINITIONAL_REPRESENTATION('',(#2071),#2075);
#2071 = LINE('',#2072,#2073);
#2072 = CARTESIAN_POINT('',(-6.28318530718,0.));
#2073 = VECTOR('',#2074,1.);
#2074 = DIRECTION('',(-0.,-1.));
#2075 = ( GEOMETRIC_REPRESENTATION_CONTEXT(2) 
PARAMETRIC_REPRESENTATION_CONTEXT() REPRESENTATION_CONTEXT('2D SPACE',''
  ) );
#2076 = ORIENTED_EDGE('',*,*,#1758,.T.);
#2077 = ORIENTED_EDGE('',*,*,#2056,.F.);
#2078 = ORIENTED_EDGE('',*,*,#1409,.F.);
#2079 = ADVANCED_FACE('',(#2080),#1465,.F.);
#2080 = FACE_BOUND('',#2081,.T.);
#2081 = EDGE_LOOP('',(#2082,#2103,#2104,#2105));
#2082 = ORIENTED_EDGE('',*,*,#2083,.T.);
#2083 = EDGE_CURVE('',#1445,#1789,#2084,.T.);
#2084 = SEAM_CURVE('',#2085,(#2089,#2096),.PCURVE_S1.);
#2085 = LINE('',#2086,#2087);
#2086 = CARTESIAN_POINT('',(53.2636,28.4442,0.));
#2087 = VECTOR('',#2088,1.);
#2088 = DIRECTION('',(0.,0.,1.));
#2089 = PCURVE('',#1465,#2090);
#2090 = DEFINITIONAL_REPRESENTATION('',(#2091),#2095);
#2091 = LINE('',#2092,#2093);
#2092 = CARTESIAN_POINT('',(-0.,0.));
#2093 = VECTOR('',#2094,1.);
#2094 = DIRECTION('',(-0.,-1.));
#2095 = ( GEOMETRIC_REPRESENTATION_CONTEXT(2) 
PARAMETRIC_REPRESENTATION_CONTEXT() REPRESENTATION_CONTEXT('2D SPACE',''
  ) );
#2096 = PCURVE('',#1465,#2097);
#2097 = DEFINITIONAL_REPRESENTATION('',(#2098),#2102);
#2098 = LINE('',#2099,#2100);
#2099 = CARTESIAN_POINT('',(-6.28318530718,0.));
#2100 = VECTOR('',#2101,1.);
#2101 = DIRECTION('',(-0.,-1.));
#2102 = ( GEOMETRIC_REPRESENTATION_CONTEXT(2) 
PARAMETRIC_REPRESENTATION_CONTEXT() REPRESENTATION_CONTEXT('2D SPACE',''
  ) );
#2103 = ORIENTED_EDGE('',*,*,#1788,.T.);
#2104 = ORIENTED_EDGE('',*,*,#2083,.F.);
#2105 = ORIENTED_EDGE('',*,*,#1444,.F.);
#2106 = ADVANCED_FACE('',(#2107),#1500,.F.);
#2107 = FACE_BOUND('',#2108,.T.);
#2108 = EDGE_LOOP('',(#2109,#2130,#2131,#2132));
#2109 = ORIENTED_EDGE('',*,*,#2110,.T.);
#2110 = EDGE_CURVE('',#1480,#1819,#2111,.T.);
#2111 = SEAM_CURVE('',#2112,(#2116,#2123),.PCURVE_S1.);
#2112 = LINE('',#2113,#2114);
#2113 = CARTESIAN_POINT('',(45.361,37.8038,0.));
#2114 = VECTOR('',#2115,1.);
#2115 = DIRECTION('',(0.,0.,1.));
#2116 = PCURVE('',#1500,#2117);
#2117 = DEFINITIONAL_REPRESENTATION('',(#2118),#2122);
#2118 = LINE('',#2119,#2120);
#2119 = CARTESIAN_POINT('',(-0.,0.));
#2120 = VECTOR('',#2121,1.);
#2121 = DIRECTION('',(-0.,-1.));
#2122 = ( GEOMETRIC_REPRESENTATION_CONTEXT(2) 
PARAMETRIC_REPRESENTATION_CONTEXT() REPRESENTATION_CONTEXT('2D SPACE',''
  ) );
#2123 = PCURVE('',#1500,#2124);
#2124 = DEFINITIONAL_REPRESENTATION('',(#2125),#2129);
#2125 = LINE('',#2126,#2127);
#2126 = CARTESIAN_POINT('',(-6.28318530718,0.));
#2127 = VECTOR('',#2128,1.);
#2128 = DIRECTION('',(-0.,-1.));
#2129 = ( GEOMETRIC_REPRESENTATION_CONTEXT(2) 
PARAMETRIC_REPRESENTATION_CONTEXT() REPRESENTATION_CONTEXT('2D SPACE',''
  ) );
#2130 = ORIENTED_EDGE('',*,*,#1818,.T.);
#2131 = ORIENTED_EDGE('',*,*,#2110,.F.);
#2132 = ORIENTED_EDGE('',*,*,#1479,.F.);
#2133 = ADVANCED_FACE('',(#2134),#1535,.F.);
#2134 = FACE_BOUND('',#2135,.T.);
#2135 = EDGE_LOOP('',(#2136,#2157,#2158,#2159));
#2136 = ORIENTED_EDGE('',*,*,#2137,.T.);
#2137 = EDGE_CURVE('',#1515,#1849,#2138,.T.);
#2138 = SEAM_CURVE('',#2139,(#2143,#2150),.PCURVE_S1.);
#2139 = LINE('',#2140,#2141);
#2140 = CARTESIAN_POINT('',(38.2484,47.7769,0.));
#2141 = VECTOR('',#2142,1.);
#2142 = DIRECTION('',(0.,0.,1.));
#2143 = PCURVE('',#1535,#2144);
#2144 = DEFINITIONAL_REPRESENTATION('',(#2145),#2149);
#2145 = LINE('',#2146,#2147);
#2146 = CARTESIAN_POINT('',(-0.,0.));
#2147 = VECTOR('',#2148,1.);
#2148 = DIRECTION('',(-0.,-1.));
#2149 = ( GEOMETRIC_REPRESENTATION_CONTEXT(2) 
PARAMETRIC_REPRESENTATION_CONTEXT() REPRESENTATION_CONTEXT('2D SPACE',''
  ) );
#2150 = PCURVE('',#1535,#2151);
#2151 = DEFINITIONAL_REPRESENTATION('',(#2152),#2156);
#2152 = LINE('',#2153,#2154);
#2153 = CARTESIAN_POINT('',(-6.28318530718,0.));
#2154 = VECTOR('',#2155,1.);
#2155 = DIRECTION('',(-0.,-1.));
#2156 = ( GEOMETRIC_REPRESENTATION_CONTEXT(2) 
PARAMETRIC_REPRESENTATION_CONTEXT() REPRESENTATION_CONTEXT('2D SPACE',''
  ) );
#2157 = ORIENTED_EDGE('',*,*,#1848,.T.);
#2158 = ORIENTED_EDGE('',*,*,#2137,.F.);
#2159 = ORIENTED_EDGE('',*,*,#1514,.F.);
#2160 = ADVANCED_FACE('',(#2161),#1570,.F.);
#2161 = FACE_BOUND('',#2162,.T.);
#2162 = EDGE_LOOP('',(#2163,#2184,#2185,#2186));
#2163 = ORIENTED_EDGE('',*,*,#2164,.T.);
#2164 = EDGE_CURVE('',#1550,#1879,#2165,.T.);
#2165 = SEAM_CURVE('',#2166,(#2170,#2177),.PCURVE_S1.);
#2166 = LINE('',#2167,#2168);
#2167 = CARTESIAN_POINT('',(31.9732,58.2971,0.));
#2168 = VECTOR('',#2169,1.);
#2169 = DIRECTION('',(0.,0.,1.));
#2170 = PCURVE('',#1570,#2171);
#2171 = DEFINITIONAL_REPRESENTATION('',(#2172),#2176);
#2172 = LINE('',#2173,#2174);
#2173 = CARTESIAN_POINT('',(-0.,0.));
#2174 = VECTOR('',#2175,1.);
#2175 = DIRECTION('',(-0.,-1.));
#2176 = ( GEOMETRIC_REPRESENTATION_CONTEXT(2) 
PARAMETRIC_REPRESENTATION_CONTEXT() REPRESENTATION_CONTEXT('2D SPACE',''
  ) );
#2177 = PCURVE('',#1570,#2178);
#2178 = DEFINITIONAL_REPRESENTATION('',(#2179),#2183);
#2179 = LINE('',#2180,#2181);
#2180 = CARTESIAN_POINT('',(-6.28318530718,0.));
#2181 = VECTOR('',#2182,1.);
#2182 = DIRECTION('',(-0.,-1.));
#2183 = ( GEOMETRIC_REPRESENTATION_CONTEXT(2) 
PARAMETRIC_REPRESENTATION_CONTEXT() REPRESENTATION_CONTEXT('2D SPACE',''
  ) );
#2184 = ORIENTED_EDGE('',*,*,#1878,.T.);
#2185 = ORIENTED_EDGE('',*,*,#2164,.F.);
#2186 = ORIENTED_EDGE('',*,*,#1549,.F.);
#2187 = ADVANCED_FACE('',(#2188),#1605,.F.);
#2188 = FACE_BOUND('',#2189,.T.);
#2189 = EDGE_LOOP('',(#2190,#2211,#2212,#2213));
#2190 = ORIENTED_EDGE('',*,*,#2191,.T.);
#2191 = EDGE_CURVE('',#1585,#1909,#2192,.T.);
#2192 = SEAM_CURVE('',#2193,(#2197,#2204),.PCURVE_S1.);
#2193 = LINE('',#2194,#2195);
#2194 = CARTESIAN_POINT('',(26.5772,69.2942,0.));
#2195 = VECTOR('',#2196,1.);
#2196 = DIRECTION('',(0.,0.,1.));
#2197 = PCURVE('',#1605,#2198);
#2198 = DEFINITIONAL_REPRESENTATION('',(#2199),#2203);
#2199 = LINE('',#2200,#2201);
#2200 = CARTESIAN_POINT('',(-0.,0.));
#2201 = VECTOR('',#2202,1.);
#2202 = DIRECTION('',(-0.,-1.));
#2203 = ( GEOMETRIC_REPRESENTATION_CONTEXT(2) 
PARAMETRIC_REPRESENTATION_CONTEXT() REPRESENTATION_CONTEXT('2D SPACE',''
  ) );
#2204 = PCURVE('',#1605,#2205);
#2205 = DEFINITIONAL_REPRESENTATION('',(#2206),#2210);
#2206 = LINE('',#2207,#2208);
#2207 = CARTESIAN_POINT('',(-6.28318530718,0.));
#2208 = VECTOR('',#2209,1.);
#2209 = DIRECTION('',(-0.,-1.));
#2210 = ( GEOMETRIC_REPRESENTATION_CONTEXT(2) 
PARAMETRIC_REPRESENTATION_CONTEXT() REPRESENTATION_CONTEXT('2D SPACE',''
  ) );
#2211 = ORIENTED_EDGE('',*,*,#1908,.T.);
#2212 = ORIENTED_EDGE('',*,*,#2191,.F.);
#2213 = ORIENTED_EDGE('',*,*,#1584,.F.);
#2214 = ADVANCED_FACE('',(#2215),#1640,.F.);
#2215 = FACE_BOUND('',#2216,.T.);
#2216 = EDGE_LOOP('',(#2217,#2238,#2239,#2240));
#2217 = ORIENTED_EDGE('',*,*,#2218,.T.);
#2218 = EDGE_CURVE('',#1620,#1939,#2219,.T.);
#2219 = SEAM_CURVE('',#2220,(#2224,#2231),.PCURVE_S1.);
#2220 = LINE('',#2221,#2222);
#2221 = CARTESIAN_POINT('',(22.0965,80.6949,0.));
#2222 = VECTOR('',#2223,1.);
#2223 = DIRECTION('',(0.,0.,1.));
#2224 = PCURVE('',#1640,#2225);
#2225 = DEFINITIONAL_REPRESENTATION('',(#2226),#2230);
#2226 = LINE('',#2227,#2228);
#2227 = CARTESIAN_POINT('',(-0.,0.));
#2228 = VECTOR('',#2229,1.);
#2229 = DIRECTION('',(-0.,-1.));
#2230 = ( GEOMETRIC_REPRESENTATION_CONTEXT(2) 
PARAMETRIC_REPRESENTATION_CONTEXT() REPRESENTATION_CONTEXT('2D SPACE',''
  ) );
#2231 = PCURVE('',#1640,#2232);
#2232 = DEFINITIONAL_REPRESENTATION('',(#2233),#2237);
#2233 = LINE('',#2234,#2235);
#2234 = CARTESIAN_POINT('',(-6.28318530718,0.));
#2235 = VECTOR('',#2236,1.);
#2236 = DIRECTION('',(-0.,-1.));
#2237 = ( GEOMETRIC_REPRESENTATION_CONTEXT(2) 
PARAMETRIC_REPRESENTATION_CONTEXT() REPRESENTATION_CONTEXT('2D SPACE',''
  ) );
#2238 = ORIENTED_EDGE('',*,*,#1938,.T.);
#2239 = ORIENTED_EDGE('',*,*,#2218,.F.);
#2240 = ORIENTED_EDGE('',*,*,#1619,.F.);
#2241 = ADVANCED_FACE('',(#2242),#1675,.F.);
#2242 = FACE_BOUND('',#2243,.T.);
#2243 = EDGE_LOOP('',(#2244,#2265,#2266,#2267));
#2244 = ORIENTED_EDGE('',*,*,#2245,.T.);
#2245 = EDGE_CURVE('',#1655,#1969,#2246,.T.);
#2246 = SEAM_CURVE('',#2247,(#2251,#2258),.PCURVE_S1.);
#2247 = LINE('',#2248,#2249);
#2248 = CARTESIAN_POINT('',(18.561,92.4232,0.));
#2249 = VECTOR('',#2250,1.);
#2250 = DIRECTION('',(0.,0.,1.));
#2251 = PCURVE('',#1675,#2252);
#2252 = DEFINITIONAL_REPRESENTATION('',(#2253),#2257);
#2253 = LINE('',#2254,#2255);
#2254 = CARTESIAN_POINT('',(-0.,0.));
#2255 = VECTOR('',#2256,1.);
#2256 = DIRECTION('',(-0.,-1.));
#2257 = ( GEOMETRIC_REPRESENTATION_CONTEXT(2) 
PARAMETRIC_REPRESENTATION_CONTEXT() REPRESENTATION_CONTEXT('2D SPACE',''
  ) );
#2258 = PCURVE('',#1675,#2259);
#2259 = DEFINITIONAL_REPRESENTATION('',(#2260),#2264);
#2260 = LINE('',#2261,#2262);
#2261 = CARTESIAN_POINT('',(-6.28318530718,0.));
#2262 = VECTOR('',#2263,1.);
#2263 = DIRECTION('',(-0.,-1.));
#2264 = ( GEOMETRIC_REPRESENTATION_CONTEXT(2) 
PARAMETRIC_REPRESENTATION_CONTEXT() REPRESENTATION_CONTEXT('2D SPACE',''
  ) );
#2265 = ORIENTED_EDGE('',*,*,#1968,.T.);
#2266 = ORIENTED_EDGE('',*,*,#2245,.F.);
#2267 = ORIENTED_EDGE('',*,*,#1654,.F.);
#2268 = ADVANCED_FACE('',(#2269),#1710,.F.);
#2269 = FACE_BOUND('',#2270,.T.);
#2270 = EDGE_LOOP('',(#2271,#2292,#2293,#2294));
#2271 = ORIENTED_EDGE('',*,*,#2272,.T.);
#2272 = EDGE_CURVE('',#1690,#1999,#2273,.T.);
#2273 = SEAM_CURVE('',#2274,(#2278,#2285),.PCURVE_S1.);
#2274 = LINE('',#2275,#2276);
#2275 = CARTESIAN_POINT('',(16.2309,103.0602,0.));
#2276 = VECTOR('',#2277,1.);
#2277 = DIRECTION('',(0.,0.,1.));
#2278 = PCURVE('',#1710,#2279);
#2279 = DEFINITIONAL_REPRESENTATION('',(#2280),#2284);
#2280 = LINE('',#2281,#2282);
#2281 = CARTESIAN_POINT('',(-0.,0.));
#2282 = VECTOR('',#2283,1.);
#2283 = DIRECTION('',(-0.,-1.));
#2284 = ( GEOMETRIC_REPRESENTATION_CONTEXT(2) 
PARAMETRIC_REPRESENTATION_CONTEXT() REPRESENTATION_CONTEXT('2D SPACE',''
  ) );
#2285 = PCURVE('',#1710,#2286);
#2286 = DEFINITIONAL_REPRESENTATION('',(#2287),#2291);
#2287 = LINE('',#2288,#2289);
#2288 = CARTESIAN_POINT('',(-6.28318530718,0.));
#2289 = VECTOR('',#2290,1.);
#2290 = DIRECTION('',(-0.,-1.));
#2291 = ( GEOMETRIC_REPRESENTATION_CONTEXT(2) 
PARAMETRIC_REPRESENTATION_CONTEXT() REPRESENTATION_CONTEXT('2D SPACE',''
  ) );
#2292 = ORIENTED_EDGE('',*,*,#1998,.T.);
#2293 = ORIENTED_EDGE('',*,*,#2272,.F.);
#2294 = ORIENTED_EDGE('',*,*,#1689,.F.);
#2295 = ( GEOMETRIC_REPRESENTATION_CONTEXT(3) 
GLOBAL_UNCERTAINTY_ASSIGNED_CONTEXT((#2299)) 
GLOBAL_UNIT_ASSIGNED_CONTEXT((#2296,#2297,#2298)) REPRESENTATION_CONTEXT
('Context #1','3D Context with UNIT and UNCERTAINTY') );
#2296 = ( LENGTH_UNIT() NAMED_UNIT(*) SI_UNIT(.MILLI.,.METRE.) );
#2297 = ( NAMED_UNIT(*) PLANE_ANGLE_UNIT() SI_UNIT($,.RADIAN.) );
#2298 = ( NAMED_UNIT(*) SI_UNIT($,.STERADIAN.) SOLID_ANGLE_UNIT() );
#2299 = UNCERTAINTY_MEASURE_WITH_UNIT(LENGTH_MEASURE(1.E-07),#2296,
  'distance_accuracy_value','confusion accuracy');
#2300 = CONTEXT_DEPENDENT_SHAPE_REPRESENTATION(#2301,#2303);
#2301 = ( REPRESENTATION_RELATIONSHIP('','',#76,#10) 
REPRESENTATION_RELATIONSHIP_WITH_TRANSFORMATION(#2302) 
SHAPE_REPRESENTATION_RELATIONSHIP() );
#2302 = ITEM_DEFINED_TRANSFORMATION('','',#11,#15);
#2303 = PRODUCT_DEFINITION_SHAPE('Placement','Placement of an item',
  #2304);
#2304 = NEXT_ASSEMBLY_USAGE_OCCURRENCE('1','ALABE','',#5,#71,$);
#2305 = PRODUCT_RELATED_PRODUCT_CATEGORY('part',$,(#73));
#2306 = SHAPE_DEFINITION_REPRESENTATION(#2307,#2313);
#2307 = PRODUCT_DEFINITION_SHAPE('','',#2308);
#2308 = PRODUCT_DEFINITION('design','',#2309,#2312);
#2309 = PRODUCT_DEFINITION_FORMATION('','',#2310);
#2310 = PRODUCT('GAS','GAS','',(#2311));
#2311 = PRODUCT_CONTEXT('',#2,'mechanical');
#2312 = PRODUCT_DEFINITION_CONTEXT('part definition',#2,'design');
#2313 = ADVANCED_BREP_SHAPE_REPRESENTATION('',(#11,#2314),#4934);
#2314 = MANIFOLD_SOLID_BREP('',#2315);
#2315 = CLOSED_SHELL('',(#2316,#2507,#2583,#2935,#4030,#4792,#4819,#4846
    ,#4873,#4900,#4907));
#2316 = ADVANCED_FACE('',(#2317),#2331,.F.);
#2317 = FACE_BOUND('',#2318,.F.);
#2318 = EDGE_LOOP('',(#2319,#2354,#2382,#2481));
#2319 = ORIENTED_EDGE('',*,*,#2320,.T.);
#2320 = EDGE_CURVE('',#2321,#2323,#2325,.T.);
#2321 = VERTEX_POINT('',#2322);
#2322 = CARTESIAN_POINT('',(-59.9837,55.7427,0.));
#2323 = VERTEX_POINT('',#2324);
#2324 = CARTESIAN_POINT('',(-59.9837,55.7427,12.7));
#2325 = SURFACE_CURVE('',#2326,(#2330,#2342),.PCURVE_S1.);
#2326 = LINE('',#2327,#2328);
#2327 = CARTESIAN_POINT('',(-59.9837,55.7427,0.));
#2328 = VECTOR('',#2329,1.);
#2329 = DIRECTION('',(0.,0.,1.));
#2330 = PCURVE('',#2331,#2336);
#2331 = PLANE('',#2332);
#2332 = AXIS2_PLACEMENT_3D('',#2333,#2334,#2335);
#2333 = CARTESIAN_POINT('',(-59.9837,55.7427,0.));
#2334 = DIRECTION('',(0.,1.,0.));
#2335 = DIRECTION('',(1.,0.,0.));
#2336 = DEFINITIONAL_REPRESENTATION('',(#2337),#2341);
#2337 = LINE('',#2338,#2339);
#2338 = CARTESIAN_POINT('',(0.,0.));
#2339 = VECTOR('',#2340,1.);
#2340 = DIRECTION('',(0.,-1.));
#2341 = ( GEOMETRIC_REPRESENTATION_CONTEXT(2) 
PARAMETRIC_REPRESENTATION_CONTEXT() REPRESENTATION_CONTEXT('2D SPACE',''
  ) );
#2342 = PCURVE('',#2343,#2348);
#2343 = PLANE('',#2344);
#2344 = AXIS2_PLACEMENT_3D('',#2345,#2346,#2347);
#2345 = CARTESIAN_POINT('',(-59.9837,173.4427,0.));
#2346 = DIRECTION('',(1.,0.,-0.));
#2347 = DIRECTION('',(0.,-1.,0.));
#2348 = DEFINITIONAL_REPRESENTATION('',(#2349),#2353);
#2349 = LINE('',#2350,#2351);
#2350 = CARTESIAN_POINT('',(117.7,0.));
#2351 = VECTOR('',#2352,1.);
#2352 = DIRECTION('',(0.,-1.));
#2353 = ( GEOMETRIC_REPRESENTATION_CONTEXT(2) 
PARAMETRIC_REPRESENTATION_CONTEXT() REPRESENTATION_CONTEXT('2D SPACE',''
  ) );
#2354 = ORIENTED_EDGE('',*,*,#2355,.T.);
#2355 = EDGE_CURVE('',#2323,#2356,#2358,.T.);
#2356 = VERTEX_POINT('',#2357);
#2357 = CARTESIAN_POINT('',(1.63E-02,55.7427,12.7));
#2358 = SURFACE_CURVE('',#2359,(#2363,#2370),.PCURVE_S1.);
#2359 = LINE('',#2360,#2361);
#2360 = CARTESIAN_POINT('',(-59.9837,55.7427,12.7));
#2361 = VECTOR('',#2362,1.);
#2362 = DIRECTION('',(1.,0.,0.));
#2363 = PCURVE('',#2331,#2364);
#2364 = DEFINITIONAL_REPRESENTATION('',(#2365),#2369);
#2365 = LINE('',#2366,#2367);
#2366 = CARTESIAN_POINT('',(0.,-12.7));
#2367 = VECTOR('',#2368,1.);
#2368 = DIRECTION('',(1.,0.));
#2369 = ( GEOMETRIC_REPRESENTATION_CONTEXT(2) 
PARAMETRIC_REPRESENTATION_CONTEXT() REPRESENTATION_CONTEXT('2D SPACE',''
  ) );
#2370 = PCURVE('',#2371,#2376);
#2371 = PLANE('',#2372);
#2372 = AXIS2_PLACEMENT_3D('',#2373,#2374,#2375);
#2373 = CARTESIAN_POINT('',(53.300867948755,53.937291970047,12.7));
#2374 = DIRECTION('',(0.,0.,1.));
#2375 = DIRECTION('',(1.,0.,-0.));
#2376 = DEFINITIONAL_REPRESENTATION('',(#2377),#2381);
#2377 = LINE('',#2378,#2379);
#2378 = CARTESIAN_POINT('',(-113.2845679487,1.805408029953));
#2379 = VECTOR('',#2380,1.);
#2380 = DIRECTION('',(1.,0.));
#2381 = ( GEOMETRIC_REPRESENTATION_CONTEXT(2) 
PARAMETRIC_REPRESENTATION_CONTEXT() REPRESENTATION_CONTEXT('2D SPACE',''
  ) );
#2382 = ORIENTED_EDGE('',*,*,#2383,.F.);
#2383 = EDGE_CURVE('',#2384,#2356,#2386,.T.);
#2384 = VERTEX_POINT('',#2385);
#2385 = CARTESIAN_POINT('',(1.63E-02,55.7427,0.));
#2386 = SURFACE_CURVE('',#2387,(#2391,#2398),.PCURVE_S1.);
#2387 = LINE('',#2388,#2389);
#2388 = CARTESIAN_POINT('',(1.63E-02,55.7427,0.));
#2389 = VECTOR('',#2390,1.);
#2390 = DIRECTION('',(0.,0.,1.));
#2391 = PCURVE('',#2331,#2392);
#2392 = DEFINITIONAL_REPRESENTATION('',(#2393),#2397);
#2393 = LINE('',#2394,#2395);
#2394 = CARTESIAN_POINT('',(60.,0.));
#2395 = VECTOR('',#2396,1.);
#2396 = DIRECTION('',(0.,-1.));
#2397 = ( GEOMETRIC_REPRESENTATION_CONTEXT(2) 
PARAMETRIC_REPRESENTATION_CONTEXT() REPRESENTATION_CONTEXT('2D SPACE',''
  ) );
#2398 = PCURVE('',#2399,#2475);
#2399 = SURFACE_OF_LINEAR_EXTRUSION('',#2400,#2473);
#2400 = B_SPLINE_CURVE_WITH_KNOTS('',3,(#2401,#2402,#2403,#2404,#2405,
    #2406,#2407,#2408,#2409,#2410,#2411,#2412,#2413,#2414,#2415,#2416,
    #2417,#2418,#2419,#2420,#2421,#2422,#2423,#2424,#2425,#2426,#2427,
    #2428,#2429,#2430,#2431,#2432,#2433,#2434,#2435,#2436,#2437,#2438,
    #2439,#2440,#2441,#2442,#2443,#2444,#2445,#2446,#2447,#2448,#2449,
    #2450,#2451,#2452,#2453,#2454,#2455,#2456,#2457,#2458,#2459,#2460,
    #2461,#2462,#2463,#2464,#2465,#2466,#2467,#2468,#2469,#2470,#2471,
    #2472),.UNSPECIFIED.,.F.,.F.,(4,1,1,1,1,1,1,1,1,1,1,1,1,1,1,1,1,1,1,
    1,1,1,1,1,1,1,1,1,1,1,1,1,1,1,1,1,1,1,1,1,1,1,1,1,1,1,1,1,1,1,1,1,1,
    1,1,1,1,1,1,1,1,1,1,1,1,1,1,1,1,4),(0.,9.25497643898,14.697454714124
    ,17.450808540214,19.661852949966,21.635338421566,23.481421813182,
    25.247510629785,26.961692799123,28.642388477931,30.302243463543,
    31.952689199391,33.604018252408,35.26289764457,36.943834486637,
    38.658797713189,40.427233914952,42.2901584936,44.351532665448,
    47.180769280106,51.093398344884,53.87619863279,56.324435591433,
    58.600452210245,60.76637587227,62.859642560508,64.905524004717,
    66.921887333637,68.91893641929,70.899091129947,72.8664982161,
    74.823690718123,76.773609848144,78.718815640173,80.662146919589,
    82.60657019826,84.554568925338,86.509944385907,88.472839795919,
    90.440720490186,92.410167002081,94.377568405929,96.338997868557,
    98.290861559438,100.22949066698,102.15182598526,104.05792923274,
    105.94963890511,107.82871174099,109.69658434425,111.55449662849,
    113.4037561578,115.24522159149,117.07983900636,118.90645409266,
    120.71898683424,122.51076840324,124.27722998808,126.01378142216,
    127.72072277411,129.39862990494,131.04729416459,132.66666537496,
    134.25938460563,135.82182943635,137.35929942144,138.87257873368,
    140.3662594234,141.72277221575,143.00869487793),.UNSPECIFIED.);
#2401 = CARTESIAN_POINT('',(1.63E-02,55.7427,0.));
#2402 = CARTESIAN_POINT('',(0.73532835026,52.854146127045,0.));
#2403 = CARTESIAN_POINT('',(0.907601590121,47.797204393143,0.));
#2404 = CARTESIAN_POINT('',(1.964988971846,42.041908367337,0.));
#2405 = CARTESIAN_POINT('',(3.545740049227,38.925791985614,0.));
#2406 = CARTESIAN_POINT('',(4.829434561881,37.00049507808,0.));
#2407 = CARTESIAN_POINT('',(6.080101334811,35.424288802042,0.));
#2408 = CARTESIAN_POINT('',(7.31404115918,34.029340675751,0.));
#2409 = CARTESIAN_POINT('',(8.543789782672,32.748198164135,0.));
#2410 = CARTESIAN_POINT('',(9.770747956289,31.542129552224,0.));
#2411 = CARTESIAN_POINT('',(10.995893105225,30.385320125364,0.));
#2412 = CARTESIAN_POINT('',(12.220828262473,29.259531859884,0.));
#2413 = CARTESIAN_POINT('',(13.445658585707,28.148180412281,0.));
#2414 = CARTESIAN_POINT('',(14.668392219016,27.035010020936,0.));
#2415 = CARTESIAN_POINT('',(15.895028128687,25.911012712054,0.));
#2416 = CARTESIAN_POINT('',(17.119698990635,24.753618740442,0.));
#2417 = CARTESIAN_POINT('',(18.346616760137,23.54605504362,0.));
#2418 = CARTESIAN_POINT('',(19.581503980543,22.260119860469,0.));
#2419 = CARTESIAN_POINT('',(20.826781359311,20.828724155165,0.));
#2420 = CARTESIAN_POINT('',(22.201611798101,19.036309543517,0.));
#2421 = CARTESIAN_POINT('',(23.441065213842,16.347080768611,0.));
#2422 = CARTESIAN_POINT('',(24.164596229315,13.236488624122,0.));
#2423 = CARTESIAN_POINT('',(25.586761955366,10.522982086751,0.));
#2424 = CARTESIAN_POINT('',(26.827207849302,8.352294881657,0.));
#2425 = CARTESIAN_POINT('',(28.065097518795,6.41602090258,0.));
#2426 = CARTESIAN_POINT('',(29.294633713791,4.61774314445,0.));
#2427 = CARTESIAN_POINT('',(30.522466577064,2.911759396989,0.));
#2428 = CARTESIAN_POINT('',(31.748376768699,1.266356580912,0.));
#2429 = CARTESIAN_POINT('',(32.972295397264,-0.340371311399,0.));
#2430 = CARTESIAN_POINT('',(34.193478463593,-1.921571874507,0.));
#2431 = CARTESIAN_POINT('',(35.415716094749,-3.481275328495,0.));
#2432 = CARTESIAN_POINT('',(36.637172105483,-5.024674757097,0.));
#2433 = CARTESIAN_POINT('',(37.858936667783,-6.554952677023,0.));
#2434 = CARTESIAN_POINT('',(39.080504030825,-8.075904019921,0.));
#2435 = CARTESIAN_POINT('',(40.302197986036,-9.590821265224,0.));
#2436 = CARTESIAN_POINT('',(41.523973334408,-11.10331780951,0.));
#2437 = CARTESIAN_POINT('',(42.745456263236,-12.61724680186,0.));
#2438 = CARTESIAN_POINT('',(43.967615272893,-14.13578962366,0.));
#2439 = CARTESIAN_POINT('',(45.188389712545,-15.66333885301,0.));
#2440 = CARTESIAN_POINT('',(46.408370032748,-17.19999082345,0.));
#2441 = CARTESIAN_POINT('',(47.628096805323,-18.74282531668,0.));
#2442 = CARTESIAN_POINT('',(48.847794119045,-20.28759645259,0.));
#2443 = CARTESIAN_POINT('',(50.067352469237,-21.82973779005,0.));
#2444 = CARTESIAN_POINT('',(51.287045254985,-23.36429627498,0.));
#2445 = CARTESIAN_POINT('',(52.506678191243,-24.88663681088,0.));
#2446 = CARTESIAN_POINT('',(53.726403337461,-26.39217755341,0.));
#2447 = CARTESIAN_POINT('',(54.947221672612,-27.8771431179,0.));
#2448 = CARTESIAN_POINT('',(56.168612552757,-29.3413240902,0.));
#2449 = CARTESIAN_POINT('',(57.389948193566,-30.78671784225,0.));
#2450 = CARTESIAN_POINT('',(58.611194710616,-32.21546047888,0.));
#2451 = CARTESIAN_POINT('',(59.832369314562,-33.62940987827,0.));
#2452 = CARTESIAN_POINT('',(61.053612463071,-35.03013984023,0.));
#2453 = CARTESIAN_POINT('',(62.274654824422,-36.41934543155,0.));
#2454 = CARTESIAN_POINT('',(63.495805443183,-37.79809918527,0.));
#2455 = CARTESIAN_POINT('',(64.716316901307,-39.16732158679,0.));
#2456 = CARTESIAN_POINT('',(65.934946838286,-40.52529280755,0.));
#2457 = CARTESIAN_POINT('',(67.153366866505,-41.86423510621,0.));
#2458 = CARTESIAN_POINT('',(68.372651562754,-43.17515666322,0.));
#2459 = CARTESIAN_POINT('',(69.591485278795,-44.45174461801,0.));
#2460 = CARTESIAN_POINT('',(70.812399280228,-45.68691259828,0.));
#2461 = CARTESIAN_POINT('',(72.033204503357,-46.88032355955,0.));
#2462 = CARTESIAN_POINT('',(73.253792376634,-48.03167558476,0.));
#2463 = CARTESIAN_POINT('',(74.474127264406,-49.14035952641,0.));
#2464 = CARTESIAN_POINT('',(75.696364006766,-50.20421367785,0.));
#2465 = CARTESIAN_POINT('',(76.914547874122,-51.22833146132,0.));
#2466 = CARTESIAN_POINT('',(78.138744779922,-52.20329547328,0.));
#2467 = CARTESIAN_POINT('',(79.3564253489,-53.13865589252,0.));
#2468 = CARTESIAN_POINT('',(80.589255752584,-54.03408097838,0.));
#2469 = CARTESIAN_POINT('',(81.742736193922,-54.86761113079,0.));
#2470 = CARTESIAN_POINT('',(83.000431539359,-55.65877619325,0.));
#2471 = CARTESIAN_POINT('',(83.838087746977,-55.45520503642,-0.));
#2472 = CARTESIAN_POINT('',(84.2517,-55.0814,0.));
#2473 = VECTOR('',#2474,1.);
#2474 = DIRECTION('',(-0.,-0.,-1.));
#2475 = DEFINITIONAL_REPRESENTATION('',(#2476),#2480);
#2476 = LINE('',#2477,#2478);
#2477 = CARTESIAN_POINT('',(0.,0.));
#2478 = VECTOR('',#2479,1.);
#2479 = DIRECTION('',(0.,-1.));
#2480 = ( GEOMETRIC_REPRESENTATION_CONTEXT(2) 
PARAMETRIC_REPRESENTATION_CONTEXT() REPRESENTATION_CONTEXT('2D SPACE',''
  ) );
#2481 = ORIENTED_EDGE('',*,*,#2482,.F.);
#2482 = EDGE_CURVE('',#2321,#2384,#2483,.T.);
#2483 = SURFACE_CURVE('',#2484,(#2488,#2495),.PCURVE_S1.);
#2484 = LINE('',#2485,#2486);
#2485 = CARTESIAN_POINT('',(-59.9837,55.7427,0.));
#2486 = VECTOR('',#2487,1.);
#2487 = DIRECTION('',(1.,0.,0.));
#2488 = PCURVE('',#2331,#2489);
#2489 = DEFINITIONAL_REPRESENTATION('',(#2490),#2494);
#2490 = LINE('',#2491,#2492);
#2491 = CARTESIAN_POINT('',(0.,0.));
#2492 = VECTOR('',#2493,1.);
#2493 = DIRECTION('',(1.,0.));
#2494 = ( GEOMETRIC_REPRESENTATION_CONTEXT(2) 
PARAMETRIC_REPRESENTATION_CONTEXT() REPRESENTATION_CONTEXT('2D SPACE',''
  ) );
#2495 = PCURVE('',#2496,#2501);
#2496 = PLANE('',#2497);
#2497 = AXIS2_PLACEMENT_3D('',#2498,#2499,#2500);
#2498 = CARTESIAN_POINT('',(53.300867948755,53.937291970047,0.));
#2499 = DIRECTION('',(0.,0.,1.));
#2500 = DIRECTION('',(1.,0.,-0.));
#2501 = DEFINITIONAL_REPRESENTATION('',(#2502),#2506);
#2502 = LINE('',#2503,#2504);
#2503 = CARTESIAN_POINT('',(-113.2845679487,1.805408029953));
#2504 = VECTOR('',#2505,1.);
#2505 = DIRECTION('',(1.,0.));
#2506 = ( GEOMETRIC_REPRESENTATION_CONTEXT(2) 
PARAMETRIC_REPRESENTATION_CONTEXT() REPRESENTATION_CONTEXT('2D SPACE',''
  ) );
#2507 = ADVANCED_FACE('',(#2508),#2343,.F.);
#2508 = FACE_BOUND('',#2509,.F.);
#2509 = EDGE_LOOP('',(#2510,#2540,#2561,#2562));
#2510 = ORIENTED_EDGE('',*,*,#2511,.T.);
#2511 = EDGE_CURVE('',#2512,#2514,#2516,.T.);
#2512 = VERTEX_POINT('',#2513);
#2513 = CARTESIAN_POINT('',(-59.9837,173.4427,0.));
#2514 = VERTEX_POINT('',#2515);
#2515 = CARTESIAN_POINT('',(-59.9837,173.4427,12.7));
#2516 = SURFACE_CURVE('',#2517,(#2521,#2528),.PCURVE_S1.);
#2517 = LINE('',#2518,#2519);
#2518 = CARTESIAN_POINT('',(-59.9837,173.4427,0.));
#2519 = VECTOR('',#2520,1.);
#2520 = DIRECTION('',(0.,0.,1.));
#2521 = PCURVE('',#2343,#2522);
#2522 = DEFINITIONAL_REPRESENTATION('',(#2523),#2527);
#2523 = LINE('',#2524,#2525);
#2524 = CARTESIAN_POINT('',(0.,0.));
#2525 = VECTOR('',#2526,1.);
#2526 = DIRECTION('',(0.,-1.));
#2527 = ( GEOMETRIC_REPRESENTATION_CONTEXT(2) 
PARAMETRIC_REPRESENTATION_CONTEXT() REPRESENTATION_CONTEXT('2D SPACE',''
  ) );
#2528 = PCURVE('',#2529,#2534);
#2529 = PLANE('',#2530);
#2530 = AXIS2_PLACEMENT_3D('',#2531,#2532,#2533);
#2531 = CARTESIAN_POINT('',(1.63E-02,173.4427,0.));
#2532 = DIRECTION('',(0.,-1.,0.));
#2533 = DIRECTION('',(-1.,0.,0.));
#2534 = DEFINITIONAL_REPRESENTATION('',(#2535),#2539);
#2535 = LINE('',#2536,#2537);
#2536 = CARTESIAN_POINT('',(60.,0.));
#2537 = VECTOR('',#2538,1.);
#2538 = DIRECTION('',(0.,-1.));
#2539 = ( GEOMETRIC_REPRESENTATION_CONTEXT(2) 
PARAMETRIC_REPRESENTATION_CONTEXT() REPRESENTATION_CONTEXT('2D SPACE',''
  ) );
#2540 = ORIENTED_EDGE('',*,*,#2541,.T.);
#2541 = EDGE_CURVE('',#2514,#2323,#2542,.T.);
#2542 = SURFACE_CURVE('',#2543,(#2547,#2554),.PCURVE_S1.);
#2543 = LINE('',#2544,#2545);
#2544 = CARTESIAN_POINT('',(-59.9837,173.4427,12.7));
#2545 = VECTOR('',#2546,1.);
#2546 = DIRECTION('',(0.,-1.,0.));
#2547 = PCURVE('',#2343,#2548);
#2548 = DEFINITIONAL_REPRESENTATION('',(#2549),#2553);
#2549 = LINE('',#2550,#2551);
#2550 = CARTESIAN_POINT('',(0.,-12.7));
#2551 = VECTOR('',#2552,1.);
#2552 = DIRECTION('',(1.,0.));
#2553 = ( GEOMETRIC_REPRESENTATION_CONTEXT(2) 
PARAMETRIC_REPRESENTATION_CONTEXT() REPRESENTATION_CONTEXT('2D SPACE',''
  ) );
#2554 = PCURVE('',#2371,#2555);
#2555 = DEFINITIONAL_REPRESENTATION('',(#2556),#2560);
#2556 = LINE('',#2557,#2558);
#2557 = CARTESIAN_POINT('',(-113.2845679487,119.50540802995));
#2558 = VECTOR('',#2559,1.);
#2559 = DIRECTION('',(0.,-1.));
#2560 = ( GEOMETRIC_REPRESENTATION_CONTEXT(2) 
PARAMETRIC_REPRESENTATION_CONTEXT() REPRESENTATION_CONTEXT('2D SPACE',''
  ) );
#2561 = ORIENTED_EDGE('',*,*,#2320,.F.);
#2562 = ORIENTED_EDGE('',*,*,#2563,.F.);
#2563 = EDGE_CURVE('',#2512,#2321,#2564,.T.);
#2564 = SURFACE_CURVE('',#2565,(#2569,#2576),.PCURVE_S1.);
#2565 = LINE('',#2566,#2567);
#2566 = CARTESIAN_POINT('',(-59.9837,173.4427,0.));
#2567 = VECTOR('',#2568,1.);
#2568 = DIRECTION('',(0.,-1.,0.));
#2569 = PCURVE('',#2343,#2570);
#2570 = DEFINITIONAL_REPRESENTATION('',(#2571),#2575);
#2571 = LINE('',#2572,#2573);
#2572 = CARTESIAN_POINT('',(0.,0.));
#2573 = VECTOR('',#2574,1.);
#2574 = DIRECTION('',(1.,0.));
#2575 = ( GEOMETRIC_REPRESENTATION_CONTEXT(2) 
PARAMETRIC_REPRESENTATION_CONTEXT() REPRESENTATION_CONTEXT('2D SPACE',''
  ) );
#2576 = PCURVE('',#2496,#2577);
#2577 = DEFINITIONAL_REPRESENTATION('',(#2578),#2582);
#2578 = LINE('',#2579,#2580);
#2579 = CARTESIAN_POINT('',(-113.2845679487,119.50540802995));
#2580 = VECTOR('',#2581,1.);
#2581 = DIRECTION('',(0.,-1.));
#2582 = ( GEOMETRIC_REPRESENTATION_CONTEXT(2) 
PARAMETRIC_REPRESENTATION_CONTEXT() REPRESENTATION_CONTEXT('2D SPACE',''
  ) );
#2583 = ADVANCED_FACE('',(#2584),#2399,.F.);
#2584 = FACE_BOUND('',#2585,.F.);
#2585 = EDGE_LOOP('',(#2586,#2587,#2748,#2776));
#2586 = ORIENTED_EDGE('',*,*,#2383,.T.);
#2587 = ORIENTED_EDGE('',*,*,#2588,.T.);
#2588 = EDGE_CURVE('',#2356,#2589,#2591,.T.);
#2589 = VERTEX_POINT('',#2590);
#2590 = CARTESIAN_POINT('',(84.2517,-55.0814,12.7));
#2591 = SURFACE_CURVE('',#2592,(#2665,#2672),.PCURVE_S1.);
#2592 = B_SPLINE_CURVE_WITH_KNOTS('',3,(#2593,#2594,#2595,#2596,#2597,
    #2598,#2599,#2600,#2601,#2602,#2603,#2604,#2605,#2606,#2607,#2608,
    #2609,#2610,#2611,#2612,#2613,#2614,#2615,#2616,#2617,#2618,#2619,
    #2620,#2621,#2622,#2623,#2624,#2625,#2626,#2627,#2628,#2629,#2630,
    #2631,#2632,#2633,#2634,#2635,#2636,#2637,#2638,#2639,#2640,#2641,
    #2642,#2643,#2644,#2645,#2646,#2647,#2648,#2649,#2650,#2651,#2652,
    #2653,#2654,#2655,#2656,#2657,#2658,#2659,#2660,#2661,#2662,#2663,
    #2664),.UNSPECIFIED.,.F.,.F.,(4,1,1,1,1,1,1,1,1,1,1,1,1,1,1,1,1,1,1,
    1,1,1,1,1,1,1,1,1,1,1,1,1,1,1,1,1,1,1,1,1,1,1,1,1,1,1,1,1,1,1,1,1,1,
    1,1,1,1,1,1,1,1,1,1,1,1,1,1,1,1,4),(0.,9.25497643898,14.697454714124
    ,17.450808540214,19.661852949966,21.635338421566,23.481421813182,
    25.247510629785,26.961692799123,28.642388477931,30.302243463543,
    31.952689199391,33.604018252408,35.26289764457,36.943834486637,
    38.658797713189,40.427233914952,42.2901584936,44.351532665448,
    47.180769280106,51.093398344884,53.87619863279,56.324435591433,
    58.600452210245,60.76637587227,62.859642560508,64.905524004717,
    66.921887333637,68.91893641929,70.899091129947,72.8664982161,
    74.823690718123,76.773609848144,78.718815640173,80.662146919589,
    82.60657019826,84.554568925338,86.509944385907,88.472839795919,
    90.440720490186,92.410167002081,94.377568405929,96.338997868557,
    98.290861559438,100.22949066698,102.15182598526,104.05792923274,
    105.94963890511,107.82871174099,109.69658434425,111.55449662849,
    113.4037561578,115.24522159149,117.07983900636,118.90645409266,
    120.71898683424,122.51076840324,124.27722998808,126.01378142216,
    127.72072277411,129.39862990494,131.04729416459,132.66666537496,
    134.25938460563,135.82182943635,137.35929942144,138.87257873368,
    140.3662594234,141.72277221575,143.00869487793),.UNSPECIFIED.);
#2593 = CARTESIAN_POINT('',(1.63E-02,55.7427,12.7));
#2594 = CARTESIAN_POINT('',(0.73532835026,52.854146127045,12.7));
#2595 = CARTESIAN_POINT('',(0.907601590121,47.797204393143,12.7));
#2596 = CARTESIAN_POINT('',(1.964988971846,42.041908367337,12.7));
#2597 = CARTESIAN_POINT('',(3.545740049227,38.925791985614,12.7));
#2598 = CARTESIAN_POINT('',(4.829434561881,37.00049507808,12.7));
#2599 = CARTESIAN_POINT('',(6.080101334811,35.424288802042,12.7));
#2600 = CARTESIAN_POINT('',(7.31404115918,34.029340675751,12.7));
#2601 = CARTESIAN_POINT('',(8.543789782672,32.748198164135,12.7));
#2602 = CARTESIAN_POINT('',(9.770747956289,31.542129552224,12.7));
#2603 = CARTESIAN_POINT('',(10.995893105225,30.385320125364,12.7));
#2604 = CARTESIAN_POINT('',(12.220828262473,29.259531859884,12.7));
#2605 = CARTESIAN_POINT('',(13.445658585707,28.148180412281,12.7));
#2606 = CARTESIAN_POINT('',(14.668392219016,27.035010020936,12.7));
#2607 = CARTESIAN_POINT('',(15.895028128687,25.911012712054,12.7));
#2608 = CARTESIAN_POINT('',(17.119698990635,24.753618740442,12.7));
#2609 = CARTESIAN_POINT('',(18.346616760137,23.54605504362,12.7));
#2610 = CARTESIAN_POINT('',(19.581503980543,22.260119860469,12.7));
#2611 = CARTESIAN_POINT('',(20.826781359311,20.828724155165,12.7));
#2612 = CARTESIAN_POINT('',(22.201611798101,19.036309543517,12.7));
#2613 = CARTESIAN_POINT('',(23.441065213842,16.347080768611,12.7));
#2614 = CARTESIAN_POINT('',(24.164596229315,13.236488624122,12.7));
#2615 = CARTESIAN_POINT('',(25.586761955366,10.522982086751,12.7));
#2616 = CARTESIAN_POINT('',(26.827207849302,8.352294881657,12.7));
#2617 = CARTESIAN_POINT('',(28.065097518795,6.41602090258,12.7));
#2618 = CARTESIAN_POINT('',(29.294633713791,4.61774314445,12.7));
#2619 = CARTESIAN_POINT('',(30.522466577064,2.911759396989,12.7));
#2620 = CARTESIAN_POINT('',(31.748376768699,1.266356580912,12.7));
#2621 = CARTESIAN_POINT('',(32.972295397264,-0.340371311399,12.7));
#2622 = CARTESIAN_POINT('',(34.193478463593,-1.921571874507,12.7));
#2623 = CARTESIAN_POINT('',(35.415716094749,-3.481275328495,12.7));
#2624 = CARTESIAN_POINT('',(36.637172105483,-5.024674757097,12.7));
#2625 = CARTESIAN_POINT('',(37.858936667783,-6.554952677023,12.7));
#2626 = CARTESIAN_POINT('',(39.080504030825,-8.075904019921,12.7));
#2627 = CARTESIAN_POINT('',(40.302197986036,-9.590821265224,12.7));
#2628 = CARTESIAN_POINT('',(41.523973334408,-11.10331780951,12.7));
#2629 = CARTESIAN_POINT('',(42.745456263236,-12.61724680186,12.7));
#2630 = CARTESIAN_POINT('',(43.967615272893,-14.13578962366,12.7));
#2631 = CARTESIAN_POINT('',(45.188389712545,-15.66333885301,12.7));
#2632 = CARTESIAN_POINT('',(46.408370032748,-17.19999082345,12.7));
#2633 = CARTESIAN_POINT('',(47.628096805323,-18.74282531668,12.7));
#2634 = CARTESIAN_POINT('',(48.847794119045,-20.28759645259,12.7));
#2635 = CARTESIAN_POINT('',(50.067352469237,-21.82973779005,12.7));
#2636 = CARTESIAN_POINT('',(51.287045254985,-23.36429627498,12.7));
#2637 = CARTESIAN_POINT('',(52.506678191243,-24.88663681088,12.7));
#2638 = CARTESIAN_POINT('',(53.726403337461,-26.39217755341,12.7));
#2639 = CARTESIAN_POINT('',(54.947221672612,-27.8771431179,12.7));
#2640 = CARTESIAN_POINT('',(56.168612552757,-29.3413240902,12.7));
#2641 = CARTESIAN_POINT('',(57.389948193566,-30.78671784225,12.7));
#2642 = CARTESIAN_POINT('',(58.611194710616,-32.21546047888,12.7));
#2643 = CARTESIAN_POINT('',(59.832369314562,-33.62940987827,12.7));
#2644 = CARTESIAN_POINT('',(61.053612463071,-35.03013984023,12.7));
#2645 = CARTESIAN_POINT('',(62.274654824422,-36.41934543155,12.7));
#2646 = CARTESIAN_POINT('',(63.495805443183,-37.79809918527,12.7));
#2647 = CARTESIAN_POINT('',(64.716316901307,-39.16732158679,12.7));
#2648 = CARTESIAN_POINT('',(65.934946838286,-40.52529280755,12.7));
#2649 = CARTESIAN_POINT('',(67.153366866505,-41.86423510621,12.7));
#2650 = CARTESIAN_POINT('',(68.372651562754,-43.17515666322,12.7));
#2651 = CARTESIAN_POINT('',(69.591485278795,-44.45174461801,12.7));
#2652 = CARTESIAN_POINT('',(70.812399280228,-45.68691259828,12.7));
#2653 = CARTESIAN_POINT('',(72.033204503357,-46.88032355955,12.7));
#2654 = CARTESIAN_POINT('',(73.253792376634,-48.03167558476,12.7));
#2655 = CARTESIAN_POINT('',(74.474127264406,-49.14035952641,12.7));
#2656 = CARTESIAN_POINT('',(75.696364006766,-50.20421367785,12.7));
#2657 = CARTESIAN_POINT('',(76.914547874122,-51.22833146132,12.7));
#2658 = CARTESIAN_POINT('',(78.138744779922,-52.20329547328,12.7));
#2659 = CARTESIAN_POINT('',(79.3564253489,-53.13865589252,12.7));
#2660 = CARTESIAN_POINT('',(80.589255752584,-54.03408097838,12.7));
#2661 = CARTESIAN_POINT('',(81.742736193922,-54.86761113079,12.7));
#2662 = CARTESIAN_POINT('',(83.000431539359,-55.65877619325,12.7));
#2663 = CARTESIAN_POINT('',(83.838087746977,-55.45520503642,12.7));
#2664 = CARTESIAN_POINT('',(84.2517,-55.0814,12.7));
#2665 = PCURVE('',#2399,#2666);
#2666 = DEFINITIONAL_REPRESENTATION('',(#2667),#2671);
#2667 = LINE('',#2668,#2669);
#2668 = CARTESIAN_POINT('',(0.,-12.7));
#2669 = VECTOR('',#2670,1.);
#2670 = DIRECTION('',(1.,0.));
#2671 = ( GEOMETRIC_REPRESENTATION_CONTEXT(2) 
PARAMETRIC_REPRESENTATION_CONTEXT() REPRESENTATION_CONTEXT('2D SPACE',''
  ) );
#2672 = PCURVE('',#2371,#2673);
#2673 = DEFINITIONAL_REPRESENTATION('',(#2674),#2747);
#2674 = B_SPLINE_CURVE_WITH_KNOTS('',3,(#2675,#2676,#2677,#2678,#2679,
    #2680,#2681,#2682,#2683,#2684,#2685,#2686,#2687,#2688,#2689,#2690,
    #2691,#2692,#2693,#2694,#2695,#2696,#2697,#2698,#2699,#2700,#2701,
    #2702,#2703,#2704,#2705,#2706,#2707,#2708,#2709,#2710,#2711,#2712,
    #2713,#2714,#2715,#2716,#2717,#2718,#2719,#2720,#2721,#2722,#2723,
    #2724,#2725,#2726,#2727,#2728,#2729,#2730,#2731,#2732,#2733,#2734,
    #2735,#2736,#2737,#2738,#2739,#2740,#2741,#2742,#2743,#2744,#2745,
    #2746),.UNSPECIFIED.,.F.,.F.,(4,1,1,1,1,1,1,1,1,1,1,1,1,1,1,1,1,1,1,
    1,1,1,1,1,1,1,1,1,1,1,1,1,1,1,1,1,1,1,1,1,1,1,1,1,1,1,1,1,1,1,1,1,1,
    1,1,1,1,1,1,1,1,1,1,1,1,1,1,1,1,4),(0.,9.25497643898,14.697454714124
    ,17.450808540214,19.661852949966,21.635338421566,23.481421813182,
    25.247510629785,26.961692799123,28.642388477931,30.302243463543,
    31.952689199391,33.604018252408,35.26289764457,36.943834486637,
    38.658797713189,40.427233914952,42.2901584936,44.351532665448,
    47.180769280106,51.093398344884,53.87619863279,56.324435591433,
    58.600452210245,60.76637587227,62.859642560508,64.905524004717,
    66.921887333637,68.91893641929,70.899091129947,72.8664982161,
    74.823690718123,76.773609848144,78.718815640173,80.662146919589,
    82.60657019826,84.554568925338,86.509944385907,88.472839795919,
    90.440720490186,92.410167002081,94.377568405929,96.338997868557,
    98.290861559438,100.22949066698,102.15182598526,104.05792923274,
    105.94963890511,107.82871174099,109.69658434425,111.55449662849,
    113.4037561578,115.24522159149,117.07983900636,118.90645409266,
    120.71898683424,122.51076840324,124.27722998808,126.01378142216,
    127.72072277411,129.39862990494,131.04729416459,132.66666537496,
    134.25938460563,135.82182943635,137.35929942144,138.87257873368,
    140.3662594234,141.72277221575,143.00869487793),.UNSPECIFIED.);
#2675 = CARTESIAN_POINT('',(-53.28456794875,1.805408029953));
#2676 = CARTESIAN_POINT('',(-52.56553959849,-1.083145843001));
#2677 = CARTESIAN_POINT('',(-52.39326635863,-6.140087576903));
#2678 = CARTESIAN_POINT('',(-51.3358789769,-11.89538360271));
#2679 = CARTESIAN_POINT('',(-49.75512789952,-15.01149998443));
#2680 = CARTESIAN_POINT('',(-48.47143338687,-16.93679689196));
#2681 = CARTESIAN_POINT('',(-47.22076661394,-18.513003168));
#2682 = CARTESIAN_POINT('',(-45.98682678957,-19.90795129429));
#2683 = CARTESIAN_POINT('',(-44.75707816608,-21.18909380591));
#2684 = CARTESIAN_POINT('',(-43.53011999246,-22.39516241782));
#2685 = CARTESIAN_POINT('',(-42.30497484353,-23.55197184468));
#2686 = CARTESIAN_POINT('',(-41.08003968628,-24.67776011016));
#2687 = CARTESIAN_POINT('',(-39.85520936304,-25.78911155776));
#2688 = CARTESIAN_POINT('',(-38.63247572973,-26.90228194911));
#2689 = CARTESIAN_POINT('',(-37.40583982006,-28.02627925799));
#2690 = CARTESIAN_POINT('',(-36.18116895812,-29.1836732296));
#2691 = CARTESIAN_POINT('',(-34.95425118861,-30.39123692642));
#2692 = CARTESIAN_POINT('',(-33.71936396821,-31.67717210957));
#2693 = CARTESIAN_POINT('',(-32.47408658944,-33.10856781488));
#2694 = CARTESIAN_POINT('',(-31.09925615065,-34.90098242653));
#2695 = CARTESIAN_POINT('',(-29.85980273491,-37.59021120143));
#2696 = CARTESIAN_POINT('',(-29.13627171944,-40.70080334592));
#2697 = CARTESIAN_POINT('',(-27.71410599338,-43.41430988329));
#2698 = CARTESIAN_POINT('',(-26.47366009945,-45.58499708839));
#2699 = CARTESIAN_POINT('',(-25.23577042996,-47.52127106746));
#2700 = CARTESIAN_POINT('',(-24.00623423496,-49.31954882559));
#2701 = CARTESIAN_POINT('',(-22.77840137169,-51.02553257305));
#2702 = CARTESIAN_POINT('',(-21.55249118005,-52.67093538913));
#2703 = CARTESIAN_POINT('',(-20.32857255149,-54.27766328144));
#2704 = CARTESIAN_POINT('',(-19.10738948516,-55.85886384455));
#2705 = CARTESIAN_POINT('',(-17.885151854,-57.41856729854));
#2706 = CARTESIAN_POINT('',(-16.66369584327,-58.96196672714));
#2707 = CARTESIAN_POINT('',(-15.44193128097,-60.49224464707));
#2708 = CARTESIAN_POINT('',(-14.22036391793,-62.01319598996));
#2709 = CARTESIAN_POINT('',(-12.99866996271,-63.52811323527));
#2710 = CARTESIAN_POINT('',(-11.77689461434,-65.04060977955));
#2711 = CARTESIAN_POINT('',(-10.55541168551,-66.5545387719));
#2712 = CARTESIAN_POINT('',(-9.333252675862,-68.07308159371));
#2713 = CARTESIAN_POINT('',(-8.11247823621,-69.60063082305));
#2714 = CARTESIAN_POINT('',(-6.892497916007,-71.1372827935));
#2715 = CARTESIAN_POINT('',(-5.672771143432,-72.68011728673));
#2716 = CARTESIAN_POINT('',(-4.45307382971,-74.22488842264));
#2717 = CARTESIAN_POINT('',(-3.233515479518,-75.7670297601));
#2718 = CARTESIAN_POINT('',(-2.01382269377,-77.30158824502));
#2719 = CARTESIAN_POINT('',(-0.794189757512,-78.82392878093));
#2720 = CARTESIAN_POINT('',(0.425535388706,-80.32946952346));
#2721 = CARTESIAN_POINT('',(1.646353723857,-81.81443508795));
#2722 = CARTESIAN_POINT('',(2.867744604002,-83.27861606025));
#2723 = CARTESIAN_POINT('',(4.08908024481,-84.72400981229));
#2724 = CARTESIAN_POINT('',(5.310326761861,-86.15275244893));
#2725 = CARTESIAN_POINT('',(6.531501365807,-87.56670184832));
#2726 = CARTESIAN_POINT('',(7.752744514316,-88.96743181028));
#2727 = CARTESIAN_POINT('',(8.973786875667,-90.35663740159));
#2728 = CARTESIAN_POINT('',(10.194937494428,-91.73539115532));
#2729 = CARTESIAN_POINT('',(11.415448952552,-93.10461355683));
#2730 = CARTESIAN_POINT('',(12.634078889531,-94.46258477759));
#2731 = CARTESIAN_POINT('',(13.85249891775,-95.80152707626));
#2732 = CARTESIAN_POINT('',(15.071783613999,-97.11244863327));
#2733 = CARTESIAN_POINT('',(16.29061733004,-98.38903658806));
#2734 = CARTESIAN_POINT('',(17.511531331473,-99.62420456833));
#2735 = CARTESIAN_POINT('',(18.732336554602,-100.8176155295));
#2736 = CARTESIAN_POINT('',(19.952924427879,-101.9689675548));
#2737 = CARTESIAN_POINT('',(21.17325931565,-103.0776514964));
#2738 = CARTESIAN_POINT('',(22.395496058011,-104.1415056478));
#2739 = CARTESIAN_POINT('',(23.613679925367,-105.1656234313));
#2740 = CARTESIAN_POINT('',(24.837876831167,-106.1405874433));
#2741 = CARTESIAN_POINT('',(26.055557400145,-107.0759478625));
#2742 = CARTESIAN_POINT('',(27.288387803829,-107.9713729484));
#2743 = CARTESIAN_POINT('',(28.441868245167,-108.8049031008));
#2744 = CARTESIAN_POINT('',(29.699563590604,-109.5960681632));
#2745 = CARTESIAN_POINT('',(30.537219798222,-109.3924970064));
#2746 = CARTESIAN_POINT('',(30.950832051245,-109.01869197));
#2747 = ( GEOMETRIC_REPRESENTATION_CONTEXT(2) 
PARAMETRIC_REPRESENTATION_CONTEXT() REPRESENTATION_CONTEXT('2D SPACE',''
  ) );
#2748 = ORIENTED_EDGE('',*,*,#2749,.F.);
#2749 = EDGE_CURVE('',#2750,#2589,#2752,.T.);
#2750 = VERTEX_POINT('',#2751);
#2751 = CARTESIAN_POINT('',(84.2517,-55.0814,0.));
#2752 = SURFACE_CURVE('',#2753,(#2757,#2764),.PCURVE_S1.);
#2753 = LINE('',#2754,#2755);
#2754 = CARTESIAN_POINT('',(84.2517,-55.0814,0.));
#2755 = VECTOR('',#2756,1.);
#2756 = DIRECTION('',(0.,0.,1.));
#2757 = PCURVE('',#2399,#2758);
#2758 = DEFINITIONAL_REPRESENTATION('',(#2759),#2763);
#2759 = LINE('',#2760,#2761);
#2760 = CARTESIAN_POINT('',(143.00869487793,0.));
#2761 = VECTOR('',#2762,1.);
#2762 = DIRECTION('',(0.,-1.));
#2763 = ( GEOMETRIC_REPRESENTATION_CONTEXT(2) 
PARAMETRIC_REPRESENTATION_CONTEXT() REPRESENTATION_CONTEXT('2D SPACE',''
  ) );
#2764 = PCURVE('',#2765,#2770);
#2765 = PLANE('',#2766);
#2766 = AXIS2_PLACEMENT_3D('',#2767,#2768,#2769);
#2767 = CARTESIAN_POINT('',(84.2517,-55.0814,0.));
#2768 = DIRECTION('',(0.,1.,0.));
#2769 = DIRECTION('',(1.,0.,0.));
#2770 = DEFINITIONAL_REPRESENTATION('',(#2771),#2775);
#2771 = LINE('',#2772,#2773);
#2772 = CARTESIAN_POINT('',(0.,0.));
#2773 = VECTOR('',#2774,1.);
#2774 = DIRECTION('',(0.,-1.));
#2775 = ( GEOMETRIC_REPRESENTATION_CONTEXT(2) 
PARAMETRIC_REPRESENTATION_CONTEXT() REPRESENTATION_CONTEXT('2D SPACE',''
  ) );
#2776 = ORIENTED_EDGE('',*,*,#2777,.F.);
#2777 = EDGE_CURVE('',#2384,#2750,#2778,.T.);
#2778 = SURFACE_CURVE('',#2779,(#2852,#2859),.PCURVE_S1.);
#2779 = B_SPLINE_CURVE_WITH_KNOTS('',3,(#2780,#2781,#2782,#2783,#2784,
    #2785,#2786,#2787,#2788,#2789,#2790,#2791,#2792,#2793,#2794,#2795,
    #2796,#2797,#2798,#2799,#2800,#2801,#2802,#2803,#2804,#2805,#2806,
    #2807,#2808,#2809,#2810,#2811,#2812,#2813,#2814,#2815,#2816,#2817,
    #2818,#2819,#2820,#2821,#2822,#2823,#2824,#2825,#2826,#2827,#2828,
    #2829,#2830,#2831,#2832,#2833,#2834,#2835,#2836,#2837,#2838,#2839,
    #2840,#2841,#2842,#2843,#2844,#2845,#2846,#2847,#2848,#2849,#2850,
    #2851),.UNSPECIFIED.,.F.,.F.,(4,1,1,1,1,1,1,1,1,1,1,1,1,1,1,1,1,1,1,
    1,1,1,1,1,1,1,1,1,1,1,1,1,1,1,1,1,1,1,1,1,1,1,1,1,1,1,1,1,1,1,1,1,1,
    1,1,1,1,1,1,1,1,1,1,1,1,1,1,1,1,4),(0.,9.25497643898,14.697454714124
    ,17.450808540214,19.661852949966,21.635338421566,23.481421813182,
    25.247510629785,26.961692799123,28.642388477931,30.302243463543,
    31.952689199391,33.604018252408,35.26289764457,36.943834486637,
    38.658797713189,40.427233914952,42.2901584936,44.351532665448,
    47.180769280106,51.093398344884,53.87619863279,56.324435591433,
    58.600452210245,60.76637587227,62.859642560508,64.905524004717,
    66.921887333637,68.91893641929,70.899091129947,72.8664982161,
    74.823690718123,76.773609848144,78.718815640173,80.662146919589,
    82.60657019826,84.554568925338,86.509944385907,88.472839795919,
    90.440720490186,92.410167002081,94.377568405929,96.338997868557,
    98.290861559438,100.22949066698,102.15182598526,104.05792923274,
    105.94963890511,107.82871174099,109.69658434425,111.55449662849,
    113.4037561578,115.24522159149,117.07983900636,118.90645409266,
    120.71898683424,122.51076840324,124.27722998808,126.01378142216,
    127.72072277411,129.39862990494,131.04729416459,132.66666537496,
    134.25938460563,135.82182943635,137.35929942144,138.87257873368,
    140.3662594234,141.72277221575,143.00869487793),.UNSPECIFIED.);
#2780 = CARTESIAN_POINT('',(1.63E-02,55.7427,0.));
#2781 = CARTESIAN_POINT('',(0.73532835026,52.854146127045,0.));
#2782 = CARTESIAN_POINT('',(0.907601590121,47.797204393143,0.));
#2783 = CARTESIAN_POINT('',(1.964988971846,42.041908367337,0.));
#2784 = CARTESIAN_POINT('',(3.545740049227,38.925791985614,0.));
#2785 = CARTESIAN_POINT('',(4.829434561881,37.00049507808,0.));
#2786 = CARTESIAN_POINT('',(6.080101334811,35.424288802042,0.));
#2787 = CARTESIAN_POINT('',(7.31404115918,34.029340675751,0.));
#2788 = CARTESIAN_POINT('',(8.543789782672,32.748198164135,0.));
#2789 = CARTESIAN_POINT('',(9.770747956289,31.542129552224,0.));
#2790 = CARTESIAN_POINT('',(10.995893105225,30.385320125364,0.));
#2791 = CARTESIAN_POINT('',(12.220828262473,29.259531859884,0.));
#2792 = CARTESIAN_POINT('',(13.445658585707,28.148180412281,0.));
#2793 = CARTESIAN_POINT('',(14.668392219016,27.035010020936,0.));
#2794 = CARTESIAN_POINT('',(15.895028128687,25.911012712054,0.));
#2795 = CARTESIAN_POINT('',(17.119698990635,24.753618740442,0.));
#2796 = CARTESIAN_POINT('',(18.346616760137,23.54605504362,0.));
#2797 = CARTESIAN_POINT('',(19.581503980543,22.260119860469,0.));
#2798 = CARTESIAN_POINT('',(20.826781359311,20.828724155165,0.));
#2799 = CARTESIAN_POINT('',(22.201611798101,19.036309543517,0.));
#2800 = CARTESIAN_POINT('',(23.441065213842,16.347080768611,0.));
#2801 = CARTESIAN_POINT('',(24.164596229315,13.236488624122,0.));
#2802 = CARTESIAN_POINT('',(25.586761955366,10.522982086751,0.));
#2803 = CARTESIAN_POINT('',(26.827207849302,8.352294881657,0.));
#2804 = CARTESIAN_POINT('',(28.065097518795,6.41602090258,0.));
#2805 = CARTESIAN_POINT('',(29.294633713791,4.61774314445,0.));
#2806 = CARTESIAN_POINT('',(30.522466577064,2.911759396989,0.));
#2807 = CARTESIAN_POINT('',(31.748376768699,1.266356580912,0.));
#2808 = CARTESIAN_POINT('',(32.972295397264,-0.340371311399,0.));
#2809 = CARTESIAN_POINT('',(34.193478463593,-1.921571874507,0.));
#2810 = CARTESIAN_POINT('',(35.415716094749,-3.481275328495,0.));
#2811 = CARTESIAN_POINT('',(36.637172105483,-5.024674757097,0.));
#2812 = CARTESIAN_POINT('',(37.858936667783,-6.554952677023,0.));
#2813 = CARTESIAN_POINT('',(39.080504030825,-8.075904019921,0.));
#2814 = CARTESIAN_POINT('',(40.302197986036,-9.590821265224,0.));
#2815 = CARTESIAN_POINT('',(41.523973334408,-11.10331780951,0.));
#2816 = CARTESIAN_POINT('',(42.745456263236,-12.61724680186,0.));
#2817 = CARTESIAN_POINT('',(43.967615272893,-14.13578962366,0.));
#2818 = CARTESIAN_POINT('',(45.188389712545,-15.66333885301,0.));
#2819 = CARTESIAN_POINT('',(46.408370032748,-17.19999082345,0.));
#2820 = CARTESIAN_POINT('',(47.628096805323,-18.74282531668,0.));
#2821 = CARTESIAN_POINT('',(48.847794119045,-20.28759645259,0.));
#2822 = CARTESIAN_POINT('',(50.067352469237,-21.82973779005,0.));
#2823 = CARTESIAN_POINT('',(51.287045254985,-23.36429627498,0.));
#2824 = CARTESIAN_POINT('',(52.506678191243,-24.88663681088,0.));
#2825 = CARTESIAN_POINT('',(53.726403337461,-26.39217755341,0.));
#2826 = CARTESIAN_POINT('',(54.947221672612,-27.8771431179,0.));
#2827 = CARTESIAN_POINT('',(56.168612552757,-29.3413240902,0.));
#2828 = CARTESIAN_POINT('',(57.389948193566,-30.78671784225,0.));
#2829 = CARTESIAN_POINT('',(58.611194710616,-32.21546047888,0.));
#2830 = CARTESIAN_POINT('',(59.832369314562,-33.62940987827,0.));
#2831 = CARTESIAN_POINT('',(61.053612463071,-35.03013984023,0.));
#2832 = CARTESIAN_POINT('',(62.274654824422,-36.41934543155,0.));
#2833 = CARTESIAN_POINT('',(63.495805443183,-37.79809918527,0.));
#2834 = CARTESIAN_POINT('',(64.716316901307,-39.16732158679,0.));
#2835 = CARTESIAN_POINT('',(65.934946838286,-40.52529280755,0.));
#2836 = CARTESIAN_POINT('',(67.153366866505,-41.86423510621,0.));
#2837 = CARTESIAN_POINT('',(68.372651562754,-43.17515666322,0.));
#2838 = CARTESIAN_POINT('',(69.591485278795,-44.45174461801,0.));
#2839 = CARTESIAN_POINT('',(70.812399280228,-45.68691259828,0.));
#2840 = CARTESIAN_POINT('',(72.033204503357,-46.88032355955,0.));
#2841 = CARTESIAN_POINT('',(73.253792376634,-48.03167558476,0.));
#2842 = CARTESIAN_POINT('',(74.474127264406,-49.14035952641,0.));
#2843 = CARTESIAN_POINT('',(75.696364006766,-50.20421367785,0.));
#2844 = CARTESIAN_POINT('',(76.914547874122,-51.22833146132,0.));
#2845 = CARTESIAN_POINT('',(78.138744779922,-52.20329547328,0.));
#2846 = CARTESIAN_POINT('',(79.3564253489,-53.13865589252,0.));
#2847 = CARTESIAN_POINT('',(80.589255752584,-54.03408097838,0.));
#2848 = CARTESIAN_POINT('',(81.742736193922,-54.86761113079,0.));
#2849 = CARTESIAN_POINT('',(83.000431539359,-55.65877619325,0.));
#2850 = CARTESIAN_POINT('',(83.838087746977,-55.45520503642,-0.));
#2851 = CARTESIAN_POINT('',(84.2517,-55.0814,0.));
#2852 = PCURVE('',#2399,#2853);
#2853 = DEFINITIONAL_REPRESENTATION('',(#2854),#2858);
#2854 = LINE('',#2855,#2856);
#2855 = CARTESIAN_POINT('',(0.,0.));
#2856 = VECTOR('',#2857,1.);
#2857 = DIRECTION('',(1.,0.));
#2858 = ( GEOMETRIC_REPRESENTATION_CONTEXT(2) 
PARAMETRIC_REPRESENTATION_CONTEXT() REPRESENTATION_CONTEXT('2D SPACE',''
  ) );
#2859 = PCURVE('',#2496,#2860);
#2860 = DEFINITIONAL_REPRESENTATION('',(#2861),#2934);
#2861 = B_SPLINE_CURVE_WITH_KNOTS('',3,(#2862,#2863,#2864,#2865,#2866,
    #2867,#2868,#2869,#2870,#2871,#2872,#2873,#2874,#2875,#2876,#2877,
    #2878,#2879,#2880,#2881,#2882,#2883,#2884,#2885,#2886,#2887,#2888,
    #2889,#2890,#2891,#2892,#2893,#2894,#2895,#2896,#2897,#2898,#2899,
    #2900,#2901,#2902,#2903,#2904,#2905,#2906,#2907,#2908,#2909,#2910,
    #2911,#2912,#2913,#2914,#2915,#2916,#2917,#2918,#2919,#2920,#2921,
    #2922,#2923,#2924,#2925,#2926,#2927,#2928,#2929,#2930,#2931,#2932,
    #2933),.UNSPECIFIED.,.F.,.F.,(4,1,1,1,1,1,1,1,1,1,1,1,1,1,1,1,1,1,1,
    1,1,1,1,1,1,1,1,1,1,1,1,1,1,1,1,1,1,1,1,1,1,1,1,1,1,1,1,1,1,1,1,1,1,
    1,1,1,1,1,1,1,1,1,1,1,1,1,1,1,1,4),(0.,9.25497643898,14.697454714124
    ,17.450808540214,19.661852949966,21.635338421566,23.481421813182,
    25.247510629785,26.961692799123,28.642388477931,30.302243463543,
    31.952689199391,33.604018252408,35.26289764457,36.943834486637,
    38.658797713189,40.427233914952,42.2901584936,44.351532665448,
    47.180769280106,51.093398344884,53.87619863279,56.324435591433,
    58.600452210245,60.76637587227,62.859642560508,64.905524004717,
    66.921887333637,68.91893641929,70.899091129947,72.8664982161,
    74.823690718123,76.773609848144,78.718815640173,80.662146919589,
    82.60657019826,84.554568925338,86.509944385907,88.472839795919,
    90.440720490186,92.410167002081,94.377568405929,96.338997868557,
    98.290861559438,100.22949066698,102.15182598526,104.05792923274,
    105.94963890511,107.82871174099,109.69658434425,111.55449662849,
    113.4037561578,115.24522159149,117.07983900636,118.90645409266,
    120.71898683424,122.51076840324,124.27722998808,126.01378142216,
    127.72072277411,129.39862990494,131.04729416459,132.66666537496,
    134.25938460563,135.82182943635,137.35929942144,138.87257873368,
    140.3662594234,141.72277221575,143.00869487793),.UNSPECIFIED.);
#2862 = CARTESIAN_POINT('',(-53.28456794875,1.805408029953));
#2863 = CARTESIAN_POINT('',(-52.56553959849,-1.083145843001));
#2864 = CARTESIAN_POINT('',(-52.39326635863,-6.140087576903));
#2865 = CARTESIAN_POINT('',(-51.3358789769,-11.89538360271));
#2866 = CARTESIAN_POINT('',(-49.75512789952,-15.01149998443));
#2867 = CARTESIAN_POINT('',(-48.47143338687,-16.93679689196));
#2868 = CARTESIAN_POINT('',(-47.22076661394,-18.513003168));
#2869 = CARTESIAN_POINT('',(-45.98682678957,-19.90795129429));
#2870 = CARTESIAN_POINT('',(-44.75707816608,-21.18909380591));
#2871 = CARTESIAN_POINT('',(-43.53011999246,-22.39516241782));
#2872 = CARTESIAN_POINT('',(-42.30497484353,-23.55197184468));
#2873 = CARTESIAN_POINT('',(-41.08003968628,-24.67776011016));
#2874 = CARTESIAN_POINT('',(-39.85520936304,-25.78911155776));
#2875 = CARTESIAN_POINT('',(-38.63247572973,-26.90228194911));
#2876 = CARTESIAN_POINT('',(-37.40583982006,-28.02627925799));
#2877 = CARTESIAN_POINT('',(-36.18116895812,-29.1836732296));
#2878 = CARTESIAN_POINT('',(-34.95425118861,-30.39123692642));
#2879 = CARTESIAN_POINT('',(-33.71936396821,-31.67717210957));
#2880 = CARTESIAN_POINT('',(-32.47408658944,-33.10856781488));
#2881 = CARTESIAN_POINT('',(-31.09925615065,-34.90098242653));
#2882 = CARTESIAN_POINT('',(-29.85980273491,-37.59021120143));
#2883 = CARTESIAN_POINT('',(-29.13627171944,-40.70080334592));
#2884 = CARTESIAN_POINT('',(-27.71410599338,-43.41430988329));
#2885 = CARTESIAN_POINT('',(-26.47366009945,-45.58499708839));
#2886 = CARTESIAN_POINT('',(-25.23577042996,-47.52127106746));
#2887 = CARTESIAN_POINT('',(-24.00623423496,-49.31954882559));
#2888 = CARTESIAN_POINT('',(-22.77840137169,-51.02553257305));
#2889 = CARTESIAN_POINT('',(-21.55249118005,-52.67093538913));
#2890 = CARTESIAN_POINT('',(-20.32857255149,-54.27766328144));
#2891 = CARTESIAN_POINT('',(-19.10738948516,-55.85886384455));
#2892 = CARTESIAN_POINT('',(-17.885151854,-57.41856729854));
#2893 = CARTESIAN_POINT('',(-16.66369584327,-58.96196672714));
#2894 = CARTESIAN_POINT('',(-15.44193128097,-60.49224464707));
#2895 = CARTESIAN_POINT('',(-14.22036391793,-62.01319598996));
#2896 = CARTESIAN_POINT('',(-12.99866996271,-63.52811323527));
#2897 = CARTESIAN_POINT('',(-11.77689461434,-65.04060977955));
#2898 = CARTESIAN_POINT('',(-10.55541168551,-66.5545387719));
#2899 = CARTESIAN_POINT('',(-9.333252675862,-68.07308159371));
#2900 = CARTESIAN_POINT('',(-8.11247823621,-69.60063082305));
#2901 = CARTESIAN_POINT('',(-6.892497916007,-71.1372827935));
#2902 = CARTESIAN_POINT('',(-5.672771143432,-72.68011728673));
#2903 = CARTESIAN_POINT('',(-4.45307382971,-74.22488842264));
#2904 = CARTESIAN_POINT('',(-3.233515479518,-75.7670297601));
#2905 = CARTESIAN_POINT('',(-2.01382269377,-77.30158824502));
#2906 = CARTESIAN_POINT('',(-0.794189757512,-78.82392878093));
#2907 = CARTESIAN_POINT('',(0.425535388706,-80.32946952346));
#2908 = CARTESIAN_POINT('',(1.646353723857,-81.81443508795));
#2909 = CARTESIAN_POINT('',(2.867744604002,-83.27861606025));
#2910 = CARTESIAN_POINT('',(4.08908024481,-84.72400981229));
#2911 = CARTESIAN_POINT('',(5.310326761861,-86.15275244893));
#2912 = CARTESIAN_POINT('',(6.531501365807,-87.56670184832));
#2913 = CARTESIAN_POINT('',(7.752744514316,-88.96743181028));
#2914 = CARTESIAN_POINT('',(8.973786875667,-90.35663740159));
#2915 = CARTESIAN_POINT('',(10.194937494428,-91.73539115532));
#2916 = CARTESIAN_POINT('',(11.415448952552,-93.10461355683));
#2917 = CARTESIAN_POINT('',(12.634078889531,-94.46258477759));
#2918 = CARTESIAN_POINT('',(13.85249891775,-95.80152707626));
#2919 = CARTESIAN_POINT('',(15.071783613999,-97.11244863327));
#2920 = CARTESIAN_POINT('',(16.29061733004,-98.38903658806));
#2921 = CARTESIAN_POINT('',(17.511531331473,-99.62420456833));
#2922 = CARTESIAN_POINT('',(18.732336554602,-100.8176155295));
#2923 = CARTESIAN_POINT('',(19.952924427879,-101.9689675548));
#2924 = CARTESIAN_POINT('',(21.17325931565,-103.0776514964));
#2925 = CARTESIAN_POINT('',(22.395496058011,-104.1415056478));
#2926 = CARTESIAN_POINT('',(23.613679925367,-105.1656234313));
#2927 = CARTESIAN_POINT('',(24.837876831167,-106.1405874433));
#2928 = CARTESIAN_POINT('',(26.055557400145,-107.0759478625));
#2929 = CARTESIAN_POINT('',(27.288387803829,-107.9713729484));
#2930 = CARTESIAN_POINT('',(28.441868245167,-108.8049031008));
#2931 = CARTESIAN_POINT('',(29.699563590604,-109.5960681632));
#2932 = CARTESIAN_POINT('',(30.537219798222,-109.3924970064));
#2933 = CARTESIAN_POINT('',(30.950832051245,-109.01869197));
#2934 = ( GEOMETRIC_REPRESENTATION_CONTEXT(2) 
PARAMETRIC_REPRESENTATION_CONTEXT() REPRESENTATION_CONTEXT('2D SPACE',''
  ) );
#2935 = ADVANCED_FACE('',(#2936,#3278),#2496,.F.);
#2936 = FACE_BOUND('',#2937,.F.);
#2937 = EDGE_LOOP('',(#2938,#2939,#2940,#2963,#2991,#3019,#3256,#3277));
#2938 = ORIENTED_EDGE('',*,*,#2482,.T.);
#2939 = ORIENTED_EDGE('',*,*,#2777,.T.);
#2940 = ORIENTED_EDGE('',*,*,#2941,.T.);
#2941 = EDGE_CURVE('',#2750,#2942,#2944,.T.);
#2942 = VERTEX_POINT('',#2943);
#2943 = CARTESIAN_POINT('',(174.2517,-55.0814,0.));
#2944 = SURFACE_CURVE('',#2945,(#2949,#2956),.PCURVE_S1.);
#2945 = LINE('',#2946,#2947);
#2946 = CARTESIAN_POINT('',(84.2517,-55.0814,0.));
#2947 = VECTOR('',#2948,1.);
#2948 = DIRECTION('',(1.,0.,0.));
#2949 = PCURVE('',#2496,#2950);
#2950 = DEFINITIONAL_REPRESENTATION('',(#2951),#2955);
#2951 = LINE('',#2952,#2953);
#2952 = CARTESIAN_POINT('',(30.950832051245,-109.01869197));
#2953 = VECTOR('',#2954,1.);
#2954 = DIRECTION('',(1.,0.));
#2955 = ( GEOMETRIC_REPRESENTATION_CONTEXT(2) 
PARAMETRIC_REPRESENTATION_CONTEXT() REPRESENTATION_CONTEXT('2D SPACE',''
  ) );
#2956 = PCURVE('',#2765,#2957);
#2957 = DEFINITIONAL_REPRESENTATION('',(#2958),#2962);
#2958 = LINE('',#2959,#2960);
#2959 = CARTESIAN_POINT('',(0.,0.));
#2960 = VECTOR('',#2961,1.);
#2961 = DIRECTION('',(1.,0.));
#2962 = ( GEOMETRIC_REPRESENTATION_CONTEXT(2) 
PARAMETRIC_REPRESENTATION_CONTEXT() REPRESENTATION_CONTEXT('2D SPACE',''
  ) );
#2963 = ORIENTED_EDGE('',*,*,#2964,.T.);
#2964 = EDGE_CURVE('',#2942,#2965,#2967,.T.);
#2965 = VERTEX_POINT('',#2966);
#2966 = CARTESIAN_POINT('',(174.2517,62.6186,0.));
#2967 = SURFACE_CURVE('',#2968,(#2972,#2979),.PCURVE_S1.);
#2968 = LINE('',#2969,#2970);
#2969 = CARTESIAN_POINT('',(174.2517,-55.0814,0.));
#2970 = VECTOR('',#2971,1.);
#2971 = DIRECTION('',(0.,1.,0.));
#2972 = PCURVE('',#2496,#2973);
#2973 = DEFINITIONAL_REPRESENTATION('',(#2974),#2978);
#2974 = LINE('',#2975,#2976);
#2975 = CARTESIAN_POINT('',(120.95083205124,-109.01869197));
#2976 = VECTOR('',#2977,1.);
#2977 = DIRECTION('',(0.,1.));
#2978 = ( GEOMETRIC_REPRESENTATION_CONTEXT(2) 
PARAMETRIC_REPRESENTATION_CONTEXT() REPRESENTATION_CONTEXT('2D SPACE',''
  ) );
#2979 = PCURVE('',#2980,#2985);
#2980 = PLANE('',#2981);
#2981 = AXIS2_PLACEMENT_3D('',#2982,#2983,#2984);
#2982 = CARTESIAN_POINT('',(174.2517,-55.0814,0.));
#2983 = DIRECTION('',(-1.,0.,0.));
#2984 = DIRECTION('',(0.,1.,0.));
#2985 = DEFINITIONAL_REPRESENTATION('',(#2986),#2990);
#2986 = LINE('',#2987,#2988);
#2987 = CARTESIAN_POINT('',(0.,0.));
#2988 = VECTOR('',#2989,1.);
#2989 = DIRECTION('',(1.,0.));
#2990 = ( GEOMETRIC_REPRESENTATION_CONTEXT(2) 
PARAMETRIC_REPRESENTATION_CONTEXT() REPRESENTATION_CONTEXT('2D SPACE',''
  ) );
#2991 = ORIENTED_EDGE('',*,*,#2992,.T.);
#2992 = EDGE_CURVE('',#2965,#2993,#2995,.T.);
#2993 = VERTEX_POINT('',#2994);
#2994 = CARTESIAN_POINT('',(84.2517,62.6186,0.));
#2995 = SURFACE_CURVE('',#2996,(#3000,#3007),.PCURVE_S1.);
#2996 = LINE('',#2997,#2998);
#2997 = CARTESIAN_POINT('',(174.2517,62.6186,0.));
#2998 = VECTOR('',#2999,1.);
#2999 = DIRECTION('',(-1.,0.,0.));
#3000 = PCURVE('',#2496,#3001);
#3001 = DEFINITIONAL_REPRESENTATION('',(#3002),#3006);
#3002 = LINE('',#3003,#3004);
#3003 = CARTESIAN_POINT('',(120.95083205124,8.681308029953));
#3004 = VECTOR('',#3005,1.);
#3005 = DIRECTION('',(-1.,0.));
#3006 = ( GEOMETRIC_REPRESENTATION_CONTEXT(2) 
PARAMETRIC_REPRESENTATION_CONTEXT() REPRESENTATION_CONTEXT('2D SPACE',''
  ) );
#3007 = PCURVE('',#3008,#3013);
#3008 = PLANE('',#3009);
#3009 = AXIS2_PLACEMENT_3D('',#3010,#3011,#3012);
#3010 = CARTESIAN_POINT('',(174.2517,62.6186,0.));
#3011 = DIRECTION('',(0.,-1.,0.));
#3012 = DIRECTION('',(-1.,0.,0.));
#3013 = DEFINITIONAL_REPRESENTATION('',(#3014),#3018);
#3014 = LINE('',#3015,#3016);
#3015 = CARTESIAN_POINT('',(0.,-0.));
#3016 = VECTOR('',#3017,1.);
#3017 = DIRECTION('',(1.,0.));
#3018 = ( GEOMETRIC_REPRESENTATION_CONTEXT(2) 
PARAMETRIC_REPRESENTATION_CONTEXT() REPRESENTATION_CONTEXT('2D SPACE',''
  ) );
#3019 = ORIENTED_EDGE('',*,*,#3020,.T.);
#3020 = EDGE_CURVE('',#2993,#3021,#3023,.T.);
#3021 = VERTEX_POINT('',#3022);
#3022 = CARTESIAN_POINT('',(1.63E-02,173.4427,0.));
#3023 = SURFACE_CURVE('',#3024,(#3097,#3173),.PCURVE_S1.);
#3024 = B_SPLINE_CURVE_WITH_KNOTS('',3,(#3025,#3026,#3027,#3028,#3029,
    #3030,#3031,#3032,#3033,#3034,#3035,#3036,#3037,#3038,#3039,#3040,
    #3041,#3042,#3043,#3044,#3045,#3046,#3047,#3048,#3049,#3050,#3051,
    #3052,#3053,#3054,#3055,#3056,#3057,#3058,#3059,#3060,#3061,#3062,
    #3063,#3064,#3065,#3066,#3067,#3068,#3069,#3070,#3071,#3072,#3073,
    #3074,#3075,#3076,#3077,#3078,#3079,#3080,#3081,#3082,#3083,#3084,
    #3085,#3086,#3087,#3088,#3089,#3090,#3091,#3092,#3093,#3094,#3095,
    #3096),.UNSPECIFIED.,.F.,.F.,(4,1,1,1,1,1,1,1,1,1,1,1,1,1,1,1,1,1,1,
    1,1,1,1,1,1,1,1,1,1,1,1,1,1,1,1,1,1,1,1,1,1,1,1,1,1,1,1,1,1,1,1,1,1,
    1,1,1,1,1,1,1,1,1,1,1,1,1,1,1,1,4),(0.,1.285922662182,2.642435454528
    ,4.136116144249,5.649395456487,7.186865441584,8.749310272296,
    10.342029502972,11.961400713337,13.610064972995,15.287972103821,
    16.994913455767,18.731464889852,20.497926474692,22.289708043686,
    24.102240785271,25.928855871573,27.763473286442,29.60493872013,
    31.454198249441,33.312110533677,35.179983136943,37.059055972822,
    38.950765645187,40.856868892669,42.779204210946,44.717833318497,
    46.669697009378,48.631126472006,50.598527875854,52.567974387749,
    54.535855082016,56.498750492028,58.454125952597,60.402124679675,
    62.346547958346,64.289879237762,66.235085029791,68.185004159812,
    70.142196661835,72.109603747988,74.089758458645,76.086807544298,
    78.103170873218,80.149052317427,82.242319005665,84.40824266769,
    86.684259286502,89.132496245145,91.915296533051,95.827925597829,
    98.657162212487,100.71853638433,102.58146096298,104.34989716474,
    106.06486039129,107.74579723336,109.40467662552,111.05600567854,
    112.70645141439,114.3663064,116.04700207881,117.76118424815,
    119.52727306475,121.37335645636,123.34684192796,125.55788633772,
    128.31124016381,133.75371843895,143.00869487793),.UNSPECIFIED.);
#3025 = CARTESIAN_POINT('',(84.2517,62.6186,0.));
#3026 = CARTESIAN_POINT('',(83.838087746977,62.244794963571,0.));
#3027 = CARTESIAN_POINT('',(83.000431539359,62.041223806749,0.));
#3028 = CARTESIAN_POINT('',(81.742736193922,62.832388869201,0.));
#3029 = CARTESIAN_POINT('',(80.589255752584,63.665919021619,0.));
#3030 = CARTESIAN_POINT('',(79.3564253489,64.561344107477,0.));
#3031 = CARTESIAN_POINT('',(78.138744779922,65.49670452672,0.));
#3032 = CARTESIAN_POINT('',(76.914547874122,66.471668538676,0.));
#3033 = CARTESIAN_POINT('',(75.696364006766,67.495786322149,0.));
#3034 = CARTESIAN_POINT('',(74.474127264406,68.559640473581,0.));
#3035 = CARTESIAN_POINT('',(73.253792376634,69.668324415231,0.));
#3036 = CARTESIAN_POINT('',(72.033204503357,70.819676440449,0.));
#3037 = CARTESIAN_POINT('',(70.812399280228,72.013087401712,0.));
#3038 = CARTESIAN_POINT('',(69.591485278795,73.248255381984,0.));
#3039 = CARTESIAN_POINT('',(68.372651562754,74.524843336776,0.));
#3040 = CARTESIAN_POINT('',(67.153366866505,75.835764893785,0.));
#3041 = CARTESIAN_POINT('',(65.934946838286,77.17470719245,0.));
#3042 = CARTESIAN_POINT('',(64.716316901307,78.532678413208,0.));
#3043 = CARTESIAN_POINT('',(63.495805443183,79.901900814722,0.));
#3044 = CARTESIAN_POINT('',(62.274654824422,81.280654568448,0.));
#3045 = CARTESIAN_POINT('',(61.053612463071,82.669860159763,0.));
#3046 = CARTESIAN_POINT('',(59.832369314562,84.070590121725,0.));
#3047 = CARTESIAN_POINT('',(58.611194710616,85.484539521114,0.));
#3048 = CARTESIAN_POINT('',(57.389948193566,86.913282157749,0.));
#3049 = CARTESIAN_POINT('',(56.168612552757,88.358675909792,0.));
#3050 = CARTESIAN_POINT('',(54.947221672612,89.822856882097,0.));
#3051 = CARTESIAN_POINT('',(53.726403337461,91.307822446583,0.));
#3052 = CARTESIAN_POINT('',(52.506678191243,92.813363189111,0.));
#3053 = CARTESIAN_POINT('',(51.287045254985,94.335703725018,0.));
#3054 = CARTESIAN_POINT('',(50.067352469237,95.870262209947,0.));
#3055 = CARTESIAN_POINT('',(48.847794119045,97.412403547402,0.));
#3056 = CARTESIAN_POINT('',(47.628096805323,98.957174683315,0.));
#3057 = CARTESIAN_POINT('',(46.408370032748,100.50000917654,0.));
#3058 = CARTESIAN_POINT('',(45.188389712545,102.03666114698,0.));
#3059 = CARTESIAN_POINT('',(43.967615272893,103.56421037633,0.));
#3060 = CARTESIAN_POINT('',(42.745456263236,105.08275319814,0.));
#3061 = CARTESIAN_POINT('',(41.523973334408,106.59668219048,0.));
#3062 = CARTESIAN_POINT('',(40.302197986036,108.10917873477,0.));
#3063 = CARTESIAN_POINT('',(39.080504030825,109.62409598007,0.));
#3064 = CARTESIAN_POINT('',(37.858936667783,111.14504732297,0.));
#3065 = CARTESIAN_POINT('',(36.637172105483,112.6753252429,0.));
#3066 = CARTESIAN_POINT('',(35.415716094749,114.2187246715,0.));
#3067 = CARTESIAN_POINT('',(34.193478463593,115.77842812549,0.));
#3068 = CARTESIAN_POINT('',(32.972295397264,117.3596286886,0.));
#3069 = CARTESIAN_POINT('',(31.748376768699,118.96635658091,0.));
#3070 = CARTESIAN_POINT('',(30.522466577064,120.61175939698,0.));
#3071 = CARTESIAN_POINT('',(29.294633713791,122.31774314445,0.));
#3072 = CARTESIAN_POINT('',(28.065097518795,124.11602090258,0.));
#3073 = CARTESIAN_POINT('',(26.827207849302,126.05229488165,0.));
#3074 = CARTESIAN_POINT('',(25.586761955366,128.22298208675,0.));
#3075 = CARTESIAN_POINT('',(24.164596229315,130.93648862412,0.));
#3076 = CARTESIAN_POINT('',(23.441065213842,134.04708076861,0.));
#3077 = CARTESIAN_POINT('',(22.201611798101,136.73630954351,0.));
#3078 = CARTESIAN_POINT('',(20.826781359311,138.52872415516,0.));
#3079 = CARTESIAN_POINT('',(19.581503980543,139.96011986046,0.));
#3080 = CARTESIAN_POINT('',(18.346616760137,141.24605504362,0.));
#3081 = CARTESIAN_POINT('',(17.119698990635,142.45361874044,0.));
#3082 = CARTESIAN_POINT('',(15.895028128687,143.61101271205,0.));
#3083 = CARTESIAN_POINT('',(14.668392219016,144.73501002093,0.));
#3084 = CARTESIAN_POINT('',(13.445658585707,145.84818041228,0.));
#3085 = CARTESIAN_POINT('',(12.220828262473,146.95953185988,0.));
#3086 = CARTESIAN_POINT('',(10.995893105225,148.08532012536,0.));
#3087 = CARTESIAN_POINT('',(9.770747956289,149.24212955222,0.));
#3088 = CARTESIAN_POINT('',(8.543789782672,150.44819816413,0.));
#3089 = CARTESIAN_POINT('',(7.31404115918,151.72934067575,0.));
#3090 = CARTESIAN_POINT('',(6.080101334811,153.12428880204,0.));
#3091 = CARTESIAN_POINT('',(4.829434561881,154.70049507808,0.));
#3092 = CARTESIAN_POINT('',(3.545740049227,156.62579198561,0.));
#3093 = CARTESIAN_POINT('',(1.964988971846,159.74190836733,0.));
#3094 = CARTESIAN_POINT('',(0.907601590121,165.49720439314,0.));
#3095 = CARTESIAN_POINT('',(0.73532835026,170.55414612704,-0.));
#3096 = CARTESIAN_POINT('',(1.63E-02,173.4427,0.));
#3097 = PCURVE('',#2496,#3098);
#3098 = DEFINITIONAL_REPRESENTATION('',(#3099),#3172);
#3099 = B_SPLINE_CURVE_WITH_KNOTS('',3,(#3100,#3101,#3102,#3103,#3104,
    #3105,#3106,#3107,#3108,#3109,#3110,#3111,#3112,#3113,#3114,#3115,
    #3116,#3117,#3118,#3119,#3120,#3121,#3122,#3123,#3124,#3125,#3126,
    #3127,#3128,#3129,#3130,#3131,#3132,#3133,#3134,#3135,#3136,#3137,
    #3138,#3139,#3140,#3141,#3142,#3143,#3144,#3145,#3146,#3147,#3148,
    #3149,#3150,#3151,#3152,#3153,#3154,#3155,#3156,#3157,#3158,#3159,
    #3160,#3161,#3162,#3163,#3164,#3165,#3166,#3167,#3168,#3169,#3170,
    #3171),.UNSPECIFIED.,.F.,.F.,(4,1,1,1,1,1,1,1,1,1,1,1,1,1,1,1,1,1,1,
    1,1,1,1,1,1,1,1,1,1,1,1,1,1,1,1,1,1,1,1,1,1,1,1,1,1,1,1,1,1,1,1,1,1,
    1,1,1,1,1,1,1,1,1,1,1,1,1,1,1,1,4),(0.,1.285922662182,2.642435454528
    ,4.136116144249,5.649395456487,7.186865441584,8.749310272296,
    10.342029502972,11.961400713337,13.610064972995,15.287972103821,
    16.994913455767,18.731464889852,20.497926474692,22.289708043686,
    24.102240785271,25.928855871573,27.763473286442,29.60493872013,
    31.454198249441,33.312110533677,35.179983136943,37.059055972822,
    38.950765645187,40.856868892669,42.779204210946,44.717833318497,
    46.669697009378,48.631126472006,50.598527875854,52.567974387749,
    54.535855082016,56.498750492028,58.454125952597,60.402124679675,
    62.346547958346,64.289879237762,66.235085029791,68.185004159812,
    70.142196661835,72.109603747988,74.089758458645,76.086807544298,
    78.103170873218,80.149052317427,82.242319005665,84.40824266769,
    86.684259286502,89.132496245145,91.915296533051,95.827925597829,
    98.657162212487,100.71853638433,102.58146096298,104.34989716474,
    106.06486039129,107.74579723336,109.40467662552,111.05600567854,
    112.70645141439,114.3663064,116.04700207881,117.76118424815,
    119.52727306475,121.37335645636,123.34684192796,125.55788633772,
    128.31124016381,133.75371843895,143.00869487793),.UNSPECIFIED.);
#3100 = CARTESIAN_POINT('',(30.950832051245,8.681308029953));
#3101 = CARTESIAN_POINT('',(30.537219798222,8.307502993525));
#3102 = CARTESIAN_POINT('',(29.699563590604,8.103931836703));
#3103 = CARTESIAN_POINT('',(28.441868245167,8.895096899154));
#3104 = CARTESIAN_POINT('',(27.288387803829,9.728627051573));
#3105 = CARTESIAN_POINT('',(26.055557400145,10.624052137431));
#3106 = CARTESIAN_POINT('',(24.837876831167,11.559412556674));
#3107 = CARTESIAN_POINT('',(23.613679925367,12.534376568629));
#3108 = CARTESIAN_POINT('',(22.395496058011,13.558494352102));
#3109 = CARTESIAN_POINT('',(21.17325931565,14.622348503534));
#3110 = CARTESIAN_POINT('',(19.952924427879,15.731032445184));
#3111 = CARTESIAN_POINT('',(18.732336554602,16.882384470403));
#3112 = CARTESIAN_POINT('',(17.511531331473,18.075795431665));
#3113 = CARTESIAN_POINT('',(16.29061733004,19.310963411937));
#3114 = CARTESIAN_POINT('',(15.071783613999,20.58755136673));
#3115 = CARTESIAN_POINT('',(13.85249891775,21.898472923738));
#3116 = CARTESIAN_POINT('',(12.634078889531,23.237415222404));
#3117 = CARTESIAN_POINT('',(11.415448952552,24.595386443162));
#3118 = CARTESIAN_POINT('',(10.194937494428,25.964608844675));
#3119 = CARTESIAN_POINT('',(8.973786875667,27.343362598402));
#3120 = CARTESIAN_POINT('',(7.752744514316,28.732568189717));
#3121 = CARTESIAN_POINT('',(6.531501365807,30.133298151679));
#3122 = CARTESIAN_POINT('',(5.310326761861,31.547247551067));
#3123 = CARTESIAN_POINT('',(4.08908024481,32.975990187702));
#3124 = CARTESIAN_POINT('',(2.867744604002,34.421383939746));
#3125 = CARTESIAN_POINT('',(1.646353723857,35.88556491205));
#3126 = CARTESIAN_POINT('',(0.425535388706,37.370530476536));
#3127 = CARTESIAN_POINT('',(-0.794189757512,38.876071219065));
#3128 = CARTESIAN_POINT('',(-2.01382269377,40.398411754971));
#3129 = CARTESIAN_POINT('',(-3.233515479518,41.9329702399));
#3130 = CARTESIAN_POINT('',(-4.45307382971,43.475111577356));
#3131 = CARTESIAN_POINT('',(-5.672771143432,45.019882713268));
#3132 = CARTESIAN_POINT('',(-6.892497916007,46.562717206499));
#3133 = CARTESIAN_POINT('',(-8.11247823621,48.099369176943));
#3134 = CARTESIAN_POINT('',(-9.333252675862,49.626918406289));
#3135 = CARTESIAN_POINT('',(-10.55541168551,51.145461228094));
#3136 = CARTESIAN_POINT('',(-11.77689461434,52.659390220441));
#3137 = CARTESIAN_POINT('',(-12.99866996271,54.17188676473));
#3138 = CARTESIAN_POINT('',(-14.22036391793,55.686804010033));
#3139 = CARTESIAN_POINT('',(-15.44193128097,57.20775535293));
#3140 = CARTESIAN_POINT('',(-16.66369584327,58.738033272857));
#3141 = CARTESIAN_POINT('',(-17.885151854,60.281432701459));
#3142 = CARTESIAN_POINT('',(-19.10738948516,61.841136155447));
#3143 = CARTESIAN_POINT('',(-20.32857255149,63.422336718555));
#3144 = CARTESIAN_POINT('',(-21.55249118005,65.029064610865));
#3145 = CARTESIAN_POINT('',(-22.77840137169,66.674467426943));
#3146 = CARTESIAN_POINT('',(-24.00623423496,68.380451174404));
#3147 = CARTESIAN_POINT('',(-25.23577042996,70.178728932534));
#3148 = CARTESIAN_POINT('',(-26.47366009945,72.11500291161));
#3149 = CARTESIAN_POINT('',(-27.71410599338,74.285690116705));
#3150 = CARTESIAN_POINT('',(-29.13627171944,76.999196654076));
#3151 = CARTESIAN_POINT('',(-29.85980273491,80.109788798565));
#3152 = CARTESIAN_POINT('',(-31.09925615065,82.79901757347));
#3153 = CARTESIAN_POINT('',(-32.47408658944,84.591432185118));
#3154 = CARTESIAN_POINT('',(-33.71936396821,86.022827890422));
#3155 = CARTESIAN_POINT('',(-34.95425118861,87.308763073573));
#3156 = CARTESIAN_POINT('',(-36.18116895812,88.516326770396));
#3157 = CARTESIAN_POINT('',(-37.40583982006,89.673720742008));
#3158 = CARTESIAN_POINT('',(-38.63247572973,90.79771805089));
#3159 = CARTESIAN_POINT('',(-39.85520936304,91.910888442234));
#3160 = CARTESIAN_POINT('',(-41.08003968628,93.022239889838));
#3161 = CARTESIAN_POINT('',(-42.30497484353,94.148028155317));
#3162 = CARTESIAN_POINT('',(-43.53011999246,95.304837582177));
#3163 = CARTESIAN_POINT('',(-44.75707816608,96.510906194089));
#3164 = CARTESIAN_POINT('',(-45.98682678957,97.792048705704));
#3165 = CARTESIAN_POINT('',(-47.22076661394,99.186996831996));
#3166 = CARTESIAN_POINT('',(-48.47143338687,100.76320310803));
#3167 = CARTESIAN_POINT('',(-49.75512789952,102.68850001556));
#3168 = CARTESIAN_POINT('',(-51.3358789769,105.80461639729));
#3169 = CARTESIAN_POINT('',(-52.39326635863,111.55991242309));
#3170 = CARTESIAN_POINT('',(-52.56553959849,116.61685415699));
#3171 = CARTESIAN_POINT('',(-53.28456794875,119.50540802995));
#3172 = ( GEOMETRIC_REPRESENTATION_CONTEXT(2) 
PARAMETRIC_REPRESENTATION_CONTEXT() REPRESENTATION_CONTEXT('2D SPACE',''
  ) );
#3173 = PCURVE('',#3174,#3250);
#3174 = SURFACE_OF_LINEAR_EXTRUSION('',#3175,#3248);
#3175 = B_SPLINE_CURVE_WITH_KNOTS('',3,(#3176,#3177,#3178,#3179,#3180,
    #3181,#3182,#3183,#3184,#3185,#3186,#3187,#3188,#3189,#3190,#3191,
    #3192,#3193,#3194,#3195,#3196,#3197,#3198,#3199,#3200,#3201,#3202,
    #3203,#3204,#3205,#3206,#3207,#3208,#3209,#3210,#3211,#3212,#3213,
    #3214,#3215,#3216,#3217,#3218,#3219,#3220,#3221,#3222,#3223,#3224,
    #3225,#3226,#3227,#3228,#3229,#3230,#3231,#3232,#3233,#3234,#3235,
    #3236,#3237,#3238,#3239,#3240,#3241,#3242,#3243,#3244,#3245,#3246,
    #3247),.UNSPECIFIED.,.F.,.F.,(4,1,1,1,1,1,1,1,1,1,1,1,1,1,1,1,1,1,1,
    1,1,1,1,1,1,1,1,1,1,1,1,1,1,1,1,1,1,1,1,1,1,1,1,1,1,1,1,1,1,1,1,1,1,
    1,1,1,1,1,1,1,1,1,1,1,1,1,1,1,1,4),(0.,1.285922662182,2.642435454528
    ,4.136116144249,5.649395456487,7.186865441584,8.749310272296,
    10.342029502972,11.961400713337,13.610064972995,15.287972103821,
    16.994913455767,18.731464889852,20.497926474692,22.289708043686,
    24.102240785271,25.928855871573,27.763473286442,29.60493872013,
    31.454198249441,33.312110533677,35.179983136943,37.059055972822,
    38.950765645187,40.856868892669,42.779204210946,44.717833318497,
    46.669697009378,48.631126472006,50.598527875854,52.567974387749,
    54.535855082016,56.498750492028,58.454125952597,60.402124679675,
    62.346547958346,64.289879237762,66.235085029791,68.185004159812,
    70.142196661835,72.109603747988,74.089758458645,76.086807544298,
    78.103170873218,80.149052317427,82.242319005665,84.40824266769,
    86.684259286502,89.132496245145,91.915296533051,95.827925597829,
    98.657162212487,100.71853638433,102.58146096298,104.34989716474,
    106.06486039129,107.74579723336,109.40467662552,111.05600567854,
    112.70645141439,114.3663064,116.04700207881,117.76118424815,
    119.52727306475,121.37335645636,123.34684192796,125.55788633772,
    128.31124016381,133.75371843895,143.00869487793),.UNSPECIFIED.);
#3176 = CARTESIAN_POINT('',(84.2517,62.6186,0.));
#3177 = CARTESIAN_POINT('',(83.838087746977,62.244794963571,0.));
#3178 = CARTESIAN_POINT('',(83.000431539359,62.041223806749,0.));
#3179 = CARTESIAN_POINT('',(81.742736193922,62.832388869201,0.));
#3180 = CARTESIAN_POINT('',(80.589255752584,63.665919021619,0.));
#3181 = CARTESIAN_POINT('',(79.3564253489,64.561344107477,0.));
#3182 = CARTESIAN_POINT('',(78.138744779922,65.49670452672,0.));
#3183 = CARTESIAN_POINT('',(76.914547874122,66.471668538676,0.));
#3184 = CARTESIAN_POINT('',(75.696364006766,67.495786322149,0.));
#3185 = CARTESIAN_POINT('',(74.474127264406,68.559640473581,0.));
#3186 = CARTESIAN_POINT('',(73.253792376634,69.668324415231,0.));
#3187 = CARTESIAN_POINT('',(72.033204503357,70.819676440449,0.));
#3188 = CARTESIAN_POINT('',(70.812399280228,72.013087401712,0.));
#3189 = CARTESIAN_POINT('',(69.591485278795,73.248255381984,0.));
#3190 = CARTESIAN_POINT('',(68.372651562754,74.524843336776,0.));
#3191 = CARTESIAN_POINT('',(67.153366866505,75.835764893785,0.));
#3192 = CARTESIAN_POINT('',(65.934946838286,77.17470719245,0.));
#3193 = CARTESIAN_POINT('',(64.716316901307,78.532678413208,0.));
#3194 = CARTESIAN_POINT('',(63.495805443183,79.901900814722,0.));
#3195 = CARTESIAN_POINT('',(62.274654824422,81.280654568448,0.));
#3196 = CARTESIAN_POINT('',(61.053612463071,82.669860159763,0.));
#3197 = CARTESIAN_POINT('',(59.832369314562,84.070590121725,0.));
#3198 = CARTESIAN_POINT('',(58.611194710616,85.484539521114,0.));
#3199 = CARTESIAN_POINT('',(57.389948193566,86.913282157749,0.));
#3200 = CARTESIAN_POINT('',(56.168612552757,88.358675909792,0.));
#3201 = CARTESIAN_POINT('',(54.947221672612,89.822856882097,0.));
#3202 = CARTESIAN_POINT('',(53.726403337461,91.307822446583,0.));
#3203 = CARTESIAN_POINT('',(52.506678191243,92.813363189111,0.));
#3204 = CARTESIAN_POINT('',(51.287045254985,94.335703725018,0.));
#3205 = CARTESIAN_POINT('',(50.067352469237,95.870262209947,0.));
#3206 = CARTESIAN_POINT('',(48.847794119045,97.412403547402,0.));
#3207 = CARTESIAN_POINT('',(47.628096805323,98.957174683315,0.));
#3208 = CARTESIAN_POINT('',(46.408370032748,100.50000917654,0.));
#3209 = CARTESIAN_POINT('',(45.188389712545,102.03666114698,0.));
#3210 = CARTESIAN_POINT('',(43.967615272893,103.56421037633,0.));
#3211 = CARTESIAN_POINT('',(42.745456263236,105.08275319814,0.));
#3212 = CARTESIAN_POINT('',(41.523973334408,106.59668219048,0.));
#3213 = CARTESIAN_POINT('',(40.302197986036,108.10917873477,0.));
#3214 = CARTESIAN_POINT('',(39.080504030825,109.62409598007,0.));
#3215 = CARTESIAN_POINT('',(37.858936667783,111.14504732297,0.));
#3216 = CARTESIAN_POINT('',(36.637172105483,112.6753252429,0.));
#3217 = CARTESIAN_POINT('',(35.415716094749,114.2187246715,0.));
#3218 = CARTESIAN_POINT('',(34.193478463593,115.77842812549,0.));
#3219 = CARTESIAN_POINT('',(32.972295397264,117.3596286886,0.));
#3220 = CARTESIAN_POINT('',(31.748376768699,118.96635658091,0.));
#3221 = CARTESIAN_POINT('',(30.522466577064,120.61175939698,0.));
#3222 = CARTESIAN_POINT('',(29.294633713791,122.31774314445,0.));
#3223 = CARTESIAN_POINT('',(28.065097518795,124.11602090258,0.));
#3224 = CARTESIAN_POINT('',(26.827207849302,126.05229488165,0.));
#3225 = CARTESIAN_POINT('',(25.586761955366,128.22298208675,0.));
#3226 = CARTESIAN_POINT('',(24.164596229315,130.93648862412,0.));
#3227 = CARTESIAN_POINT('',(23.441065213842,134.04708076861,0.));
#3228 = CARTESIAN_POINT('',(22.201611798101,136.73630954351,0.));
#3229 = CARTESIAN_POINT('',(20.826781359311,138.52872415516,0.));
#3230 = CARTESIAN_POINT('',(19.581503980543,139.96011986046,0.));
#3231 = CARTESIAN_POINT('',(18.346616760137,141.24605504362,0.));
#3232 = CARTESIAN_POINT('',(17.119698990635,142.45361874044,0.));
#3233 = CARTESIAN_POINT('',(15.895028128687,143.61101271205,0.));
#3234 = CARTESIAN_POINT('',(14.668392219016,144.73501002093,0.));
#3235 = CARTESIAN_POINT('',(13.445658585707,145.84818041228,0.));
#3236 = CARTESIAN_POINT('',(12.220828262473,146.95953185988,0.));
#3237 = CARTESIAN_POINT('',(10.995893105225,148.08532012536,0.));
#3238 = CARTESIAN_POINT('',(9.770747956289,149.24212955222,0.));
#3239 = CARTESIAN_POINT('',(8.543789782672,150.44819816413,0.));
#3240 = CARTESIAN_POINT('',(7.31404115918,151.72934067575,0.));
#3241 = CARTESIAN_POINT('',(6.080101334811,153.12428880204,0.));
#3242 = CARTESIAN_POINT('',(4.829434561881,154.70049507808,0.));
#3243 = CARTESIAN_POINT('',(3.545740049227,156.62579198561,0.));
#3244 = CARTESIAN_POINT('',(1.964988971846,159.74190836733,0.));
#3245 = CARTESIAN_POINT('',(0.907601590121,165.49720439314,0.));
#3246 = CARTESIAN_POINT('',(0.73532835026,170.55414612704,-0.));
#3247 = CARTESIAN_POINT('',(1.63E-02,173.4427,0.));
#3248 = VECTOR('',#3249,1.);
#3249 = DIRECTION('',(-0.,-0.,-1.));
#3250 = DEFINITIONAL_REPRESENTATION('',(#3251),#3255);
#3251 = LINE('',#3252,#3253);
#3252 = CARTESIAN_POINT('',(0.,0.));
#3253 = VECTOR('',#3254,1.);
#3254 = DIRECTION('',(1.,0.));
#3255 = ( GEOMETRIC_REPRESENTATION_CONTEXT(2) 
PARAMETRIC_REPRESENTATION_CONTEXT() REPRESENTATION_CONTEXT('2D SPACE',''
  ) );
#3256 = ORIENTED_EDGE('',*,*,#3257,.T.);
#3257 = EDGE_CURVE('',#3021,#2512,#3258,.T.);
#3258 = SURFACE_CURVE('',#3259,(#3263,#3270),.PCURVE_S1.);
#3259 = LINE('',#3260,#3261);
#3260 = CARTESIAN_POINT('',(1.63E-02,173.4427,0.));
#3261 = VECTOR('',#3262,1.);
#3262 = DIRECTION('',(-1.,0.,0.));
#3263 = PCURVE('',#2496,#3264);
#3264 = DEFINITIONAL_REPRESENTATION('',(#3265),#3269);
#3265 = LINE('',#3266,#3267);
#3266 = CARTESIAN_POINT('',(-53.28456794875,119.50540802995));
#3267 = VECTOR('',#3268,1.);
#3268 = DIRECTION('',(-1.,0.));
#3269 = ( GEOMETRIC_REPRESENTATION_CONTEXT(2) 
PARAMETRIC_REPRESENTATION_CONTEXT() REPRESENTATION_CONTEXT('2D SPACE',''
  ) );
#3270 = PCURVE('',#2529,#3271);
#3271 = DEFINITIONAL_REPRESENTATION('',(#3272),#3276);
#3272 = LINE('',#3273,#3274);
#3273 = CARTESIAN_POINT('',(0.,-0.));
#3274 = VECTOR('',#3275,1.);
#3275 = DIRECTION('',(1.,0.));
#3276 = ( GEOMETRIC_REPRESENTATION_CONTEXT(2) 
PARAMETRIC_REPRESENTATION_CONTEXT() REPRESENTATION_CONTEXT('2D SPACE',''
  ) );
#3277 = ORIENTED_EDGE('',*,*,#2563,.T.);
#3278 = FACE_BOUND('',#3279,.F.);
#3279 = EDGE_LOOP('',(#3280));
#3280 = ORIENTED_EDGE('',*,*,#3281,.T.);
#3281 = EDGE_CURVE('',#3282,#3282,#3284,.T.);
#3282 = VERTEX_POINT('',#3283);
#3283 = CARTESIAN_POINT('',(23.2738,113.8936,0.));
#3284 = SURFACE_CURVE('',#3285,(#3529,#3776),.PCURVE_S1.);
#3285 = B_SPLINE_CURVE_WITH_KNOTS('',3,(#3286,#3287,#3288,#3289,#3290,
    #3291,#3292,#3293,#3294,#3295,#3296,#3297,#3298,#3299,#3300,#3301,
    #3302,#3303,#3304,#3305,#3306,#3307,#3308,#3309,#3310,#3311,#3312,
    #3313,#3314,#3315,#3316,#3317,#3318,#3319,#3320,#3321,#3322,#3323,
    #3324,#3325,#3326,#3327,#3328,#3329,#3330,#3331,#3332,#3333,#3334,
    #3335,#3336,#3337,#3338,#3339,#3340,#3341,#3342,#3343,#3344,#3345,
    #3346,#3347,#3348,#3349,#3350,#3351,#3352,#3353,#3354,#3355,#3356,
    #3357,#3358,#3359,#3360,#3361,#3362,#3363,#3364,#3365,#3366,#3367,
    #3368,#3369,#3370,#3371,#3372,#3373,#3374,#3375,#3376,#3377,#3378,
    #3379,#3380,#3381,#3382,#3383,#3384,#3385,#3386,#3387,#3388,#3389,
    #3390,#3391,#3392,#3393,#3394,#3395,#3396,#3397,#3398,#3399,#3400,
    #3401,#3402,#3403,#3404,#3405,#3406,#3407,#3408,#3409,#3410,#3411,
    #3412,#3413,#3414,#3415,#3416,#3417,#3418,#3419,#3420,#3421,#3422,
    #3423,#3424,#3425,#3426,#3427,#3428,#3429,#3430,#3431,#3432,#3433,
    #3434,#3435,#3436,#3437,#3438,#3439,#3440,#3441,#3442,#3443,#3444,
    #3445,#3446,#3447,#3448,#3449,#3450,#3451,#3452,#3453,#3454,#3455,
    #3456,#3457,#3458,#3459,#3460,#3461,#3462,#3463,#3464,#3465,#3466,
    #3467,#3468,#3469,#3470,#3471,#3472,#3473,#3474,#3475,#3476,#3477,
    #3478,#3479,#3480,#3481,#3482,#3483,#3484,#3485,#3486,#3487,#3488,
    #3489,#3490,#3491,#3492,#3493,#3494,#3495,#3496,#3497,#3498,#3499,
    #3500,#3501,#3502,#3503,#3504,#3505,#3506,#3507,#3508,#3509,#3510,
    #3511,#3512,#3513,#3514,#3515,#3516,#3517,#3518,#3519,#3520,#3521,
    #3522,#3523,#3524,#3525,#3526,#3527,#3528),.UNSPECIFIED.,.T.,.F.,(1,
    1,2,1,1,1,1,1,1,1,1,1,1,1,1,1,1,1,1,1,1,1,1,1,1,1,1,1,1,1,1,1,1,1,1,
    1,1,1,1,1,1,1,1,1,1,1,1,1,1,1,1,1,1,1,1,1,1,1,1,1,1,1,1,1,1,1,1,1,1,
    1,1,1,1,1,1,1,1,1,1,1,1,1,1,1,1,1,1,1,1,1,1,1,1,1,1,1,1,1,1,1,1,1,1,
    1,1,1,1,1,1,1,1,1,1,1,1,1,1,1,1,1,1,1,1,1,1,1,1,1,1,1,1,1,1,1,1,1,1,
    1,1,1,1,1,1,1,1,1,1,1,1,1,1,1,1,1,1,1,1,1,1,1,1,1,1,1,1,1,1,1,1,1,1,
    1,1,1,1,1,1,1,1,1,1,1,1,1,1,1,1,1,1,1,1,1,1,1,1,1,1,1,1,1,1,1,1,1,1,
    1,1,1,1,1,1,1,1,1,1,1,1,1,1,1,1,1,1,1,1,1,1,1,1,1,1,1,1,1,1,1,1,1,1,
    1,1,1,2,1,1),(-2.665651851091,-1.332779088972,0.,1.333450355281,
    2.666975083211,4.000432187883,5.333917774607,6.667441602665,
    8.000953724845,9.334460807691,10.668054992591,12.001566582342,
    13.335182006668,14.668692989,16.002276387217,17.335777898277,
    18.669360119214,20.002942756324,21.336482107074,22.670028465474,
    24.003702518607,25.337168427432,26.670803227518,28.004387484324,
    29.337934828815,30.671520000448,32.005117855876,33.338690381087,
    34.672225191282,36.005822000666,37.339371084877,38.672987540234,
    40.006466767669,41.340065001771,42.673671484209,44.007238419162,
    45.340760271251,46.674411593749,48.007932947159,49.341509555382,
    50.675026683131,52.00865498592,53.342197444937,54.675817128355,
    56.009400639051,57.342918123001,58.676558231876,60.010060237873,
    61.343651348372,62.67724348992,64.010747175704,65.344384945115,
    66.677932488325,68.011478925462,69.34511495152,70.678620230849,
    72.01222483867,73.345800457073,74.679396591591,76.012927307397,
    77.346529257006,78.680071716023,80.013686480488,81.347245065628,
    82.680788799444,84.014408404129,85.347970869857,86.681519927823,
    88.015140522295,89.348703846625,90.68229414728,92.015824083202,
    93.349335856678,94.682965584151,96.016515770684,97.350077655262,
    98.683665567625,100.0172706441,101.35079990512,102.68441636047,
    104.01795250547,105.35153250682,106.68509080325,108.01863165377,
    109.35218702945,110.68582005619,112.01932390695,113.3529324927,
    114.68647904232,116.02005699655,117.35361321209,118.68707022302,
    120.02068285793,121.35416365644,122.68768352881,124.02121800906,
    125.35468235803,126.68822465583,127.99485545678,129.29563124453,
    130.5963607091,131.89718849555,133.23020169879,134.56369862417,
    135.89729874789,137.23086121362,138.56438122097,139.89805246232,
    141.23155907273,142.56514858978,143.89866220426,145.23231094362,
    146.56583531535,147.89943183979,149.23301965092,150.56659561427,
    151.90011605655,153.23366490455,154.56721938788,155.90077475981,
    157.23442066859,158.56792043986,159.90157227224,161.23510125205,
    162.56864933892,163.9022273269,165.23573944533,166.56935680049,
    167.90289243931,169.23648190013,170.56996765183,171.9035917218,
    173.2370991646,174.57062175533,175.90429323662,177.23785930173,
    178.57136408612,179.90489100748,181.23848060702,182.57207263234,
    183.90560497916,185.23913376025,186.57269132181,187.9063057226,
    189.23984514084,190.57340550318,191.90699674865,193.24053029904,
    194.57409613918,195.9076527559,197.24122720077,198.57476664526,
    199.90839510926,201.24186601633,202.57546128477,203.90903297763,
    205.24258129696,206.57613016371,207.90975930631,209.24325447316,
    210.57680990882,211.91036715544,213.24394124412,214.57751204464,
    215.91104027081,217.24463403955,218.57813901516,219.9117432818,
    221.24529289468,222.57880904381,223.91244481493,225.24594529487,
    226.5794948815,227.91305031717,229.24660350321,230.58015762659,
    231.91368718757,233.24728084757,234.58082024707,235.91439040645,
    237.24800176288,238.58154439062,239.91503815139,241.24864920788,
    242.58221294839,243.91571243845,245.2492753991,246.58288485092,
    247.91639369979,249.25002307109,250.58349064475,251.91706776663,
    253.25066659686,254.58425031377,255.91773948508,257.25135529932,
    258.58493115768,259.91848516484,261.25205098623,262.58557898744,
    263.9192302462,265.25280235524,266.58629334133,267.9198719292,
    269.25350744162,270.58706080763,271.92059849364,273.25419222863,
    274.58774269261,275.92135202821,277.25490009634,278.58845326363,
    279.92206733824,281.25556298878,282.58915273079,283.92258264271,
    285.25539998954,286.58816747488,287.92100572464,289.25384732438,
    290.58669016958,291.91947601134,293.2523586956,294.58516278473,
    295.91793205583,297.25081043363,298.58364088046,299.91641759844,
    301.24919361864,302.58206127148,303.91491028769,305.24769903689,
    306.58053086799,307.91330747343,309.24615932191,310.57901639227,
    311.91181582204,313.24465791696,314.57747485863,315.91026648901,
    317.2430555796,318.57592834172,319.90870743069,321.24215778597,
    322.5756825139),.UNSPECIFIED.);
#3286 = CARTESIAN_POINT('',(23.222798385879,114.33497764014,0.));
#3287 = CARTESIAN_POINT('',(23.324827301548,113.45200005598,0.));
#3288 = CARTESIAN_POINT('',(23.444874961666,112.57095013787,0.));
#3289 = CARTESIAN_POINT('',(23.676117862768,111.25733745498,0.));
#3290 = CARTESIAN_POINT('',(23.955829647807,109.95322121022,0.));
#3291 = CARTESIAN_POINT('',(24.280976998367,108.65972265416,0.));
#3292 = CARTESIAN_POINT('',(24.647686748114,107.37739653654,0.));
#3293 = CARTESIAN_POINT('',(25.054071085206,106.10710668397,0.));
#3294 = CARTESIAN_POINT('',(25.496033604264,104.84876419585,0.));
#3295 = CARTESIAN_POINT('',(25.970853999282,103.60247298848,0.));
#3296 = CARTESIAN_POINT('',(26.475303068191,102.36786393939,0.));
#3297 = CARTESIAN_POINT('',(27.006803543496,101.14470541154,0.));
#3298 = CARTESIAN_POINT('',(27.562807250001,99.93248324983,0.));
#3299 = CARTESIAN_POINT('',(28.140412936874,98.730464888317,0.));
#3300 = CARTESIAN_POINT('',(28.73707937031,97.537782933761,0.));
#3301 = CARTESIAN_POINT('',(29.350142851125,96.353459826858,0.));
#3302 = CARTESIAN_POINT('',(29.977355258529,95.176565740077,0.));
#3303 = CARTESIAN_POINT('',(30.616189354993,94.005963937436,0.));
#3304 = CARTESIAN_POINT('',(31.264108978077,92.840339649417,0.));
#3305 = CARTESIAN_POINT('',(31.918687317291,91.678475861696,0.));
#3306 = CARTESIAN_POINT('',(32.57735131872,90.518893586942,0.));
#3307 = CARTESIAN_POINT('',(33.237659680047,89.360282236645,0.));
#3308 = CARTESIAN_POINT('',(33.899373274916,88.202441664979,0.));
#3309 = CARTESIAN_POINT('',(34.561802364326,87.045029552271,0.));
#3310 = CARTESIAN_POINT('',(35.224857121978,85.887970544166,0.));
#3311 = CARTESIAN_POINT('',(35.888185935106,84.73105897941,0.));
#3312 = CARTESIAN_POINT('',(36.550965606076,83.573852060092,0.));
#3313 = CARTESIAN_POINT('',(37.213313986329,82.416398541692,0.));
#3314 = CARTESIAN_POINT('',(37.874436102798,81.258252902518,0.));
#3315 = CARTESIAN_POINT('',(38.534107810808,80.099249128744,0.));
#3316 = CARTESIAN_POINT('',(39.191979873989,78.93926751776,0.));
#3317 = CARTESIAN_POINT('',(39.847445597766,77.777905406973,0.));
#3318 = CARTESIAN_POINT('',(40.500352816426,76.615106317721,0.));
#3319 = CARTESIAN_POINT('',(41.149965535849,75.450429450615,0.));
#3320 = CARTESIAN_POINT('',(41.796134266896,74.283867279849,0.));
#3321 = CARTESIAN_POINT('',(42.438460977008,73.115167244357,0.));
#3322 = CARTESIAN_POINT('',(43.076338868464,71.94404993559,0.));
#3323 = CARTESIAN_POINT('',(43.709668399748,70.770445505382,0.));
#3324 = CARTESIAN_POINT('',(44.337818598421,69.594110062942,0.));
#3325 = CARTESIAN_POINT('',(44.960418098661,68.414787804611,0.));
#3326 = CARTESIAN_POINT('',(45.578207135879,67.232951962425,0.));
#3327 = CARTESIAN_POINT('',(46.191089932846,66.048526346423,0.));
#3328 = CARTESIAN_POINT('',(46.799897013156,64.862018617141,0.));
#3329 = CARTESIAN_POINT('',(47.405085360888,63.673671047677,0.));
#3330 = CARTESIAN_POINT('',(48.0073047865,62.483808838894,0.));
#3331 = CARTESIAN_POINT('',(48.60659376229,61.292498910396,0.));
#3332 = CARTESIAN_POINT('',(49.2040072545,60.100220432723,0.));
#3333 = CARTESIAN_POINT('',(49.799649752704,58.907074257854,0.));
#3334 = CARTESIAN_POINT('',(50.394394924863,57.713480199403,0.));
#3335 = CARTESIAN_POINT('',(50.988498613233,56.519549381358,0.));
#3336 = CARTESIAN_POINT('',(51.582723478975,55.325695504758,0.));
#3337 = CARTESIAN_POINT('',(52.177333382628,54.132017374685,0.));
#3338 = CARTESIAN_POINT('',(52.772941766462,52.938837507402,0.));
#3339 = CARTESIAN_POINT('',(53.370173359216,51.746484923446,0.));
#3340 = CARTESIAN_POINT('',(53.969256206527,50.555039183137,0.));
#3341 = CARTESIAN_POINT('',(54.57108223063,49.364998960615,0.));
#3342 = CARTESIAN_POINT('',(55.175402322786,48.176189662244,0.));
#3343 = CARTESIAN_POINT('',(55.782115914467,46.988627771461,0.));
#3344 = CARTESIAN_POINT('',(56.391078398834,45.802207903159,0.));
#3345 = CARTESIAN_POINT('',(57.002027470958,44.616829835398,0.));
#3346 = CARTESIAN_POINT('',(57.615169969069,43.432553574231,0.));
#3347 = CARTESIAN_POINT('',(58.229752565772,42.249040320971,0.));
#3348 = CARTESIAN_POINT('',(58.846368075236,41.066584424476,0.));
#3349 = CARTESIAN_POINT('',(59.464362153643,39.884846891677,0.));
#3350 = CARTESIAN_POINT('',(60.083854306564,38.703892438506,0.));
#3351 = CARTESIAN_POINT('',(60.704768282652,37.523682942266,0.));
#3352 = CARTESIAN_POINT('',(61.327060239598,36.344199236526,0.));
#3353 = CARTESIAN_POINT('',(61.950257698876,35.165193340518,0.));
#3354 = CARTESIAN_POINT('',(62.574861802493,33.986916479344,0.));
#3355 = CARTESIAN_POINT('',(63.200306214131,32.809119776876,0.));
#3356 = CARTESIAN_POINT('',(63.826848595877,31.631926183799,0.));
#3357 = CARTESIAN_POINT('',(64.454288522528,30.455195958974,0.));
#3358 = CARTESIAN_POINT('',(65.082511549901,29.278875893488,0.));
#3359 = CARTESIAN_POINT('',(65.712398095157,28.103425998102,0.));
#3360 = CARTESIAN_POINT('',(66.345300587207,26.929611805018,0.));
#3361 = CARTESIAN_POINT('',(66.982433058969,25.758064919131,0.));
#3362 = CARTESIAN_POINT('',(67.625378359248,24.589707901996,0.));
#3363 = CARTESIAN_POINT('',(68.274984690095,23.425027818463,0.));
#3364 = CARTESIAN_POINT('',(68.932557083313,22.264848841359,0.));
#3365 = CARTESIAN_POINT('',(69.599315571054,21.109901528322,0.));
#3366 = CARTESIAN_POINT('',(70.276215128512,19.960886065994,0.));
#3367 = CARTESIAN_POINT('',(70.964402413161,18.818590101934,0.));
#3368 = CARTESIAN_POINT('',(71.664552837558,17.683590360272,0.));
#3369 = CARTESIAN_POINT('',(72.378215000809,16.557002801546,0.));
#3370 = CARTESIAN_POINT('',(73.105664160512,15.439277970886,0.));
#3371 = CARTESIAN_POINT('',(73.848195794544,14.331486122456,0.));
#3372 = CARTESIAN_POINT('',(74.606454441499,13.234428295314,0.));
#3373 = CARTESIAN_POINT('',(75.381729147735,12.149281890817,0.));
#3374 = CARTESIAN_POINT('',(76.176055753336,11.078007543058,0.));
#3375 = CARTESIAN_POINT('',(76.991003259878,10.022346156153,0.));
#3376 = CARTESIAN_POINT('',(77.828615934801,8.984554891141,0.));
#3377 = CARTESIAN_POINT('',(78.690315196391,7.966613669481,0.));
#3378 = CARTESIAN_POINT('',(79.57816367887,6.971573291249,0.));
#3379 = CARTESIAN_POINT('',(80.493265804765,6.000655205112,0.));
#3380 = CARTESIAN_POINT('',(81.43738925031,5.06118845944,0.));
#3381 = CARTESIAN_POINT('',(82.412681875507,4.141683670917,0.));
#3382 = CARTESIAN_POINT('',(83.408457131764,3.304045670518,0.));
#3383 = CARTESIAN_POINT('',(84.442256548469,2.359366015476,0.));
#3384 = CARTESIAN_POINT('',(84.320924962301,0.889182541152,0.));
#3385 = CARTESIAN_POINT('',(83.248047953484,-8.841663349767E-02,0.));
#3386 = CARTESIAN_POINT('',(81.83915313795,8.020347391142E-02,0.));
#3387 = CARTESIAN_POINT('',(80.687280039561,0.715069363667,0.));
#3388 = CARTESIAN_POINT('',(79.430926313582,1.176947816271,0.));
#3389 = CARTESIAN_POINT('',(78.19084904901,1.663876308945,0.));
#3390 = CARTESIAN_POINT('',(76.939140878699,2.125123375468,0.));
#3391 = CARTESIAN_POINT('',(75.684844888325,2.577809012159,0.));
#3392 = CARTESIAN_POINT('',(74.427012270814,3.020936057988,0.));
#3393 = CARTESIAN_POINT('',(73.166995004092,3.457745825314,0.));
#3394 = CARTESIAN_POINT('',(71.905700619723,3.890717537411,0.));
#3395 = CARTESIAN_POINT('',(70.643901303602,4.322350163357,0.));
#3396 = CARTESIAN_POINT('',(69.382459038743,4.754962336745,0.));
#3397 = CARTESIAN_POINT('',(68.122071584748,5.19072847905,0.));
#3398 = CARTESIAN_POINT('',(66.863537544336,5.631764585784,0.));
#3399 = CARTESIAN_POINT('',(65.607178431224,6.07901303625,0.));
#3400 = CARTESIAN_POINT('',(64.353394884372,6.53336664462,0.));
#3401 = CARTESIAN_POINT('',(63.102758511231,6.996277772362,0.));
#3402 = CARTESIAN_POINT('',(61.855324590231,7.467739725904,0.));
#3403 = CARTESIAN_POINT('',(60.611921714359,7.949771479457,0.));
#3404 = CARTESIAN_POINT('',(59.372556824048,8.442186936112,0.));
#3405 = CARTESIAN_POINT('',(58.138099866533,8.946741420428,0.));
#3406 = CARTESIAN_POINT('',(56.908684043661,9.463547865691,0.));
#3407 = CARTESIAN_POINT('',(55.685120121746,9.993971262969,0.));
#3408 = CARTESIAN_POINT('',(54.46764550425,10.538274334268,0.));
#3409 = CARTESIAN_POINT('',(53.257085612621,11.097737317521,0.));
#3410 = CARTESIAN_POINT('',(52.053762930753,11.672599275739,0.));
#3411 = CARTESIAN_POINT('',(50.858560449176,12.264218218536,0.));
#3412 = CARTESIAN_POINT('',(49.671819894112,12.872616163629,0.));
#3413 = CARTESIAN_POINT('',(48.494681913196,13.499453257581,0.));
#3414 = CARTESIAN_POINT('',(47.327196361993,14.144001158693,0.));
#3415 = CARTESIAN_POINT('',(46.170087838654,14.807055063623,0.));
#3416 = CARTESIAN_POINT('',(45.023036894937,15.487304118959,0.));
#3417 = CARTESIAN_POINT('',(43.886753595229,16.185413985415,0.));
#3418 = CARTESIAN_POINT('',(42.760909971429,16.900264916871,0.));
#3419 = CARTESIAN_POINT('',(41.646139777201,17.632298229849,0.));
#3420 = CARTESIAN_POINT('',(40.54211096545,18.380421444727,0.));
#3421 = CARTESIAN_POINT('',(39.449557168054,19.145119405368,0.));
#3422 = CARTESIAN_POINT('',(38.368018047922,19.925331364018,0.));
#3423 = CARTESIAN_POINT('',(37.298246041415,20.721646386325,0.));
#3424 = CARTESIAN_POINT('',(36.239592301543,21.532686879205,0.));
#3425 = CARTESIAN_POINT('',(35.193094952687,22.359320349257,0.));
#3426 = CARTESIAN_POINT('',(34.158042545755,23.200220240268,0.));
#3427 = CARTESIAN_POINT('',(33.135269442465,24.056052820883,0.));
#3428 = CARTESIAN_POINT('',(32.123990136026,24.925444126238,0.));
#3429 = CARTESIAN_POINT('',(31.125482256722,25.809472632899,0.));
#3430 = CARTESIAN_POINT('',(30.138455551422,26.706288326541,0.));
#3431 = CARTESIAN_POINT('',(29.164251430957,27.617014458352,0.));
#3432 = CARTESIAN_POINT('',(28.201821187287,28.540175756646,0.));
#3433 = CARTESIAN_POINT('',(27.252425881434,29.476719577122,0.));
#3434 = CARTESIAN_POINT('',(26.31487867233,30.425142510195,0.));
#3435 = CARTESIAN_POINT('',(25.390640638342,31.386529571968,0.));
#3436 = CARTESIAN_POINT('',(24.478790587164,32.359705903872,0.));
#3437 = CARTESIAN_POINT('',(23.580699404023,33.345552039205,0.));
#3438 = CARTESIAN_POINT('',(22.696010049769,34.343465455631,0.));
#3439 = CARTESIAN_POINT('',(21.825509406592,35.35375937351,0.));
#3440 = CARTESIAN_POINT('',(20.969365878174,36.376280554694,0.));
#3441 = CARTESIAN_POINT('',(20.127866724587,37.410870459302,0.));
#3442 = CARTESIAN_POINT('',(19.301554760924,38.457653564418,0.));
#3443 = CARTESIAN_POINT('',(18.490426286015,39.516227833724,0.));
#3444 = CARTESIAN_POINT('',(17.695500087934,40.587022891541,0.));
#3445 = CARTESIAN_POINT('',(16.916116621925,41.669158747924,0.));
#3446 = CARTESIAN_POINT('',(16.154016032526,42.763566474627,0.));
#3447 = CARTESIAN_POINT('',(15.407997295141,43.869007353521,0.));
#3448 = CARTESIAN_POINT('',(14.68000363371,44.98639047971,0.));
#3449 = CARTESIAN_POINT('',(13.96883072083,46.114564653451,0.));
#3450 = CARTESIAN_POINT('',(13.276615944012,47.254443652163,0.));
#3451 = CARTESIAN_POINT('',(12.601783607926,48.404730058399,0.));
#3452 = CARTESIAN_POINT('',(11.946758032264,49.566395541975,0.));
#3453 = CARTESIAN_POINT('',(11.310035095836,50.738195230586,0.));
#3454 = CARTESIAN_POINT('',(10.693528538298,51.920773960741,0.));
#3455 = CARTESIAN_POINT('',(10.096549102758,53.113307265654,0.));
#3456 = CARTESIAN_POINT('',(9.519789044877,54.315763922779,0.));
#3457 = CARTESIAN_POINT('',(8.962864703093,55.527501868592,0.));
#3458 = CARTESIAN_POINT('',(8.425940011193,56.748255237567,0.));
#3459 = CARTESIAN_POINT('',(7.909176419829,57.977674431772,0.));
#3460 = CARTESIAN_POINT('',(7.41175682237,59.215040769931,0.));
#3461 = CARTESIAN_POINT('',(6.93500946914,60.460529380669,0.));
#3462 = CARTESIAN_POINT('',(6.477362036802,61.713157158904,0.));
#3463 = CARTESIAN_POINT('',(6.040374159535,62.973152467251,0.));
#3464 = CARTESIAN_POINT('',(5.622119930211,64.239496907252,0.));
#3465 = CARTESIAN_POINT('',(5.224720333883,65.512539292265,0.));
#3466 = CARTESIAN_POINT('',(4.845845945166,66.79118998789,0.));
#3467 = CARTESIAN_POINT('',(4.487723402272,68.075806869657,0.));
#3468 = CARTESIAN_POINT('',(4.147997226979,69.365415748967,0.));
#3469 = CARTESIAN_POINT('',(3.828710136635,70.660240168378,0.));
#3470 = CARTESIAN_POINT('',(3.527996082062,71.959483063794,0.));
#3471 = CARTESIAN_POINT('',(3.247074803156,73.263166395006,0.));
#3472 = CARTESIAN_POINT('',(2.984884751733,74.570745365736,0.));
#3473 = CARTESIAN_POINT('',(2.742020277543,75.882076345834,0.));
#3474 = CARTESIAN_POINT('',(2.518200090294,77.196739989848,0.));
#3475 = CARTESIAN_POINT('',(2.313027724318,78.514466767327,0.));
#3476 = CARTESIAN_POINT('',(2.126858794198,79.834999661974,0.));
#3477 = CARTESIAN_POINT('',(1.958925910555,81.15801595153,0.));
#3478 = CARTESIAN_POINT('',(1.810044359655,82.483277376535,0.));
#3479 = CARTESIAN_POINT('',(1.677716284138,83.810292164317,0.));
#3480 = CARTESIAN_POINT('',(1.561467251238,85.138803552842,0.));
#3481 = CARTESIAN_POINT('',(1.458619251315,86.4684355008,0.));
#3482 = CARTESIAN_POINT('',(1.368860187538,87.79899424082,0.));
#3483 = CARTESIAN_POINT('',(1.289539491082,89.130195195295,0.));
#3484 = CARTESIAN_POINT('',(1.220184396379,90.461981829672,0.));
#3485 = CARTESIAN_POINT('',(1.158110635069,91.794125793647,0.));
#3486 = CARTESIAN_POINT('',(1.102580420214,93.126544516447,0.));
#3487 = CARTESIAN_POINT('',(1.051375236504,94.459109823849,0.));
#3488 = CARTESIAN_POINT('',(1.003311380349,95.791812392131,0.));
#3489 = CARTESIAN_POINT('',(0.956374422383,97.124575163798,0.));
#3490 = CARTESIAN_POINT('',(0.908997225823,98.457309137305,0.));
#3491 = CARTESIAN_POINT('',(0.859238282472,99.789943029713,0.));
#3492 = CARTESIAN_POINT('',(0.805645351164,101.12242979156,0.));
#3493 = CARTESIAN_POINT('',(0.745782976049,102.4546752018,0.));
#3494 = CARTESIAN_POINT('',(0.678817885581,103.78657180715,0.));
#3495 = CARTESIAN_POINT('',(0.601552128445,105.11791611725,0.));
#3496 = CARTESIAN_POINT('',(0.51317269946,106.44857546865,0.));
#3497 = CARTESIAN_POINT('',(0.411749849741,107.7782861003,0.));
#3498 = CARTESIAN_POINT('',(0.293246355577,109.1066562294,0.));
#3499 = CARTESIAN_POINT('',(0.163052965165,110.4336152262,0.));
#3500 = CARTESIAN_POINT('',(-3.994127299614E-03,111.75754060642,0.));
#3501 = CARTESIAN_POINT('',(-8.377844641509E-03,113.09412655459,0.));
#3502 = CARTESIAN_POINT('',(0.135302640401,114.42185565848,0.));
#3503 = CARTESIAN_POINT('',(0.43259305534,115.72419826021,0.));
#3504 = CARTESIAN_POINT('',(0.874532705012,116.98458225689,0.));
#3505 = CARTESIAN_POINT('',(1.456669312188,118.18685931288,0.));
#3506 = CARTESIAN_POINT('',(2.173942763191,119.31369194236,0.));
#3507 = CARTESIAN_POINT('',(3.013464875705,120.35252001514,0.));
#3508 = CARTESIAN_POINT('',(3.965886492806,121.28910909869,0.));
#3509 = CARTESIAN_POINT('',(5.019738042299,122.10979401696,0.));
#3510 = CARTESIAN_POINT('',(6.159347986727,122.80644424941,0.));
#3511 = CARTESIAN_POINT('',(7.371186167311,123.36838763899,0.));
#3512 = CARTESIAN_POINT('',(8.639375957439,123.7875522428,0.));
#3513 = CARTESIAN_POINT('',(9.946721348996,124.06120360535,0.));
#3514 = CARTESIAN_POINT('',(11.276943776375,124.18306444416,0.));
#3515 = CARTESIAN_POINT('',(12.612270419806,124.15214039328,0.));
#3516 = CARTESIAN_POINT('',(13.935642323529,123.97098336308,0.));
#3517 = CARTESIAN_POINT('',(15.229421166423,123.63871411209,0.));
#3518 = CARTESIAN_POINT('',(16.47678758129,123.16118676904,0.));
#3519 = CARTESIAN_POINT('',(17.662573082999,122.54627265304,0.));
#3520 = CARTESIAN_POINT('',(18.769336925032,121.79831560009,0.));
#3521 = CARTESIAN_POINT('',(19.783984454378,120.92973626318,0.));
#3522 = CARTESIAN_POINT('',(20.694376796661,119.95228907498,0.));
#3523 = CARTESIAN_POINT('',(21.485475602608,118.87594904015,0.));
#3524 = CARTESIAN_POINT('',(22.149483155056,117.71717179297,0.));
#3525 = CARTESIAN_POINT('',(22.679196004655,116.49075076212,0.));
#3526 = CARTESIAN_POINT('',(23.06079029528,115.21107236788,0.));
#3527 = CARTESIAN_POINT('',(23.222798385879,114.33497764014,0.));
#3528 = CARTESIAN_POINT('',(23.324827301548,113.45200005598,0.));
#3529 = PCURVE('',#2496,#3530);
#3530 = DEFINITIONAL_REPRESENTATION('',(#3531),#3775);
#3531 = B_SPLINE_CURVE_WITH_KNOTS('',3,(#3532,#3533,#3534,#3535,#3536,
    #3537,#3538,#3539,#3540,#3541,#3542,#3543,#3544,#3545,#3546,#3547,
    #3548,#3549,#3550,#3551,#3552,#3553,#3554,#3555,#3556,#3557,#3558,
    #3559,#3560,#3561,#3562,#3563,#3564,#3565,#3566,#3567,#3568,#3569,
    #3570,#3571,#3572,#3573,#3574,#3575,#3576,#3577,#3578,#3579,#3580,
    #3581,#3582,#3583,#3584,#3585,#3586,#3587,#3588,#3589,#3590,#3591,
    #3592,#3593,#3594,#3595,#3596,#3597,#3598,#3599,#3600,#3601,#3602,
    #3603,#3604,#3605,#3606,#3607,#3608,#3609,#3610,#3611,#3612,#3613,
    #3614,#3615,#3616,#3617,#3618,#3619,#3620,#3621,#3622,#3623,#3624,
    #3625,#3626,#3627,#3628,#3629,#3630,#3631,#3632,#3633,#3634,#3635,
    #3636,#3637,#3638,#3639,#3640,#3641,#3642,#3643,#3644,#3645,#3646,
    #3647,#3648,#3649,#3650,#3651,#3652,#3653,#3654,#3655,#3656,#3657,
    #3658,#3659,#3660,#3661,#3662,#3663,#3664,#3665,#3666,#3667,#3668,
    #3669,#3670,#3671,#3672,#3673,#3674,#3675,#3676,#3677,#3678,#3679,
    #3680,#3681,#3682,#3683,#3684,#3685,#3686,#3687,#3688,#3689,#3690,
    #3691,#3692,#3693,#3694,#3695,#3696,#3697,#3698,#3699,#3700,#3701,
    #3702,#3703,#3704,#3705,#3706,#3707,#3708,#3709,#3710,#3711,#3712,
    #3713,#3714,#3715,#3716,#3717,#3718,#3719,#3720,#3721,#3722,#3723,
    #3724,#3725,#3726,#3727,#3728,#3729,#3730,#3731,#3732,#3733,#3734,
    #3735,#3736,#3737,#3738,#3739,#3740,#3741,#3742,#3743,#3744,#3745,
    #3746,#3747,#3748,#3749,#3750,#3751,#3752,#3753,#3754,#3755,#3756,
    #3757,#3758,#3759,#3760,#3761,#3762,#3763,#3764,#3765,#3766,#3767,
    #3768,#3769,#3770,#3771,#3772,#3773,#3774),.UNSPECIFIED.,.F.,.F.,(1,
    1,2,1,1,1,1,1,1,1,1,1,1,1,1,1,1,1,1,1,1,1,1,1,1,1,1,1,1,1,1,1,1,1,1,
    1,1,1,1,1,1,1,1,1,1,1,1,1,1,1,1,1,1,1,1,1,1,1,1,1,1,1,1,1,1,1,1,1,1,
    1,1,1,1,1,1,1,1,1,1,1,1,1,1,1,1,1,1,1,1,1,1,1,1,1,1,1,1,1,1,1,1,1,1,
    1,1,1,1,1,1,1,1,1,1,1,1,1,1,1,1,1,1,1,1,1,1,1,1,1,1,1,1,1,1,1,1,1,1,
    1,1,1,1,1,1,1,1,1,1,1,1,1,1,1,1,1,1,1,1,1,1,1,1,1,1,1,1,1,1,1,1,1,1,
    1,1,1,1,1,1,1,1,1,1,1,1,1,1,1,1,1,1,1,1,1,1,1,1,1,1,1,1,1,1,1,1,1,1,
    1,1,1,1,1,1,1,1,1,1,1,1,1,1,1,1,1,1,1,1,1,1,1,1,1,1,1,1,1,1,1,1,1,1,
    1,1,1,2,1,1),(-2.665651851091,-1.332779088972,0.,1.333450355281,
    2.666975083211,4.000432187883,5.333917774607,6.667441602665,
    8.000953724845,9.334460807691,10.668054992591,12.001566582342,
    13.335182006668,14.668692989,16.002276387217,17.335777898277,
    18.669360119214,20.002942756324,21.336482107074,22.670028465474,
    24.003702518607,25.337168427432,26.670803227518,28.004387484324,
    29.337934828815,30.671520000448,32.005117855876,33.338690381087,
    34.672225191282,36.005822000666,37.339371084877,38.672987540234,
    40.006466767669,41.340065001771,42.673671484209,44.007238419162,
    45.340760271251,46.674411593749,48.007932947159,49.341509555382,
    50.675026683131,52.00865498592,53.342197444937,54.675817128355,
    56.009400639051,57.342918123001,58.676558231876,60.010060237873,
    61.343651348372,62.67724348992,64.010747175704,65.344384945115,
    66.677932488325,68.011478925462,69.34511495152,70.678620230849,
    72.01222483867,73.345800457073,74.679396591591,76.012927307397,
    77.346529257006,78.680071716023,80.013686480488,81.347245065628,
    82.680788799444,84.014408404129,85.347970869857,86.681519927823,
    88.015140522295,89.348703846625,90.68229414728,92.015824083202,
    93.349335856678,94.682965584151,96.016515770684,97.350077655262,
    98.683665567625,100.0172706441,101.35079990512,102.68441636047,
    104.01795250547,105.35153250682,106.68509080325,108.01863165377,
    109.35218702945,110.68582005619,112.01932390695,113.3529324927,
    114.68647904232,116.02005699655,117.35361321209,118.68707022302,
    120.02068285793,121.35416365644,122.68768352881,124.02121800906,
    125.35468235803,126.68822465583,127.99485545678,129.29563124453,
    130.5963607091,131.89718849555,133.23020169879,134.56369862417,
    135.89729874789,137.23086121362,138.56438122097,139.89805246232,
    141.23155907273,142.56514858978,143.89866220426,145.23231094362,
    146.56583531535,147.89943183979,149.23301965092,150.56659561427,
    151.90011605655,153.23366490455,154.56721938788,155.90077475981,
    157.23442066859,158.56792043986,159.90157227224,161.23510125205,
    162.56864933892,163.9022273269,165.23573944533,166.56935680049,
    167.90289243931,169.23648190013,170.56996765183,171.9035917218,
    173.2370991646,174.57062175533,175.90429323662,177.23785930173,
    178.57136408612,179.90489100748,181.23848060702,182.57207263234,
    183.90560497916,185.23913376025,186.57269132181,187.9063057226,
    189.23984514084,190.57340550318,191.90699674865,193.24053029904,
    194.57409613918,195.9076527559,197.24122720077,198.57476664526,
    199.90839510926,201.24186601633,202.57546128477,203.90903297763,
    205.24258129696,206.57613016371,207.90975930631,209.24325447316,
    210.57680990882,211.91036715544,213.24394124412,214.57751204464,
    215.91104027081,217.24463403955,218.57813901516,219.9117432818,
    221.24529289468,222.57880904381,223.91244481493,225.24594529487,
    226.5794948815,227.91305031717,229.24660350321,230.58015762659,
    231.91368718757,233.24728084757,234.58082024707,235.91439040645,
    237.24800176288,238.58154439062,239.91503815139,241.24864920788,
    242.58221294839,243.91571243845,245.2492753991,246.58288485092,
    247.91639369979,249.25002307109,250.58349064475,251.91706776663,
    253.25066659686,254.58425031377,255.91773948508,257.25135529932,
    258.58493115768,259.91848516484,261.25205098623,262.58557898744,
    263.9192302462,265.25280235524,266.58629334133,267.9198719292,
    269.25350744162,270.58706080763,271.92059849364,273.25419222863,
    274.58774269261,275.92135202821,277.25490009634,278.58845326363,
    279.92206733824,281.25556298878,282.58915273079,283.92258264271,
    285.25539998954,286.58816747488,287.92100572464,289.25384732438,
    290.58669016958,291.91947601134,293.2523586956,294.58516278473,
    295.91793205583,297.25081043363,298.58364088046,299.91641759844,
    301.24919361864,302.58206127148,303.91491028769,305.24769903689,
    306.58053086799,307.91330747343,309.24615932191,310.57901639227,
    311.91181582204,313.24465791696,314.57747485863,315.91026648901,
    317.2430555796,318.57592834172,319.90870743069,321.24215778597,
    322.5756825139),.UNSPECIFIED.);
#3532 = CARTESIAN_POINT('',(-30.07806956287,60.397685670101));
#3533 = CARTESIAN_POINT('',(-29.9760406472,59.514708085943));
#3534 = CARTESIAN_POINT('',(-29.85599298708,58.633658167828));
#3535 = CARTESIAN_POINT('',(-29.62475008598,57.320045484941));
#3536 = CARTESIAN_POINT('',(-29.34503830094,56.015929240182));
#3537 = CARTESIAN_POINT('',(-29.01989095038,54.722430684119));
#3538 = CARTESIAN_POINT('',(-28.65318120064,53.440104566501));
#3539 = CARTESIAN_POINT('',(-28.24679686354,52.169814713926));
#3540 = CARTESIAN_POINT('',(-27.80483434449,50.911472225806));
#3541 = CARTESIAN_POINT('',(-27.33001394947,49.665181018434));
#3542 = CARTESIAN_POINT('',(-26.82556488056,48.430571969347));
#3543 = CARTESIAN_POINT('',(-26.29406440525,47.207413441498));
#3544 = CARTESIAN_POINT('',(-25.73806069875,45.995191279784));
#3545 = CARTESIAN_POINT('',(-25.16045501188,44.79317291827));
#3546 = CARTESIAN_POINT('',(-24.56378857844,43.600490963714));
#3547 = CARTESIAN_POINT('',(-23.95072509763,42.416167856811));
#3548 = CARTESIAN_POINT('',(-23.32351269022,41.23927377003));
#3549 = CARTESIAN_POINT('',(-22.68467859376,40.06867196739));
#3550 = CARTESIAN_POINT('',(-22.03675897067,38.90304767937));
#3551 = CARTESIAN_POINT('',(-21.38218063146,37.741183891649));
#3552 = CARTESIAN_POINT('',(-20.72351663003,36.581601616895));
#3553 = CARTESIAN_POINT('',(-20.0632082687,35.422990266599));
#3554 = CARTESIAN_POINT('',(-19.40149467383,34.265149694933));
#3555 = CARTESIAN_POINT('',(-18.73906558442,33.107737582224));
#3556 = CARTESIAN_POINT('',(-18.07601082677,31.950678574119));
#3557 = CARTESIAN_POINT('',(-17.41268201364,30.793767009364));
#3558 = CARTESIAN_POINT('',(-16.74990234267,29.636560090045));
#3559 = CARTESIAN_POINT('',(-16.08755396242,28.479106571645));
#3560 = CARTESIAN_POINT('',(-15.42643184595,27.320960932472));
#3561 = CARTESIAN_POINT('',(-14.76676013794,26.161957158698));
#3562 = CARTESIAN_POINT('',(-14.10888807476,25.001975547714));
#3563 = CARTESIAN_POINT('',(-13.45342235098,23.840613436926));
#3564 = CARTESIAN_POINT('',(-12.80051513232,22.677814347674));
#3565 = CARTESIAN_POINT('',(-12.1509024129,21.513137480568));
#3566 = CARTESIAN_POINT('',(-11.50473368185,20.346575309803));
#3567 = CARTESIAN_POINT('',(-10.86240697174,19.17787527431));
#3568 = CARTESIAN_POINT('',(-10.22452908029,18.006757965544));
#3569 = CARTESIAN_POINT('',(-9.591199549007,16.833153535335));
#3570 = CARTESIAN_POINT('',(-8.963049350334,15.656818092895));
#3571 = CARTESIAN_POINT('',(-8.340449850094,14.477495834564));
#3572 = CARTESIAN_POINT('',(-7.722660812876,13.295659992379));
#3573 = CARTESIAN_POINT('',(-7.109778015909,12.111234376377));
#3574 = CARTESIAN_POINT('',(-6.500970935599,10.924726647094));
#3575 = CARTESIAN_POINT('',(-5.895782587867,9.73637907763));
#3576 = CARTESIAN_POINT('',(-5.293563162256,8.546516868848));
#3577 = CARTESIAN_POINT('',(-4.694274186465,7.355206940349));
#3578 = CARTESIAN_POINT('',(-4.096860694255,6.162928462676));
#3579 = CARTESIAN_POINT('',(-3.501218196051,4.969782287808));
#3580 = CARTESIAN_POINT('',(-2.906473023892,3.776188229356));
#3581 = CARTESIAN_POINT('',(-2.312369335522,2.582257411311));
#3582 = CARTESIAN_POINT('',(-1.71814446978,1.388403534711));
#3583 = CARTESIAN_POINT('',(-1.123534566127,0.194725404638));
#3584 = CARTESIAN_POINT('',(-0.527926182293,-0.998454462644));
#3585 = CARTESIAN_POINT('',(6.930541046129E-02,-2.190807046601));
#3586 = CARTESIAN_POINT('',(0.668388257772,-3.382252786909));
#3587 = CARTESIAN_POINT('',(1.270214281875,-4.572293009432));
#3588 = CARTESIAN_POINT('',(1.874534374031,-5.761102307802));
#3589 = CARTESIAN_POINT('',(2.481247965712,-6.948664198586));
#3590 = CARTESIAN_POINT('',(3.090210450079,-8.135084066888));
#3591 = CARTESIAN_POINT('',(3.701159522203,-9.320462134648));
#3592 = CARTESIAN_POINT('',(4.314302020314,-10.50473839581));
#3593 = CARTESIAN_POINT('',(4.928884617017,-11.68825164907));
#3594 = CARTESIAN_POINT('',(5.545500126481,-12.87070754557));
#3595 = CARTESIAN_POINT('',(6.163494204888,-14.05244507837));
#3596 = CARTESIAN_POINT('',(6.782986357809,-15.23339953154));
#3597 = CARTESIAN_POINT('',(7.403900333897,-16.41360902778));
#3598 = CARTESIAN_POINT('',(8.026192290843,-17.59309273352));
#3599 = CARTESIAN_POINT('',(8.64938975012,-18.77209862952));
#3600 = CARTESIAN_POINT('',(9.273993853738,-19.9503754907));
#3601 = CARTESIAN_POINT('',(9.899438265376,-21.12817219317));
#3602 = CARTESIAN_POINT('',(10.525980647122,-22.30536578624));
#3603 = CARTESIAN_POINT('',(11.153420573773,-23.48209601107));
#3604 = CARTESIAN_POINT('',(11.781643601146,-24.65841607655));
#3605 = CARTESIAN_POINT('',(12.411530146402,-25.83386597194));
#3606 = CARTESIAN_POINT('',(13.044432638452,-27.00768016502));
#3607 = CARTESIAN_POINT('',(13.681565110214,-28.17922705091));
#3608 = CARTESIAN_POINT('',(14.324510410493,-29.34758406805));
#3609 = CARTESIAN_POINT('',(14.974116741339,-30.51226415158));
#3610 = CARTESIAN_POINT('',(15.631689134558,-31.67244312868));
#3611 = CARTESIAN_POINT('',(16.298447622299,-32.82739044172));
#3612 = CARTESIAN_POINT('',(16.975347179757,-33.97640590405));
#3613 = CARTESIAN_POINT('',(17.663534464406,-35.11870186811));
#3614 = CARTESIAN_POINT('',(18.363684888803,-36.25370160977));
#3615 = CARTESIAN_POINT('',(19.077347052054,-37.3802891685));
#3616 = CARTESIAN_POINT('',(19.804796211757,-38.49801399916));
#3617 = CARTESIAN_POINT('',(20.547327845789,-39.60580584759));
#3618 = CARTESIAN_POINT('',(21.305586492744,-40.70286367473));
#3619 = CARTESIAN_POINT('',(22.08086119898,-41.78801007923));
#3620 = CARTESIAN_POINT('',(22.875187804581,-42.85928442698));
#3621 = CARTESIAN_POINT('',(23.690135311123,-43.91494581389));
#3622 = CARTESIAN_POINT('',(24.527747986046,-44.9527370789));
#3623 = CARTESIAN_POINT('',(25.389447247636,-45.97067830056));
#3624 = CARTESIAN_POINT('',(26.277295730115,-46.96571867879));
#3625 = CARTESIAN_POINT('',(27.19239785601,-47.93663676493));
#3626 = CARTESIAN_POINT('',(28.136521301555,-48.8761035106));
#3627 = CARTESIAN_POINT('',(29.111813926752,-49.79560829912));
#3628 = CARTESIAN_POINT('',(30.107589183009,-50.63324629952));
#3629 = CARTESIAN_POINT('',(31.141388599714,-51.57792595457));
#3630 = CARTESIAN_POINT('',(31.020057013546,-53.04810942889));
#3631 = CARTESIAN_POINT('',(29.947180004729,-54.02570860354));
#3632 = CARTESIAN_POINT('',(28.538285189195,-53.85708849613));
#3633 = CARTESIAN_POINT('',(27.386412090806,-53.22222260637));
#3634 = CARTESIAN_POINT('',(26.130058364827,-52.76034415377));
#3635 = CARTESIAN_POINT('',(24.889981100255,-52.2734156611));
#3636 = CARTESIAN_POINT('',(23.638272929944,-51.81216859457));
#3637 = CARTESIAN_POINT('',(22.38397693957,-51.35948295788));
#3638 = CARTESIAN_POINT('',(21.126144322059,-50.91635591205));
#3639 = CARTESIAN_POINT('',(19.866127055337,-50.47954614473));
#3640 = CARTESIAN_POINT('',(18.604832670968,-50.04657443263));
#3641 = CARTESIAN_POINT('',(17.343033354847,-49.61494180668));
#3642 = CARTESIAN_POINT('',(16.081591089988,-49.1823296333));
#3643 = CARTESIAN_POINT('',(14.821203635993,-48.74656349099));
#3644 = CARTESIAN_POINT('',(13.562669595581,-48.30552738426));
#3645 = CARTESIAN_POINT('',(12.306310482469,-47.85827893379));
#3646 = CARTESIAN_POINT('',(11.052526935617,-47.40392532542));
#3647 = CARTESIAN_POINT('',(9.801890562476,-46.94101419768));
#3648 = CARTESIAN_POINT('',(8.554456641476,-46.46955224414));
#3649 = CARTESIAN_POINT('',(7.311053765604,-45.98752049058));
#3650 = CARTESIAN_POINT('',(6.071688875293,-45.49510503393));
#3651 = CARTESIAN_POINT('',(4.837231917778,-44.99055054961));
#3652 = CARTESIAN_POINT('',(3.607816094906,-44.47374410435));
#3653 = CARTESIAN_POINT('',(2.384252172991,-43.94332070707));
#3654 = CARTESIAN_POINT('',(1.166777555495,-43.39901763577));
#3655 = CARTESIAN_POINT('',(-4.378233613383E-02,-42.83955465252));
#3656 = CARTESIAN_POINT('',(-1.247105018002,-42.2646926943));
#3657 = CARTESIAN_POINT('',(-2.442307499579,-41.67307375151));
#3658 = CARTESIAN_POINT('',(-3.629048054644,-41.06467580641));
#3659 = CARTESIAN_POINT('',(-4.806186035559,-40.43783871246));
#3660 = CARTESIAN_POINT('',(-5.973671586762,-39.79329081135));
#3661 = CARTESIAN_POINT('',(-7.130780110101,-39.13023690642));
#3662 = CARTESIAN_POINT('',(-8.277831053818,-38.44998785108));
#3663 = CARTESIAN_POINT('',(-9.414114353526,-37.75187798463));
#3664 = CARTESIAN_POINT('',(-10.53995797732,-37.03702705317));
#3665 = CARTESIAN_POINT('',(-11.65472817155,-36.30499374019));
#3666 = CARTESIAN_POINT('',(-12.7587569833,-35.55687052532));
#3667 = CARTESIAN_POINT('',(-13.8513107807,-34.79217256467));
#3668 = CARTESIAN_POINT('',(-14.93284990083,-34.01196060602));
#3669 = CARTESIAN_POINT('',(-16.00262190734,-33.21564558372));
#3670 = CARTESIAN_POINT('',(-17.06127564721,-32.40460509084));
#3671 = CARTESIAN_POINT('',(-18.10777299606,-31.57797162079));
#3672 = CARTESIAN_POINT('',(-19.142825403,-30.73707172977));
#3673 = CARTESIAN_POINT('',(-20.16559850629,-29.88123914916));
#3674 = CARTESIAN_POINT('',(-21.17687781272,-29.0118478438));
#3675 = CARTESIAN_POINT('',(-22.17538569203,-28.12781933714));
#3676 = CARTESIAN_POINT('',(-23.16241239733,-27.2310036435));
#3677 = CARTESIAN_POINT('',(-24.13661651779,-26.32027751169));
#3678 = CARTESIAN_POINT('',(-25.09904676146,-25.3971162134));
#3679 = CARTESIAN_POINT('',(-26.04844206732,-24.46057239292));
#3680 = CARTESIAN_POINT('',(-26.98598927642,-23.51214945985));
#3681 = CARTESIAN_POINT('',(-27.91022731041,-22.55076239807));
#3682 = CARTESIAN_POINT('',(-28.82207736159,-21.57758606617));
#3683 = CARTESIAN_POINT('',(-29.72016854473,-20.59173993084));
#3684 = CARTESIAN_POINT('',(-30.60485789898,-19.59382651441));
#3685 = CARTESIAN_POINT('',(-31.47535854216,-18.58353259653));
#3686 = CARTESIAN_POINT('',(-32.33150207058,-17.56101141535));
#3687 = CARTESIAN_POINT('',(-33.17300122416,-16.52642151074));
#3688 = CARTESIAN_POINT('',(-33.99931318783,-15.47963840562));
#3689 = CARTESIAN_POINT('',(-34.81044166274,-14.42106413632));
#3690 = CARTESIAN_POINT('',(-35.60536786082,-13.3502690785));
#3691 = CARTESIAN_POINT('',(-36.38475132683,-12.26813322212));
#3692 = CARTESIAN_POINT('',(-37.14685191622,-11.17372549541));
#3693 = CARTESIAN_POINT('',(-37.89287065361,-10.06828461652));
#3694 = CARTESIAN_POINT('',(-38.62086431504,-8.950901490337));
#3695 = CARTESIAN_POINT('',(-39.33203722792,-7.822727316596));
#3696 = CARTESIAN_POINT('',(-40.02425200474,-6.682848317884));
#3697 = CARTESIAN_POINT('',(-40.69908434082,-5.532561911648));
#3698 = CARTESIAN_POINT('',(-41.35410991649,-4.370896428071));
#3699 = CARTESIAN_POINT('',(-41.99083285291,-3.19909673946));
#3700 = CARTESIAN_POINT('',(-42.60733941045,-2.016518009305));
#3701 = CARTESIAN_POINT('',(-43.20431884599,-0.823984704393));
#3702 = CARTESIAN_POINT('',(-43.78107890387,0.378471952733));
#3703 = CARTESIAN_POINT('',(-44.33800324566,1.590209898545));
#3704 = CARTESIAN_POINT('',(-44.87492793756,2.810963267521));
#3705 = CARTESIAN_POINT('',(-45.39169152892,4.040382461726));
#3706 = CARTESIAN_POINT('',(-45.88911112638,5.277748799884));
#3707 = CARTESIAN_POINT('',(-46.36585847961,6.523237410622));
#3708 = CARTESIAN_POINT('',(-46.82350591195,7.775865188857));
#3709 = CARTESIAN_POINT('',(-47.26049378922,9.035860497205));
#3710 = CARTESIAN_POINT('',(-47.67874801854,10.302204937205));
#3711 = CARTESIAN_POINT('',(-48.07614761487,11.575247322218));
#3712 = CARTESIAN_POINT('',(-48.45502200358,12.853898017843));
#3713 = CARTESIAN_POINT('',(-48.81314454648,14.13851489961));
#3714 = CARTESIAN_POINT('',(-49.15287072177,15.428123778921));
#3715 = CARTESIAN_POINT('',(-49.47215781212,16.722948198332));
#3716 = CARTESIAN_POINT('',(-49.77287186669,18.022191093747));
#3717 = CARTESIAN_POINT('',(-50.05379314559,19.325874424959));
#3718 = CARTESIAN_POINT('',(-50.31598319702,20.63345339569));
#3719 = CARTESIAN_POINT('',(-50.55884767121,21.944784375788));
#3720 = CARTESIAN_POINT('',(-50.78266785846,23.259448019802));
#3721 = CARTESIAN_POINT('',(-50.98784022443,24.57717479728));
#3722 = CARTESIAN_POINT('',(-51.17400915455,25.897707691927));
#3723 = CARTESIAN_POINT('',(-51.3419420382,27.220723981484));
#3724 = CARTESIAN_POINT('',(-51.4908235891,28.545985406488));
#3725 = CARTESIAN_POINT('',(-51.62315166461,29.873000194271));
#3726 = CARTESIAN_POINT('',(-51.73940069751,31.201511582796));
#3727 = CARTESIAN_POINT('',(-51.84224869744,32.531143530753));
#3728 = CARTESIAN_POINT('',(-51.93200776121,33.861702270774));
#3729 = CARTESIAN_POINT('',(-52.01132845767,35.192903225249));
#3730 = CARTESIAN_POINT('',(-52.08068355237,36.524689859625));
#3731 = CARTESIAN_POINT('',(-52.14275731368,37.856833823601));
#3732 = CARTESIAN_POINT('',(-52.19828752854,39.189252546401));
#3733 = CARTESIAN_POINT('',(-52.24949271225,40.521817853803));
#3734 = CARTESIAN_POINT('',(-52.2975565684,41.854520422085));
#3735 = CARTESIAN_POINT('',(-52.34449352637,43.187283193751));
#3736 = CARTESIAN_POINT('',(-52.39187072293,44.520017167258));
#3737 = CARTESIAN_POINT('',(-52.44162966628,45.852651059667));
#3738 = CARTESIAN_POINT('',(-52.49522259759,47.185137821522));
#3739 = CARTESIAN_POINT('',(-52.5550849727,48.517383231754));
#3740 = CARTESIAN_POINT('',(-52.62205006317,49.849279837105));
#3741 = CARTESIAN_POINT('',(-52.69931582031,51.180624147211));
#3742 = CARTESIAN_POINT('',(-52.78769524929,52.511283498606));
#3743 = CARTESIAN_POINT('',(-52.88911809901,53.840994130258));
#3744 = CARTESIAN_POINT('',(-53.00762159317,55.169364259358));
#3745 = CARTESIAN_POINT('',(-53.13781498359,56.496323256156));
#3746 = CARTESIAN_POINT('',(-53.30486207605,57.820248636378));
#3747 = CARTESIAN_POINT('',(-53.30924579339,59.156834584548));
#3748 = CARTESIAN_POINT('',(-53.16556530835,60.48456368844));
#3749 = CARTESIAN_POINT('',(-52.86827489341,61.786906290163));
#3750 = CARTESIAN_POINT('',(-52.42633524374,63.047290286851));
#3751 = CARTESIAN_POINT('',(-51.84419863656,64.249567342835));
#3752 = CARTESIAN_POINT('',(-51.12692518556,65.376399972315));
#3753 = CARTESIAN_POINT('',(-50.28740307305,66.415228045094));
#3754 = CARTESIAN_POINT('',(-49.33498145594,67.35181712865));
#3755 = CARTESIAN_POINT('',(-48.28112990645,68.172502046919));
#3756 = CARTESIAN_POINT('',(-47.14151996202,68.86915227937));
#3757 = CARTESIAN_POINT('',(-45.92968178144,69.431095668944));
#3758 = CARTESIAN_POINT('',(-44.66149199131,69.850260272757));
#3759 = CARTESIAN_POINT('',(-43.35414659975,70.12391163531));
#3760 = CARTESIAN_POINT('',(-42.02392417238,70.245772474117));
#3761 = CARTESIAN_POINT('',(-40.68859752894,70.214848423238));
#3762 = CARTESIAN_POINT('',(-39.36522562522,70.033691393041));
#3763 = CARTESIAN_POINT('',(-38.07144678233,69.701422142047));
#3764 = CARTESIAN_POINT('',(-36.82408036746,69.223894798994));
#3765 = CARTESIAN_POINT('',(-35.63829486575,68.608980682999));
#3766 = CARTESIAN_POINT('',(-34.53153102372,67.861023630051));
#3767 = CARTESIAN_POINT('',(-33.51688349437,66.992444293141));
#3768 = CARTESIAN_POINT('',(-32.60649115209,66.014997104934));
#3769 = CARTESIAN_POINT('',(-31.81539234614,64.938657070107));
#3770 = CARTESIAN_POINT('',(-31.15138479369,63.779879822925));
#3771 = CARTESIAN_POINT('',(-30.6216719441,62.553458792077));
#3772 = CARTESIAN_POINT('',(-30.24007765347,61.273780397833));
#3773 = CARTESIAN_POINT('',(-30.07806956287,60.397685670101));
#3774 = CARTESIAN_POINT('',(-29.9760406472,59.514708085943));
#3775 = ( GEOMETRIC_REPRESENTATION_CONTEXT(2) 
PARAMETRIC_REPRESENTATION_CONTEXT() REPRESENTATION_CONTEXT('2D SPACE',''
  ) );
#3776 = PCURVE('',#3777,#4024);
#3777 = SURFACE_OF_LINEAR_EXTRUSION('',#3778,#4022);
#3778 = B_SPLINE_CURVE_WITH_KNOTS('',3,(#3779,#3780,#3781,#3782,#3783,
    #3784,#3785,#3786,#3787,#3788,#3789,#3790,#3791,#3792,#3793,#3794,
    #3795,#3796,#3797,#3798,#3799,#3800,#3801,#3802,#3803,#3804,#3805,
    #3806,#3807,#3808,#3809,#3810,#3811,#3812,#3813,#3814,#3815,#3816,
    #3817,#3818,#3819,#3820,#3821,#3822,#3823,#3824,#3825,#3826,#3827,
    #3828,#3829,#3830,#3831,#3832,#3833,#3834,#3835,#3836,#3837,#3838,
    #3839,#3840,#3841,#3842,#3843,#3844,#3845,#3846,#3847,#3848,#3849,
    #3850,#3851,#3852,#3853,#3854,#3855,#3856,#3857,#3858,#3859,#3860,
    #3861,#3862,#3863,#3864,#3865,#3866,#3867,#3868,#3869,#3870,#3871,
    #3872,#3873,#3874,#3875,#3876,#3877,#3878,#3879,#3880,#3881,#3882,
    #3883,#3884,#3885,#3886,#3887,#3888,#3889,#3890,#3891,#3892,#3893,
    #3894,#3895,#3896,#3897,#3898,#3899,#3900,#3901,#3902,#3903,#3904,
    #3905,#3906,#3907,#3908,#3909,#3910,#3911,#3912,#3913,#3914,#3915,
    #3916,#3917,#3918,#3919,#3920,#3921,#3922,#3923,#3924,#3925,#3926,
    #3927,#3928,#3929,#3930,#3931,#3932,#3933,#3934,#3935,#3936,#3937,
    #3938,#3939,#3940,#3941,#3942,#3943,#3944,#3945,#3946,#3947,#3948,
    #3949,#3950,#3951,#3952,#3953,#3954,#3955,#3956,#3957,#3958,#3959,
    #3960,#3961,#3962,#3963,#3964,#3965,#3966,#3967,#3968,#3969,#3970,
    #3971,#3972,#3973,#3974,#3975,#3976,#3977,#3978,#3979,#3980,#3981,
    #3982,#3983,#3984,#3985,#3986,#3987,#3988,#3989,#3990,#3991,#3992,
    #3993,#3994,#3995,#3996,#3997,#3998,#3999,#4000,#4001,#4002,#4003,
    #4004,#4005,#4006,#4007,#4008,#4009,#4010,#4011,#4012,#4013,#4014,
    #4015,#4016,#4017,#4018,#4019,#4020,#4021),.UNSPECIFIED.,.T.,.F.,(1,
    1,2,1,1,1,1,1,1,1,1,1,1,1,1,1,1,1,1,1,1,1,1,1,1,1,1,1,1,1,1,1,1,1,1,
    1,1,1,1,1,1,1,1,1,1,1,1,1,1,1,1,1,1,1,1,1,1,1,1,1,1,1,1,1,1,1,1,1,1,
    1,1,1,1,1,1,1,1,1,1,1,1,1,1,1,1,1,1,1,1,1,1,1,1,1,1,1,1,1,1,1,1,1,1,
    1,1,1,1,1,1,1,1,1,1,1,1,1,1,1,1,1,1,1,1,1,1,1,1,1,1,1,1,1,1,1,1,1,1,
    1,1,1,1,1,1,1,1,1,1,1,1,1,1,1,1,1,1,1,1,1,1,1,1,1,1,1,1,1,1,1,1,1,1,
    1,1,1,1,1,1,1,1,1,1,1,1,1,1,1,1,1,1,1,1,1,1,1,1,1,1,1,1,1,1,1,1,1,1,
    1,1,1,1,1,1,1,1,1,1,1,1,1,1,1,1,1,1,1,1,1,1,1,1,1,1,1,1,1,1,1,1,1,1,
    1,1,1,2,1,1),(-2.665651851091,-1.332779088972,0.,1.333450355281,
    2.666975083211,4.000432187883,5.333917774607,6.667441602665,
    8.000953724845,9.334460807691,10.668054992591,12.001566582342,
    13.335182006668,14.668692989,16.002276387217,17.335777898277,
    18.669360119214,20.002942756324,21.336482107074,22.670028465474,
    24.003702518607,25.337168427432,26.670803227518,28.004387484324,
    29.337934828815,30.671520000448,32.005117855876,33.338690381087,
    34.672225191282,36.005822000666,37.339371084877,38.672987540234,
    40.006466767669,41.340065001771,42.673671484209,44.007238419162,
    45.340760271251,46.674411593749,48.007932947159,49.341509555382,
    50.675026683131,52.00865498592,53.342197444937,54.675817128355,
    56.009400639051,57.342918123001,58.676558231876,60.010060237873,
    61.343651348372,62.67724348992,64.010747175704,65.344384945115,
    66.677932488325,68.011478925462,69.34511495152,70.678620230849,
    72.01222483867,73.345800457073,74.679396591591,76.012927307397,
    77.346529257006,78.680071716023,80.013686480488,81.347245065628,
    82.680788799444,84.014408404129,85.347970869857,86.681519927823,
    88.015140522295,89.348703846625,90.68229414728,92.015824083202,
    93.349335856678,94.682965584151,96.016515770684,97.350077655262,
    98.683665567625,100.0172706441,101.35079990512,102.68441636047,
    104.01795250547,105.35153250682,106.68509080325,108.01863165377,
    109.35218702945,110.68582005619,112.01932390695,113.3529324927,
    114.68647904232,116.02005699655,117.35361321209,118.68707022302,
    120.02068285793,121.35416365644,122.68768352881,124.02121800906,
    125.35468235803,126.68822465583,127.99485545678,129.29563124453,
    130.5963607091,131.89718849555,133.23020169879,134.56369862417,
    135.89729874789,137.23086121362,138.56438122097,139.89805246232,
    141.23155907273,142.56514858978,143.89866220426,145.23231094362,
    146.56583531535,147.89943183979,149.23301965092,150.56659561427,
    151.90011605655,153.23366490455,154.56721938788,155.90077475981,
    157.23442066859,158.56792043986,159.90157227224,161.23510125205,
    162.56864933892,163.9022273269,165.23573944533,166.56935680049,
    167.90289243931,169.23648190013,170.56996765183,171.9035917218,
    173.2370991646,174.57062175533,175.90429323662,177.23785930173,
    178.57136408612,179.90489100748,181.23848060702,182.57207263234,
    183.90560497916,185.23913376025,186.57269132181,187.9063057226,
    189.23984514084,190.57340550318,191.90699674865,193.24053029904,
    194.57409613918,195.9076527559,197.24122720077,198.57476664526,
    199.90839510926,201.24186601633,202.57546128477,203.90903297763,
    205.24258129696,206.57613016371,207.90975930631,209.24325447316,
    210.57680990882,211.91036715544,213.24394124412,214.57751204464,
    215.91104027081,217.24463403955,218.57813901516,219.9117432818,
    221.24529289468,222.57880904381,223.91244481493,225.24594529487,
    226.5794948815,227.91305031717,229.24660350321,230.58015762659,
    231.91368718757,233.24728084757,234.58082024707,235.91439040645,
    237.24800176288,238.58154439062,239.91503815139,241.24864920788,
    242.58221294839,243.91571243845,245.2492753991,246.58288485092,
    247.91639369979,249.25002307109,250.58349064475,251.91706776663,
    253.25066659686,254.58425031377,255.91773948508,257.25135529932,
    258.58493115768,259.91848516484,261.25205098623,262.58557898744,
    263.9192302462,265.25280235524,266.58629334133,267.9198719292,
    269.25350744162,270.58706080763,271.92059849364,273.25419222863,
    274.58774269261,275.92135202821,277.25490009634,278.58845326363,
    279.92206733824,281.25556298878,282.58915273079,283.92258264271,
    285.25539998954,286.58816747488,287.92100572464,289.25384732438,
    290.58669016958,291.91947601134,293.2523586956,294.58516278473,
    295.91793205583,297.25081043363,298.58364088046,299.91641759844,
    301.24919361864,302.58206127148,303.91491028769,305.24769903689,
    306.58053086799,307.91330747343,309.24615932191,310.57901639227,
    311.91181582204,313.24465791696,314.57747485863,315.91026648901,
    317.2430555796,318.57592834172,319.90870743069,321.24215778597,
    322.5756825139),.UNSPECIFIED.);
#3779 = CARTESIAN_POINT('',(23.222798385879,114.33497764014,0.));
#3780 = CARTESIAN_POINT('',(23.324827301548,113.45200005598,0.));
#3781 = CARTESIAN_POINT('',(23.444874961666,112.57095013787,0.));
#3782 = CARTESIAN_POINT('',(23.676117862768,111.25733745498,0.));
#3783 = CARTESIAN_POINT('',(23.955829647807,109.95322121022,0.));
#3784 = CARTESIAN_POINT('',(24.280976998367,108.65972265416,0.));
#3785 = CARTESIAN_POINT('',(24.647686748114,107.37739653654,0.));
#3786 = CARTESIAN_POINT('',(25.054071085206,106.10710668397,0.));
#3787 = CARTESIAN_POINT('',(25.496033604264,104.84876419585,0.));
#3788 = CARTESIAN_POINT('',(25.970853999282,103.60247298848,0.));
#3789 = CARTESIAN_POINT('',(26.475303068191,102.36786393939,0.));
#3790 = CARTESIAN_POINT('',(27.006803543496,101.14470541154,0.));
#3791 = CARTESIAN_POINT('',(27.562807250001,99.93248324983,0.));
#3792 = CARTESIAN_POINT('',(28.140412936874,98.730464888317,0.));
#3793 = CARTESIAN_POINT('',(28.73707937031,97.537782933761,0.));
#3794 = CARTESIAN_POINT('',(29.350142851125,96.353459826858,0.));
#3795 = CARTESIAN_POINT('',(29.977355258529,95.176565740077,0.));
#3796 = CARTESIAN_POINT('',(30.616189354993,94.005963937436,0.));
#3797 = CARTESIAN_POINT('',(31.264108978077,92.840339649417,0.));
#3798 = CARTESIAN_POINT('',(31.918687317291,91.678475861696,0.));
#3799 = CARTESIAN_POINT('',(32.57735131872,90.518893586942,0.));
#3800 = CARTESIAN_POINT('',(33.237659680047,89.360282236645,0.));
#3801 = CARTESIAN_POINT('',(33.899373274916,88.202441664979,0.));
#3802 = CARTESIAN_POINT('',(34.561802364326,87.045029552271,0.));
#3803 = CARTESIAN_POINT('',(35.224857121978,85.887970544166,0.));
#3804 = CARTESIAN_POINT('',(35.888185935106,84.73105897941,0.));
#3805 = CARTESIAN_POINT('',(36.550965606076,83.573852060092,0.));
#3806 = CARTESIAN_POINT('',(37.213313986329,82.416398541692,0.));
#3807 = CARTESIAN_POINT('',(37.874436102798,81.258252902518,0.));
#3808 = CARTESIAN_POINT('',(38.534107810808,80.099249128744,0.));
#3809 = CARTESIAN_POINT('',(39.191979873989,78.93926751776,0.));
#3810 = CARTESIAN_POINT('',(39.847445597766,77.777905406973,0.));
#3811 = CARTESIAN_POINT('',(40.500352816426,76.615106317721,0.));
#3812 = CARTESIAN_POINT('',(41.149965535849,75.450429450615,0.));
#3813 = CARTESIAN_POINT('',(41.796134266896,74.283867279849,0.));
#3814 = CARTESIAN_POINT('',(42.438460977008,73.115167244357,0.));
#3815 = CARTESIAN_POINT('',(43.076338868464,71.94404993559,0.));
#3816 = CARTESIAN_POINT('',(43.709668399748,70.770445505382,0.));
#3817 = CARTESIAN_POINT('',(44.337818598421,69.594110062942,0.));
#3818 = CARTESIAN_POINT('',(44.960418098661,68.414787804611,0.));
#3819 = CARTESIAN_POINT('',(45.578207135879,67.232951962425,0.));
#3820 = CARTESIAN_POINT('',(46.191089932846,66.048526346423,0.));
#3821 = CARTESIAN_POINT('',(46.799897013156,64.862018617141,0.));
#3822 = CARTESIAN_POINT('',(47.405085360888,63.673671047677,0.));
#3823 = CARTESIAN_POINT('',(48.0073047865,62.483808838894,0.));
#3824 = CARTESIAN_POINT('',(48.60659376229,61.292498910396,0.));
#3825 = CARTESIAN_POINT('',(49.2040072545,60.100220432723,0.));
#3826 = CARTESIAN_POINT('',(49.799649752704,58.907074257854,0.));
#3827 = CARTESIAN_POINT('',(50.394394924863,57.713480199403,0.));
#3828 = CARTESIAN_POINT('',(50.988498613233,56.519549381358,0.));
#3829 = CARTESIAN_POINT('',(51.582723478975,55.325695504758,0.));
#3830 = CARTESIAN_POINT('',(52.177333382628,54.132017374685,0.));
#3831 = CARTESIAN_POINT('',(52.772941766462,52.938837507402,0.));
#3832 = CARTESIAN_POINT('',(53.370173359216,51.746484923446,0.));
#3833 = CARTESIAN_POINT('',(53.969256206527,50.555039183137,0.));
#3834 = CARTESIAN_POINT('',(54.57108223063,49.364998960615,0.));
#3835 = CARTESIAN_POINT('',(55.175402322786,48.176189662244,0.));
#3836 = CARTESIAN_POINT('',(55.782115914467,46.988627771461,0.));
#3837 = CARTESIAN_POINT('',(56.391078398834,45.802207903159,0.));
#3838 = CARTESIAN_POINT('',(57.002027470958,44.616829835398,0.));
#3839 = CARTESIAN_POINT('',(57.615169969069,43.432553574231,0.));
#3840 = CARTESIAN_POINT('',(58.229752565772,42.249040320971,0.));
#3841 = CARTESIAN_POINT('',(58.846368075236,41.066584424476,0.));
#3842 = CARTESIAN_POINT('',(59.464362153643,39.884846891677,0.));
#3843 = CARTESIAN_POINT('',(60.083854306564,38.703892438506,0.));
#3844 = CARTESIAN_POINT('',(60.704768282652,37.523682942266,0.));
#3845 = CARTESIAN_POINT('',(61.327060239598,36.344199236526,0.));
#3846 = CARTESIAN_POINT('',(61.950257698876,35.165193340518,0.));
#3847 = CARTESIAN_POINT('',(62.574861802493,33.986916479344,0.));
#3848 = CARTESIAN_POINT('',(63.200306214131,32.809119776876,0.));
#3849 = CARTESIAN_POINT('',(63.826848595877,31.631926183799,0.));
#3850 = CARTESIAN_POINT('',(64.454288522528,30.455195958974,0.));
#3851 = CARTESIAN_POINT('',(65.082511549901,29.278875893488,0.));
#3852 = CARTESIAN_POINT('',(65.712398095157,28.103425998102,0.));
#3853 = CARTESIAN_POINT('',(66.345300587207,26.929611805018,0.));
#3854 = CARTESIAN_POINT('',(66.982433058969,25.758064919131,0.));
#3855 = CARTESIAN_POINT('',(67.625378359248,24.589707901996,0.));
#3856 = CARTESIAN_POINT('',(68.274984690095,23.425027818463,0.));
#3857 = CARTESIAN_POINT('',(68.932557083313,22.264848841359,0.));
#3858 = CARTESIAN_POINT('',(69.599315571054,21.109901528322,0.));
#3859 = CARTESIAN_POINT('',(70.276215128512,19.960886065994,0.));
#3860 = CARTESIAN_POINT('',(70.964402413161,18.818590101934,0.));
#3861 = CARTESIAN_POINT('',(71.664552837558,17.683590360272,0.));
#3862 = CARTESIAN_POINT('',(72.378215000809,16.557002801546,0.));
#3863 = CARTESIAN_POINT('',(73.105664160512,15.439277970886,0.));
#3864 = CARTESIAN_POINT('',(73.848195794544,14.331486122456,0.));
#3865 = CARTESIAN_POINT('',(74.606454441499,13.234428295314,0.));
#3866 = CARTESIAN_POINT('',(75.381729147735,12.149281890817,0.));
#3867 = CARTESIAN_POINT('',(76.176055753336,11.078007543058,0.));
#3868 = CARTESIAN_POINT('',(76.991003259878,10.022346156153,0.));
#3869 = CARTESIAN_POINT('',(77.828615934801,8.984554891141,0.));
#3870 = CARTESIAN_POINT('',(78.690315196391,7.966613669481,0.));
#3871 = CARTESIAN_POINT('',(79.57816367887,6.971573291249,0.));
#3872 = CARTESIAN_POINT('',(80.493265804765,6.000655205112,0.));
#3873 = CARTESIAN_POINT('',(81.43738925031,5.06118845944,0.));
#3874 = CARTESIAN_POINT('',(82.412681875507,4.141683670917,0.));
#3875 = CARTESIAN_POINT('',(83.408457131764,3.304045670518,0.));
#3876 = CARTESIAN_POINT('',(84.442256548469,2.359366015476,0.));
#3877 = CARTESIAN_POINT('',(84.320924962301,0.889182541152,0.));
#3878 = CARTESIAN_POINT('',(83.248047953484,-8.841663349767E-02,0.));
#3879 = CARTESIAN_POINT('',(81.83915313795,8.020347391142E-02,0.));
#3880 = CARTESIAN_POINT('',(80.687280039561,0.715069363667,0.));
#3881 = CARTESIAN_POINT('',(79.430926313582,1.176947816271,0.));
#3882 = CARTESIAN_POINT('',(78.19084904901,1.663876308945,0.));
#3883 = CARTESIAN_POINT('',(76.939140878699,2.125123375468,0.));
#3884 = CARTESIAN_POINT('',(75.684844888325,2.577809012159,0.));
#3885 = CARTESIAN_POINT('',(74.427012270814,3.020936057988,0.));
#3886 = CARTESIAN_POINT('',(73.166995004092,3.457745825314,0.));
#3887 = CARTESIAN_POINT('',(71.905700619723,3.890717537411,0.));
#3888 = CARTESIAN_POINT('',(70.643901303602,4.322350163357,0.));
#3889 = CARTESIAN_POINT('',(69.382459038743,4.754962336745,0.));
#3890 = CARTESIAN_POINT('',(68.122071584748,5.19072847905,0.));
#3891 = CARTESIAN_POINT('',(66.863537544336,5.631764585784,0.));
#3892 = CARTESIAN_POINT('',(65.607178431224,6.07901303625,0.));
#3893 = CARTESIAN_POINT('',(64.353394884372,6.53336664462,0.));
#3894 = CARTESIAN_POINT('',(63.102758511231,6.996277772362,0.));
#3895 = CARTESIAN_POINT('',(61.855324590231,7.467739725904,0.));
#3896 = CARTESIAN_POINT('',(60.611921714359,7.949771479457,0.));
#3897 = CARTESIAN_POINT('',(59.372556824048,8.442186936112,0.));
#3898 = CARTESIAN_POINT('',(58.138099866533,8.946741420428,0.));
#3899 = CARTESIAN_POINT('',(56.908684043661,9.463547865691,0.));
#3900 = CARTESIAN_POINT('',(55.685120121746,9.993971262969,0.));
#3901 = CARTESIAN_POINT('',(54.46764550425,10.538274334268,0.));
#3902 = CARTESIAN_POINT('',(53.257085612621,11.097737317521,0.));
#3903 = CARTESIAN_POINT('',(52.053762930753,11.672599275739,0.));
#3904 = CARTESIAN_POINT('',(50.858560449176,12.264218218536,0.));
#3905 = CARTESIAN_POINT('',(49.671819894112,12.872616163629,0.));
#3906 = CARTESIAN_POINT('',(48.494681913196,13.499453257581,0.));
#3907 = CARTESIAN_POINT('',(47.327196361993,14.144001158693,0.));
#3908 = CARTESIAN_POINT('',(46.170087838654,14.807055063623,0.));
#3909 = CARTESIAN_POINT('',(45.023036894937,15.487304118959,0.));
#3910 = CARTESIAN_POINT('',(43.886753595229,16.185413985415,0.));
#3911 = CARTESIAN_POINT('',(42.760909971429,16.900264916871,0.));
#3912 = CARTESIAN_POINT('',(41.646139777201,17.632298229849,0.));
#3913 = CARTESIAN_POINT('',(40.54211096545,18.380421444727,0.));
#3914 = CARTESIAN_POINT('',(39.449557168054,19.145119405368,0.));
#3915 = CARTESIAN_POINT('',(38.368018047922,19.925331364018,0.));
#3916 = CARTESIAN_POINT('',(37.298246041415,20.721646386325,0.));
#3917 = CARTESIAN_POINT('',(36.239592301543,21.532686879205,0.));
#3918 = CARTESIAN_POINT('',(35.193094952687,22.359320349257,0.));
#3919 = CARTESIAN_POINT('',(34.158042545755,23.200220240268,0.));
#3920 = CARTESIAN_POINT('',(33.135269442465,24.056052820883,0.));
#3921 = CARTESIAN_POINT('',(32.123990136026,24.925444126238,0.));
#3922 = CARTESIAN_POINT('',(31.125482256722,25.809472632899,0.));
#3923 = CARTESIAN_POINT('',(30.138455551422,26.706288326541,0.));
#3924 = CARTESIAN_POINT('',(29.164251430957,27.617014458352,0.));
#3925 = CARTESIAN_POINT('',(28.201821187287,28.540175756646,0.));
#3926 = CARTESIAN_POINT('',(27.252425881434,29.476719577122,0.));
#3927 = CARTESIAN_POINT('',(26.31487867233,30.425142510195,0.));
#3928 = CARTESIAN_POINT('',(25.390640638342,31.386529571968,0.));
#3929 = CARTESIAN_POINT('',(24.478790587164,32.359705903872,0.));
#3930 = CARTESIAN_POINT('',(23.580699404023,33.345552039205,0.));
#3931 = CARTESIAN_POINT('',(22.696010049769,34.343465455631,0.));
#3932 = CARTESIAN_POINT('',(21.825509406592,35.35375937351,0.));
#3933 = CARTESIAN_POINT('',(20.969365878174,36.376280554694,0.));
#3934 = CARTESIAN_POINT('',(20.127866724587,37.410870459302,0.));
#3935 = CARTESIAN_POINT('',(19.301554760924,38.457653564418,0.));
#3936 = CARTESIAN_POINT('',(18.490426286015,39.516227833724,0.));
#3937 = CARTESIAN_POINT('',(17.695500087934,40.587022891541,0.));
#3938 = CARTESIAN_POINT('',(16.916116621925,41.669158747924,0.));
#3939 = CARTESIAN_POINT('',(16.154016032526,42.763566474627,0.));
#3940 = CARTESIAN_POINT('',(15.407997295141,43.869007353521,0.));
#3941 = CARTESIAN_POINT('',(14.68000363371,44.98639047971,0.));
#3942 = CARTESIAN_POINT('',(13.96883072083,46.114564653451,0.));
#3943 = CARTESIAN_POINT('',(13.276615944012,47.254443652163,0.));
#3944 = CARTESIAN_POINT('',(12.601783607926,48.404730058399,0.));
#3945 = CARTESIAN_POINT('',(11.946758032264,49.566395541975,0.));
#3946 = CARTESIAN_POINT('',(11.310035095836,50.738195230586,0.));
#3947 = CARTESIAN_POINT('',(10.693528538298,51.920773960741,0.));
#3948 = CARTESIAN_POINT('',(10.096549102758,53.113307265654,0.));
#3949 = CARTESIAN_POINT('',(9.519789044877,54.315763922779,0.));
#3950 = CARTESIAN_POINT('',(8.962864703093,55.527501868592,0.));
#3951 = CARTESIAN_POINT('',(8.425940011193,56.748255237567,0.));
#3952 = CARTESIAN_POINT('',(7.909176419829,57.977674431772,0.));
#3953 = CARTESIAN_POINT('',(7.41175682237,59.215040769931,0.));
#3954 = CARTESIAN_POINT('',(6.93500946914,60.460529380669,0.));
#3955 = CARTESIAN_POINT('',(6.477362036802,61.713157158904,0.));
#3956 = CARTESIAN_POINT('',(6.040374159535,62.973152467251,0.));
#3957 = CARTESIAN_POINT('',(5.622119930211,64.239496907252,0.));
#3958 = CARTESIAN_POINT('',(5.224720333883,65.512539292265,0.));
#3959 = CARTESIAN_POINT('',(4.845845945166,66.79118998789,0.));
#3960 = CARTESIAN_POINT('',(4.487723402272,68.075806869657,0.));
#3961 = CARTESIAN_POINT('',(4.147997226979,69.365415748967,0.));
#3962 = CARTESIAN_POINT('',(3.828710136635,70.660240168378,0.));
#3963 = CARTESIAN_POINT('',(3.527996082062,71.959483063794,0.));
#3964 = CARTESIAN_POINT('',(3.247074803156,73.263166395006,0.));
#3965 = CARTESIAN_POINT('',(2.984884751733,74.570745365736,0.));
#3966 = CARTESIAN_POINT('',(2.742020277543,75.882076345834,0.));
#3967 = CARTESIAN_POINT('',(2.518200090294,77.196739989848,0.));
#3968 = CARTESIAN_POINT('',(2.313027724318,78.514466767327,0.));
#3969 = CARTESIAN_POINT('',(2.126858794198,79.834999661974,0.));
#3970 = CARTESIAN_POINT('',(1.958925910555,81.15801595153,0.));
#3971 = CARTESIAN_POINT('',(1.810044359655,82.483277376535,0.));
#3972 = CARTESIAN_POINT('',(1.677716284138,83.810292164317,0.));
#3973 = CARTESIAN_POINT('',(1.561467251238,85.138803552842,0.));
#3974 = CARTESIAN_POINT('',(1.458619251315,86.4684355008,0.));
#3975 = CARTESIAN_POINT('',(1.368860187538,87.79899424082,0.));
#3976 = CARTESIAN_POINT('',(1.289539491082,89.130195195295,0.));
#3977 = CARTESIAN_POINT('',(1.220184396379,90.461981829672,0.));
#3978 = CARTESIAN_POINT('',(1.158110635069,91.794125793647,0.));
#3979 = CARTESIAN_POINT('',(1.102580420214,93.126544516447,0.));
#3980 = CARTESIAN_POINT('',(1.051375236504,94.459109823849,0.));
#3981 = CARTESIAN_POINT('',(1.003311380349,95.791812392131,0.));
#3982 = CARTESIAN_POINT('',(0.956374422383,97.124575163798,0.));
#3983 = CARTESIAN_POINT('',(0.908997225823,98.457309137305,0.));
#3984 = CARTESIAN_POINT('',(0.859238282472,99.789943029713,0.));
#3985 = CARTESIAN_POINT('',(0.805645351164,101.12242979156,0.));
#3986 = CARTESIAN_POINT('',(0.745782976049,102.4546752018,0.));
#3987 = CARTESIAN_POINT('',(0.678817885581,103.78657180715,0.));
#3988 = CARTESIAN_POINT('',(0.601552128445,105.11791611725,0.));
#3989 = CARTESIAN_POINT('',(0.51317269946,106.44857546865,0.));
#3990 = CARTESIAN_POINT('',(0.411749849741,107.7782861003,0.));
#3991 = CARTESIAN_POINT('',(0.293246355577,109.1066562294,0.));
#3992 = CARTESIAN_POINT('',(0.163052965165,110.4336152262,0.));
#3993 = CARTESIAN_POINT('',(-3.994127299614E-03,111.75754060642,0.));
#3994 = CARTESIAN_POINT('',(-8.377844641509E-03,113.09412655459,0.));
#3995 = CARTESIAN_POINT('',(0.135302640401,114.42185565848,0.));
#3996 = CARTESIAN_POINT('',(0.43259305534,115.72419826021,0.));
#3997 = CARTESIAN_POINT('',(0.874532705012,116.98458225689,0.));
#3998 = CARTESIAN_POINT('',(1.456669312188,118.18685931288,0.));
#3999 = CARTESIAN_POINT('',(2.173942763191,119.31369194236,0.));
#4000 = CARTESIAN_POINT('',(3.013464875705,120.35252001514,0.));
#4001 = CARTESIAN_POINT('',(3.965886492806,121.28910909869,0.));
#4002 = CARTESIAN_POINT('',(5.019738042299,122.10979401696,0.));
#4003 = CARTESIAN_POINT('',(6.159347986727,122.80644424941,0.));
#4004 = CARTESIAN_POINT('',(7.371186167311,123.36838763899,0.));
#4005 = CARTESIAN_POINT('',(8.639375957439,123.7875522428,0.));
#4006 = CARTESIAN_POINT('',(9.946721348996,124.06120360535,0.));
#4007 = CARTESIAN_POINT('',(11.276943776375,124.18306444416,0.));
#4008 = CARTESIAN_POINT('',(12.612270419806,124.15214039328,0.));
#4009 = CARTESIAN_POINT('',(13.935642323529,123.97098336308,0.));
#4010 = CARTESIAN_POINT('',(15.229421166423,123.63871411209,0.));
#4011 = CARTESIAN_POINT('',(16.47678758129,123.16118676904,0.));
#4012 = CARTESIAN_POINT('',(17.662573082999,122.54627265304,0.));
#4013 = CARTESIAN_POINT('',(18.769336925032,121.79831560009,0.));
#4014 = CARTESIAN_POINT('',(19.783984454378,120.92973626318,0.));
#4015 = CARTESIAN_POINT('',(20.694376796661,119.95228907498,0.));
#4016 = CARTESIAN_POINT('',(21.485475602608,118.87594904015,0.));
#4017 = CARTESIAN_POINT('',(22.149483155056,117.71717179297,0.));
#4018 = CARTESIAN_POINT('',(22.679196004655,116.49075076212,0.));
#4019 = CARTESIAN_POINT('',(23.06079029528,115.21107236788,0.));
#4020 = CARTESIAN_POINT('',(23.222798385879,114.33497764014,0.));
#4021 = CARTESIAN_POINT('',(23.324827301548,113.45200005598,0.));
#4022 = VECTOR('',#4023,1.);
#4023 = DIRECTION('',(-0.,-0.,-1.));
#4024 = DEFINITIONAL_REPRESENTATION('',(#4025),#4029);
#4025 = LINE('',#4026,#4027);
#4026 = CARTESIAN_POINT('',(0.,0.));
#4027 = VECTOR('',#4028,1.);
#4028 = DIRECTION('',(1.,0.));
#4029 = ( GEOMETRIC_REPRESENTATION_CONTEXT(2) 
PARAMETRIC_REPRESENTATION_CONTEXT() REPRESENTATION_CONTEXT('2D SPACE',''
  ) );
#4030 = ADVANCED_FACE('',(#4031,#4287),#2371,.T.);
#4031 = FACE_BOUND('',#4032,.T.);
#4032 = EDGE_LOOP('',(#4033,#4034,#4035,#4058,#4081,#4104,#4265,#4286));
#4033 = ORIENTED_EDGE('',*,*,#2355,.T.);
#4034 = ORIENTED_EDGE('',*,*,#2588,.T.);
#4035 = ORIENTED_EDGE('',*,*,#4036,.T.);
#4036 = EDGE_CURVE('',#2589,#4037,#4039,.T.);
#4037 = VERTEX_POINT('',#4038);
#4038 = CARTESIAN_POINT('',(174.2517,-55.0814,12.7));
#4039 = SURFACE_CURVE('',#4040,(#4044,#4051),.PCURVE_S1.);
#4040 = LINE('',#4041,#4042);
#4041 = CARTESIAN_POINT('',(84.2517,-55.0814,12.7));
#4042 = VECTOR('',#4043,1.);
#4043 = DIRECTION('',(1.,0.,0.));
#4044 = PCURVE('',#2371,#4045);
#4045 = DEFINITIONAL_REPRESENTATION('',(#4046),#4050);
#4046 = LINE('',#4047,#4048);
#4047 = CARTESIAN_POINT('',(30.950832051245,-109.01869197));
#4048 = VECTOR('',#4049,1.);
#4049 = DIRECTION('',(1.,0.));
#4050 = ( GEOMETRIC_REPRESENTATION_CONTEXT(2) 
PARAMETRIC_REPRESENTATION_CONTEXT() REPRESENTATION_CONTEXT('2D SPACE',''
  ) );
#4051 = PCURVE('',#2765,#4052);
#4052 = DEFINITIONAL_REPRESENTATION('',(#4053),#4057);
#4053 = LINE('',#4054,#4055);
#4054 = CARTESIAN_POINT('',(0.,-12.7));
#4055 = VECTOR('',#4056,1.);
#4056 = DIRECTION('',(1.,0.));
#4057 = ( GEOMETRIC_REPRESENTATION_CONTEXT(2) 
PARAMETRIC_REPRESENTATION_CONTEXT() REPRESENTATION_CONTEXT('2D SPACE',''
  ) );
#4058 = ORIENTED_EDGE('',*,*,#4059,.T.);
#4059 = EDGE_CURVE('',#4037,#4060,#4062,.T.);
#4060 = VERTEX_POINT('',#4061);
#4061 = CARTESIAN_POINT('',(174.2517,62.6186,12.7));
#4062 = SURFACE_CURVE('',#4063,(#4067,#4074),.PCURVE_S1.);
#4063 = LINE('',#4064,#4065);
#4064 = CARTESIAN_POINT('',(174.2517,-55.0814,12.7));
#4065 = VECTOR('',#4066,1.);
#4066 = DIRECTION('',(0.,1.,0.));
#4067 = PCURVE('',#2371,#4068);
#4068 = DEFINITIONAL_REPRESENTATION('',(#4069),#4073);
#4069 = LINE('',#4070,#4071);
#4070 = CARTESIAN_POINT('',(120.95083205124,-109.01869197));
#4071 = VECTOR('',#4072,1.);
#4072 = DIRECTION('',(0.,1.));
#4073 = ( GEOMETRIC_REPRESENTATION_CONTEXT(2) 
PARAMETRIC_REPRESENTATION_CONTEXT() REPRESENTATION_CONTEXT('2D SPACE',''
  ) );
#4074 = PCURVE('',#2980,#4075);
#4075 = DEFINITIONAL_REPRESENTATION('',(#4076),#4080);
#4076 = LINE('',#4077,#4078);
#4077 = CARTESIAN_POINT('',(0.,-12.7));
#4078 = VECTOR('',#4079,1.);
#4079 = DIRECTION('',(1.,0.));
#4080 = ( GEOMETRIC_REPRESENTATION_CONTEXT(2) 
PARAMETRIC_REPRESENTATION_CONTEXT() REPRESENTATION_CONTEXT('2D SPACE',''
  ) );
#4081 = ORIENTED_EDGE('',*,*,#4082,.T.);
#4082 = EDGE_CURVE('',#4060,#4083,#4085,.T.);
#4083 = VERTEX_POINT('',#4084);
#4084 = CARTESIAN_POINT('',(84.2517,62.6186,12.7));
#4085 = SURFACE_CURVE('',#4086,(#4090,#4097),.PCURVE_S1.);
#4086 = LINE('',#4087,#4088);
#4087 = CARTESIAN_POINT('',(174.2517,62.6186,12.7));
#4088 = VECTOR('',#4089,1.);
#4089 = DIRECTION('',(-1.,0.,0.));
#4090 = PCURVE('',#2371,#4091);
#4091 = DEFINITIONAL_REPRESENTATION('',(#4092),#4096);
#4092 = LINE('',#4093,#4094);
#4093 = CARTESIAN_POINT('',(120.95083205124,8.681308029953));
#4094 = VECTOR('',#4095,1.);
#4095 = DIRECTION('',(-1.,0.));
#4096 = ( GEOMETRIC_REPRESENTATION_CONTEXT(2) 
PARAMETRIC_REPRESENTATION_CONTEXT() REPRESENTATION_CONTEXT('2D SPACE',''
  ) );
#4097 = PCURVE('',#3008,#4098);
#4098 = DEFINITIONAL_REPRESENTATION('',(#4099),#4103);
#4099 = LINE('',#4100,#4101);
#4100 = CARTESIAN_POINT('',(0.,-12.7));
#4101 = VECTOR('',#4102,1.);
#4102 = DIRECTION('',(1.,0.));
#4103 = ( GEOMETRIC_REPRESENTATION_CONTEXT(2) 
PARAMETRIC_REPRESENTATION_CONTEXT() REPRESENTATION_CONTEXT('2D SPACE',''
  ) );
#4104 = ORIENTED_EDGE('',*,*,#4105,.T.);
#4105 = EDGE_CURVE('',#4083,#4106,#4108,.T.);
#4106 = VERTEX_POINT('',#4107);
#4107 = CARTESIAN_POINT('',(1.63E-02,173.4427,12.7));
#4108 = SURFACE_CURVE('',#4109,(#4182,#4258),.PCURVE_S1.);
#4109 = B_SPLINE_CURVE_WITH_KNOTS('',3,(#4110,#4111,#4112,#4113,#4114,
    #4115,#4116,#4117,#4118,#4119,#4120,#4121,#4122,#4123,#4124,#4125,
    #4126,#4127,#4128,#4129,#4130,#4131,#4132,#4133,#4134,#4135,#4136,
    #4137,#4138,#4139,#4140,#4141,#4142,#4143,#4144,#4145,#4146,#4147,
    #4148,#4149,#4150,#4151,#4152,#4153,#4154,#4155,#4156,#4157,#4158,
    #4159,#4160,#4161,#4162,#4163,#4164,#4165,#4166,#4167,#4168,#4169,
    #4170,#4171,#4172,#4173,#4174,#4175,#4176,#4177,#4178,#4179,#4180,
    #4181),.UNSPECIFIED.,.F.,.F.,(4,1,1,1,1,1,1,1,1,1,1,1,1,1,1,1,1,1,1,
    1,1,1,1,1,1,1,1,1,1,1,1,1,1,1,1,1,1,1,1,1,1,1,1,1,1,1,1,1,1,1,1,1,1,
    1,1,1,1,1,1,1,1,1,1,1,1,1,1,1,1,4),(0.,1.285922662182,2.642435454528
    ,4.136116144249,5.649395456487,7.186865441584,8.749310272296,
    10.342029502972,11.961400713337,13.610064972995,15.287972103821,
    16.994913455767,18.731464889852,20.497926474692,22.289708043686,
    24.102240785271,25.928855871573,27.763473286442,29.60493872013,
    31.454198249441,33.312110533677,35.179983136943,37.059055972822,
    38.950765645187,40.856868892669,42.779204210946,44.717833318497,
    46.669697009378,48.631126472006,50.598527875854,52.567974387749,
    54.535855082016,56.498750492028,58.454125952597,60.402124679675,
    62.346547958346,64.289879237762,66.235085029791,68.185004159812,
    70.142196661835,72.109603747988,74.089758458645,76.086807544298,
    78.103170873218,80.149052317427,82.242319005665,84.40824266769,
    86.684259286502,89.132496245145,91.915296533051,95.827925597829,
    98.657162212487,100.71853638433,102.58146096298,104.34989716474,
    106.06486039129,107.74579723336,109.40467662552,111.05600567854,
    112.70645141439,114.3663064,116.04700207881,117.76118424815,
    119.52727306475,121.37335645636,123.34684192796,125.55788633772,
    128.31124016381,133.75371843895,143.00869487793),.UNSPECIFIED.);
#4110 = CARTESIAN_POINT('',(84.2517,62.6186,12.7));
#4111 = CARTESIAN_POINT('',(83.838087746977,62.244794963571,12.7));
#4112 = CARTESIAN_POINT('',(83.000431539359,62.041223806749,12.7));
#4113 = CARTESIAN_POINT('',(81.742736193922,62.832388869201,12.7));
#4114 = CARTESIAN_POINT('',(80.589255752584,63.665919021619,12.7));
#4115 = CARTESIAN_POINT('',(79.3564253489,64.561344107477,12.7));
#4116 = CARTESIAN_POINT('',(78.138744779922,65.49670452672,12.7));
#4117 = CARTESIAN_POINT('',(76.914547874122,66.471668538676,12.7));
#4118 = CARTESIAN_POINT('',(75.696364006766,67.495786322149,12.7));
#4119 = CARTESIAN_POINT('',(74.474127264406,68.559640473581,12.7));
#4120 = CARTESIAN_POINT('',(73.253792376634,69.668324415231,12.7));
#4121 = CARTESIAN_POINT('',(72.033204503357,70.819676440449,12.7));
#4122 = CARTESIAN_POINT('',(70.812399280228,72.013087401712,12.7));
#4123 = CARTESIAN_POINT('',(69.591485278795,73.248255381984,12.7));
#4124 = CARTESIAN_POINT('',(68.372651562754,74.524843336776,12.7));
#4125 = CARTESIAN_POINT('',(67.153366866505,75.835764893785,12.7));
#4126 = CARTESIAN_POINT('',(65.934946838286,77.17470719245,12.7));
#4127 = CARTESIAN_POINT('',(64.716316901307,78.532678413208,12.7));
#4128 = CARTESIAN_POINT('',(63.495805443183,79.901900814722,12.7));
#4129 = CARTESIAN_POINT('',(62.274654824422,81.280654568448,12.7));
#4130 = CARTESIAN_POINT('',(61.053612463071,82.669860159763,12.7));
#4131 = CARTESIAN_POINT('',(59.832369314562,84.070590121725,12.7));
#4132 = CARTESIAN_POINT('',(58.611194710616,85.484539521114,12.7));
#4133 = CARTESIAN_POINT('',(57.389948193566,86.913282157749,12.7));
#4134 = CARTESIAN_POINT('',(56.168612552757,88.358675909792,12.7));
#4135 = CARTESIAN_POINT('',(54.947221672612,89.822856882097,12.7));
#4136 = CARTESIAN_POINT('',(53.726403337461,91.307822446583,12.7));
#4137 = CARTESIAN_POINT('',(52.506678191243,92.813363189111,12.7));
#4138 = CARTESIAN_POINT('',(51.287045254985,94.335703725018,12.7));
#4139 = CARTESIAN_POINT('',(50.067352469237,95.870262209947,12.7));
#4140 = CARTESIAN_POINT('',(48.847794119045,97.412403547402,12.7));
#4141 = CARTESIAN_POINT('',(47.628096805323,98.957174683315,12.7));
#4142 = CARTESIAN_POINT('',(46.408370032748,100.50000917654,12.7));
#4143 = CARTESIAN_POINT('',(45.188389712545,102.03666114698,12.7));
#4144 = CARTESIAN_POINT('',(43.967615272893,103.56421037633,12.7));
#4145 = CARTESIAN_POINT('',(42.745456263236,105.08275319814,12.7));
#4146 = CARTESIAN_POINT('',(41.523973334408,106.59668219048,12.7));
#4147 = CARTESIAN_POINT('',(40.302197986036,108.10917873477,12.7));
#4148 = CARTESIAN_POINT('',(39.080504030825,109.62409598007,12.7));
#4149 = CARTESIAN_POINT('',(37.858936667783,111.14504732297,12.7));
#4150 = CARTESIAN_POINT('',(36.637172105483,112.6753252429,12.7));
#4151 = CARTESIAN_POINT('',(35.415716094749,114.2187246715,12.7));
#4152 = CARTESIAN_POINT('',(34.193478463593,115.77842812549,12.7));
#4153 = CARTESIAN_POINT('',(32.972295397264,117.3596286886,12.7));
#4154 = CARTESIAN_POINT('',(31.748376768699,118.96635658091,12.7));
#4155 = CARTESIAN_POINT('',(30.522466577064,120.61175939698,12.7));
#4156 = CARTESIAN_POINT('',(29.294633713791,122.31774314445,12.7));
#4157 = CARTESIAN_POINT('',(28.065097518795,124.11602090258,12.7));
#4158 = CARTESIAN_POINT('',(26.827207849302,126.05229488165,12.7));
#4159 = CARTESIAN_POINT('',(25.586761955366,128.22298208675,12.7));
#4160 = CARTESIAN_POINT('',(24.164596229315,130.93648862412,12.7));
#4161 = CARTESIAN_POINT('',(23.441065213842,134.04708076861,12.7));
#4162 = CARTESIAN_POINT('',(22.201611798101,136.73630954351,12.7));
#4163 = CARTESIAN_POINT('',(20.826781359311,138.52872415516,12.7));
#4164 = CARTESIAN_POINT('',(19.581503980543,139.96011986046,12.7));
#4165 = CARTESIAN_POINT('',(18.346616760137,141.24605504362,12.7));
#4166 = CARTESIAN_POINT('',(17.119698990635,142.45361874044,12.7));
#4167 = CARTESIAN_POINT('',(15.895028128687,143.61101271205,12.7));
#4168 = CARTESIAN_POINT('',(14.668392219016,144.73501002093,12.7));
#4169 = CARTESIAN_POINT('',(13.445658585707,145.84818041228,12.7));
#4170 = CARTESIAN_POINT('',(12.220828262473,146.95953185988,12.7));
#4171 = CARTESIAN_POINT('',(10.995893105225,148.08532012536,12.7));
#4172 = CARTESIAN_POINT('',(9.770747956289,149.24212955222,12.7));
#4173 = CARTESIAN_POINT('',(8.543789782672,150.44819816413,12.7));
#4174 = CARTESIAN_POINT('',(7.31404115918,151.72934067575,12.7));
#4175 = CARTESIAN_POINT('',(6.080101334811,153.12428880204,12.7));
#4176 = CARTESIAN_POINT('',(4.829434561881,154.70049507808,12.7));
#4177 = CARTESIAN_POINT('',(3.545740049227,156.62579198561,12.7));
#4178 = CARTESIAN_POINT('',(1.964988971846,159.74190836733,12.7));
#4179 = CARTESIAN_POINT('',(0.907601590121,165.49720439314,12.7));
#4180 = CARTESIAN_POINT('',(0.73532835026,170.55414612704,12.7));
#4181 = CARTESIAN_POINT('',(1.63E-02,173.4427,12.7));
#4182 = PCURVE('',#2371,#4183);
#4183 = DEFINITIONAL_REPRESENTATION('',(#4184),#4257);
#4184 = B_SPLINE_CURVE_WITH_KNOTS('',3,(#4185,#4186,#4187,#4188,#4189,
    #4190,#4191,#4192,#4193,#4194,#4195,#4196,#4197,#4198,#4199,#4200,
    #4201,#4202,#4203,#4204,#4205,#4206,#4207,#4208,#4209,#4210,#4211,
    #4212,#4213,#4214,#4215,#4216,#4217,#4218,#4219,#4220,#4221,#4222,
    #4223,#4224,#4225,#4226,#4227,#4228,#4229,#4230,#4231,#4232,#4233,
    #4234,#4235,#4236,#4237,#4238,#4239,#4240,#4241,#4242,#4243,#4244,
    #4245,#4246,#4247,#4248,#4249,#4250,#4251,#4252,#4253,#4254,#4255,
    #4256),.UNSPECIFIED.,.F.,.F.,(4,1,1,1,1,1,1,1,1,1,1,1,1,1,1,1,1,1,1,
    1,1,1,1,1,1,1,1,1,1,1,1,1,1,1,1,1,1,1,1,1,1,1,1,1,1,1,1,1,1,1,1,1,1,
    1,1,1,1,1,1,1,1,1,1,1,1,1,1,1,1,4),(0.,1.285922662182,2.642435454528
    ,4.136116144249,5.649395456487,7.186865441584,8.749310272296,
    10.342029502972,11.961400713337,13.610064972995,15.287972103821,
    16.994913455767,18.731464889852,20.497926474692,22.289708043686,
    24.102240785271,25.928855871573,27.763473286442,29.60493872013,
    31.454198249441,33.312110533677,35.179983136943,37.059055972822,
    38.950765645187,40.856868892669,42.779204210946,44.717833318497,
    46.669697009378,48.631126472006,50.598527875854,52.567974387749,
    54.535855082016,56.498750492028,58.454125952597,60.402124679675,
    62.346547958346,64.289879237762,66.235085029791,68.185004159812,
    70.142196661835,72.109603747988,74.089758458645,76.086807544298,
    78.103170873218,80.149052317427,82.242319005665,84.40824266769,
    86.684259286502,89.132496245145,91.915296533051,95.827925597829,
    98.657162212487,100.71853638433,102.58146096298,104.34989716474,
    106.06486039129,107.74579723336,109.40467662552,111.05600567854,
    112.70645141439,114.3663064,116.04700207881,117.76118424815,
    119.52727306475,121.37335645636,123.34684192796,125.55788633772,
    128.31124016381,133.75371843895,143.00869487793),.UNSPECIFIED.);
#4185 = CARTESIAN_POINT('',(30.950832051245,8.681308029953));
#4186 = CARTESIAN_POINT('',(30.537219798222,8.307502993525));
#4187 = CARTESIAN_POINT('',(29.699563590604,8.103931836703));
#4188 = CARTESIAN_POINT('',(28.441868245167,8.895096899154));
#4189 = CARTESIAN_POINT('',(27.288387803829,9.728627051573));
#4190 = CARTESIAN_POINT('',(26.055557400145,10.624052137431));
#4191 = CARTESIAN_POINT('',(24.837876831167,11.559412556674));
#4192 = CARTESIAN_POINT('',(23.613679925367,12.534376568629));
#4193 = CARTESIAN_POINT('',(22.395496058011,13.558494352102));
#4194 = CARTESIAN_POINT('',(21.17325931565,14.622348503534));
#4195 = CARTESIAN_POINT('',(19.952924427879,15.731032445184));
#4196 = CARTESIAN_POINT('',(18.732336554602,16.882384470403));
#4197 = CARTESIAN_POINT('',(17.511531331473,18.075795431665));
#4198 = CARTESIAN_POINT('',(16.29061733004,19.310963411937));
#4199 = CARTESIAN_POINT('',(15.071783613999,20.58755136673));
#4200 = CARTESIAN_POINT('',(13.85249891775,21.898472923738));
#4201 = CARTESIAN_POINT('',(12.634078889531,23.237415222404));
#4202 = CARTESIAN_POINT('',(11.415448952552,24.595386443162));
#4203 = CARTESIAN_POINT('',(10.194937494428,25.964608844675));
#4204 = CARTESIAN_POINT('',(8.973786875667,27.343362598402));
#4205 = CARTESIAN_POINT('',(7.752744514316,28.732568189717));
#4206 = CARTESIAN_POINT('',(6.531501365807,30.133298151679));
#4207 = CARTESIAN_POINT('',(5.310326761861,31.547247551067));
#4208 = CARTESIAN_POINT('',(4.08908024481,32.975990187702));
#4209 = CARTESIAN_POINT('',(2.867744604002,34.421383939746));
#4210 = CARTESIAN_POINT('',(1.646353723857,35.88556491205));
#4211 = CARTESIAN_POINT('',(0.425535388706,37.370530476536));
#4212 = CARTESIAN_POINT('',(-0.794189757512,38.876071219065));
#4213 = CARTESIAN_POINT('',(-2.01382269377,40.398411754971));
#4214 = CARTESIAN_POINT('',(-3.233515479518,41.9329702399));
#4215 = CARTESIAN_POINT('',(-4.45307382971,43.475111577356));
#4216 = CARTESIAN_POINT('',(-5.672771143432,45.019882713268));
#4217 = CARTESIAN_POINT('',(-6.892497916007,46.562717206499));
#4218 = CARTESIAN_POINT('',(-8.11247823621,48.099369176943));
#4219 = CARTESIAN_POINT('',(-9.333252675862,49.626918406289));
#4220 = CARTESIAN_POINT('',(-10.55541168551,51.145461228094));
#4221 = CARTESIAN_POINT('',(-11.77689461434,52.659390220441));
#4222 = CARTESIAN_POINT('',(-12.99866996271,54.17188676473));
#4223 = CARTESIAN_POINT('',(-14.22036391793,55.686804010033));
#4224 = CARTESIAN_POINT('',(-15.44193128097,57.20775535293));
#4225 = CARTESIAN_POINT('',(-16.66369584327,58.738033272857));
#4226 = CARTESIAN_POINT('',(-17.885151854,60.281432701459));
#4227 = CARTESIAN_POINT('',(-19.10738948516,61.841136155447));
#4228 = CARTESIAN_POINT('',(-20.32857255149,63.422336718555));
#4229 = CARTESIAN_POINT('',(-21.55249118005,65.029064610865));
#4230 = CARTESIAN_POINT('',(-22.77840137169,66.674467426943));
#4231 = CARTESIAN_POINT('',(-24.00623423496,68.380451174404));
#4232 = CARTESIAN_POINT('',(-25.23577042996,70.178728932534));
#4233 = CARTESIAN_POINT('',(-26.47366009945,72.11500291161));
#4234 = CARTESIAN_POINT('',(-27.71410599338,74.285690116705));
#4235 = CARTESIAN_POINT('',(-29.13627171944,76.999196654076));
#4236 = CARTESIAN_POINT('',(-29.85980273491,80.109788798565));
#4237 = CARTESIAN_POINT('',(-31.09925615065,82.79901757347));
#4238 = CARTESIAN_POINT('',(-32.47408658944,84.591432185118));
#4239 = CARTESIAN_POINT('',(-33.71936396821,86.022827890422));
#4240 = CARTESIAN_POINT('',(-34.95425118861,87.308763073573));
#4241 = CARTESIAN_POINT('',(-36.18116895812,88.516326770396));
#4242 = CARTESIAN_POINT('',(-37.40583982006,89.673720742008));
#4243 = CARTESIAN_POINT('',(-38.63247572973,90.79771805089));
#4244 = CARTESIAN_POINT('',(-39.85520936304,91.910888442234));
#4245 = CARTESIAN_POINT('',(-41.08003968628,93.022239889838));
#4246 = CARTESIAN_POINT('',(-42.30497484353,94.148028155317));
#4247 = CARTESIAN_POINT('',(-43.53011999246,95.304837582177));
#4248 = CARTESIAN_POINT('',(-44.75707816608,96.510906194089));
#4249 = CARTESIAN_POINT('',(-45.98682678957,97.792048705704));
#4250 = CARTESIAN_POINT('',(-47.22076661394,99.186996831996));
#4251 = CARTESIAN_POINT('',(-48.47143338687,100.76320310803));
#4252 = CARTESIAN_POINT('',(-49.75512789952,102.68850001556));
#4253 = CARTESIAN_POINT('',(-51.3358789769,105.80461639729));
#4254 = CARTESIAN_POINT('',(-52.39326635863,111.55991242309));
#4255 = CARTESIAN_POINT('',(-52.56553959849,116.61685415699));
#4256 = CARTESIAN_POINT('',(-53.28456794875,119.50540802995));
#4257 = ( GEOMETRIC_REPRESENTATION_CONTEXT(2) 
PARAMETRIC_REPRESENTATION_CONTEXT() REPRESENTATION_CONTEXT('2D SPACE',''
  ) );
#4258 = PCURVE('',#3174,#4259);
#4259 = DEFINITIONAL_REPRESENTATION('',(#4260),#4264);
#4260 = LINE('',#4261,#4262);
#4261 = CARTESIAN_POINT('',(0.,-12.7));
#4262 = VECTOR('',#4263,1.);
#4263 = DIRECTION('',(1.,0.));
#4264 = ( GEOMETRIC_REPRESENTATION_CONTEXT(2) 
PARAMETRIC_REPRESENTATION_CONTEXT() REPRESENTATION_CONTEXT('2D SPACE',''
  ) );
#4265 = ORIENTED_EDGE('',*,*,#4266,.T.);
#4266 = EDGE_CURVE('',#4106,#2514,#4267,.T.);
#4267 = SURFACE_CURVE('',#4268,(#4272,#4279),.PCURVE_S1.);
#4268 = LINE('',#4269,#4270);
#4269 = CARTESIAN_POINT('',(1.63E-02,173.4427,12.7));
#4270 = VECTOR('',#4271,1.);
#4271 = DIRECTION('',(-1.,0.,0.));
#4272 = PCURVE('',#2371,#4273);
#4273 = DEFINITIONAL_REPRESENTATION('',(#4274),#4278);
#4274 = LINE('',#4275,#4276);
#4275 = CARTESIAN_POINT('',(-53.28456794875,119.50540802995));
#4276 = VECTOR('',#4277,1.);
#4277 = DIRECTION('',(-1.,0.));
#4278 = ( GEOMETRIC_REPRESENTATION_CONTEXT(2) 
PARAMETRIC_REPRESENTATION_CONTEXT() REPRESENTATION_CONTEXT('2D SPACE',''
  ) );
#4279 = PCURVE('',#2529,#4280);
#4280 = DEFINITIONAL_REPRESENTATION('',(#4281),#4285);
#4281 = LINE('',#4282,#4283);
#4282 = CARTESIAN_POINT('',(0.,-12.7));
#4283 = VECTOR('',#4284,1.);
#4284 = DIRECTION('',(1.,0.));
#4285 = ( GEOMETRIC_REPRESENTATION_CONTEXT(2) 
PARAMETRIC_REPRESENTATION_CONTEXT() REPRESENTATION_CONTEXT('2D SPACE',''
  ) );
#4286 = ORIENTED_EDGE('',*,*,#2541,.T.);
#4287 = FACE_BOUND('',#4288,.T.);
#4288 = EDGE_LOOP('',(#4289));
#4289 = ORIENTED_EDGE('',*,*,#4290,.T.);
#4290 = EDGE_CURVE('',#4291,#4291,#4293,.T.);
#4291 = VERTEX_POINT('',#4292);
#4292 = CARTESIAN_POINT('',(23.2738,113.8936,12.7));
#4293 = SURFACE_CURVE('',#4294,(#4538,#4785),.PCURVE_S1.);
#4294 = B_SPLINE_CURVE_WITH_KNOTS('',3,(#4295,#4296,#4297,#4298,#4299,
    #4300,#4301,#4302,#4303,#4304,#4305,#4306,#4307,#4308,#4309,#4310,
    #4311,#4312,#4313,#4314,#4315,#4316,#4317,#4318,#4319,#4320,#4321,
    #4322,#4323,#4324,#4325,#4326,#4327,#4328,#4329,#4330,#4331,#4332,
    #4333,#4334,#4335,#4336,#4337,#4338,#4339,#4340,#4341,#4342,#4343,
    #4344,#4345,#4346,#4347,#4348,#4349,#4350,#4351,#4352,#4353,#4354,
    #4355,#4356,#4357,#4358,#4359,#4360,#4361,#4362,#4363,#4364,#4365,
    #4366,#4367,#4368,#4369,#4370,#4371,#4372,#4373,#4374,#4375,#4376,
    #4377,#4378,#4379,#4380,#4381,#4382,#4383,#4384,#4385,#4386,#4387,
    #4388,#4389,#4390,#4391,#4392,#4393,#4394,#4395,#4396,#4397,#4398,
    #4399,#4400,#4401,#4402,#4403,#4404,#4405,#4406,#4407,#4408,#4409,
    #4410,#4411,#4412,#4413,#4414,#4415,#4416,#4417,#4418,#4419,#4420,
    #4421,#4422,#4423,#4424,#4425,#4426,#4427,#4428,#4429,#4430,#4431,
    #4432,#4433,#4434,#4435,#4436,#4437,#4438,#4439,#4440,#4441,#4442,
    #4443,#4444,#4445,#4446,#4447,#4448,#4449,#4450,#4451,#4452,#4453,
    #4454,#4455,#4456,#4457,#4458,#4459,#4460,#4461,#4462,#4463,#4464,
    #4465,#4466,#4467,#4468,#4469,#4470,#4471,#4472,#4473,#4474,#4475,
    #4476,#4477,#4478,#4479,#4480,#4481,#4482,#4483,#4484,#4485,#4486,
    #4487,#4488,#4489,#4490,#4491,#4492,#4493,#4494,#4495,#4496,#4497,
    #4498,#4499,#4500,#4501,#4502,#4503,#4504,#4505,#4506,#4507,#4508,
    #4509,#4510,#4511,#4512,#4513,#4514,#4515,#4516,#4517,#4518,#4519,
    #4520,#4521,#4522,#4523,#4524,#4525,#4526,#4527,#4528,#4529,#4530,
    #4531,#4532,#4533,#4534,#4535,#4536,#4537),.UNSPECIFIED.,.T.,.F.,(1,
    1,2,1,1,1,1,1,1,1,1,1,1,1,1,1,1,1,1,1,1,1,1,1,1,1,1,1,1,1,1,1,1,1,1,
    1,1,1,1,1,1,1,1,1,1,1,1,1,1,1,1,1,1,1,1,1,1,1,1,1,1,1,1,1,1,1,1,1,1,
    1,1,1,1,1,1,1,1,1,1,1,1,1,1,1,1,1,1,1,1,1,1,1,1,1,1,1,1,1,1,1,1,1,1,
    1,1,1,1,1,1,1,1,1,1,1,1,1,1,1,1,1,1,1,1,1,1,1,1,1,1,1,1,1,1,1,1,1,1,
    1,1,1,1,1,1,1,1,1,1,1,1,1,1,1,1,1,1,1,1,1,1,1,1,1,1,1,1,1,1,1,1,1,1,
    1,1,1,1,1,1,1,1,1,1,1,1,1,1,1,1,1,1,1,1,1,1,1,1,1,1,1,1,1,1,1,1,1,1,
    1,1,1,1,1,1,1,1,1,1,1,1,1,1,1,1,1,1,1,1,1,1,1,1,1,1,1,1,1,1,1,1,1,1,
    1,1,1,2,1,1),(-2.665651851091,-1.332779088972,0.,1.333450355281,
    2.666975083211,4.000432187883,5.333917774607,6.667441602665,
    8.000953724845,9.334460807691,10.668054992591,12.001566582342,
    13.335182006668,14.668692989,16.002276387217,17.335777898277,
    18.669360119214,20.002942756324,21.336482107074,22.670028465474,
    24.003702518607,25.337168427432,26.670803227518,28.004387484324,
    29.337934828815,30.671520000448,32.005117855876,33.338690381087,
    34.672225191282,36.005822000666,37.339371084877,38.672987540234,
    40.006466767669,41.340065001771,42.673671484209,44.007238419162,
    45.340760271251,46.674411593749,48.007932947159,49.341509555382,
    50.675026683131,52.00865498592,53.342197444937,54.675817128355,
    56.009400639051,57.342918123001,58.676558231876,60.010060237873,
    61.343651348372,62.67724348992,64.010747175704,65.344384945115,
    66.677932488325,68.011478925462,69.34511495152,70.678620230849,
    72.01222483867,73.345800457073,74.679396591591,76.012927307397,
    77.346529257006,78.680071716023,80.013686480488,81.347245065628,
    82.680788799444,84.014408404129,85.347970869857,86.681519927823,
    88.015140522295,89.348703846625,90.68229414728,92.015824083202,
    93.349335856678,94.682965584151,96.016515770684,97.350077655262,
    98.683665567625,100.0172706441,101.35079990512,102.68441636047,
    104.01795250547,105.35153250682,106.68509080325,108.01863165377,
    109.35218702945,110.68582005619,112.01932390695,113.3529324927,
    114.68647904232,116.02005699655,117.35361321209,118.68707022302,
    120.02068285793,121.35416365644,122.68768352881,124.02121800906,
    125.35468235803,126.68822465583,127.99485545678,129.29563124453,
    130.5963607091,131.89718849555,133.23020169879,134.56369862417,
    135.89729874789,137.23086121362,138.56438122097,139.89805246232,
    141.23155907273,142.56514858978,143.89866220426,145.23231094362,
    146.56583531535,147.89943183979,149.23301965092,150.56659561427,
    151.90011605655,153.23366490455,154.56721938788,155.90077475981,
    157.23442066859,158.56792043986,159.90157227224,161.23510125205,
    162.56864933892,163.9022273269,165.23573944533,166.56935680049,
    167.90289243931,169.23648190013,170.56996765183,171.9035917218,
    173.2370991646,174.57062175533,175.90429323662,177.23785930173,
    178.57136408612,179.90489100748,181.23848060702,182.57207263234,
    183.90560497916,185.23913376025,186.57269132181,187.9063057226,
    189.23984514084,190.57340550318,191.90699674865,193.24053029904,
    194.57409613918,195.9076527559,197.24122720077,198.57476664526,
    199.90839510926,201.24186601633,202.57546128477,203.90903297763,
    205.24258129696,206.57613016371,207.90975930631,209.24325447316,
    210.57680990882,211.91036715544,213.24394124412,214.57751204464,
    215.91104027081,217.24463403955,218.57813901516,219.9117432818,
    221.24529289468,222.57880904381,223.91244481493,225.24594529487,
    226.5794948815,227.91305031717,229.24660350321,230.58015762659,
    231.91368718757,233.24728084757,234.58082024707,235.91439040645,
    237.24800176288,238.58154439062,239.91503815139,241.24864920788,
    242.58221294839,243.91571243845,245.2492753991,246.58288485092,
    247.91639369979,249.25002307109,250.58349064475,251.91706776663,
    253.25066659686,254.58425031377,255.91773948508,257.25135529932,
    258.58493115768,259.91848516484,261.25205098623,262.58557898744,
    263.9192302462,265.25280235524,266.58629334133,267.9198719292,
    269.25350744162,270.58706080763,271.92059849364,273.25419222863,
    274.58774269261,275.92135202821,277.25490009634,278.58845326363,
    279.92206733824,281.25556298878,282.58915273079,283.92258264271,
    285.25539998954,286.58816747488,287.92100572464,289.25384732438,
    290.58669016958,291.91947601134,293.2523586956,294.58516278473,
    295.91793205583,297.25081043363,298.58364088046,299.91641759844,
    301.24919361864,302.58206127148,303.91491028769,305.24769903689,
    306.58053086799,307.91330747343,309.24615932191,310.57901639227,
    311.91181582204,313.24465791696,314.57747485863,315.91026648901,
    317.2430555796,318.57592834172,319.90870743069,321.24215778597,
    322.5756825139),.UNSPECIFIED.);
#4295 = CARTESIAN_POINT('',(23.222798385879,114.33497764014,12.7));
#4296 = CARTESIAN_POINT('',(23.324827301548,113.45200005598,12.7));
#4297 = CARTESIAN_POINT('',(23.444874961666,112.57095013787,12.7));
#4298 = CARTESIAN_POINT('',(23.676117862768,111.25733745498,12.7));
#4299 = CARTESIAN_POINT('',(23.955829647807,109.95322121022,12.7));
#4300 = CARTESIAN_POINT('',(24.280976998367,108.65972265416,12.7));
#4301 = CARTESIAN_POINT('',(24.647686748114,107.37739653654,12.7));
#4302 = CARTESIAN_POINT('',(25.054071085206,106.10710668397,12.7));
#4303 = CARTESIAN_POINT('',(25.496033604264,104.84876419585,12.7));
#4304 = CARTESIAN_POINT('',(25.970853999282,103.60247298848,12.7));
#4305 = CARTESIAN_POINT('',(26.475303068191,102.36786393939,12.7));
#4306 = CARTESIAN_POINT('',(27.006803543496,101.14470541154,12.7));
#4307 = CARTESIAN_POINT('',(27.562807250001,99.93248324983,12.7));
#4308 = CARTESIAN_POINT('',(28.140412936874,98.730464888317,12.7));
#4309 = CARTESIAN_POINT('',(28.73707937031,97.537782933761,12.7));
#4310 = CARTESIAN_POINT('',(29.350142851125,96.353459826858,12.7));
#4311 = CARTESIAN_POINT('',(29.977355258529,95.176565740077,12.7));
#4312 = CARTESIAN_POINT('',(30.616189354993,94.005963937436,12.7));
#4313 = CARTESIAN_POINT('',(31.264108978077,92.840339649417,12.7));
#4314 = CARTESIAN_POINT('',(31.918687317291,91.678475861696,12.7));
#4315 = CARTESIAN_POINT('',(32.57735131872,90.518893586942,12.7));
#4316 = CARTESIAN_POINT('',(33.237659680047,89.360282236645,12.7));
#4317 = CARTESIAN_POINT('',(33.899373274916,88.202441664979,12.7));
#4318 = CARTESIAN_POINT('',(34.561802364326,87.045029552271,12.7));
#4319 = CARTESIAN_POINT('',(35.224857121978,85.887970544166,12.7));
#4320 = CARTESIAN_POINT('',(35.888185935106,84.73105897941,12.7));
#4321 = CARTESIAN_POINT('',(36.550965606076,83.573852060092,12.7));
#4322 = CARTESIAN_POINT('',(37.213313986329,82.416398541692,12.7));
#4323 = CARTESIAN_POINT('',(37.874436102798,81.258252902518,12.7));
#4324 = CARTESIAN_POINT('',(38.534107810808,80.099249128744,12.7));
#4325 = CARTESIAN_POINT('',(39.191979873989,78.93926751776,12.7));
#4326 = CARTESIAN_POINT('',(39.847445597766,77.777905406973,12.7));
#4327 = CARTESIAN_POINT('',(40.500352816426,76.615106317721,12.7));
#4328 = CARTESIAN_POINT('',(41.149965535849,75.450429450615,12.7));
#4329 = CARTESIAN_POINT('',(41.796134266896,74.283867279849,12.7));
#4330 = CARTESIAN_POINT('',(42.438460977008,73.115167244357,12.7));
#4331 = CARTESIAN_POINT('',(43.076338868464,71.94404993559,12.7));
#4332 = CARTESIAN_POINT('',(43.709668399748,70.770445505382,12.7));
#4333 = CARTESIAN_POINT('',(44.337818598421,69.594110062942,12.7));
#4334 = CARTESIAN_POINT('',(44.960418098661,68.414787804611,12.7));
#4335 = CARTESIAN_POINT('',(45.578207135879,67.232951962425,12.7));
#4336 = CARTESIAN_POINT('',(46.191089932846,66.048526346423,12.7));
#4337 = CARTESIAN_POINT('',(46.799897013156,64.862018617141,12.7));
#4338 = CARTESIAN_POINT('',(47.405085360888,63.673671047677,12.7));
#4339 = CARTESIAN_POINT('',(48.0073047865,62.483808838894,12.7));
#4340 = CARTESIAN_POINT('',(48.60659376229,61.292498910396,12.7));
#4341 = CARTESIAN_POINT('',(49.2040072545,60.100220432723,12.7));
#4342 = CARTESIAN_POINT('',(49.799649752704,58.907074257854,12.7));
#4343 = CARTESIAN_POINT('',(50.394394924863,57.713480199403,12.7));
#4344 = CARTESIAN_POINT('',(50.988498613233,56.519549381358,12.7));
#4345 = CARTESIAN_POINT('',(51.582723478975,55.325695504758,12.7));
#4346 = CARTESIAN_POINT('',(52.177333382628,54.132017374685,12.7));
#4347 = CARTESIAN_POINT('',(52.772941766462,52.938837507402,12.7));
#4348 = CARTESIAN_POINT('',(53.370173359216,51.746484923446,12.7));
#4349 = CARTESIAN_POINT('',(53.969256206527,50.555039183137,12.7));
#4350 = CARTESIAN_POINT('',(54.57108223063,49.364998960615,12.7));
#4351 = CARTESIAN_POINT('',(55.175402322786,48.176189662244,12.7));
#4352 = CARTESIAN_POINT('',(55.782115914467,46.988627771461,12.7));
#4353 = CARTESIAN_POINT('',(56.391078398834,45.802207903159,12.7));
#4354 = CARTESIAN_POINT('',(57.002027470958,44.616829835398,12.7));
#4355 = CARTESIAN_POINT('',(57.615169969069,43.432553574231,12.7));
#4356 = CARTESIAN_POINT('',(58.229752565772,42.249040320971,12.7));
#4357 = CARTESIAN_POINT('',(58.846368075236,41.066584424476,12.7));
#4358 = CARTESIAN_POINT('',(59.464362153643,39.884846891677,12.7));
#4359 = CARTESIAN_POINT('',(60.083854306564,38.703892438506,12.7));
#4360 = CARTESIAN_POINT('',(60.704768282652,37.523682942266,12.7));
#4361 = CARTESIAN_POINT('',(61.327060239598,36.344199236526,12.7));
#4362 = CARTESIAN_POINT('',(61.950257698876,35.165193340518,12.7));
#4363 = CARTESIAN_POINT('',(62.574861802493,33.986916479344,12.7));
#4364 = CARTESIAN_POINT('',(63.200306214131,32.809119776876,12.7));
#4365 = CARTESIAN_POINT('',(63.826848595877,31.631926183799,12.7));
#4366 = CARTESIAN_POINT('',(64.454288522528,30.455195958974,12.7));
#4367 = CARTESIAN_POINT('',(65.082511549901,29.278875893488,12.7));
#4368 = CARTESIAN_POINT('',(65.712398095157,28.103425998102,12.7));
#4369 = CARTESIAN_POINT('',(66.345300587207,26.929611805018,12.7));
#4370 = CARTESIAN_POINT('',(66.982433058969,25.758064919131,12.7));
#4371 = CARTESIAN_POINT('',(67.625378359248,24.589707901996,12.7));
#4372 = CARTESIAN_POINT('',(68.274984690095,23.425027818463,12.7));
#4373 = CARTESIAN_POINT('',(68.932557083313,22.264848841359,12.7));
#4374 = CARTESIAN_POINT('',(69.599315571054,21.109901528322,12.7));
#4375 = CARTESIAN_POINT('',(70.276215128512,19.960886065994,12.7));
#4376 = CARTESIAN_POINT('',(70.964402413161,18.818590101934,12.7));
#4377 = CARTESIAN_POINT('',(71.664552837558,17.683590360272,12.7));
#4378 = CARTESIAN_POINT('',(72.378215000809,16.557002801546,12.7));
#4379 = CARTESIAN_POINT('',(73.105664160512,15.439277970886,12.7));
#4380 = CARTESIAN_POINT('',(73.848195794544,14.331486122456,12.7));
#4381 = CARTESIAN_POINT('',(74.606454441499,13.234428295314,12.7));
#4382 = CARTESIAN_POINT('',(75.381729147735,12.149281890817,12.7));
#4383 = CARTESIAN_POINT('',(76.176055753336,11.078007543058,12.7));
#4384 = CARTESIAN_POINT('',(76.991003259878,10.022346156153,12.7));
#4385 = CARTESIAN_POINT('',(77.828615934801,8.984554891141,12.7));
#4386 = CARTESIAN_POINT('',(78.690315196391,7.966613669481,12.7));
#4387 = CARTESIAN_POINT('',(79.57816367887,6.971573291249,12.7));
#4388 = CARTESIAN_POINT('',(80.493265804765,6.000655205112,12.7));
#4389 = CARTESIAN_POINT('',(81.43738925031,5.06118845944,12.7));
#4390 = CARTESIAN_POINT('',(82.412681875507,4.141683670917,12.7));
#4391 = CARTESIAN_POINT('',(83.408457131764,3.304045670518,12.7));
#4392 = CARTESIAN_POINT('',(84.442256548469,2.359366015476,12.7));
#4393 = CARTESIAN_POINT('',(84.320924962301,0.889182541152,12.7));
#4394 = CARTESIAN_POINT('',(83.248047953484,-8.841663349767E-02,12.7));
#4395 = CARTESIAN_POINT('',(81.83915313795,8.020347391142E-02,12.7));
#4396 = CARTESIAN_POINT('',(80.687280039561,0.715069363667,12.7));
#4397 = CARTESIAN_POINT('',(79.430926313582,1.176947816271,12.7));
#4398 = CARTESIAN_POINT('',(78.19084904901,1.663876308945,12.7));
#4399 = CARTESIAN_POINT('',(76.939140878699,2.125123375468,12.7));
#4400 = CARTESIAN_POINT('',(75.684844888325,2.577809012159,12.7));
#4401 = CARTESIAN_POINT('',(74.427012270814,3.020936057988,12.7));
#4402 = CARTESIAN_POINT('',(73.166995004092,3.457745825314,12.7));
#4403 = CARTESIAN_POINT('',(71.905700619723,3.890717537411,12.7));
#4404 = CARTESIAN_POINT('',(70.643901303602,4.322350163357,12.7));
#4405 = CARTESIAN_POINT('',(69.382459038743,4.754962336745,12.7));
#4406 = CARTESIAN_POINT('',(68.122071584748,5.19072847905,12.7));
#4407 = CARTESIAN_POINT('',(66.863537544336,5.631764585784,12.7));
#4408 = CARTESIAN_POINT('',(65.607178431224,6.07901303625,12.7));
#4409 = CARTESIAN_POINT('',(64.353394884372,6.53336664462,12.7));
#4410 = CARTESIAN_POINT('',(63.102758511231,6.996277772362,12.7));
#4411 = CARTESIAN_POINT('',(61.855324590231,7.467739725904,12.7));
#4412 = CARTESIAN_POINT('',(60.611921714359,7.949771479457,12.7));
#4413 = CARTESIAN_POINT('',(59.372556824048,8.442186936112,12.7));
#4414 = CARTESIAN_POINT('',(58.138099866533,8.946741420428,12.7));
#4415 = CARTESIAN_POINT('',(56.908684043661,9.463547865691,12.7));
#4416 = CARTESIAN_POINT('',(55.685120121746,9.993971262969,12.7));
#4417 = CARTESIAN_POINT('',(54.46764550425,10.538274334268,12.7));
#4418 = CARTESIAN_POINT('',(53.257085612621,11.097737317521,12.7));
#4419 = CARTESIAN_POINT('',(52.053762930753,11.672599275739,12.7));
#4420 = CARTESIAN_POINT('',(50.858560449176,12.264218218536,12.7));
#4421 = CARTESIAN_POINT('',(49.671819894112,12.872616163629,12.7));
#4422 = CARTESIAN_POINT('',(48.494681913196,13.499453257581,12.7));
#4423 = CARTESIAN_POINT('',(47.327196361993,14.144001158693,12.7));
#4424 = CARTESIAN_POINT('',(46.170087838654,14.807055063623,12.7));
#4425 = CARTESIAN_POINT('',(45.023036894937,15.487304118959,12.7));
#4426 = CARTESIAN_POINT('',(43.886753595229,16.185413985415,12.7));
#4427 = CARTESIAN_POINT('',(42.760909971429,16.900264916871,12.7));
#4428 = CARTESIAN_POINT('',(41.646139777201,17.632298229849,12.7));
#4429 = CARTESIAN_POINT('',(40.54211096545,18.380421444727,12.7));
#4430 = CARTESIAN_POINT('',(39.449557168054,19.145119405368,12.7));
#4431 = CARTESIAN_POINT('',(38.368018047922,19.925331364018,12.7));
#4432 = CARTESIAN_POINT('',(37.298246041415,20.721646386325,12.7));
#4433 = CARTESIAN_POINT('',(36.239592301543,21.532686879205,12.7));
#4434 = CARTESIAN_POINT('',(35.193094952687,22.359320349257,12.7));
#4435 = CARTESIAN_POINT('',(34.158042545755,23.200220240268,12.7));
#4436 = CARTESIAN_POINT('',(33.135269442465,24.056052820883,12.7));
#4437 = CARTESIAN_POINT('',(32.123990136026,24.925444126238,12.7));
#4438 = CARTESIAN_POINT('',(31.125482256722,25.809472632899,12.7));
#4439 = CARTESIAN_POINT('',(30.138455551422,26.706288326541,12.7));
#4440 = CARTESIAN_POINT('',(29.164251430957,27.617014458352,12.7));
#4441 = CARTESIAN_POINT('',(28.201821187287,28.540175756646,12.7));
#4442 = CARTESIAN_POINT('',(27.252425881434,29.476719577122,12.7));
#4443 = CARTESIAN_POINT('',(26.31487867233,30.425142510195,12.7));
#4444 = CARTESIAN_POINT('',(25.390640638342,31.386529571968,12.7));
#4445 = CARTESIAN_POINT('',(24.478790587164,32.359705903872,12.7));
#4446 = CARTESIAN_POINT('',(23.580699404023,33.345552039205,12.7));
#4447 = CARTESIAN_POINT('',(22.696010049769,34.343465455631,12.7));
#4448 = CARTESIAN_POINT('',(21.825509406592,35.35375937351,12.7));
#4449 = CARTESIAN_POINT('',(20.969365878174,36.376280554694,12.7));
#4450 = CARTESIAN_POINT('',(20.127866724587,37.410870459302,12.7));
#4451 = CARTESIAN_POINT('',(19.301554760924,38.457653564418,12.7));
#4452 = CARTESIAN_POINT('',(18.490426286015,39.516227833724,12.7));
#4453 = CARTESIAN_POINT('',(17.695500087934,40.587022891541,12.7));
#4454 = CARTESIAN_POINT('',(16.916116621925,41.669158747924,12.7));
#4455 = CARTESIAN_POINT('',(16.154016032526,42.763566474627,12.7));
#4456 = CARTESIAN_POINT('',(15.407997295141,43.869007353521,12.7));
#4457 = CARTESIAN_POINT('',(14.68000363371,44.98639047971,12.7));
#4458 = CARTESIAN_POINT('',(13.96883072083,46.114564653451,12.7));
#4459 = CARTESIAN_POINT('',(13.276615944012,47.254443652163,12.7));
#4460 = CARTESIAN_POINT('',(12.601783607926,48.404730058399,12.7));
#4461 = CARTESIAN_POINT('',(11.946758032264,49.566395541975,12.7));
#4462 = CARTESIAN_POINT('',(11.310035095836,50.738195230586,12.7));
#4463 = CARTESIAN_POINT('',(10.693528538298,51.920773960741,12.7));
#4464 = CARTESIAN_POINT('',(10.096549102758,53.113307265654,12.7));
#4465 = CARTESIAN_POINT('',(9.519789044877,54.315763922779,12.7));
#4466 = CARTESIAN_POINT('',(8.962864703093,55.527501868592,12.7));
#4467 = CARTESIAN_POINT('',(8.425940011193,56.748255237567,12.7));
#4468 = CARTESIAN_POINT('',(7.909176419829,57.977674431772,12.7));
#4469 = CARTESIAN_POINT('',(7.41175682237,59.215040769931,12.7));
#4470 = CARTESIAN_POINT('',(6.93500946914,60.460529380669,12.7));
#4471 = CARTESIAN_POINT('',(6.477362036802,61.713157158904,12.7));
#4472 = CARTESIAN_POINT('',(6.040374159535,62.973152467251,12.7));
#4473 = CARTESIAN_POINT('',(5.622119930211,64.239496907252,12.7));
#4474 = CARTESIAN_POINT('',(5.224720333883,65.512539292265,12.7));
#4475 = CARTESIAN_POINT('',(4.845845945166,66.79118998789,12.7));
#4476 = CARTESIAN_POINT('',(4.487723402272,68.075806869657,12.7));
#4477 = CARTESIAN_POINT('',(4.147997226979,69.365415748967,12.7));
#4478 = CARTESIAN_POINT('',(3.828710136635,70.660240168378,12.7));
#4479 = CARTESIAN_POINT('',(3.527996082062,71.959483063794,12.7));
#4480 = CARTESIAN_POINT('',(3.247074803156,73.263166395006,12.7));
#4481 = CARTESIAN_POINT('',(2.984884751733,74.570745365736,12.7));
#4482 = CARTESIAN_POINT('',(2.742020277543,75.882076345834,12.7));
#4483 = CARTESIAN_POINT('',(2.518200090294,77.196739989848,12.7));
#4484 = CARTESIAN_POINT('',(2.313027724318,78.514466767327,12.7));
#4485 = CARTESIAN_POINT('',(2.126858794198,79.834999661974,12.7));
#4486 = CARTESIAN_POINT('',(1.958925910555,81.15801595153,12.7));
#4487 = CARTESIAN_POINT('',(1.810044359655,82.483277376535,12.7));
#4488 = CARTESIAN_POINT('',(1.677716284138,83.810292164317,12.7));
#4489 = CARTESIAN_POINT('',(1.561467251238,85.138803552842,12.7));
#4490 = CARTESIAN_POINT('',(1.458619251315,86.4684355008,12.7));
#4491 = CARTESIAN_POINT('',(1.368860187538,87.79899424082,12.7));
#4492 = CARTESIAN_POINT('',(1.289539491082,89.130195195295,12.7));
#4493 = CARTESIAN_POINT('',(1.220184396379,90.461981829672,12.7));
#4494 = CARTESIAN_POINT('',(1.158110635069,91.794125793647,12.7));
#4495 = CARTESIAN_POINT('',(1.102580420214,93.126544516447,12.7));
#4496 = CARTESIAN_POINT('',(1.051375236504,94.459109823849,12.7));
#4497 = CARTESIAN_POINT('',(1.003311380349,95.791812392131,12.7));
#4498 = CARTESIAN_POINT('',(0.956374422383,97.124575163798,12.7));
#4499 = CARTESIAN_POINT('',(0.908997225823,98.457309137305,12.7));
#4500 = CARTESIAN_POINT('',(0.859238282472,99.789943029713,12.7));
#4501 = CARTESIAN_POINT('',(0.805645351164,101.12242979156,12.7));
#4502 = CARTESIAN_POINT('',(0.745782976049,102.4546752018,12.7));
#4503 = CARTESIAN_POINT('',(0.678817885581,103.78657180715,12.7));
#4504 = CARTESIAN_POINT('',(0.601552128445,105.11791611725,12.7));
#4505 = CARTESIAN_POINT('',(0.51317269946,106.44857546865,12.7));
#4506 = CARTESIAN_POINT('',(0.411749849741,107.7782861003,12.7));
#4507 = CARTESIAN_POINT('',(0.293246355577,109.1066562294,12.7));
#4508 = CARTESIAN_POINT('',(0.163052965165,110.4336152262,12.7));
#4509 = CARTESIAN_POINT('',(-3.994127299614E-03,111.75754060642,12.7));
#4510 = CARTESIAN_POINT('',(-8.377844641509E-03,113.09412655459,12.7));
#4511 = CARTESIAN_POINT('',(0.135302640401,114.42185565848,12.7));
#4512 = CARTESIAN_POINT('',(0.43259305534,115.72419826021,12.7));
#4513 = CARTESIAN_POINT('',(0.874532705012,116.98458225689,12.7));
#4514 = CARTESIAN_POINT('',(1.456669312188,118.18685931288,12.7));
#4515 = CARTESIAN_POINT('',(2.173942763191,119.31369194236,12.7));
#4516 = CARTESIAN_POINT('',(3.013464875705,120.35252001514,12.7));
#4517 = CARTESIAN_POINT('',(3.965886492806,121.28910909869,12.7));
#4518 = CARTESIAN_POINT('',(5.019738042299,122.10979401696,12.7));
#4519 = CARTESIAN_POINT('',(6.159347986727,122.80644424941,12.7));
#4520 = CARTESIAN_POINT('',(7.371186167311,123.36838763899,12.7));
#4521 = CARTESIAN_POINT('',(8.639375957439,123.7875522428,12.7));
#4522 = CARTESIAN_POINT('',(9.946721348996,124.06120360535,12.7));
#4523 = CARTESIAN_POINT('',(11.276943776375,124.18306444416,12.7));
#4524 = CARTESIAN_POINT('',(12.612270419806,124.15214039328,12.7));
#4525 = CARTESIAN_POINT('',(13.935642323529,123.97098336308,12.7));
#4526 = CARTESIAN_POINT('',(15.229421166423,123.63871411209,12.7));
#4527 = CARTESIAN_POINT('',(16.47678758129,123.16118676904,12.7));
#4528 = CARTESIAN_POINT('',(17.662573082999,122.54627265304,12.7));
#4529 = CARTESIAN_POINT('',(18.769336925032,121.79831560009,12.7));
#4530 = CARTESIAN_POINT('',(19.783984454378,120.92973626318,12.7));
#4531 = CARTESIAN_POINT('',(20.694376796661,119.95228907498,12.7));
#4532 = CARTESIAN_POINT('',(21.485475602608,118.87594904015,12.7));
#4533 = CARTESIAN_POINT('',(22.149483155056,117.71717179297,12.7));
#4534 = CARTESIAN_POINT('',(22.679196004655,116.49075076212,12.7));
#4535 = CARTESIAN_POINT('',(23.06079029528,115.21107236788,12.7));
#4536 = CARTESIAN_POINT('',(23.222798385879,114.33497764014,12.7));
#4537 = CARTESIAN_POINT('',(23.324827301548,113.45200005598,12.7));
#4538 = PCURVE('',#2371,#4539);
#4539 = DEFINITIONAL_REPRESENTATION('',(#4540),#4784);
#4540 = B_SPLINE_CURVE_WITH_KNOTS('',3,(#4541,#4542,#4543,#4544,#4545,
    #4546,#4547,#4548,#4549,#4550,#4551,#4552,#4553,#4554,#4555,#4556,
    #4557,#4558,#4559,#4560,#4561,#4562,#4563,#4564,#4565,#4566,#4567,
    #4568,#4569,#4570,#4571,#4572,#4573,#4574,#4575,#4576,#4577,#4578,
    #4579,#4580,#4581,#4582,#4583,#4584,#4585,#4586,#4587,#4588,#4589,
    #4590,#4591,#4592,#4593,#4594,#4595,#4596,#4597,#4598,#4599,#4600,
    #4601,#4602,#4603,#4604,#4605,#4606,#4607,#4608,#4609,#4610,#4611,
    #4612,#4613,#4614,#4615,#4616,#4617,#4618,#4619,#4620,#4621,#4622,
    #4623,#4624,#4625,#4626,#4627,#4628,#4629,#4630,#4631,#4632,#4633,
    #4634,#4635,#4636,#4637,#4638,#4639,#4640,#4641,#4642,#4643,#4644,
    #4645,#4646,#4647,#4648,#4649,#4650,#4651,#4652,#4653,#4654,#4655,
    #4656,#4657,#4658,#4659,#4660,#4661,#4662,#4663,#4664,#4665,#4666,
    #4667,#4668,#4669,#4670,#4671,#4672,#4673,#4674,#4675,#4676,#4677,
    #4678,#4679,#4680,#4681,#4682,#4683,#4684,#4685,#4686,#4687,#4688,
    #4689,#4690,#4691,#4692,#4693,#4694,#4695,#4696,#4697,#4698,#4699,
    #4700,#4701,#4702,#4703,#4704,#4705,#4706,#4707,#4708,#4709,#4710,
    #4711,#4712,#4713,#4714,#4715,#4716,#4717,#4718,#4719,#4720,#4721,
    #4722,#4723,#4724,#4725,#4726,#4727,#4728,#4729,#4730,#4731,#4732,
    #4733,#4734,#4735,#4736,#4737,#4738,#4739,#4740,#4741,#4742,#4743,
    #4744,#4745,#4746,#4747,#4748,#4749,#4750,#4751,#4752,#4753,#4754,
    #4755,#4756,#4757,#4758,#4759,#4760,#4761,#4762,#4763,#4764,#4765,
    #4766,#4767,#4768,#4769,#4770,#4771,#4772,#4773,#4774,#4775,#4776,
    #4777,#4778,#4779,#4780,#4781,#4782,#4783),.UNSPECIFIED.,.F.,.F.,(1,
    1,2,1,1,1,1,1,1,1,1,1,1,1,1,1,1,1,1,1,1,1,1,1,1,1,1,1,1,1,1,1,1,1,1,
    1,1,1,1,1,1,1,1,1,1,1,1,1,1,1,1,1,1,1,1,1,1,1,1,1,1,1,1,1,1,1,1,1,1,
    1,1,1,1,1,1,1,1,1,1,1,1,1,1,1,1,1,1,1,1,1,1,1,1,1,1,1,1,1,1,1,1,1,1,
    1,1,1,1,1,1,1,1,1,1,1,1,1,1,1,1,1,1,1,1,1,1,1,1,1,1,1,1,1,1,1,1,1,1,
    1,1,1,1,1,1,1,1,1,1,1,1,1,1,1,1,1,1,1,1,1,1,1,1,1,1,1,1,1,1,1,1,1,1,
    1,1,1,1,1,1,1,1,1,1,1,1,1,1,1,1,1,1,1,1,1,1,1,1,1,1,1,1,1,1,1,1,1,1,
    1,1,1,1,1,1,1,1,1,1,1,1,1,1,1,1,1,1,1,1,1,1,1,1,1,1,1,1,1,1,1,1,1,1,
    1,1,1,2,1,1),(-2.665651851091,-1.332779088972,0.,1.333450355281,
    2.666975083211,4.000432187883,5.333917774607,6.667441602665,
    8.000953724845,9.334460807691,10.668054992591,12.001566582342,
    13.335182006668,14.668692989,16.002276387217,17.335777898277,
    18.669360119214,20.002942756324,21.336482107074,22.670028465474,
    24.003702518607,25.337168427432,26.670803227518,28.004387484324,
    29.337934828815,30.671520000448,32.005117855876,33.338690381087,
    34.672225191282,36.005822000666,37.339371084877,38.672987540234,
    40.006466767669,41.340065001771,42.673671484209,44.007238419162,
    45.340760271251,46.674411593749,48.007932947159,49.341509555382,
    50.675026683131,52.00865498592,53.342197444937,54.675817128355,
    56.009400639051,57.342918123001,58.676558231876,60.010060237873,
    61.343651348372,62.67724348992,64.010747175704,65.344384945115,
    66.677932488325,68.011478925462,69.34511495152,70.678620230849,
    72.01222483867,73.345800457073,74.679396591591,76.012927307397,
    77.346529257006,78.680071716023,80.013686480488,81.347245065628,
    82.680788799444,84.014408404129,85.347970869857,86.681519927823,
    88.015140522295,89.348703846625,90.68229414728,92.015824083202,
    93.349335856678,94.682965584151,96.016515770684,97.350077655262,
    98.683665567625,100.0172706441,101.35079990512,102.68441636047,
    104.01795250547,105.35153250682,106.68509080325,108.01863165377,
    109.35218702945,110.68582005619,112.01932390695,113.3529324927,
    114.68647904232,116.02005699655,117.35361321209,118.68707022302,
    120.02068285793,121.35416365644,122.68768352881,124.02121800906,
    125.35468235803,126.68822465583,127.99485545678,129.29563124453,
    130.5963607091,131.89718849555,133.23020169879,134.56369862417,
    135.89729874789,137.23086121362,138.56438122097,139.89805246232,
    141.23155907273,142.56514858978,143.89866220426,145.23231094362,
    146.56583531535,147.89943183979,149.23301965092,150.56659561427,
    151.90011605655,153.23366490455,154.56721938788,155.90077475981,
    157.23442066859,158.56792043986,159.90157227224,161.23510125205,
    162.56864933892,163.9022273269,165.23573944533,166.56935680049,
    167.90289243931,169.23648190013,170.56996765183,171.9035917218,
    173.2370991646,174.57062175533,175.90429323662,177.23785930173,
    178.57136408612,179.90489100748,181.23848060702,182.57207263234,
    183.90560497916,185.23913376025,186.57269132181,187.9063057226,
    189.23984514084,190.57340550318,191.90699674865,193.24053029904,
    194.57409613918,195.9076527559,197.24122720077,198.57476664526,
    199.90839510926,201.24186601633,202.57546128477,203.90903297763,
    205.24258129696,206.57613016371,207.90975930631,209.24325447316,
    210.57680990882,211.91036715544,213.24394124412,214.57751204464,
    215.91104027081,217.24463403955,218.57813901516,219.9117432818,
    221.24529289468,222.57880904381,223.91244481493,225.24594529487,
    226.5794948815,227.91305031717,229.24660350321,230.58015762659,
    231.91368718757,233.24728084757,234.58082024707,235.91439040645,
    237.24800176288,238.58154439062,239.91503815139,241.24864920788,
    242.58221294839,243.91571243845,245.2492753991,246.58288485092,
    247.91639369979,249.25002307109,250.58349064475,251.91706776663,
    253.25066659686,254.58425031377,255.91773948508,257.25135529932,
    258.58493115768,259.91848516484,261.25205098623,262.58557898744,
    263.9192302462,265.25280235524,266.58629334133,267.9198719292,
    269.25350744162,270.58706080763,271.92059849364,273.25419222863,
    274.58774269261,275.92135202821,277.25490009634,278.58845326363,
    279.92206733824,281.25556298878,282.58915273079,283.92258264271,
    285.25539998954,286.58816747488,287.92100572464,289.25384732438,
    290.58669016958,291.91947601134,293.2523586956,294.58516278473,
    295.91793205583,297.25081043363,298.58364088046,299.91641759844,
    301.24919361864,302.58206127148,303.91491028769,305.24769903689,
    306.58053086799,307.91330747343,309.24615932191,310.57901639227,
    311.91181582204,313.24465791696,314.57747485863,315.91026648901,
    317.2430555796,318.57592834172,319.90870743069,321.24215778597,
    322.5756825139),.UNSPECIFIED.);
#4541 = CARTESIAN_POINT('',(-30.07806956287,60.397685670101));
#4542 = CARTESIAN_POINT('',(-29.9760406472,59.514708085943));
#4543 = CARTESIAN_POINT('',(-29.85599298708,58.633658167828));
#4544 = CARTESIAN_POINT('',(-29.62475008598,57.320045484941));
#4545 = CARTESIAN_POINT('',(-29.34503830094,56.015929240182));
#4546 = CARTESIAN_POINT('',(-29.01989095038,54.722430684119));
#4547 = CARTESIAN_POINT('',(-28.65318120064,53.440104566501));
#4548 = CARTESIAN_POINT('',(-28.24679686354,52.169814713926));
#4549 = CARTESIAN_POINT('',(-27.80483434449,50.911472225806));
#4550 = CARTESIAN_POINT('',(-27.33001394947,49.665181018434));
#4551 = CARTESIAN_POINT('',(-26.82556488056,48.430571969347));
#4552 = CARTESIAN_POINT('',(-26.29406440525,47.207413441498));
#4553 = CARTESIAN_POINT('',(-25.73806069875,45.995191279784));
#4554 = CARTESIAN_POINT('',(-25.16045501188,44.79317291827));
#4555 = CARTESIAN_POINT('',(-24.56378857844,43.600490963714));
#4556 = CARTESIAN_POINT('',(-23.95072509763,42.416167856811));
#4557 = CARTESIAN_POINT('',(-23.32351269022,41.23927377003));
#4558 = CARTESIAN_POINT('',(-22.68467859376,40.06867196739));
#4559 = CARTESIAN_POINT('',(-22.03675897067,38.90304767937));
#4560 = CARTESIAN_POINT('',(-21.38218063146,37.741183891649));
#4561 = CARTESIAN_POINT('',(-20.72351663003,36.581601616895));
#4562 = CARTESIAN_POINT('',(-20.0632082687,35.422990266599));
#4563 = CARTESIAN_POINT('',(-19.40149467383,34.265149694933));
#4564 = CARTESIAN_POINT('',(-18.73906558442,33.107737582224));
#4565 = CARTESIAN_POINT('',(-18.07601082677,31.950678574119));
#4566 = CARTESIAN_POINT('',(-17.41268201364,30.793767009364));
#4567 = CARTESIAN_POINT('',(-16.74990234267,29.636560090045));
#4568 = CARTESIAN_POINT('',(-16.08755396242,28.479106571645));
#4569 = CARTESIAN_POINT('',(-15.42643184595,27.320960932472));
#4570 = CARTESIAN_POINT('',(-14.76676013794,26.161957158698));
#4571 = CARTESIAN_POINT('',(-14.10888807476,25.001975547714));
#4572 = CARTESIAN_POINT('',(-13.45342235098,23.840613436926));
#4573 = CARTESIAN_POINT('',(-12.80051513232,22.677814347674));
#4574 = CARTESIAN_POINT('',(-12.1509024129,21.513137480568));
#4575 = CARTESIAN_POINT('',(-11.50473368185,20.346575309803));
#4576 = CARTESIAN_POINT('',(-10.86240697174,19.17787527431));
#4577 = CARTESIAN_POINT('',(-10.22452908029,18.006757965544));
#4578 = CARTESIAN_POINT('',(-9.591199549007,16.833153535335));
#4579 = CARTESIAN_POINT('',(-8.963049350334,15.656818092895));
#4580 = CARTESIAN_POINT('',(-8.340449850094,14.477495834564));
#4581 = CARTESIAN_POINT('',(-7.722660812876,13.295659992379));
#4582 = CARTESIAN_POINT('',(-7.109778015909,12.111234376377));
#4583 = CARTESIAN_POINT('',(-6.500970935599,10.924726647094));
#4584 = CARTESIAN_POINT('',(-5.895782587867,9.73637907763));
#4585 = CARTESIAN_POINT('',(-5.293563162256,8.546516868848));
#4586 = CARTESIAN_POINT('',(-4.694274186465,7.355206940349));
#4587 = CARTESIAN_POINT('',(-4.096860694255,6.162928462676));
#4588 = CARTESIAN_POINT('',(-3.501218196051,4.969782287808));
#4589 = CARTESIAN_POINT('',(-2.906473023892,3.776188229356));
#4590 = CARTESIAN_POINT('',(-2.312369335522,2.582257411311));
#4591 = CARTESIAN_POINT('',(-1.71814446978,1.388403534711));
#4592 = CARTESIAN_POINT('',(-1.123534566127,0.194725404638));
#4593 = CARTESIAN_POINT('',(-0.527926182293,-0.998454462644));
#4594 = CARTESIAN_POINT('',(6.930541046129E-02,-2.190807046601));
#4595 = CARTESIAN_POINT('',(0.668388257772,-3.382252786909));
#4596 = CARTESIAN_POINT('',(1.270214281875,-4.572293009432));
#4597 = CARTESIAN_POINT('',(1.874534374031,-5.761102307802));
#4598 = CARTESIAN_POINT('',(2.481247965712,-6.948664198586));
#4599 = CARTESIAN_POINT('',(3.090210450079,-8.135084066888));
#4600 = CARTESIAN_POINT('',(3.701159522203,-9.320462134648));
#4601 = CARTESIAN_POINT('',(4.314302020314,-10.50473839581));
#4602 = CARTESIAN_POINT('',(4.928884617017,-11.68825164907));
#4603 = CARTESIAN_POINT('',(5.545500126481,-12.87070754557));
#4604 = CARTESIAN_POINT('',(6.163494204888,-14.05244507837));
#4605 = CARTESIAN_POINT('',(6.782986357809,-15.23339953154));
#4606 = CARTESIAN_POINT('',(7.403900333897,-16.41360902778));
#4607 = CARTESIAN_POINT('',(8.026192290843,-17.59309273352));
#4608 = CARTESIAN_POINT('',(8.64938975012,-18.77209862952));
#4609 = CARTESIAN_POINT('',(9.273993853738,-19.9503754907));
#4610 = CARTESIAN_POINT('',(9.899438265376,-21.12817219317));
#4611 = CARTESIAN_POINT('',(10.525980647122,-22.30536578624));
#4612 = CARTESIAN_POINT('',(11.153420573773,-23.48209601107));
#4613 = CARTESIAN_POINT('',(11.781643601146,-24.65841607655));
#4614 = CARTESIAN_POINT('',(12.411530146402,-25.83386597194));
#4615 = CARTESIAN_POINT('',(13.044432638452,-27.00768016502));
#4616 = CARTESIAN_POINT('',(13.681565110214,-28.17922705091));
#4617 = CARTESIAN_POINT('',(14.324510410493,-29.34758406805));
#4618 = CARTESIAN_POINT('',(14.974116741339,-30.51226415158));
#4619 = CARTESIAN_POINT('',(15.631689134558,-31.67244312868));
#4620 = CARTESIAN_POINT('',(16.298447622299,-32.82739044172));
#4621 = CARTESIAN_POINT('',(16.975347179757,-33.97640590405));
#4622 = CARTESIAN_POINT('',(17.663534464406,-35.11870186811));
#4623 = CARTESIAN_POINT('',(18.363684888803,-36.25370160977));
#4624 = CARTESIAN_POINT('',(19.077347052054,-37.3802891685));
#4625 = CARTESIAN_POINT('',(19.804796211757,-38.49801399916));
#4626 = CARTESIAN_POINT('',(20.547327845789,-39.60580584759));
#4627 = CARTESIAN_POINT('',(21.305586492744,-40.70286367473));
#4628 = CARTESIAN_POINT('',(22.08086119898,-41.78801007923));
#4629 = CARTESIAN_POINT('',(22.875187804581,-42.85928442698));
#4630 = CARTESIAN_POINT('',(23.690135311123,-43.91494581389));
#4631 = CARTESIAN_POINT('',(24.527747986046,-44.9527370789));
#4632 = CARTESIAN_POINT('',(25.389447247636,-45.97067830056));
#4633 = CARTESIAN_POINT('',(26.277295730115,-46.96571867879));
#4634 = CARTESIAN_POINT('',(27.19239785601,-47.93663676493));
#4635 = CARTESIAN_POINT('',(28.136521301555,-48.8761035106));
#4636 = CARTESIAN_POINT('',(29.111813926752,-49.79560829912));
#4637 = CARTESIAN_POINT('',(30.107589183009,-50.63324629952));
#4638 = CARTESIAN_POINT('',(31.141388599714,-51.57792595457));
#4639 = CARTESIAN_POINT('',(31.020057013546,-53.04810942889));
#4640 = CARTESIAN_POINT('',(29.947180004729,-54.02570860354));
#4641 = CARTESIAN_POINT('',(28.538285189195,-53.85708849613));
#4642 = CARTESIAN_POINT('',(27.386412090806,-53.22222260637));
#4643 = CARTESIAN_POINT('',(26.130058364827,-52.76034415377));
#4644 = CARTESIAN_POINT('',(24.889981100255,-52.2734156611));
#4645 = CARTESIAN_POINT('',(23.638272929944,-51.81216859457));
#4646 = CARTESIAN_POINT('',(22.38397693957,-51.35948295788));
#4647 = CARTESIAN_POINT('',(21.126144322059,-50.91635591205));
#4648 = CARTESIAN_POINT('',(19.866127055337,-50.47954614473));
#4649 = CARTESIAN_POINT('',(18.604832670968,-50.04657443263));
#4650 = CARTESIAN_POINT('',(17.343033354847,-49.61494180668));
#4651 = CARTESIAN_POINT('',(16.081591089988,-49.1823296333));
#4652 = CARTESIAN_POINT('',(14.821203635993,-48.74656349099));
#4653 = CARTESIAN_POINT('',(13.562669595581,-48.30552738426));
#4654 = CARTESIAN_POINT('',(12.306310482469,-47.85827893379));
#4655 = CARTESIAN_POINT('',(11.052526935617,-47.40392532542));
#4656 = CARTESIAN_POINT('',(9.801890562476,-46.94101419768));
#4657 = CARTESIAN_POINT('',(8.554456641476,-46.46955224414));
#4658 = CARTESIAN_POINT('',(7.311053765604,-45.98752049058));
#4659 = CARTESIAN_POINT('',(6.071688875293,-45.49510503393));
#4660 = CARTESIAN_POINT('',(4.837231917778,-44.99055054961));
#4661 = CARTESIAN_POINT('',(3.607816094906,-44.47374410435));
#4662 = CARTESIAN_POINT('',(2.384252172991,-43.94332070707));
#4663 = CARTESIAN_POINT('',(1.166777555495,-43.39901763577));
#4664 = CARTESIAN_POINT('',(-4.378233613383E-02,-42.83955465252));
#4665 = CARTESIAN_POINT('',(-1.247105018002,-42.2646926943));
#4666 = CARTESIAN_POINT('',(-2.442307499579,-41.67307375151));
#4667 = CARTESIAN_POINT('',(-3.629048054644,-41.06467580641));
#4668 = CARTESIAN_POINT('',(-4.806186035559,-40.43783871246));
#4669 = CARTESIAN_POINT('',(-5.973671586762,-39.79329081135));
#4670 = CARTESIAN_POINT('',(-7.130780110101,-39.13023690642));
#4671 = CARTESIAN_POINT('',(-8.277831053818,-38.44998785108));
#4672 = CARTESIAN_POINT('',(-9.414114353526,-37.75187798463));
#4673 = CARTESIAN_POINT('',(-10.53995797732,-37.03702705317));
#4674 = CARTESIAN_POINT('',(-11.65472817155,-36.30499374019));
#4675 = CARTESIAN_POINT('',(-12.7587569833,-35.55687052532));
#4676 = CARTESIAN_POINT('',(-13.8513107807,-34.79217256467));
#4677 = CARTESIAN_POINT('',(-14.93284990083,-34.01196060602));
#4678 = CARTESIAN_POINT('',(-16.00262190734,-33.21564558372));
#4679 = CARTESIAN_POINT('',(-17.06127564721,-32.40460509084));
#4680 = CARTESIAN_POINT('',(-18.10777299606,-31.57797162079));
#4681 = CARTESIAN_POINT('',(-19.142825403,-30.73707172977));
#4682 = CARTESIAN_POINT('',(-20.16559850629,-29.88123914916));
#4683 = CARTESIAN_POINT('',(-21.17687781272,-29.0118478438));
#4684 = CARTESIAN_POINT('',(-22.17538569203,-28.12781933714));
#4685 = CARTESIAN_POINT('',(-23.16241239733,-27.2310036435));
#4686 = CARTESIAN_POINT('',(-24.13661651779,-26.32027751169));
#4687 = CARTESIAN_POINT('',(-25.09904676146,-25.3971162134));
#4688 = CARTESIAN_POINT('',(-26.04844206732,-24.46057239292));
#4689 = CARTESIAN_POINT('',(-26.98598927642,-23.51214945985));
#4690 = CARTESIAN_POINT('',(-27.91022731041,-22.55076239807));
#4691 = CARTESIAN_POINT('',(-28.82207736159,-21.57758606617));
#4692 = CARTESIAN_POINT('',(-29.72016854473,-20.59173993084));
#4693 = CARTESIAN_POINT('',(-30.60485789898,-19.59382651441));
#4694 = CARTESIAN_POINT('',(-31.47535854216,-18.58353259653));
#4695 = CARTESIAN_POINT('',(-32.33150207058,-17.56101141535));
#4696 = CARTESIAN_POINT('',(-33.17300122416,-16.52642151074));
#4697 = CARTESIAN_POINT('',(-33.99931318783,-15.47963840562));
#4698 = CARTESIAN_POINT('',(-34.81044166274,-14.42106413632));
#4699 = CARTESIAN_POINT('',(-35.60536786082,-13.3502690785));
#4700 = CARTESIAN_POINT('',(-36.38475132683,-12.26813322212));
#4701 = CARTESIAN_POINT('',(-37.14685191622,-11.17372549541));
#4702 = CARTESIAN_POINT('',(-37.89287065361,-10.06828461652));
#4703 = CARTESIAN_POINT('',(-38.62086431504,-8.950901490337));
#4704 = CARTESIAN_POINT('',(-39.33203722792,-7.822727316596));
#4705 = CARTESIAN_POINT('',(-40.02425200474,-6.682848317884));
#4706 = CARTESIAN_POINT('',(-40.69908434082,-5.532561911648));
#4707 = CARTESIAN_POINT('',(-41.35410991649,-4.370896428071));
#4708 = CARTESIAN_POINT('',(-41.99083285291,-3.19909673946));
#4709 = CARTESIAN_POINT('',(-42.60733941045,-2.016518009305));
#4710 = CARTESIAN_POINT('',(-43.20431884599,-0.823984704393));
#4711 = CARTESIAN_POINT('',(-43.78107890387,0.378471952733));
#4712 = CARTESIAN_POINT('',(-44.33800324566,1.590209898545));
#4713 = CARTESIAN_POINT('',(-44.87492793756,2.810963267521));
#4714 = CARTESIAN_POINT('',(-45.39169152892,4.040382461726));
#4715 = CARTESIAN_POINT('',(-45.88911112638,5.277748799884));
#4716 = CARTESIAN_POINT('',(-46.36585847961,6.523237410622));
#4717 = CARTESIAN_POINT('',(-46.82350591195,7.775865188857));
#4718 = CARTESIAN_POINT('',(-47.26049378922,9.035860497205));
#4719 = CARTESIAN_POINT('',(-47.67874801854,10.302204937205));
#4720 = CARTESIAN_POINT('',(-48.07614761487,11.575247322218));
#4721 = CARTESIAN_POINT('',(-48.45502200358,12.853898017843));
#4722 = CARTESIAN_POINT('',(-48.81314454648,14.13851489961));
#4723 = CARTESIAN_POINT('',(-49.15287072177,15.428123778921));
#4724 = CARTESIAN_POINT('',(-49.47215781212,16.722948198332));
#4725 = CARTESIAN_POINT('',(-49.77287186669,18.022191093747));
#4726 = CARTESIAN_POINT('',(-50.05379314559,19.325874424959));
#4727 = CARTESIAN_POINT('',(-50.31598319702,20.63345339569));
#4728 = CARTESIAN_POINT('',(-50.55884767121,21.944784375788));
#4729 = CARTESIAN_POINT('',(-50.78266785846,23.259448019802));
#4730 = CARTESIAN_POINT('',(-50.98784022443,24.57717479728));
#4731 = CARTESIAN_POINT('',(-51.17400915455,25.897707691927));
#4732 = CARTESIAN_POINT('',(-51.3419420382,27.220723981484));
#4733 = CARTESIAN_POINT('',(-51.4908235891,28.545985406488));
#4734 = CARTESIAN_POINT('',(-51.62315166461,29.873000194271));
#4735 = CARTESIAN_POINT('',(-51.73940069751,31.201511582796));
#4736 = CARTESIAN_POINT('',(-51.84224869744,32.531143530753));
#4737 = CARTESIAN_POINT('',(-51.93200776121,33.861702270774));
#4738 = CARTESIAN_POINT('',(-52.01132845767,35.192903225249));
#4739 = CARTESIAN_POINT('',(-52.08068355237,36.524689859625));
#4740 = CARTESIAN_POINT('',(-52.14275731368,37.856833823601));
#4741 = CARTESIAN_POINT('',(-52.19828752854,39.189252546401));
#4742 = CARTESIAN_POINT('',(-52.24949271225,40.521817853803));
#4743 = CARTESIAN_POINT('',(-52.2975565684,41.854520422085));
#4744 = CARTESIAN_POINT('',(-52.34449352637,43.187283193751));
#4745 = CARTESIAN_POINT('',(-52.39187072293,44.520017167258));
#4746 = CARTESIAN_POINT('',(-52.44162966628,45.852651059667));
#4747 = CARTESIAN_POINT('',(-52.49522259759,47.185137821522));
#4748 = CARTESIAN_POINT('',(-52.5550849727,48.517383231754));
#4749 = CARTESIAN_POINT('',(-52.62205006317,49.849279837105));
#4750 = CARTESIAN_POINT('',(-52.69931582031,51.180624147211));
#4751 = CARTESIAN_POINT('',(-52.78769524929,52.511283498606));
#4752 = CARTESIAN_POINT('',(-52.88911809901,53.840994130258));
#4753 = CARTESIAN_POINT('',(-53.00762159317,55.169364259358));
#4754 = CARTESIAN_POINT('',(-53.13781498359,56.496323256156));
#4755 = CARTESIAN_POINT('',(-53.30486207605,57.820248636378));
#4756 = CARTESIAN_POINT('',(-53.30924579339,59.156834584548));
#4757 = CARTESIAN_POINT('',(-53.16556530835,60.48456368844));
#4758 = CARTESIAN_POINT('',(-52.86827489341,61.786906290163));
#4759 = CARTESIAN_POINT('',(-52.42633524374,63.047290286851));
#4760 = CARTESIAN_POINT('',(-51.84419863656,64.249567342835));
#4761 = CARTESIAN_POINT('',(-51.12692518556,65.376399972315));
#4762 = CARTESIAN_POINT('',(-50.28740307305,66.415228045094));
#4763 = CARTESIAN_POINT('',(-49.33498145594,67.35181712865));
#4764 = CARTESIAN_POINT('',(-48.28112990645,68.172502046919));
#4765 = CARTESIAN_POINT('',(-47.14151996202,68.86915227937));
#4766 = CARTESIAN_POINT('',(-45.92968178144,69.431095668944));
#4767 = CARTESIAN_POINT('',(-44.66149199131,69.850260272757));
#4768 = CARTESIAN_POINT('',(-43.35414659975,70.12391163531));
#4769 = CARTESIAN_POINT('',(-42.02392417238,70.245772474117));
#4770 = CARTESIAN_POINT('',(-40.68859752894,70.214848423238));
#4771 = CARTESIAN_POINT('',(-39.36522562522,70.033691393041));
#4772 = CARTESIAN_POINT('',(-38.07144678233,69.701422142047));
#4773 = CARTESIAN_POINT('',(-36.82408036746,69.223894798994));
#4774 = CARTESIAN_POINT('',(-35.63829486575,68.608980682999));
#4775 = CARTESIAN_POINT('',(-34.53153102372,67.861023630051));
#4776 = CARTESIAN_POINT('',(-33.51688349437,66.992444293141));
#4777 = CARTESIAN_POINT('',(-32.60649115209,66.014997104934));
#4778 = CARTESIAN_POINT('',(-31.81539234614,64.938657070107));
#4779 = CARTESIAN_POINT('',(-31.15138479369,63.779879822925));
#4780 = CARTESIAN_POINT('',(-30.6216719441,62.553458792077));
#4781 = CARTESIAN_POINT('',(-30.24007765347,61.273780397833));
#4782 = CARTESIAN_POINT('',(-30.07806956287,60.397685670101));
#4783 = CARTESIAN_POINT('',(-29.9760406472,59.514708085943));
#4784 = ( GEOMETRIC_REPRESENTATION_CONTEXT(2) 
PARAMETRIC_REPRESENTATION_CONTEXT() REPRESENTATION_CONTEXT('2D SPACE',''
  ) );
#4785 = PCURVE('',#3777,#4786);
#4786 = DEFINITIONAL_REPRESENTATION('',(#4787),#4791);
#4787 = LINE('',#4788,#4789);
#4788 = CARTESIAN_POINT('',(0.,-12.7));
#4789 = VECTOR('',#4790,1.);
#4790 = DIRECTION('',(1.,0.));
#4791 = ( GEOMETRIC_REPRESENTATION_CONTEXT(2) 
PARAMETRIC_REPRESENTATION_CONTEXT() REPRESENTATION_CONTEXT('2D SPACE',''
  ) );
#4792 = ADVANCED_FACE('',(#4793),#2529,.F.);
#4793 = FACE_BOUND('',#4794,.F.);
#4794 = EDGE_LOOP('',(#4795,#4816,#4817,#4818));
#4795 = ORIENTED_EDGE('',*,*,#4796,.T.);
#4796 = EDGE_CURVE('',#3021,#4106,#4797,.T.);
#4797 = SURFACE_CURVE('',#4798,(#4802,#4809),.PCURVE_S1.);
#4798 = LINE('',#4799,#4800);
#4799 = CARTESIAN_POINT('',(1.63E-02,173.4427,0.));
#4800 = VECTOR('',#4801,1.);
#4801 = DIRECTION('',(0.,0.,1.));
#4802 = PCURVE('',#2529,#4803);
#4803 = DEFINITIONAL_REPRESENTATION('',(#4804),#4808);
#4804 = LINE('',#4805,#4806);
#4805 = CARTESIAN_POINT('',(0.,-0.));
#4806 = VECTOR('',#4807,1.);
#4807 = DIRECTION('',(0.,-1.));
#4808 = ( GEOMETRIC_REPRESENTATION_CONTEXT(2) 
PARAMETRIC_REPRESENTATION_CONTEXT() REPRESENTATION_CONTEXT('2D SPACE',''
  ) );
#4809 = PCURVE('',#3174,#4810);
#4810 = DEFINITIONAL_REPRESENTATION('',(#4811),#4815);
#4811 = LINE('',#4812,#4813);
#4812 = CARTESIAN_POINT('',(143.00869487793,0.));
#4813 = VECTOR('',#4814,1.);
#4814 = DIRECTION('',(0.,-1.));
#4815 = ( GEOMETRIC_REPRESENTATION_CONTEXT(2) 
PARAMETRIC_REPRESENTATION_CONTEXT() REPRESENTATION_CONTEXT('2D SPACE',''
  ) );
#4816 = ORIENTED_EDGE('',*,*,#4266,.T.);
#4817 = ORIENTED_EDGE('',*,*,#2511,.F.);
#4818 = ORIENTED_EDGE('',*,*,#3257,.F.);
#4819 = ADVANCED_FACE('',(#4820),#2765,.F.);
#4820 = FACE_BOUND('',#4821,.F.);
#4821 = EDGE_LOOP('',(#4822,#4823,#4824,#4845));
#4822 = ORIENTED_EDGE('',*,*,#2749,.T.);
#4823 = ORIENTED_EDGE('',*,*,#4036,.T.);
#4824 = ORIENTED_EDGE('',*,*,#4825,.F.);
#4825 = EDGE_CURVE('',#2942,#4037,#4826,.T.);
#4826 = SURFACE_CURVE('',#4827,(#4831,#4838),.PCURVE_S1.);
#4827 = LINE('',#4828,#4829);
#4828 = CARTESIAN_POINT('',(174.2517,-55.0814,0.));
#4829 = VECTOR('',#4830,1.);
#4830 = DIRECTION('',(0.,0.,1.));
#4831 = PCURVE('',#2765,#4832);
#4832 = DEFINITIONAL_REPRESENTATION('',(#4833),#4837);
#4833 = LINE('',#4834,#4835);
#4834 = CARTESIAN_POINT('',(90.,0.));
#4835 = VECTOR('',#4836,1.);
#4836 = DIRECTION('',(0.,-1.));
#4837 = ( GEOMETRIC_REPRESENTATION_CONTEXT(2) 
PARAMETRIC_REPRESENTATION_CONTEXT() REPRESENTATION_CONTEXT('2D SPACE',''
  ) );
#4838 = PCURVE('',#2980,#4839);
#4839 = DEFINITIONAL_REPRESENTATION('',(#4840),#4844);
#4840 = LINE('',#4841,#4842);
#4841 = CARTESIAN_POINT('',(0.,0.));
#4842 = VECTOR('',#4843,1.);
#4843 = DIRECTION('',(0.,-1.));
#4844 = ( GEOMETRIC_REPRESENTATION_CONTEXT(2) 
PARAMETRIC_REPRESENTATION_CONTEXT() REPRESENTATION_CONTEXT('2D SPACE',''
  ) );
#4845 = ORIENTED_EDGE('',*,*,#2941,.F.);
#4846 = ADVANCED_FACE('',(#4847),#3174,.F.);
#4847 = FACE_BOUND('',#4848,.F.);
#4848 = EDGE_LOOP('',(#4849,#4870,#4871,#4872));
#4849 = ORIENTED_EDGE('',*,*,#4850,.T.);
#4850 = EDGE_CURVE('',#2993,#4083,#4851,.T.);
#4851 = SURFACE_CURVE('',#4852,(#4856,#4863),.PCURVE_S1.);
#4852 = LINE('',#4853,#4854);
#4853 = CARTESIAN_POINT('',(84.2517,62.6186,0.));
#4854 = VECTOR('',#4855,1.);
#4855 = DIRECTION('',(0.,0.,1.));
#4856 = PCURVE('',#3174,#4857);
#4857 = DEFINITIONAL_REPRESENTATION('',(#4858),#4862);
#4858 = LINE('',#4859,#4860);
#4859 = CARTESIAN_POINT('',(0.,0.));
#4860 = VECTOR('',#4861,1.);
#4861 = DIRECTION('',(0.,-1.));
#4862 = ( GEOMETRIC_REPRESENTATION_CONTEXT(2) 
PARAMETRIC_REPRESENTATION_CONTEXT() REPRESENTATION_CONTEXT('2D SPACE',''
  ) );
#4863 = PCURVE('',#3008,#4864);
#4864 = DEFINITIONAL_REPRESENTATION('',(#4865),#4869);
#4865 = LINE('',#4866,#4867);
#4866 = CARTESIAN_POINT('',(90.,0.));
#4867 = VECTOR('',#4868,1.);
#4868 = DIRECTION('',(0.,-1.));
#4869 = ( GEOMETRIC_REPRESENTATION_CONTEXT(2) 
PARAMETRIC_REPRESENTATION_CONTEXT() REPRESENTATION_CONTEXT('2D SPACE',''
  ) );
#4870 = ORIENTED_EDGE('',*,*,#4105,.T.);
#4871 = ORIENTED_EDGE('',*,*,#4796,.F.);
#4872 = ORIENTED_EDGE('',*,*,#3020,.F.);
#4873 = ADVANCED_FACE('',(#4874),#2980,.F.);
#4874 = FACE_BOUND('',#4875,.F.);
#4875 = EDGE_LOOP('',(#4876,#4877,#4878,#4899));
#4876 = ORIENTED_EDGE('',*,*,#4825,.T.);
#4877 = ORIENTED_EDGE('',*,*,#4059,.T.);
#4878 = ORIENTED_EDGE('',*,*,#4879,.F.);
#4879 = EDGE_CURVE('',#2965,#4060,#4880,.T.);
#4880 = SURFACE_CURVE('',#4881,(#4885,#4892),.PCURVE_S1.);
#4881 = LINE('',#4882,#4883);
#4882 = CARTESIAN_POINT('',(174.2517,62.6186,0.));
#4883 = VECTOR('',#4884,1.);
#4884 = DIRECTION('',(0.,0.,1.));
#4885 = PCURVE('',#2980,#4886);
#4886 = DEFINITIONAL_REPRESENTATION('',(#4887),#4891);
#4887 = LINE('',#4888,#4889);
#4888 = CARTESIAN_POINT('',(117.7,0.));
#4889 = VECTOR('',#4890,1.);
#4890 = DIRECTION('',(0.,-1.));
#4891 = ( GEOMETRIC_REPRESENTATION_CONTEXT(2) 
PARAMETRIC_REPRESENTATION_CONTEXT() REPRESENTATION_CONTEXT('2D SPACE',''
  ) );
#4892 = PCURVE('',#3008,#4893);
#4893 = DEFINITIONAL_REPRESENTATION('',(#4894),#4898);
#4894 = LINE('',#4895,#4896);
#4895 = CARTESIAN_POINT('',(0.,-0.));
#4896 = VECTOR('',#4897,1.);
#4897 = DIRECTION('',(0.,-1.));
#4898 = ( GEOMETRIC_REPRESENTATION_CONTEXT(2) 
PARAMETRIC_REPRESENTATION_CONTEXT() REPRESENTATION_CONTEXT('2D SPACE',''
  ) );
#4899 = ORIENTED_EDGE('',*,*,#2964,.F.);
#4900 = ADVANCED_FACE('',(#4901),#3008,.F.);
#4901 = FACE_BOUND('',#4902,.F.);
#4902 = EDGE_LOOP('',(#4903,#4904,#4905,#4906));
#4903 = ORIENTED_EDGE('',*,*,#4879,.T.);
#4904 = ORIENTED_EDGE('',*,*,#4082,.T.);
#4905 = ORIENTED_EDGE('',*,*,#4850,.F.);
#4906 = ORIENTED_EDGE('',*,*,#2992,.F.);
#4907 = ADVANCED_FACE('',(#4908),#3777,.F.);
#4908 = FACE_BOUND('',#4909,.F.);
#4909 = EDGE_LOOP('',(#4910,#4931,#4932,#4933));
#4910 = ORIENTED_EDGE('',*,*,#4911,.T.);
#4911 = EDGE_CURVE('',#3282,#4291,#4912,.T.);
#4912 = SEAM_CURVE('',#4913,(#4917,#4924),.PCURVE_S1.);
#4913 = LINE('',#4914,#4915);
#4914 = CARTESIAN_POINT('',(23.2738,113.8936,0.));
#4915 = VECTOR('',#4916,1.);
#4916 = DIRECTION('',(0.,0.,1.));
#4917 = PCURVE('',#3777,#4918);
#4918 = DEFINITIONAL_REPRESENTATION('',(#4919),#4923);
#4919 = LINE('',#4920,#4921);
#4920 = CARTESIAN_POINT('',(0.,0.));
#4921 = VECTOR('',#4922,1.);
#4922 = DIRECTION('',(0.,-1.));
#4923 = ( GEOMETRIC_REPRESENTATION_CONTEXT(2) 
PARAMETRIC_REPRESENTATION_CONTEXT() REPRESENTATION_CONTEXT('2D SPACE',''
  ) );
#4924 = PCURVE('',#3777,#4925);
#4925 = DEFINITIONAL_REPRESENTATION('',(#4926),#4930);
#4926 = LINE('',#4927,#4928);
#4927 = CARTESIAN_POINT('',(319.90870743069,0.));
#4928 = VECTOR('',#4929,1.);
#4929 = DIRECTION('',(0.,-1.));
#4930 = ( GEOMETRIC_REPRESENTATION_CONTEXT(2) 
PARAMETRIC_REPRESENTATION_CONTEXT() REPRESENTATION_CONTEXT('2D SPACE',''
  ) );
#4931 = ORIENTED_EDGE('',*,*,#4290,.T.);
#4932 = ORIENTED_EDGE('',*,*,#4911,.F.);
#4933 = ORIENTED_EDGE('',*,*,#3281,.F.);
#4934 = ( GEOMETRIC_REPRESENTATION_CONTEXT(3) 
GLOBAL_UNCERTAINTY_ASSIGNED_CONTEXT((#4938)) 
GLOBAL_UNIT_ASSIGNED_CONTEXT((#4935,#4936,#4937)) REPRESENTATION_CONTEXT
('Context #1','3D Context with UNIT and UNCERTAINTY') );
#4935 = ( LENGTH_UNIT() NAMED_UNIT(*) SI_UNIT(.MILLI.,.METRE.) );
#4936 = ( NAMED_UNIT(*) PLANE_ANGLE_UNIT() SI_UNIT($,.RADIAN.) );
#4937 = ( NAMED_UNIT(*) SI_UNIT($,.STERADIAN.) SOLID_ANGLE_UNIT() );
#4938 = UNCERTAINTY_MEASURE_WITH_UNIT(LENGTH_MEASURE(1.E-07),#4935,
  'distance_accuracy_value','confusion accuracy');
#4939 = CONTEXT_DEPENDENT_SHAPE_REPRESENTATION(#4940,#4942);
#4940 = ( REPRESENTATION_RELATIONSHIP('','',#2313,#10) 
REPRESENTATION_RELATIONSHIP_WITH_TRANSFORMATION(#4941) 
SHAPE_REPRESENTATION_RELATIONSHIP() );
#4941 = ITEM_DEFINED_TRANSFORMATION('','',#11,#19);
#4942 = PRODUCT_DEFINITION_SHAPE('Placement','Placement of an item',
  #4943);
#4943 = NEXT_ASSEMBLY_USAGE_OCCURRENCE('2','GAS','',#5,#2308,$);
#4944 = PRODUCT_RELATED_PRODUCT_CATEGORY('part',$,(#2310));
#4945 = SHAPE_DEFINITION_REPRESENTATION(#4946,#4952);
#4946 = PRODUCT_DEFINITION_SHAPE('','',#4947);
#4947 = PRODUCT_DEFINITION('design','',#4948,#4951);
#4948 = PRODUCT_DEFINITION_FORMATION('','',#4949);
#4949 = PRODUCT('REFRIGERANTE_1','REFRIGERANTE_1','',(#4950));
#4950 = PRODUCT_CONTEXT('',#2,'mechanical');
#4951 = PRODUCT_DEFINITION_CONTEXT('part definition',#2,'design');
#4952 = ADVANCED_BREP_SHAPE_REPRESENTATION('',(#11,#4953),#5051);
#4953 = MANIFOLD_SOLID_BREP('',#4954);
#4954 = CLOSED_SHELL('',(#4955,#5043,#5047));
#4955 = ADVANCED_FACE('',(#4956),#4970,.T.);
#4956 = FACE_BOUND('',#4957,.F.);
#4957 = EDGE_LOOP('',(#4958,#4988,#5015,#5016));
#4958 = ORIENTED_EDGE('',*,*,#4959,.T.);
#4959 = EDGE_CURVE('',#4960,#4962,#4964,.T.);
#4960 = VERTEX_POINT('',#4961);
#4961 = CARTESIAN_POINT('',(16.2309,103.0602,0.));
#4962 = VERTEX_POINT('',#4963);
#4963 = CARTESIAN_POINT('',(16.2309,103.0602,12.7));
#4964 = SEAM_CURVE('',#4965,(#4969,#4981),.PCURVE_S1.);
#4965 = LINE('',#4966,#4967);
#4966 = CARTESIAN_POINT('',(16.2309,103.0602,0.));
#4967 = VECTOR('',#4968,1.);
#4968 = DIRECTION('',(0.,0.,1.));
#4969 = PCURVE('',#4970,#4975);
#4970 = CYLINDRICAL_SURFACE('',#4971,3.15);
#4971 = AXIS2_PLACEMENT_3D('',#4972,#4973,#4974);
#4972 = CARTESIAN_POINT('',(13.0809,103.0602,0.));
#4973 = DIRECTION('',(-0.,-0.,-1.));
#4974 = DIRECTION('',(1.,0.,0.));
#4975 = DEFINITIONAL_REPRESENTATION('',(#4976),#4980);
#4976 = LINE('',#4977,#4978);
#4977 = CARTESIAN_POINT('',(-0.,0.));
#4978 = VECTOR('',#4979,1.);
#4979 = DIRECTION('',(-0.,-1.));
#4980 = ( GEOMETRIC_REPRESENTATION_CONTEXT(2) 
PARAMETRIC_REPRESENTATION_CONTEXT() REPRESENTATION_CONTEXT('2D SPACE',''
  ) );
#4981 = PCURVE('',#4970,#4982);
#4982 = DEFINITIONAL_REPRESENTATION('',(#4983),#4987);
#4983 = LINE('',#4984,#4985);
#4984 = CARTESIAN_POINT('',(-6.28318530718,0.));
#4985 = VECTOR('',#4986,1.);
#4986 = DIRECTION('',(-0.,-1.));
#4987 = ( GEOMETRIC_REPRESENTATION_CONTEXT(2) 
PARAMETRIC_REPRESENTATION_CONTEXT() REPRESENTATION_CONTEXT('2D SPACE',''
  ) );
#4988 = ORIENTED_EDGE('',*,*,#4989,.T.);
#4989 = EDGE_CURVE('',#4962,#4962,#4990,.T.);
#4990 = SURFACE_CURVE('',#4991,(#4996,#5003),.PCURVE_S1.);
#4991 = CIRCLE('',#4992,3.15);
#4992 = AXIS2_PLACEMENT_3D('',#4993,#4994,#4995);
#4993 = CARTESIAN_POINT('',(13.0809,103.0602,12.7));
#4994 = DIRECTION('',(0.,0.,1.));
#4995 = DIRECTION('',(1.,0.,0.));
#4996 = PCURVE('',#4970,#4997);
#4997 = DEFINITIONAL_REPRESENTATION('',(#4998),#5002);
#4998 = LINE('',#4999,#5000);
#4999 = CARTESIAN_POINT('',(-0.,-12.7));
#5000 = VECTOR('',#5001,1.);
#5001 = DIRECTION('',(-1.,0.));
#5002 = ( GEOMETRIC_REPRESENTATION_CONTEXT(2) 
PARAMETRIC_REPRESENTATION_CONTEXT() REPRESENTATION_CONTEXT('2D SPACE',''
  ) );
#5003 = PCURVE('',#5004,#5009);
#5004 = PLANE('',#5005);
#5005 = AXIS2_PLACEMENT_3D('',#5006,#5007,#5008);
#5006 = CARTESIAN_POINT('',(13.0809,103.0602,12.7));
#5007 = DIRECTION('',(0.,0.,1.));
#5008 = DIRECTION('',(1.,0.,-0.));
#5009 = DEFINITIONAL_REPRESENTATION('',(#5010),#5014);
#5010 = CIRCLE('',#5011,3.15);
#5011 = AXIS2_PLACEMENT_2D('',#5012,#5013);
#5012 = CARTESIAN_POINT('',(0.,0.));
#5013 = DIRECTION('',(1.,0.));
#5014 = ( GEOMETRIC_REPRESENTATION_CONTEXT(2) 
PARAMETRIC_REPRESENTATION_CONTEXT() REPRESENTATION_CONTEXT('2D SPACE',''
  ) );
#5015 = ORIENTED_EDGE('',*,*,#4959,.F.);
#5016 = ORIENTED_EDGE('',*,*,#5017,.F.);
#5017 = EDGE_CURVE('',#4960,#4960,#5018,.T.);
#5018 = SURFACE_CURVE('',#5019,(#5024,#5031),.PCURVE_S1.);
#5019 = CIRCLE('',#5020,3.15);
#5020 = AXIS2_PLACEMENT_3D('',#5021,#5022,#5023);
#5021 = CARTESIAN_POINT('',(13.0809,103.0602,0.));
#5022 = DIRECTION('',(0.,0.,1.));
#5023 = DIRECTION('',(1.,0.,0.));
#5024 = PCURVE('',#4970,#5025);
#5025 = DEFINITIONAL_REPRESENTATION('',(#5026),#5030);
#5026 = LINE('',#5027,#5028);
#5027 = CARTESIAN_POINT('',(-0.,0.));
#5028 = VECTOR('',#5029,1.);
#5029 = DIRECTION('',(-1.,0.));
#5030 = ( GEOMETRIC_REPRESENTATION_CONTEXT(2) 
PARAMETRIC_REPRESENTATION_CONTEXT() REPRESENTATION_CONTEXT('2D SPACE',''
  ) );
#5031 = PCURVE('',#5032,#5037);
#5032 = PLANE('',#5033);
#5033 = AXIS2_PLACEMENT_3D('',#5034,#5035,#5036);
#5034 = CARTESIAN_POINT('',(13.0809,103.0602,0.));
#5035 = DIRECTION('',(0.,0.,1.));
#5036 = DIRECTION('',(1.,0.,-0.));
#5037 = DEFINITIONAL_REPRESENTATION('',(#5038),#5042);
#5038 = CIRCLE('',#5039,3.15);
#5039 = AXIS2_PLACEMENT_2D('',#5040,#5041);
#5040 = CARTESIAN_POINT('',(0.,0.));
#5041 = DIRECTION('',(1.,0.));
#5042 = ( GEOMETRIC_REPRESENTATION_CONTEXT(2) 
PARAMETRIC_REPRESENTATION_CONTEXT() REPRESENTATION_CONTEXT('2D SPACE',''
  ) );
#5043 = ADVANCED_FACE('',(#5044),#5032,.F.);
#5044 = FACE_BOUND('',#5045,.F.);
#5045 = EDGE_LOOP('',(#5046));
#5046 = ORIENTED_EDGE('',*,*,#5017,.T.);
#5047 = ADVANCED_FACE('',(#5048),#5004,.T.);
#5048 = FACE_BOUND('',#5049,.T.);
#5049 = EDGE_LOOP('',(#5050));
#5050 = ORIENTED_EDGE('',*,*,#4989,.T.);
#5051 = ( GEOMETRIC_REPRESENTATION_CONTEXT(3) 
GLOBAL_UNCERTAINTY_ASSIGNED_CONTEXT((#5055)) 
GLOBAL_UNIT_ASSIGNED_CONTEXT((#5052,#5053,#5054)) REPRESENTATION_CONTEXT
('Context #1','3D Context with UNIT and UNCERTAINTY') );
#5052 = ( LENGTH_UNIT() NAMED_UNIT(*) SI_UNIT(.MILLI.,.METRE.) );
#5053 = ( NAMED_UNIT(*) PLANE_ANGLE_UNIT() SI_UNIT($,.RADIAN.) );
#5054 = ( NAMED_UNIT(*) SI_UNIT($,.STERADIAN.) SOLID_ANGLE_UNIT() );
#5055 = UNCERTAINTY_MEASURE_WITH_UNIT(LENGTH_MEASURE(1.E-07),#5052,
  'distance_accuracy_value','confusion accuracy');
#5056 = CONTEXT_DEPENDENT_SHAPE_REPRESENTATION(#5057,#5059);
#5057 = ( REPRESENTATION_RELATIONSHIP('','',#4952,#10) 
REPRESENTATION_RELATIONSHIP_WITH_TRANSFORMATION(#5058) 
SHAPE_REPRESENTATION_RELATIONSHIP() );
#5058 = ITEM_DEFINED_TRANSFORMATION('','',#11,#23);
#5059 = PRODUCT_DEFINITION_SHAPE('Placement','Placement of an item',
  #5060);
#5060 = NEXT_ASSEMBLY_USAGE_OCCURRENCE('3','REFRIGERANTE_1','',#5,#4947,
  $);
#5061 = PRODUCT_RELATED_PRODUCT_CATEGORY('part',$,(#4949));
#5062 = SHAPE_DEFINITION_REPRESENTATION(#5063,#5069);
#5063 = PRODUCT_DEFINITION_SHAPE('','',#5064);
#5064 = PRODUCT_DEFINITION('design','',#5065,#5068);
#5065 = PRODUCT_DEFINITION_FORMATION('','',#5066);
#5066 = PRODUCT('REFRIGERANTE_2','REFRIGERANTE_2','',(#5067));
#5067 = PRODUCT_CONTEXT('',#2,'mechanical');
#5068 = PRODUCT_DEFINITION_CONTEXT('part definition',#2,'design');
#5069 = ADVANCED_BREP_SHAPE_REPRESENTATION('',(#11,#5070),#5168);
#5070 = MANIFOLD_SOLID_BREP('',#5071);
#5071 = CLOSED_SHELL('',(#5072,#5160,#5164));
#5072 = ADVANCED_FACE('',(#5073),#5087,.T.);
#5073 = FACE_BOUND('',#5074,.F.);
#5074 = EDGE_LOOP('',(#5075,#5105,#5132,#5133));
#5075 = ORIENTED_EDGE('',*,*,#5076,.T.);
#5076 = EDGE_CURVE('',#5077,#5079,#5081,.T.);
#5077 = VERTEX_POINT('',#5078);
#5078 = CARTESIAN_POINT('',(18.561,92.4232,0.));
#5079 = VERTEX_POINT('',#5080);
#5080 = CARTESIAN_POINT('',(18.561,92.4232,12.7));
#5081 = SEAM_CURVE('',#5082,(#5086,#5098),.PCURVE_S1.);
#5082 = LINE('',#5083,#5084);
#5083 = CARTESIAN_POINT('',(18.561,92.4232,0.));
#5084 = VECTOR('',#5085,1.);
#5085 = DIRECTION('',(0.,0.,1.));
#5086 = PCURVE('',#5087,#5092);
#5087 = CYLINDRICAL_SURFACE('',#5088,3.15);
#5088 = AXIS2_PLACEMENT_3D('',#5089,#5090,#5091);
#5089 = CARTESIAN_POINT('',(15.411,92.4232,0.));
#5090 = DIRECTION('',(-0.,-0.,-1.));
#5091 = DIRECTION('',(1.,0.,0.));
#5092 = DEFINITIONAL_REPRESENTATION('',(#5093),#5097);
#5093 = LINE('',#5094,#5095);
#5094 = CARTESIAN_POINT('',(-0.,0.));
#5095 = VECTOR('',#5096,1.);
#5096 = DIRECTION('',(-0.,-1.));
#5097 = ( GEOMETRIC_REPRESENTATION_CONTEXT(2) 
PARAMETRIC_REPRESENTATION_CONTEXT() REPRESENTATION_CONTEXT('2D SPACE',''
  ) );
#5098 = PCURVE('',#5087,#5099);
#5099 = DEFINITIONAL_REPRESENTATION('',(#5100),#5104);
#5100 = LINE('',#5101,#5102);
#5101 = CARTESIAN_POINT('',(-6.28318530718,0.));
#5102 = VECTOR('',#5103,1.);
#5103 = DIRECTION('',(-0.,-1.));
#5104 = ( GEOMETRIC_REPRESENTATION_CONTEXT(2) 
PARAMETRIC_REPRESENTATION_CONTEXT() REPRESENTATION_CONTEXT('2D SPACE',''
  ) );
#5105 = ORIENTED_EDGE('',*,*,#5106,.T.);
#5106 = EDGE_CURVE('',#5079,#5079,#5107,.T.);
#5107 = SURFACE_CURVE('',#5108,(#5113,#5120),.PCURVE_S1.);
#5108 = CIRCLE('',#5109,3.15);
#5109 = AXIS2_PLACEMENT_3D('',#5110,#5111,#5112);
#5110 = CARTESIAN_POINT('',(15.411,92.4232,12.7));
#5111 = DIRECTION('',(0.,0.,1.));
#5112 = DIRECTION('',(1.,0.,0.));
#5113 = PCURVE('',#5087,#5114);
#5114 = DEFINITIONAL_REPRESENTATION('',(#5115),#5119);
#5115 = LINE('',#5116,#5117);
#5116 = CARTESIAN_POINT('',(-0.,-12.7));
#5117 = VECTOR('',#5118,1.);
#5118 = DIRECTION('',(-1.,0.));
#5119 = ( GEOMETRIC_REPRESENTATION_CONTEXT(2) 
PARAMETRIC_REPRESENTATION_CONTEXT() REPRESENTATION_CONTEXT('2D SPACE',''
  ) );
#5120 = PCURVE('',#5121,#5126);
#5121 = PLANE('',#5122);
#5122 = AXIS2_PLACEMENT_3D('',#5123,#5124,#5125);
#5123 = CARTESIAN_POINT('',(15.411,92.4232,12.7));
#5124 = DIRECTION('',(0.,0.,1.));
#5125 = DIRECTION('',(1.,0.,-0.));
#5126 = DEFINITIONAL_REPRESENTATION('',(#5127),#5131);
#5127 = CIRCLE('',#5128,3.15);
#5128 = AXIS2_PLACEMENT_2D('',#5129,#5130);
#5129 = CARTESIAN_POINT('',(1.7763568394E-15,0.));
#5130 = DIRECTION('',(1.,0.));
#5131 = ( GEOMETRIC_REPRESENTATION_CONTEXT(2) 
PARAMETRIC_REPRESENTATION_CONTEXT() REPRESENTATION_CONTEXT('2D SPACE',''
  ) );
#5132 = ORIENTED_EDGE('',*,*,#5076,.F.);
#5133 = ORIENTED_EDGE('',*,*,#5134,.F.);
#5134 = EDGE_CURVE('',#5077,#5077,#5135,.T.);
#5135 = SURFACE_CURVE('',#5136,(#5141,#5148),.PCURVE_S1.);
#5136 = CIRCLE('',#5137,3.15);
#5137 = AXIS2_PLACEMENT_3D('',#5138,#5139,#5140);
#5138 = CARTESIAN_POINT('',(15.411,92.4232,0.));
#5139 = DIRECTION('',(0.,0.,1.));
#5140 = DIRECTION('',(1.,0.,0.));
#5141 = PCURVE('',#5087,#5142);
#5142 = DEFINITIONAL_REPRESENTATION('',(#5143),#5147);
#5143 = LINE('',#5144,#5145);
#5144 = CARTESIAN_POINT('',(-0.,0.));
#5145 = VECTOR('',#5146,1.);
#5146 = DIRECTION('',(-1.,0.));
#5147 = ( GEOMETRIC_REPRESENTATION_CONTEXT(2) 
PARAMETRIC_REPRESENTATION_CONTEXT() REPRESENTATION_CONTEXT('2D SPACE',''
  ) );
#5148 = PCURVE('',#5149,#5154);
#5149 = PLANE('',#5150);
#5150 = AXIS2_PLACEMENT_3D('',#5151,#5152,#5153);
#5151 = CARTESIAN_POINT('',(15.411,92.4232,0.));
#5152 = DIRECTION('',(0.,0.,1.));
#5153 = DIRECTION('',(1.,0.,-0.));
#5154 = DEFINITIONAL_REPRESENTATION('',(#5155),#5159);
#5155 = CIRCLE('',#5156,3.15);
#5156 = AXIS2_PLACEMENT_2D('',#5157,#5158);
#5157 = CARTESIAN_POINT('',(1.7763568394E-15,0.));
#5158 = DIRECTION('',(1.,0.));
#5159 = ( GEOMETRIC_REPRESENTATION_CONTEXT(2) 
PARAMETRIC_REPRESENTATION_CONTEXT() REPRESENTATION_CONTEXT('2D SPACE',''
  ) );
#5160 = ADVANCED_FACE('',(#5161),#5149,.F.);
#5161 = FACE_BOUND('',#5162,.F.);
#5162 = EDGE_LOOP('',(#5163));
#5163 = ORIENTED_EDGE('',*,*,#5134,.T.);
#5164 = ADVANCED_FACE('',(#5165),#5121,.T.);
#5165 = FACE_BOUND('',#5166,.T.);
#5166 = EDGE_LOOP('',(#5167));
#5167 = ORIENTED_EDGE('',*,*,#5106,.T.);
#5168 = ( GEOMETRIC_REPRESENTATION_CONTEXT(3) 
GLOBAL_UNCERTAINTY_ASSIGNED_CONTEXT((#5172)) 
GLOBAL_UNIT_ASSIGNED_CONTEXT((#5169,#5170,#5171)) REPRESENTATION_CONTEXT
('Context #1','3D Context with UNIT and UNCERTAINTY') );
#5169 = ( LENGTH_UNIT() NAMED_UNIT(*) SI_UNIT(.MILLI.,.METRE.) );
#5170 = ( NAMED_UNIT(*) PLANE_ANGLE_UNIT() SI_UNIT($,.RADIAN.) );
#5171 = ( NAMED_UNIT(*) SI_UNIT($,.STERADIAN.) SOLID_ANGLE_UNIT() );
#5172 = UNCERTAINTY_MEASURE_WITH_UNIT(LENGTH_MEASURE(1.E-07),#5169,
  'distance_accuracy_value','confusion accuracy');
#5173 = CONTEXT_DEPENDENT_SHAPE_REPRESENTATION(#5174,#5176);
#5174 = ( REPRESENTATION_RELATIONSHIP('','',#5069,#10) 
REPRESENTATION_RELATIONSHIP_WITH_TRANSFORMATION(#5175) 
SHAPE_REPRESENTATION_RELATIONSHIP() );
#5175 = ITEM_DEFINED_TRANSFORMATION('','',#11,#27);
#5176 = PRODUCT_DEFINITION_SHAPE('Placement','Placement of an item',
  #5177);
#5177 = NEXT_ASSEMBLY_USAGE_OCCURRENCE('4','REFRIGERANTE_2','',#5,#5064,
  $);
#5178 = PRODUCT_RELATED_PRODUCT_CATEGORY('part',$,(#5066));
#5179 = SHAPE_DEFINITION_REPRESENTATION(#5180,#5186);
#5180 = PRODUCT_DEFINITION_SHAPE('','',#5181);
#5181 = PRODUCT_DEFINITION('design','',#5182,#5185);
#5182 = PRODUCT_DEFINITION_FORMATION('','',#5183);
#5183 = PRODUCT('REFRIGERANTE_3','REFRIGERANTE_3','',(#5184));
#5184 = PRODUCT_CONTEXT('',#2,'mechanical');
#5185 = PRODUCT_DEFINITION_CONTEXT('part definition',#2,'design');
#5186 = ADVANCED_BREP_SHAPE_REPRESENTATION('',(#11,#5187),#5285);
#5187 = MANIFOLD_SOLID_BREP('',#5188);
#5188 = CLOSED_SHELL('',(#5189,#5277,#5281));
#5189 = ADVANCED_FACE('',(#5190),#5204,.T.);
#5190 = FACE_BOUND('',#5191,.F.);
#5191 = EDGE_LOOP('',(#5192,#5222,#5249,#5250));
#5192 = ORIENTED_EDGE('',*,*,#5193,.T.);
#5193 = EDGE_CURVE('',#5194,#5196,#5198,.T.);
#5194 = VERTEX_POINT('',#5195);
#5195 = CARTESIAN_POINT('',(22.0965,80.6949,0.));
#5196 = VERTEX_POINT('',#5197);
#5197 = CARTESIAN_POINT('',(22.0965,80.6949,12.7));
#5198 = SEAM_CURVE('',#5199,(#5203,#5215),.PCURVE_S1.);
#5199 = LINE('',#5200,#5201);
#5200 = CARTESIAN_POINT('',(22.0965,80.6949,0.));
#5201 = VECTOR('',#5202,1.);
#5202 = DIRECTION('',(0.,0.,1.));
#5203 = PCURVE('',#5204,#5209);
#5204 = CYLINDRICAL_SURFACE('',#5205,3.15);
#5205 = AXIS2_PLACEMENT_3D('',#5206,#5207,#5208);
#5206 = CARTESIAN_POINT('',(18.9465,80.6949,0.));
#5207 = DIRECTION('',(-0.,-0.,-1.));
#5208 = DIRECTION('',(1.,0.,0.));
#5209 = DEFINITIONAL_REPRESENTATION('',(#5210),#5214);
#5210 = LINE('',#5211,#5212);
#5211 = CARTESIAN_POINT('',(-0.,0.));
#5212 = VECTOR('',#5213,1.);
#5213 = DIRECTION('',(-0.,-1.));
#5214 = ( GEOMETRIC_REPRESENTATION_CONTEXT(2) 
PARAMETRIC_REPRESENTATION_CONTEXT() REPRESENTATION_CONTEXT('2D SPACE',''
  ) );
#5215 = PCURVE('',#5204,#5216);
#5216 = DEFINITIONAL_REPRESENTATION('',(#5217),#5221);
#5217 = LINE('',#5218,#5219);
#5218 = CARTESIAN_POINT('',(-6.28318530718,0.));
#5219 = VECTOR('',#5220,1.);
#5220 = DIRECTION('',(-0.,-1.));
#5221 = ( GEOMETRIC_REPRESENTATION_CONTEXT(2) 
PARAMETRIC_REPRESENTATION_CONTEXT() REPRESENTATION_CONTEXT('2D SPACE',''
  ) );
#5222 = ORIENTED_EDGE('',*,*,#5223,.T.);
#5223 = EDGE_CURVE('',#5196,#5196,#5224,.T.);
#5224 = SURFACE_CURVE('',#5225,(#5230,#5237),.PCURVE_S1.);
#5225 = CIRCLE('',#5226,3.15);
#5226 = AXIS2_PLACEMENT_3D('',#5227,#5228,#5229);
#5227 = CARTESIAN_POINT('',(18.9465,80.6949,12.7));
#5228 = DIRECTION('',(0.,0.,1.));
#5229 = DIRECTION('',(1.,0.,0.));
#5230 = PCURVE('',#5204,#5231);
#5231 = DEFINITIONAL_REPRESENTATION('',(#5232),#5236);
#5232 = LINE('',#5233,#5234);
#5233 = CARTESIAN_POINT('',(-0.,-12.7));
#5234 = VECTOR('',#5235,1.);
#5235 = DIRECTION('',(-1.,0.));
#5236 = ( GEOMETRIC_REPRESENTATION_CONTEXT(2) 
PARAMETRIC_REPRESENTATION_CONTEXT() REPRESENTATION_CONTEXT('2D SPACE',''
  ) );
#5237 = PCURVE('',#5238,#5243);
#5238 = PLANE('',#5239);
#5239 = AXIS2_PLACEMENT_3D('',#5240,#5241,#5242);
#5240 = CARTESIAN_POINT('',(18.9465,80.6949,12.7));
#5241 = DIRECTION('',(0.,0.,1.));
#5242 = DIRECTION('',(1.,0.,-0.));
#5243 = DEFINITIONAL_REPRESENTATION('',(#5244),#5248);
#5244 = CIRCLE('',#5245,3.15);
#5245 = AXIS2_PLACEMENT_2D('',#5246,#5247);
#5246 = CARTESIAN_POINT('',(0.,1.42108547152E-14));
#5247 = DIRECTION('',(1.,0.));
#5248 = ( GEOMETRIC_REPRESENTATION_CONTEXT(2) 
PARAMETRIC_REPRESENTATION_CONTEXT() REPRESENTATION_CONTEXT('2D SPACE',''
  ) );
#5249 = ORIENTED_EDGE('',*,*,#5193,.F.);
#5250 = ORIENTED_EDGE('',*,*,#5251,.F.);
#5251 = EDGE_CURVE('',#5194,#5194,#5252,.T.);
#5252 = SURFACE_CURVE('',#5253,(#5258,#5265),.PCURVE_S1.);
#5253 = CIRCLE('',#5254,3.15);
#5254 = AXIS2_PLACEMENT_3D('',#5255,#5256,#5257);
#5255 = CARTESIAN_POINT('',(18.9465,80.6949,0.));
#5256 = DIRECTION('',(0.,0.,1.));
#5257 = DIRECTION('',(1.,0.,0.));
#5258 = PCURVE('',#5204,#5259);
#5259 = DEFINITIONAL_REPRESENTATION('',(#5260),#5264);
#5260 = LINE('',#5261,#5262);
#5261 = CARTESIAN_POINT('',(-0.,0.));
#5262 = VECTOR('',#5263,1.);
#5263 = DIRECTION('',(-1.,0.));
#5264 = ( GEOMETRIC_REPRESENTATION_CONTEXT(2) 
PARAMETRIC_REPRESENTATION_CONTEXT() REPRESENTATION_CONTEXT('2D SPACE',''
  ) );
#5265 = PCURVE('',#5266,#5271);
#5266 = PLANE('',#5267);
#5267 = AXIS2_PLACEMENT_3D('',#5268,#5269,#5270);
#5268 = CARTESIAN_POINT('',(18.9465,80.6949,0.));
#5269 = DIRECTION('',(0.,0.,1.));
#5270 = DIRECTION('',(1.,0.,-0.));
#5271 = DEFINITIONAL_REPRESENTATION('',(#5272),#5276);
#5272 = CIRCLE('',#5273,3.15);
#5273 = AXIS2_PLACEMENT_2D('',#5274,#5275);
#5274 = CARTESIAN_POINT('',(0.,1.42108547152E-14));
#5275 = DIRECTION('',(1.,0.));
#5276 = ( GEOMETRIC_REPRESENTATION_CONTEXT(2) 
PARAMETRIC_REPRESENTATION_CONTEXT() REPRESENTATION_CONTEXT('2D SPACE',''
  ) );
#5277 = ADVANCED_FACE('',(#5278),#5266,.F.);
#5278 = FACE_BOUND('',#5279,.F.);
#5279 = EDGE_LOOP('',(#5280));
#5280 = ORIENTED_EDGE('',*,*,#5251,.T.);
#5281 = ADVANCED_FACE('',(#5282),#5238,.T.);
#5282 = FACE_BOUND('',#5283,.T.);
#5283 = EDGE_LOOP('',(#5284));
#5284 = ORIENTED_EDGE('',*,*,#5223,.T.);
#5285 = ( GEOMETRIC_REPRESENTATION_CONTEXT(3) 
GLOBAL_UNCERTAINTY_ASSIGNED_CONTEXT((#5289)) 
GLOBAL_UNIT_ASSIGNED_CONTEXT((#5286,#5287,#5288)) REPRESENTATION_CONTEXT
('Context #1','3D Context with UNIT and UNCERTAINTY') );
#5286 = ( LENGTH_UNIT() NAMED_UNIT(*) SI_UNIT(.MILLI.,.METRE.) );
#5287 = ( NAMED_UNIT(*) PLANE_ANGLE_UNIT() SI_UNIT($,.RADIAN.) );
#5288 = ( NAMED_UNIT(*) SI_UNIT($,.STERADIAN.) SOLID_ANGLE_UNIT() );
#5289 = UNCERTAINTY_MEASURE_WITH_UNIT(LENGTH_MEASURE(1.E-07),#5286,
  'distance_accuracy_value','confusion accuracy');
#5290 = CONTEXT_DEPENDENT_SHAPE_REPRESENTATION(#5291,#5293);
#5291 = ( REPRESENTATION_RELATIONSHIP('','',#5186,#10) 
REPRESENTATION_RELATIONSHIP_WITH_TRANSFORMATION(#5292) 
SHAPE_REPRESENTATION_RELATIONSHIP() );
#5292 = ITEM_DEFINED_TRANSFORMATION('','',#11,#31);
#5293 = PRODUCT_DEFINITION_SHAPE('Placement','Placement of an item',
  #5294);
#5294 = NEXT_ASSEMBLY_USAGE_OCCURRENCE('5','REFRIGERANTE_3','',#5,#5181,
  $);
#5295 = PRODUCT_RELATED_PRODUCT_CATEGORY('part',$,(#5183));
#5296 = SHAPE_DEFINITION_REPRESENTATION(#5297,#5303);
#5297 = PRODUCT_DEFINITION_SHAPE('','',#5298);
#5298 = PRODUCT_DEFINITION('design','',#5299,#5302);
#5299 = PRODUCT_DEFINITION_FORMATION('','',#5300);
#5300 = PRODUCT('REFRIGERANTE_4','REFRIGERANTE_4','',(#5301));
#5301 = PRODUCT_CONTEXT('',#2,'mechanical');
#5302 = PRODUCT_DEFINITION_CONTEXT('part definition',#2,'design');
#5303 = ADVANCED_BREP_SHAPE_REPRESENTATION('',(#11,#5304),#5402);
#5304 = MANIFOLD_SOLID_BREP('',#5305);
#5305 = CLOSED_SHELL('',(#5306,#5394,#5398));
#5306 = ADVANCED_FACE('',(#5307),#5321,.T.);
#5307 = FACE_BOUND('',#5308,.F.);
#5308 = EDGE_LOOP('',(#5309,#5339,#5366,#5367));
#5309 = ORIENTED_EDGE('',*,*,#5310,.T.);
#5310 = EDGE_CURVE('',#5311,#5313,#5315,.T.);
#5311 = VERTEX_POINT('',#5312);
#5312 = CARTESIAN_POINT('',(26.5772,69.2942,0.));
#5313 = VERTEX_POINT('',#5314);
#5314 = CARTESIAN_POINT('',(26.5772,69.2942,12.7));
#5315 = SEAM_CURVE('',#5316,(#5320,#5332),.PCURVE_S1.);
#5316 = LINE('',#5317,#5318);
#5317 = CARTESIAN_POINT('',(26.5772,69.2942,0.));
#5318 = VECTOR('',#5319,1.);
#5319 = DIRECTION('',(0.,0.,1.));
#5320 = PCURVE('',#5321,#5326);
#5321 = CYLINDRICAL_SURFACE('',#5322,3.15);
#5322 = AXIS2_PLACEMENT_3D('',#5323,#5324,#5325);
#5323 = CARTESIAN_POINT('',(23.4272,69.2942,0.));
#5324 = DIRECTION('',(-0.,-0.,-1.));
#5325 = DIRECTION('',(1.,0.,0.));
#5326 = DEFINITIONAL_REPRESENTATION('',(#5327),#5331);
#5327 = LINE('',#5328,#5329);
#5328 = CARTESIAN_POINT('',(-0.,0.));
#5329 = VECTOR('',#5330,1.);
#5330 = DIRECTION('',(-0.,-1.));
#5331 = ( GEOMETRIC_REPRESENTATION_CONTEXT(2) 
PARAMETRIC_REPRESENTATION_CONTEXT() REPRESENTATION_CONTEXT('2D SPACE',''
  ) );
#5332 = PCURVE('',#5321,#5333);
#5333 = DEFINITIONAL_REPRESENTATION('',(#5334),#5338);
#5334 = LINE('',#5335,#5336);
#5335 = CARTESIAN_POINT('',(-6.28318530718,0.));
#5336 = VECTOR('',#5337,1.);
#5337 = DIRECTION('',(-0.,-1.));
#5338 = ( GEOMETRIC_REPRESENTATION_CONTEXT(2) 
PARAMETRIC_REPRESENTATION_CONTEXT() REPRESENTATION_CONTEXT('2D SPACE',''
  ) );
#5339 = ORIENTED_EDGE('',*,*,#5340,.T.);
#5340 = EDGE_CURVE('',#5313,#5313,#5341,.T.);
#5341 = SURFACE_CURVE('',#5342,(#5347,#5354),.PCURVE_S1.);
#5342 = CIRCLE('',#5343,3.15);
#5343 = AXIS2_PLACEMENT_3D('',#5344,#5345,#5346);
#5344 = CARTESIAN_POINT('',(23.4272,69.2942,12.7));
#5345 = DIRECTION('',(0.,0.,1.));
#5346 = DIRECTION('',(1.,0.,0.));
#5347 = PCURVE('',#5321,#5348);
#5348 = DEFINITIONAL_REPRESENTATION('',(#5349),#5353);
#5349 = LINE('',#5350,#5351);
#5350 = CARTESIAN_POINT('',(-0.,-12.7));
#5351 = VECTOR('',#5352,1.);
#5352 = DIRECTION('',(-1.,0.));
#5353 = ( GEOMETRIC_REPRESENTATION_CONTEXT(2) 
PARAMETRIC_REPRESENTATION_CONTEXT() REPRESENTATION_CONTEXT('2D SPACE',''
  ) );
#5354 = PCURVE('',#5355,#5360);
#5355 = PLANE('',#5356);
#5356 = AXIS2_PLACEMENT_3D('',#5357,#5358,#5359);
#5357 = CARTESIAN_POINT('',(23.4272,69.2942,12.7));
#5358 = DIRECTION('',(0.,0.,1.));
#5359 = DIRECTION('',(1.,0.,-0.));
#5360 = DEFINITIONAL_REPRESENTATION('',(#5361),#5365);
#5361 = CIRCLE('',#5362,3.15);
#5362 = AXIS2_PLACEMENT_2D('',#5363,#5364);
#5363 = CARTESIAN_POINT('',(3.552713678801E-15,-1.42108547152E-14));
#5364 = DIRECTION('',(1.,0.));
#5365 = ( GEOMETRIC_REPRESENTATION_CONTEXT(2) 
PARAMETRIC_REPRESENTATION_CONTEXT() REPRESENTATION_CONTEXT('2D SPACE',''
  ) );
#5366 = ORIENTED_EDGE('',*,*,#5310,.F.);
#5367 = ORIENTED_EDGE('',*,*,#5368,.F.);
#5368 = EDGE_CURVE('',#5311,#5311,#5369,.T.);
#5369 = SURFACE_CURVE('',#5370,(#5375,#5382),.PCURVE_S1.);
#5370 = CIRCLE('',#5371,3.15);
#5371 = AXIS2_PLACEMENT_3D('',#5372,#5373,#5374);
#5372 = CARTESIAN_POINT('',(23.4272,69.2942,0.));
#5373 = DIRECTION('',(0.,0.,1.));
#5374 = DIRECTION('',(1.,0.,0.));
#5375 = PCURVE('',#5321,#5376);
#5376 = DEFINITIONAL_REPRESENTATION('',(#5377),#5381);
#5377 = LINE('',#5378,#5379);
#5378 = CARTESIAN_POINT('',(-0.,0.));
#5379 = VECTOR('',#5380,1.);
#5380 = DIRECTION('',(-1.,0.));
#5381 = ( GEOMETRIC_REPRESENTATION_CONTEXT(2) 
PARAMETRIC_REPRESENTATION_CONTEXT() REPRESENTATION_CONTEXT('2D SPACE',''
  ) );
#5382 = PCURVE('',#5383,#5388);
#5383 = PLANE('',#5384);
#5384 = AXIS2_PLACEMENT_3D('',#5385,#5386,#5387);
#5385 = CARTESIAN_POINT('',(23.4272,69.2942,0.));
#5386 = DIRECTION('',(0.,0.,1.));
#5387 = DIRECTION('',(1.,0.,-0.));
#5388 = DEFINITIONAL_REPRESENTATION('',(#5389),#5393);
#5389 = CIRCLE('',#5390,3.15);
#5390 = AXIS2_PLACEMENT_2D('',#5391,#5392);
#5391 = CARTESIAN_POINT('',(3.552713678801E-15,-1.42108547152E-14));
#5392 = DIRECTION('',(1.,0.));
#5393 = ( GEOMETRIC_REPRESENTATION_CONTEXT(2) 
PARAMETRIC_REPRESENTATION_CONTEXT() REPRESENTATION_CONTEXT('2D SPACE',''
  ) );
#5394 = ADVANCED_FACE('',(#5395),#5383,.F.);
#5395 = FACE_BOUND('',#5396,.F.);
#5396 = EDGE_LOOP('',(#5397));
#5397 = ORIENTED_EDGE('',*,*,#5368,.T.);
#5398 = ADVANCED_FACE('',(#5399),#5355,.T.);
#5399 = FACE_BOUND('',#5400,.T.);
#5400 = EDGE_LOOP('',(#5401));
#5401 = ORIENTED_EDGE('',*,*,#5340,.T.);
#5402 = ( GEOMETRIC_REPRESENTATION_CONTEXT(3) 
GLOBAL_UNCERTAINTY_ASSIGNED_CONTEXT((#5406)) 
GLOBAL_UNIT_ASSIGNED_CONTEXT((#5403,#5404,#5405)) REPRESENTATION_CONTEXT
('Context #1','3D Context with UNIT and UNCERTAINTY') );
#5403 = ( LENGTH_UNIT() NAMED_UNIT(*) SI_UNIT(.MILLI.,.METRE.) );
#5404 = ( NAMED_UNIT(*) PLANE_ANGLE_UNIT() SI_UNIT($,.RADIAN.) );
#5405 = ( NAMED_UNIT(*) SI_UNIT($,.STERADIAN.) SOLID_ANGLE_UNIT() );
#5406 = UNCERTAINTY_MEASURE_WITH_UNIT(LENGTH_MEASURE(1.E-07),#5403,
  'distance_accuracy_value','confusion accuracy');
#5407 = CONTEXT_DEPENDENT_SHAPE_REPRESENTATION(#5408,#5410);
#5408 = ( REPRESENTATION_RELATIONSHIP('','',#5303,#10) 
REPRESENTATION_RELATIONSHIP_WITH_TRANSFORMATION(#5409) 
SHAPE_REPRESENTATION_RELATIONSHIP() );
#5409 = ITEM_DEFINED_TRANSFORMATION('','',#11,#35);
#5410 = PRODUCT_DEFINITION_SHAPE('Placement','Placement of an item',
  #5411);
#5411 = NEXT_ASSEMBLY_USAGE_OCCURRENCE('6','REFRIGERANTE_4','',#5,#5298,
  $);
#5412 = PRODUCT_RELATED_PRODUCT_CATEGORY('part',$,(#5300));
#5413 = SHAPE_DEFINITION_REPRESENTATION(#5414,#5420);
#5414 = PRODUCT_DEFINITION_SHAPE('','',#5415);
#5415 = PRODUCT_DEFINITION('design','',#5416,#5419);
#5416 = PRODUCT_DEFINITION_FORMATION('','',#5417);
#5417 = PRODUCT('REFRIGERANTE_5','REFRIGERANTE_5','',(#5418));
#5418 = PRODUCT_CONTEXT('',#2,'mechanical');
#5419 = PRODUCT_DEFINITION_CONTEXT('part definition',#2,'design');
#5420 = ADVANCED_BREP_SHAPE_REPRESENTATION('',(#11,#5421),#5519);
#5421 = MANIFOLD_SOLID_BREP('',#5422);
#5422 = CLOSED_SHELL('',(#5423,#5511,#5515));
#5423 = ADVANCED_FACE('',(#5424),#5438,.T.);
#5424 = FACE_BOUND('',#5425,.F.);
#5425 = EDGE_LOOP('',(#5426,#5456,#5483,#5484));
#5426 = ORIENTED_EDGE('',*,*,#5427,.T.);
#5427 = EDGE_CURVE('',#5428,#5430,#5432,.T.);
#5428 = VERTEX_POINT('',#5429);
#5429 = CARTESIAN_POINT('',(31.9732,58.2971,0.));
#5430 = VERTEX_POINT('',#5431);
#5431 = CARTESIAN_POINT('',(31.9732,58.2971,12.7));
#5432 = SEAM_CURVE('',#5433,(#5437,#5449),.PCURVE_S1.);
#5433 = LINE('',#5434,#5435);
#5434 = CARTESIAN_POINT('',(31.9732,58.2971,0.));
#5435 = VECTOR('',#5436,1.);
#5436 = DIRECTION('',(0.,0.,1.));
#5437 = PCURVE('',#5438,#5443);
#5438 = CYLINDRICAL_SURFACE('',#5439,3.15);
#5439 = AXIS2_PLACEMENT_3D('',#5440,#5441,#5442);
#5440 = CARTESIAN_POINT('',(28.8232,58.2971,0.));
#5441 = DIRECTION('',(-0.,-0.,-1.));
#5442 = DIRECTION('',(1.,0.,0.));
#5443 = DEFINITIONAL_REPRESENTATION('',(#5444),#5448);
#5444 = LINE('',#5445,#5446);
#5445 = CARTESIAN_POINT('',(-0.,0.));
#5446 = VECTOR('',#5447,1.);
#5447 = DIRECTION('',(-0.,-1.));
#5448 = ( GEOMETRIC_REPRESENTATION_CONTEXT(2) 
PARAMETRIC_REPRESENTATION_CONTEXT() REPRESENTATION_CONTEXT('2D SPACE',''
  ) );
#5449 = PCURVE('',#5438,#5450);
#5450 = DEFINITIONAL_REPRESENTATION('',(#5451),#5455);
#5451 = LINE('',#5452,#5453);
#5452 = CARTESIAN_POINT('',(-6.28318530718,0.));
#5453 = VECTOR('',#5454,1.);
#5454 = DIRECTION('',(-0.,-1.));
#5455 = ( GEOMETRIC_REPRESENTATION_CONTEXT(2) 
PARAMETRIC_REPRESENTATION_CONTEXT() REPRESENTATION_CONTEXT('2D SPACE',''
  ) );
#5456 = ORIENTED_EDGE('',*,*,#5457,.T.);
#5457 = EDGE_CURVE('',#5430,#5430,#5458,.T.);
#5458 = SURFACE_CURVE('',#5459,(#5464,#5471),.PCURVE_S1.);
#5459 = CIRCLE('',#5460,3.15);
#5460 = AXIS2_PLACEMENT_3D('',#5461,#5462,#5463);
#5461 = CARTESIAN_POINT('',(28.8232,58.2971,12.7));
#5462 = DIRECTION('',(0.,0.,1.));
#5463 = DIRECTION('',(1.,0.,0.));
#5464 = PCURVE('',#5438,#5465);
#5465 = DEFINITIONAL_REPRESENTATION('',(#5466),#5470);
#5466 = LINE('',#5467,#5468);
#5467 = CARTESIAN_POINT('',(-0.,-12.7));
#5468 = VECTOR('',#5469,1.);
#5469 = DIRECTION('',(-1.,0.));
#5470 = ( GEOMETRIC_REPRESENTATION_CONTEXT(2) 
PARAMETRIC_REPRESENTATION_CONTEXT() REPRESENTATION_CONTEXT('2D SPACE',''
  ) );
#5471 = PCURVE('',#5472,#5477);
#5472 = PLANE('',#5473);
#5473 = AXIS2_PLACEMENT_3D('',#5474,#5475,#5476);
#5474 = CARTESIAN_POINT('',(28.8232,58.2971,12.7));
#5475 = DIRECTION('',(0.,0.,1.));
#5476 = DIRECTION('',(1.,0.,-0.));
#5477 = DEFINITIONAL_REPRESENTATION('',(#5478),#5482);
#5478 = CIRCLE('',#5479,3.15);
#5479 = AXIS2_PLACEMENT_2D('',#5480,#5481);
#5480 = CARTESIAN_POINT('',(0.,-1.42108547152E-14));
#5481 = DIRECTION('',(1.,0.));
#5482 = ( GEOMETRIC_REPRESENTATION_CONTEXT(2) 
PARAMETRIC_REPRESENTATION_CONTEXT() REPRESENTATION_CONTEXT('2D SPACE',''
  ) );
#5483 = ORIENTED_EDGE('',*,*,#5427,.F.);
#5484 = ORIENTED_EDGE('',*,*,#5485,.F.);
#5485 = EDGE_CURVE('',#5428,#5428,#5486,.T.);
#5486 = SURFACE_CURVE('',#5487,(#5492,#5499),.PCURVE_S1.);
#5487 = CIRCLE('',#5488,3.15);
#5488 = AXIS2_PLACEMENT_3D('',#5489,#5490,#5491);
#5489 = CARTESIAN_POINT('',(28.8232,58.2971,0.));
#5490 = DIRECTION('',(0.,0.,1.));
#5491 = DIRECTION('',(1.,0.,0.));
#5492 = PCURVE('',#5438,#5493);
#5493 = DEFINITIONAL_REPRESENTATION('',(#5494),#5498);
#5494 = LINE('',#5495,#5496);
#5495 = CARTESIAN_POINT('',(-0.,0.));
#5496 = VECTOR('',#5497,1.);
#5497 = DIRECTION('',(-1.,0.));
#5498 = ( GEOMETRIC_REPRESENTATION_CONTEXT(2) 
PARAMETRIC_REPRESENTATION_CONTEXT() REPRESENTATION_CONTEXT('2D SPACE',''
  ) );
#5499 = PCURVE('',#5500,#5505);
#5500 = PLANE('',#5501);
#5501 = AXIS2_PLACEMENT_3D('',#5502,#5503,#5504);
#5502 = CARTESIAN_POINT('',(28.8232,58.2971,0.));
#5503 = DIRECTION('',(0.,0.,1.));
#5504 = DIRECTION('',(1.,0.,-0.));
#5505 = DEFINITIONAL_REPRESENTATION('',(#5506),#5510);
#5506 = CIRCLE('',#5507,3.15);
#5507 = AXIS2_PLACEMENT_2D('',#5508,#5509);
#5508 = CARTESIAN_POINT('',(0.,-1.42108547152E-14));
#5509 = DIRECTION('',(1.,0.));
#5510 = ( GEOMETRIC_REPRESENTATION_CONTEXT(2) 
PARAMETRIC_REPRESENTATION_CONTEXT() REPRESENTATION_CONTEXT('2D SPACE',''
  ) );
#5511 = ADVANCED_FACE('',(#5512),#5500,.F.);
#5512 = FACE_BOUND('',#5513,.F.);
#5513 = EDGE_LOOP('',(#5514));
#5514 = ORIENTED_EDGE('',*,*,#5485,.T.);
#5515 = ADVANCED_FACE('',(#5516),#5472,.T.);
#5516 = FACE_BOUND('',#5517,.T.);
#5517 = EDGE_LOOP('',(#5518));
#5518 = ORIENTED_EDGE('',*,*,#5457,.T.);
#5519 = ( GEOMETRIC_REPRESENTATION_CONTEXT(3) 
GLOBAL_UNCERTAINTY_ASSIGNED_CONTEXT((#5523)) 
GLOBAL_UNIT_ASSIGNED_CONTEXT((#5520,#5521,#5522)) REPRESENTATION_CONTEXT
('Context #1','3D Context with UNIT and UNCERTAINTY') );
#5520 = ( LENGTH_UNIT() NAMED_UNIT(*) SI_UNIT(.MILLI.,.METRE.) );
#5521 = ( NAMED_UNIT(*) PLANE_ANGLE_UNIT() SI_UNIT($,.RADIAN.) );
#5522 = ( NAMED_UNIT(*) SI_UNIT($,.STERADIAN.) SOLID_ANGLE_UNIT() );
#5523 = UNCERTAINTY_MEASURE_WITH_UNIT(LENGTH_MEASURE(1.E-07),#5520,
  'distance_accuracy_value','confusion accuracy');
#5524 = CONTEXT_DEPENDENT_SHAPE_REPRESENTATION(#5525,#5527);
#5525 = ( REPRESENTATION_RELATIONSHIP('','',#5420,#10) 
REPRESENTATION_RELATIONSHIP_WITH_TRANSFORMATION(#5526) 
SHAPE_REPRESENTATION_RELATIONSHIP() );
#5526 = ITEM_DEFINED_TRANSFORMATION('','',#11,#39);
#5527 = PRODUCT_DEFINITION_SHAPE('Placement','Placement of an item',
  #5528);
#5528 = NEXT_ASSEMBLY_USAGE_OCCURRENCE('7','REFRIGERANTE_5','',#5,#5415,
  $);
#5529 = PRODUCT_RELATED_PRODUCT_CATEGORY('part',$,(#5417));
#5530 = SHAPE_DEFINITION_REPRESENTATION(#5531,#5537);
#5531 = PRODUCT_DEFINITION_SHAPE('','',#5532);
#5532 = PRODUCT_DEFINITION('design','',#5533,#5536);
#5533 = PRODUCT_DEFINITION_FORMATION('','',#5534);
#5534 = PRODUCT('REFRIGERANTE_6','REFRIGERANTE_6','',(#5535));
#5535 = PRODUCT_CONTEXT('',#2,'mechanical');
#5536 = PRODUCT_DEFINITION_CONTEXT('part definition',#2,'design');
#5537 = ADVANCED_BREP_SHAPE_REPRESENTATION('',(#11,#5538),#5636);
#5538 = MANIFOLD_SOLID_BREP('',#5539);
#5539 = CLOSED_SHELL('',(#5540,#5628,#5632));
#5540 = ADVANCED_FACE('',(#5541),#5555,.T.);
#5541 = FACE_BOUND('',#5542,.F.);
#5542 = EDGE_LOOP('',(#5543,#5573,#5600,#5601));
#5543 = ORIENTED_EDGE('',*,*,#5544,.T.);
#5544 = EDGE_CURVE('',#5545,#5547,#5549,.T.);
#5545 = VERTEX_POINT('',#5546);
#5546 = CARTESIAN_POINT('',(38.2484,47.7769,0.));
#5547 = VERTEX_POINT('',#5548);
#5548 = CARTESIAN_POINT('',(38.2484,47.7769,12.7));
#5549 = SEAM_CURVE('',#5550,(#5554,#5566),.PCURVE_S1.);
#5550 = LINE('',#5551,#5552);
#5551 = CARTESIAN_POINT('',(38.2484,47.7769,0.));
#5552 = VECTOR('',#5553,1.);
#5553 = DIRECTION('',(0.,0.,1.));
#5554 = PCURVE('',#5555,#5560);
#5555 = CYLINDRICAL_SURFACE('',#5556,3.15);
#5556 = AXIS2_PLACEMENT_3D('',#5557,#5558,#5559);
#5557 = CARTESIAN_POINT('',(35.0984,47.7769,0.));
#5558 = DIRECTION('',(-0.,-0.,-1.));
#5559 = DIRECTION('',(1.,0.,0.));
#5560 = DEFINITIONAL_REPRESENTATION('',(#5561),#5565);
#5561 = LINE('',#5562,#5563);
#5562 = CARTESIAN_POINT('',(-0.,0.));
#5563 = VECTOR('',#5564,1.);
#5564 = DIRECTION('',(-0.,-1.));
#5565 = ( GEOMETRIC_REPRESENTATION_CONTEXT(2) 
PARAMETRIC_REPRESENTATION_CONTEXT() REPRESENTATION_CONTEXT('2D SPACE',''
  ) );
#5566 = PCURVE('',#5555,#5567);
#5567 = DEFINITIONAL_REPRESENTATION('',(#5568),#5572);
#5568 = LINE('',#5569,#5570);
#5569 = CARTESIAN_POINT('',(-6.28318530718,0.));
#5570 = VECTOR('',#5571,1.);
#5571 = DIRECTION('',(-0.,-1.));
#5572 = ( GEOMETRIC_REPRESENTATION_CONTEXT(2) 
PARAMETRIC_REPRESENTATION_CONTEXT() REPRESENTATION_CONTEXT('2D SPACE',''
  ) );
#5573 = ORIENTED_EDGE('',*,*,#5574,.T.);
#5574 = EDGE_CURVE('',#5547,#5547,#5575,.T.);
#5575 = SURFACE_CURVE('',#5576,(#5581,#5588),.PCURVE_S1.);
#5576 = CIRCLE('',#5577,3.15);
#5577 = AXIS2_PLACEMENT_3D('',#5578,#5579,#5580);
#5578 = CARTESIAN_POINT('',(35.0984,47.7769,12.7));
#5579 = DIRECTION('',(0.,0.,1.));
#5580 = DIRECTION('',(1.,0.,0.));
#5581 = PCURVE('',#5555,#5582);
#5582 = DEFINITIONAL_REPRESENTATION('',(#5583),#5587);
#5583 = LINE('',#5584,#5585);
#5584 = CARTESIAN_POINT('',(-0.,-12.7));
#5585 = VECTOR('',#5586,1.);
#5586 = DIRECTION('',(-1.,0.));
#5587 = ( GEOMETRIC_REPRESENTATION_CONTEXT(2) 
PARAMETRIC_REPRESENTATION_CONTEXT() REPRESENTATION_CONTEXT('2D SPACE',''
  ) );
#5588 = PCURVE('',#5589,#5594);
#5589 = PLANE('',#5590);
#5590 = AXIS2_PLACEMENT_3D('',#5591,#5592,#5593);
#5591 = CARTESIAN_POINT('',(35.0984,47.7769,12.7));
#5592 = DIRECTION('',(0.,0.,1.));
#5593 = DIRECTION('',(1.,0.,-0.));
#5594 = DEFINITIONAL_REPRESENTATION('',(#5595),#5599);
#5595 = CIRCLE('',#5596,3.15);
#5596 = AXIS2_PLACEMENT_2D('',#5597,#5598);
#5597 = CARTESIAN_POINT('',(0.,0.));
#5598 = DIRECTION('',(1.,0.));
#5599 = ( GEOMETRIC_REPRESENTATION_CONTEXT(2) 
PARAMETRIC_REPRESENTATION_CONTEXT() REPRESENTATION_CONTEXT('2D SPACE',''
  ) );
#5600 = ORIENTED_EDGE('',*,*,#5544,.F.);
#5601 = ORIENTED_EDGE('',*,*,#5602,.F.);
#5602 = EDGE_CURVE('',#5545,#5545,#5603,.T.);
#5603 = SURFACE_CURVE('',#5604,(#5609,#5616),.PCURVE_S1.);
#5604 = CIRCLE('',#5605,3.15);
#5605 = AXIS2_PLACEMENT_3D('',#5606,#5607,#5608);
#5606 = CARTESIAN_POINT('',(35.0984,47.7769,0.));
#5607 = DIRECTION('',(0.,0.,1.));
#5608 = DIRECTION('',(1.,0.,0.));
#5609 = PCURVE('',#5555,#5610);
#5610 = DEFINITIONAL_REPRESENTATION('',(#5611),#5615);
#5611 = LINE('',#5612,#5613);
#5612 = CARTESIAN_POINT('',(-0.,0.));
#5613 = VECTOR('',#5614,1.);
#5614 = DIRECTION('',(-1.,0.));
#5615 = ( GEOMETRIC_REPRESENTATION_CONTEXT(2) 
PARAMETRIC_REPRESENTATION_CONTEXT() REPRESENTATION_CONTEXT('2D SPACE',''
  ) );
#5616 = PCURVE('',#5617,#5622);
#5617 = PLANE('',#5618);
#5618 = AXIS2_PLACEMENT_3D('',#5619,#5620,#5621);
#5619 = CARTESIAN_POINT('',(35.0984,47.7769,0.));
#5620 = DIRECTION('',(0.,0.,1.));
#5621 = DIRECTION('',(1.,0.,-0.));
#5622 = DEFINITIONAL_REPRESENTATION('',(#5623),#5627);
#5623 = CIRCLE('',#5624,3.15);
#5624 = AXIS2_PLACEMENT_2D('',#5625,#5626);
#5625 = CARTESIAN_POINT('',(0.,0.));
#5626 = DIRECTION('',(1.,0.));
#5627 = ( GEOMETRIC_REPRESENTATION_CONTEXT(2) 
PARAMETRIC_REPRESENTATION_CONTEXT() REPRESENTATION_CONTEXT('2D SPACE',''
  ) );
#5628 = ADVANCED_FACE('',(#5629),#5617,.F.);
#5629 = FACE_BOUND('',#5630,.F.);
#5630 = EDGE_LOOP('',(#5631));
#5631 = ORIENTED_EDGE('',*,*,#5602,.T.);
#5632 = ADVANCED_FACE('',(#5633),#5589,.T.);
#5633 = FACE_BOUND('',#5634,.T.);
#5634 = EDGE_LOOP('',(#5635));
#5635 = ORIENTED_EDGE('',*,*,#5574,.T.);
#5636 = ( GEOMETRIC_REPRESENTATION_CONTEXT(3) 
GLOBAL_UNCERTAINTY_ASSIGNED_CONTEXT((#5640)) 
GLOBAL_UNIT_ASSIGNED_CONTEXT((#5637,#5638,#5639)) REPRESENTATION_CONTEXT
('Context #1','3D Context with UNIT and UNCERTAINTY') );
#5637 = ( LENGTH_UNIT() NAMED_UNIT(*) SI_UNIT(.MILLI.,.METRE.) );
#5638 = ( NAMED_UNIT(*) PLANE_ANGLE_UNIT() SI_UNIT($,.RADIAN.) );
#5639 = ( NAMED_UNIT(*) SI_UNIT($,.STERADIAN.) SOLID_ANGLE_UNIT() );
#5640 = UNCERTAINTY_MEASURE_WITH_UNIT(LENGTH_MEASURE(1.E-07),#5637,
  'distance_accuracy_value','confusion accuracy');
#5641 = CONTEXT_DEPENDENT_SHAPE_REPRESENTATION(#5642,#5644);
#5642 = ( REPRESENTATION_RELATIONSHIP('','',#5537,#10) 
REPRESENTATION_RELATIONSHIP_WITH_TRANSFORMATION(#5643) 
SHAPE_REPRESENTATION_RELATIONSHIP() );
#5643 = ITEM_DEFINED_TRANSFORMATION('','',#11,#43);
#5644 = PRODUCT_DEFINITION_SHAPE('Placement','Placement of an item',
  #5645);
#5645 = NEXT_ASSEMBLY_USAGE_OCCURRENCE('8','REFRIGERANTE_6','',#5,#5532,
  $);
#5646 = PRODUCT_RELATED_PRODUCT_CATEGORY('part',$,(#5534));
#5647 = SHAPE_DEFINITION_REPRESENTATION(#5648,#5654);
#5648 = PRODUCT_DEFINITION_SHAPE('','',#5649);
#5649 = PRODUCT_DEFINITION('design','',#5650,#5653);
#5650 = PRODUCT_DEFINITION_FORMATION('','',#5651);
#5651 = PRODUCT('REFRIGERANTE_7','REFRIGERANTE_7','',(#5652));
#5652 = PRODUCT_CONTEXT('',#2,'mechanical');
#5653 = PRODUCT_DEFINITION_CONTEXT('part definition',#2,'design');
#5654 = ADVANCED_BREP_SHAPE_REPRESENTATION('',(#11,#5655),#5753);
#5655 = MANIFOLD_SOLID_BREP('',#5656);
#5656 = CLOSED_SHELL('',(#5657,#5745,#5749));
#5657 = ADVANCED_FACE('',(#5658),#5672,.T.);
#5658 = FACE_BOUND('',#5659,.F.);
#5659 = EDGE_LOOP('',(#5660,#5690,#5717,#5718));
#5660 = ORIENTED_EDGE('',*,*,#5661,.T.);
#5661 = EDGE_CURVE('',#5662,#5664,#5666,.T.);
#5662 = VERTEX_POINT('',#5663);
#5663 = CARTESIAN_POINT('',(45.361,37.8038,0.));
#5664 = VERTEX_POINT('',#5665);
#5665 = CARTESIAN_POINT('',(45.361,37.8038,12.7));
#5666 = SEAM_CURVE('',#5667,(#5671,#5683),.PCURVE_S1.);
#5667 = LINE('',#5668,#5669);
#5668 = CARTESIAN_POINT('',(45.361,37.8038,0.));
#5669 = VECTOR('',#5670,1.);
#5670 = DIRECTION('',(0.,0.,1.));
#5671 = PCURVE('',#5672,#5677);
#5672 = CYLINDRICAL_SURFACE('',#5673,3.15);
#5673 = AXIS2_PLACEMENT_3D('',#5674,#5675,#5676);
#5674 = CARTESIAN_POINT('',(42.211,37.8038,0.));
#5675 = DIRECTION('',(-0.,-0.,-1.));
#5676 = DIRECTION('',(1.,0.,0.));
#5677 = DEFINITIONAL_REPRESENTATION('',(#5678),#5682);
#5678 = LINE('',#5679,#5680);
#5679 = CARTESIAN_POINT('',(-0.,0.));
#5680 = VECTOR('',#5681,1.);
#5681 = DIRECTION('',(-0.,-1.));
#5682 = ( GEOMETRIC_REPRESENTATION_CONTEXT(2) 
PARAMETRIC_REPRESENTATION_CONTEXT() REPRESENTATION_CONTEXT('2D SPACE',''
  ) );
#5683 = PCURVE('',#5672,#5684);
#5684 = DEFINITIONAL_REPRESENTATION('',(#5685),#5689);
#5685 = LINE('',#5686,#5687);
#5686 = CARTESIAN_POINT('',(-6.28318530718,0.));
#5687 = VECTOR('',#5688,1.);
#5688 = DIRECTION('',(-0.,-1.));
#5689 = ( GEOMETRIC_REPRESENTATION_CONTEXT(2) 
PARAMETRIC_REPRESENTATION_CONTEXT() REPRESENTATION_CONTEXT('2D SPACE',''
  ) );
#5690 = ORIENTED_EDGE('',*,*,#5691,.T.);
#5691 = EDGE_CURVE('',#5664,#5664,#5692,.T.);
#5692 = SURFACE_CURVE('',#5693,(#5698,#5705),.PCURVE_S1.);
#5693 = CIRCLE('',#5694,3.15);
#5694 = AXIS2_PLACEMENT_3D('',#5695,#5696,#5697);
#5695 = CARTESIAN_POINT('',(42.211,37.8038,12.7));
#5696 = DIRECTION('',(0.,0.,1.));
#5697 = DIRECTION('',(1.,0.,0.));
#5698 = PCURVE('',#5672,#5699);
#5699 = DEFINITIONAL_REPRESENTATION('',(#5700),#5704);
#5700 = LINE('',#5701,#5702);
#5701 = CARTESIAN_POINT('',(-0.,-12.7));
#5702 = VECTOR('',#5703,1.);
#5703 = DIRECTION('',(-1.,0.));
#5704 = ( GEOMETRIC_REPRESENTATION_CONTEXT(2) 
PARAMETRIC_REPRESENTATION_CONTEXT() REPRESENTATION_CONTEXT('2D SPACE',''
  ) );
#5705 = PCURVE('',#5706,#5711);
#5706 = PLANE('',#5707);
#5707 = AXIS2_PLACEMENT_3D('',#5708,#5709,#5710);
#5708 = CARTESIAN_POINT('',(42.211,37.8038,12.7));
#5709 = DIRECTION('',(0.,0.,1.));
#5710 = DIRECTION('',(1.,0.,-0.));
#5711 = DEFINITIONAL_REPRESENTATION('',(#5712),#5716);
#5712 = CIRCLE('',#5713,3.15);
#5713 = AXIS2_PLACEMENT_2D('',#5714,#5715);
#5714 = CARTESIAN_POINT('',(0.,-1.42108547152E-14));
#5715 = DIRECTION('',(1.,0.));
#5716 = ( GEOMETRIC_REPRESENTATION_CONTEXT(2) 
PARAMETRIC_REPRESENTATION_CONTEXT() REPRESENTATION_CONTEXT('2D SPACE',''
  ) );
#5717 = ORIENTED_EDGE('',*,*,#5661,.F.);
#5718 = ORIENTED_EDGE('',*,*,#5719,.F.);
#5719 = EDGE_CURVE('',#5662,#5662,#5720,.T.);
#5720 = SURFACE_CURVE('',#5721,(#5726,#5733),.PCURVE_S1.);
#5721 = CIRCLE('',#5722,3.15);
#5722 = AXIS2_PLACEMENT_3D('',#5723,#5724,#5725);
#5723 = CARTESIAN_POINT('',(42.211,37.8038,0.));
#5724 = DIRECTION('',(0.,0.,1.));
#5725 = DIRECTION('',(1.,0.,0.));
#5726 = PCURVE('',#5672,#5727);
#5727 = DEFINITIONAL_REPRESENTATION('',(#5728),#5732);
#5728 = LINE('',#5729,#5730);
#5729 = CARTESIAN_POINT('',(-0.,0.));
#5730 = VECTOR('',#5731,1.);
#5731 = DIRECTION('',(-1.,0.));
#5732 = ( GEOMETRIC_REPRESENTATION_CONTEXT(2) 
PARAMETRIC_REPRESENTATION_CONTEXT() REPRESENTATION_CONTEXT('2D SPACE',''
  ) );
#5733 = PCURVE('',#5734,#5739);
#5734 = PLANE('',#5735);
#5735 = AXIS2_PLACEMENT_3D('',#5736,#5737,#5738);
#5736 = CARTESIAN_POINT('',(42.211,37.8038,0.));
#5737 = DIRECTION('',(0.,0.,1.));
#5738 = DIRECTION('',(1.,0.,-0.));
#5739 = DEFINITIONAL_REPRESENTATION('',(#5740),#5744);
#5740 = CIRCLE('',#5741,3.15);
#5741 = AXIS2_PLACEMENT_2D('',#5742,#5743);
#5742 = CARTESIAN_POINT('',(0.,-1.42108547152E-14));
#5743 = DIRECTION('',(1.,0.));
#5744 = ( GEOMETRIC_REPRESENTATION_CONTEXT(2) 
PARAMETRIC_REPRESENTATION_CONTEXT() REPRESENTATION_CONTEXT('2D SPACE',''
  ) );
#5745 = ADVANCED_FACE('',(#5746),#5734,.F.);
#5746 = FACE_BOUND('',#5747,.F.);
#5747 = EDGE_LOOP('',(#5748));
#5748 = ORIENTED_EDGE('',*,*,#5719,.T.);
#5749 = ADVANCED_FACE('',(#5750),#5706,.T.);
#5750 = FACE_BOUND('',#5751,.T.);
#5751 = EDGE_LOOP('',(#5752));
#5752 = ORIENTED_EDGE('',*,*,#5691,.T.);
#5753 = ( GEOMETRIC_REPRESENTATION_CONTEXT(3) 
GLOBAL_UNCERTAINTY_ASSIGNED_CONTEXT((#5757)) 
GLOBAL_UNIT_ASSIGNED_CONTEXT((#5754,#5755,#5756)) REPRESENTATION_CONTEXT
('Context #1','3D Context with UNIT and UNCERTAINTY') );
#5754 = ( LENGTH_UNIT() NAMED_UNIT(*) SI_UNIT(.MILLI.,.METRE.) );
#5755 = ( NAMED_UNIT(*) PLANE_ANGLE_UNIT() SI_UNIT($,.RADIAN.) );
#5756 = ( NAMED_UNIT(*) SI_UNIT($,.STERADIAN.) SOLID_ANGLE_UNIT() );
#5757 = UNCERTAINTY_MEASURE_WITH_UNIT(LENGTH_MEASURE(1.E-07),#5754,
  'distance_accuracy_value','confusion accuracy');
#5758 = CONTEXT_DEPENDENT_SHAPE_REPRESENTATION(#5759,#5761);
#5759 = ( REPRESENTATION_RELATIONSHIP('','',#5654,#10) 
REPRESENTATION_RELATIONSHIP_WITH_TRANSFORMATION(#5760) 
SHAPE_REPRESENTATION_RELATIONSHIP() );
#5760 = ITEM_DEFINED_TRANSFORMATION('','',#11,#47);
#5761 = PRODUCT_DEFINITION_SHAPE('Placement','Placement of an item',
  #5762);
#5762 = NEXT_ASSEMBLY_USAGE_OCCURRENCE('9','REFRIGERANTE_7','',#5,#5649,
  $);
#5763 = PRODUCT_RELATED_PRODUCT_CATEGORY('part',$,(#5651));
#5764 = SHAPE_DEFINITION_REPRESENTATION(#5765,#5771);
#5765 = PRODUCT_DEFINITION_SHAPE('','',#5766);
#5766 = PRODUCT_DEFINITION('design','',#5767,#5770);
#5767 = PRODUCT_DEFINITION_FORMATION('','',#5768);
#5768 = PRODUCT('REFRIGERANTE_8','REFRIGERANTE_8','',(#5769));
#5769 = PRODUCT_CONTEXT('',#2,'mechanical');
#5770 = PRODUCT_DEFINITION_CONTEXT('part definition',#2,'design');
#5771 = ADVANCED_BREP_SHAPE_REPRESENTATION('',(#11,#5772),#5870);
#5772 = MANIFOLD_SOLID_BREP('',#5773);
#5773 = CLOSED_SHELL('',(#5774,#5862,#5866));
#5774 = ADVANCED_FACE('',(#5775),#5789,.T.);
#5775 = FACE_BOUND('',#5776,.F.);
#5776 = EDGE_LOOP('',(#5777,#5807,#5834,#5835));
#5777 = ORIENTED_EDGE('',*,*,#5778,.T.);
#5778 = EDGE_CURVE('',#5779,#5781,#5783,.T.);
#5779 = VERTEX_POINT('',#5780);
#5780 = CARTESIAN_POINT('',(53.2636,28.4442,0.));
#5781 = VERTEX_POINT('',#5782);
#5782 = CARTESIAN_POINT('',(53.2636,28.4442,12.7));
#5783 = SEAM_CURVE('',#5784,(#5788,#5800),.PCURVE_S1.);
#5784 = LINE('',#5785,#5786);
#5785 = CARTESIAN_POINT('',(53.2636,28.4442,0.));
#5786 = VECTOR('',#5787,1.);
#5787 = DIRECTION('',(0.,0.,1.));
#5788 = PCURVE('',#5789,#5794);
#5789 = CYLINDRICAL_SURFACE('',#5790,3.15);
#5790 = AXIS2_PLACEMENT_3D('',#5791,#5792,#5793);
#5791 = CARTESIAN_POINT('',(50.1136,28.4442,0.));
#5792 = DIRECTION('',(-0.,-0.,-1.));
#5793 = DIRECTION('',(1.,0.,0.));
#5794 = DEFINITIONAL_REPRESENTATION('',(#5795),#5799);
#5795 = LINE('',#5796,#5797);
#5796 = CARTESIAN_POINT('',(-0.,0.));
#5797 = VECTOR('',#5798,1.);
#5798 = DIRECTION('',(-0.,-1.));
#5799 = ( GEOMETRIC_REPRESENTATION_CONTEXT(2) 
PARAMETRIC_REPRESENTATION_CONTEXT() REPRESENTATION_CONTEXT('2D SPACE',''
  ) );
#5800 = PCURVE('',#5789,#5801);
#5801 = DEFINITIONAL_REPRESENTATION('',(#5802),#5806);
#5802 = LINE('',#5803,#5804);
#5803 = CARTESIAN_POINT('',(-6.28318530718,0.));
#5804 = VECTOR('',#5805,1.);
#5805 = DIRECTION('',(-0.,-1.));
#5806 = ( GEOMETRIC_REPRESENTATION_CONTEXT(2) 
PARAMETRIC_REPRESENTATION_CONTEXT() REPRESENTATION_CONTEXT('2D SPACE',''
  ) );
#5807 = ORIENTED_EDGE('',*,*,#5808,.T.);
#5808 = EDGE_CURVE('',#5781,#5781,#5809,.T.);
#5809 = SURFACE_CURVE('',#5810,(#5815,#5822),.PCURVE_S1.);
#5810 = CIRCLE('',#5811,3.15);
#5811 = AXIS2_PLACEMENT_3D('',#5812,#5813,#5814);
#5812 = CARTESIAN_POINT('',(50.1136,28.4442,12.7));
#5813 = DIRECTION('',(0.,0.,1.));
#5814 = DIRECTION('',(1.,0.,0.));
#5815 = PCURVE('',#5789,#5816);
#5816 = DEFINITIONAL_REPRESENTATION('',(#5817),#5821);
#5817 = LINE('',#5818,#5819);
#5818 = CARTESIAN_POINT('',(-0.,-12.7));
#5819 = VECTOR('',#5820,1.);
#5820 = DIRECTION('',(-1.,0.));
#5821 = ( GEOMETRIC_REPRESENTATION_CONTEXT(2) 
PARAMETRIC_REPRESENTATION_CONTEXT() REPRESENTATION_CONTEXT('2D SPACE',''
  ) );
#5822 = PCURVE('',#5823,#5828);
#5823 = PLANE('',#5824);
#5824 = AXIS2_PLACEMENT_3D('',#5825,#5826,#5827);
#5825 = CARTESIAN_POINT('',(50.1136,28.4442,12.7));
#5826 = DIRECTION('',(0.,0.,1.));
#5827 = DIRECTION('',(1.,0.,-0.));
#5828 = DEFINITIONAL_REPRESENTATION('',(#5829),#5833);
#5829 = CIRCLE('',#5830,3.15);
#5830 = AXIS2_PLACEMENT_2D('',#5831,#5832);
#5831 = CARTESIAN_POINT('',(0.,0.));
#5832 = DIRECTION('',(1.,0.));
#5833 = ( GEOMETRIC_REPRESENTATION_CONTEXT(2) 
PARAMETRIC_REPRESENTATION_CONTEXT() REPRESENTATION_CONTEXT('2D SPACE',''
  ) );
#5834 = ORIENTED_EDGE('',*,*,#5778,.F.);
#5835 = ORIENTED_EDGE('',*,*,#5836,.F.);
#5836 = EDGE_CURVE('',#5779,#5779,#5837,.T.);
#5837 = SURFACE_CURVE('',#5838,(#5843,#5850),.PCURVE_S1.);
#5838 = CIRCLE('',#5839,3.15);
#5839 = AXIS2_PLACEMENT_3D('',#5840,#5841,#5842);
#5840 = CARTESIAN_POINT('',(50.1136,28.4442,0.));
#5841 = DIRECTION('',(0.,0.,1.));
#5842 = DIRECTION('',(1.,0.,0.));
#5843 = PCURVE('',#5789,#5844);
#5844 = DEFINITIONAL_REPRESENTATION('',(#5845),#5849);
#5845 = LINE('',#5846,#5847);
#5846 = CARTESIAN_POINT('',(-0.,0.));
#5847 = VECTOR('',#5848,1.);
#5848 = DIRECTION('',(-1.,0.));
#5849 = ( GEOMETRIC_REPRESENTATION_CONTEXT(2) 
PARAMETRIC_REPRESENTATION_CONTEXT() REPRESENTATION_CONTEXT('2D SPACE',''
  ) );
#5850 = PCURVE('',#5851,#5856);
#5851 = PLANE('',#5852);
#5852 = AXIS2_PLACEMENT_3D('',#5853,#5854,#5855);
#5853 = CARTESIAN_POINT('',(50.1136,28.4442,0.));
#5854 = DIRECTION('',(0.,0.,1.));
#5855 = DIRECTION('',(1.,0.,-0.));
#5856 = DEFINITIONAL_REPRESENTATION('',(#5857),#5861);
#5857 = CIRCLE('',#5858,3.15);
#5858 = AXIS2_PLACEMENT_2D('',#5859,#5860);
#5859 = CARTESIAN_POINT('',(0.,0.));
#5860 = DIRECTION('',(1.,0.));
#5861 = ( GEOMETRIC_REPRESENTATION_CONTEXT(2) 
PARAMETRIC_REPRESENTATION_CONTEXT() REPRESENTATION_CONTEXT('2D SPACE',''
  ) );
#5862 = ADVANCED_FACE('',(#5863),#5851,.F.);
#5863 = FACE_BOUND('',#5864,.F.);
#5864 = EDGE_LOOP('',(#5865));
#5865 = ORIENTED_EDGE('',*,*,#5836,.T.);
#5866 = ADVANCED_FACE('',(#5867),#5823,.T.);
#5867 = FACE_BOUND('',#5868,.T.);
#5868 = EDGE_LOOP('',(#5869));
#5869 = ORIENTED_EDGE('',*,*,#5808,.T.);
#5870 = ( GEOMETRIC_REPRESENTATION_CONTEXT(3) 
GLOBAL_UNCERTAINTY_ASSIGNED_CONTEXT((#5874)) 
GLOBAL_UNIT_ASSIGNED_CONTEXT((#5871,#5872,#5873)) REPRESENTATION_CONTEXT
('Context #1','3D Context with UNIT and UNCERTAINTY') );
#5871 = ( LENGTH_UNIT() NAMED_UNIT(*) SI_UNIT(.MILLI.,.METRE.) );
#5872 = ( NAMED_UNIT(*) PLANE_ANGLE_UNIT() SI_UNIT($,.RADIAN.) );
#5873 = ( NAMED_UNIT(*) SI_UNIT($,.STERADIAN.) SOLID_ANGLE_UNIT() );
#5874 = UNCERTAINTY_MEASURE_WITH_UNIT(LENGTH_MEASURE(1.E-07),#5871,
  'distance_accuracy_value','confusion accuracy');
#5875 = CONTEXT_DEPENDENT_SHAPE_REPRESENTATION(#5876,#5878);
#5876 = ( REPRESENTATION_RELATIONSHIP('','',#5771,#10) 
REPRESENTATION_RELATIONSHIP_WITH_TRANSFORMATION(#5877) 
SHAPE_REPRESENTATION_RELATIONSHIP() );
#5877 = ITEM_DEFINED_TRANSFORMATION('','',#11,#51);
#5878 = PRODUCT_DEFINITION_SHAPE('Placement','Placement of an item',
  #5879);
#5879 = NEXT_ASSEMBLY_USAGE_OCCURRENCE('10','REFRIGERANTE_8','',#5,#5766
  ,$);
#5880 = PRODUCT_RELATED_PRODUCT_CATEGORY('part',$,(#5768));
#5881 = SHAPE_DEFINITION_REPRESENTATION(#5882,#5888);
#5882 = PRODUCT_DEFINITION_SHAPE('','',#5883);
#5883 = PRODUCT_DEFINITION('design','',#5884,#5887);
#5884 = PRODUCT_DEFINITION_FORMATION('','',#5885);
#5885 = PRODUCT('REFRIGERANTE_9','REFRIGERANTE_9','',(#5886));
#5886 = PRODUCT_CONTEXT('',#2,'mechanical');
#5887 = PRODUCT_DEFINITION_CONTEXT('part definition',#2,'design');
#5888 = ADVANCED_BREP_SHAPE_REPRESENTATION('',(#11,#5889),#5987);
#5889 = MANIFOLD_SOLID_BREP('',#5890);
#5890 = CLOSED_SHELL('',(#5891,#5979,#5983));
#5891 = ADVANCED_FACE('',(#5892),#5906,.T.);
#5892 = FACE_BOUND('',#5893,.F.);
#5893 = EDGE_LOOP('',(#5894,#5924,#5951,#5952));
#5894 = ORIENTED_EDGE('',*,*,#5895,.T.);
#5895 = EDGE_CURVE('',#5896,#5898,#5900,.T.);
#5896 = VERTEX_POINT('',#5897);
#5897 = CARTESIAN_POINT('',(59.3089,20.6902,0.));
#5898 = VERTEX_POINT('',#5899);
#5899 = CARTESIAN_POINT('',(59.3089,20.6902,12.7));
#5900 = SEAM_CURVE('',#5901,(#5905,#5917),.PCURVE_S1.);
#5901 = LINE('',#5902,#5903);
#5902 = CARTESIAN_POINT('',(59.3089,20.6902,0.));
#5903 = VECTOR('',#5904,1.);
#5904 = DIRECTION('',(0.,0.,1.));
#5905 = PCURVE('',#5906,#5911);
#5906 = CYLINDRICAL_SURFACE('',#5907,1.55);
#5907 = AXIS2_PLACEMENT_3D('',#5908,#5909,#5910);
#5908 = CARTESIAN_POINT('',(57.7589,20.6902,0.));
#5909 = DIRECTION('',(-0.,-0.,-1.));
#5910 = DIRECTION('',(1.,0.,0.));
#5911 = DEFINITIONAL_REPRESENTATION('',(#5912),#5916);
#5912 = LINE('',#5913,#5914);
#5913 = CARTESIAN_POINT('',(-0.,0.));
#5914 = VECTOR('',#5915,1.);
#5915 = DIRECTION('',(-0.,-1.));
#5916 = ( GEOMETRIC_REPRESENTATION_CONTEXT(2) 
PARAMETRIC_REPRESENTATION_CONTEXT() REPRESENTATION_CONTEXT('2D SPACE',''
  ) );
#5917 = PCURVE('',#5906,#5918);
#5918 = DEFINITIONAL_REPRESENTATION('',(#5919),#5923);
#5919 = LINE('',#5920,#5921);
#5920 = CARTESIAN_POINT('',(-6.28318530718,0.));
#5921 = VECTOR('',#5922,1.);
#5922 = DIRECTION('',(-0.,-1.));
#5923 = ( GEOMETRIC_REPRESENTATION_CONTEXT(2) 
PARAMETRIC_REPRESENTATION_CONTEXT() REPRESENTATION_CONTEXT('2D SPACE',''
  ) );
#5924 = ORIENTED_EDGE('',*,*,#5925,.T.);
#5925 = EDGE_CURVE('',#5898,#5898,#5926,.T.);
#5926 = SURFACE_CURVE('',#5927,(#5932,#5939),.PCURVE_S1.);
#5927 = CIRCLE('',#5928,1.55);
#5928 = AXIS2_PLACEMENT_3D('',#5929,#5930,#5931);
#5929 = CARTESIAN_POINT('',(57.7589,20.6902,12.7));
#5930 = DIRECTION('',(0.,0.,1.));
#5931 = DIRECTION('',(1.,0.,0.));
#5932 = PCURVE('',#5906,#5933);
#5933 = DEFINITIONAL_REPRESENTATION('',(#5934),#5938);
#5934 = LINE('',#5935,#5936);
#5935 = CARTESIAN_POINT('',(-0.,-12.7));
#5936 = VECTOR('',#5937,1.);
#5937 = DIRECTION('',(-1.,0.));
#5938 = ( GEOMETRIC_REPRESENTATION_CONTEXT(2) 
PARAMETRIC_REPRESENTATION_CONTEXT() REPRESENTATION_CONTEXT('2D SPACE',''
  ) );
#5939 = PCURVE('',#5940,#5945);
#5940 = PLANE('',#5941);
#5941 = AXIS2_PLACEMENT_3D('',#5942,#5943,#5944);
#5942 = CARTESIAN_POINT('',(57.7589,20.6902,12.7));
#5943 = DIRECTION('',(0.,0.,1.));
#5944 = DIRECTION('',(1.,0.,-0.));
#5945 = DEFINITIONAL_REPRESENTATION('',(#5946),#5950);
#5946 = CIRCLE('',#5947,1.55);
#5947 = AXIS2_PLACEMENT_2D('',#5948,#5949);
#5948 = CARTESIAN_POINT('',(0.,-3.552713678801E-15));
#5949 = DIRECTION('',(1.,0.));
#5950 = ( GEOMETRIC_REPRESENTATION_CONTEXT(2) 
PARAMETRIC_REPRESENTATION_CONTEXT() REPRESENTATION_CONTEXT('2D SPACE',''
  ) );
#5951 = ORIENTED_EDGE('',*,*,#5895,.F.);
#5952 = ORIENTED_EDGE('',*,*,#5953,.F.);
#5953 = EDGE_CURVE('',#5896,#5896,#5954,.T.);
#5954 = SURFACE_CURVE('',#5955,(#5960,#5967),.PCURVE_S1.);
#5955 = CIRCLE('',#5956,1.55);
#5956 = AXIS2_PLACEMENT_3D('',#5957,#5958,#5959);
#5957 = CARTESIAN_POINT('',(57.7589,20.6902,0.));
#5958 = DIRECTION('',(0.,0.,1.));
#5959 = DIRECTION('',(1.,0.,0.));
#5960 = PCURVE('',#5906,#5961);
#5961 = DEFINITIONAL_REPRESENTATION('',(#5962),#5966);
#5962 = LINE('',#5963,#5964);
#5963 = CARTESIAN_POINT('',(-0.,0.));
#5964 = VECTOR('',#5965,1.);
#5965 = DIRECTION('',(-1.,0.));
#5966 = ( GEOMETRIC_REPRESENTATION_CONTEXT(2) 
PARAMETRIC_REPRESENTATION_CONTEXT() REPRESENTATION_CONTEXT('2D SPACE',''
  ) );
#5967 = PCURVE('',#5968,#5973);
#5968 = PLANE('',#5969);
#5969 = AXIS2_PLACEMENT_3D('',#5970,#5971,#5972);
#5970 = CARTESIAN_POINT('',(57.7589,20.6902,0.));
#5971 = DIRECTION('',(0.,0.,1.));
#5972 = DIRECTION('',(1.,0.,-0.));
#5973 = DEFINITIONAL_REPRESENTATION('',(#5974),#5978);
#5974 = CIRCLE('',#5975,1.55);
#5975 = AXIS2_PLACEMENT_2D('',#5976,#5977);
#5976 = CARTESIAN_POINT('',(0.,-3.552713678801E-15));
#5977 = DIRECTION('',(1.,0.));
#5978 = ( GEOMETRIC_REPRESENTATION_CONTEXT(2) 
PARAMETRIC_REPRESENTATION_CONTEXT() REPRESENTATION_CONTEXT('2D SPACE',''
  ) );
#5979 = ADVANCED_FACE('',(#5980),#5968,.F.);
#5980 = FACE_BOUND('',#5981,.F.);
#5981 = EDGE_LOOP('',(#5982));
#5982 = ORIENTED_EDGE('',*,*,#5953,.T.);
#5983 = ADVANCED_FACE('',(#5984),#5940,.T.);
#5984 = FACE_BOUND('',#5985,.T.);
#5985 = EDGE_LOOP('',(#5986));
#5986 = ORIENTED_EDGE('',*,*,#5925,.T.);
#5987 = ( GEOMETRIC_REPRESENTATION_CONTEXT(3) 
GLOBAL_UNCERTAINTY_ASSIGNED_CONTEXT((#5991)) 
GLOBAL_UNIT_ASSIGNED_CONTEXT((#5988,#5989,#5990)) REPRESENTATION_CONTEXT
('Context #1','3D Context with UNIT and UNCERTAINTY') );
#5988 = ( LENGTH_UNIT() NAMED_UNIT(*) SI_UNIT(.MILLI.,.METRE.) );
#5989 = ( NAMED_UNIT(*) PLANE_ANGLE_UNIT() SI_UNIT($,.RADIAN.) );
#5990 = ( NAMED_UNIT(*) SI_UNIT($,.STERADIAN.) SOLID_ANGLE_UNIT() );
#5991 = UNCERTAINTY_MEASURE_WITH_UNIT(LENGTH_MEASURE(1.E-07),#5988,
  'distance_accuracy_value','confusion accuracy');
#5992 = CONTEXT_DEPENDENT_SHAPE_REPRESENTATION(#5993,#5995);
#5993 = ( REPRESENTATION_RELATIONSHIP('','',#5888,#10) 
REPRESENTATION_RELATIONSHIP_WITH_TRANSFORMATION(#5994) 
SHAPE_REPRESENTATION_RELATIONSHIP() );
#5994 = ITEM_DEFINED_TRANSFORMATION('','',#11,#55);
#5995 = PRODUCT_DEFINITION_SHAPE('Placement','Placement of an item',
  #5996);
#5996 = NEXT_ASSEMBLY_USAGE_OCCURRENCE('11','REFRIGERANTE_9','',#5,#5883
  ,$);
#5997 = PRODUCT_RELATED_PRODUCT_CATEGORY('part',$,(#5885));
#5998 = SHAPE_DEFINITION_REPRESENTATION(#5999,#6005);
#5999 = PRODUCT_DEFINITION_SHAPE('','',#6000);
#6000 = PRODUCT_DEFINITION('design','',#6001,#6004);
#6001 = PRODUCT_DEFINITION_FORMATION('','',#6002);
#6002 = PRODUCT('REFRIGERANTE_10','REFRIGERANTE_10','',(#6003));
#6003 = PRODUCT_CONTEXT('',#2,'mechanical');
#6004 = PRODUCT_DEFINITION_CONTEXT('part definition',#2,'design');
#6005 = ADVANCED_BREP_SHAPE_REPRESENTATION('',(#11,#6006),#6104);
#6006 = MANIFOLD_SOLID_BREP('',#6007);
#6007 = CLOSED_SHELL('',(#6008,#6096,#6100));
#6008 = ADVANCED_FACE('',(#6009),#6023,.T.);
#6009 = FACE_BOUND('',#6010,.F.);
#6010 = EDGE_LOOP('',(#6011,#6041,#6068,#6069));
#6011 = ORIENTED_EDGE('',*,*,#6012,.T.);
#6012 = EDGE_CURVE('',#6013,#6015,#6017,.T.);
#6013 = VERTEX_POINT('',#6014);
#6014 = CARTESIAN_POINT('',(67.4965,13.5113,0.));
#6015 = VERTEX_POINT('',#6016);
#6016 = CARTESIAN_POINT('',(67.4965,13.5113,12.7));
#6017 = SEAM_CURVE('',#6018,(#6022,#6034),.PCURVE_S1.);
#6018 = LINE('',#6019,#6020);
#6019 = CARTESIAN_POINT('',(67.4965,13.5113,0.));
#6020 = VECTOR('',#6021,1.);
#6021 = DIRECTION('',(0.,0.,1.));
#6022 = PCURVE('',#6023,#6028);
#6023 = CYLINDRICAL_SURFACE('',#6024,1.55);
#6024 = AXIS2_PLACEMENT_3D('',#6025,#6026,#6027);
#6025 = CARTESIAN_POINT('',(65.9465,13.5113,0.));
#6026 = DIRECTION('',(-0.,-0.,-1.));
#6027 = DIRECTION('',(1.,0.,0.));
#6028 = DEFINITIONAL_REPRESENTATION('',(#6029),#6033);
#6029 = LINE('',#6030,#6031);
#6030 = CARTESIAN_POINT('',(-0.,0.));
#6031 = VECTOR('',#6032,1.);
#6032 = DIRECTION('',(-0.,-1.));
#6033 = ( GEOMETRIC_REPRESENTATION_CONTEXT(2) 
PARAMETRIC_REPRESENTATION_CONTEXT() REPRESENTATION_CONTEXT('2D SPACE',''
  ) );
#6034 = PCURVE('',#6023,#6035);
#6035 = DEFINITIONAL_REPRESENTATION('',(#6036),#6040);
#6036 = LINE('',#6037,#6038);
#6037 = CARTESIAN_POINT('',(-6.28318530718,0.));
#6038 = VECTOR('',#6039,1.);
#6039 = DIRECTION('',(-0.,-1.));
#6040 = ( GEOMETRIC_REPRESENTATION_CONTEXT(2) 
PARAMETRIC_REPRESENTATION_CONTEXT() REPRESENTATION_CONTEXT('2D SPACE',''
  ) );
#6041 = ORIENTED_EDGE('',*,*,#6042,.T.);
#6042 = EDGE_CURVE('',#6015,#6015,#6043,.T.);
#6043 = SURFACE_CURVE('',#6044,(#6049,#6056),.PCURVE_S1.);
#6044 = CIRCLE('',#6045,1.55);
#6045 = AXIS2_PLACEMENT_3D('',#6046,#6047,#6048);
#6046 = CARTESIAN_POINT('',(65.9465,13.5113,12.7));
#6047 = DIRECTION('',(0.,0.,1.));
#6048 = DIRECTION('',(1.,0.,0.));
#6049 = PCURVE('',#6023,#6050);
#6050 = DEFINITIONAL_REPRESENTATION('',(#6051),#6055);
#6051 = LINE('',#6052,#6053);
#6052 = CARTESIAN_POINT('',(-0.,-12.7));
#6053 = VECTOR('',#6054,1.);
#6054 = DIRECTION('',(-1.,0.));
#6055 = ( GEOMETRIC_REPRESENTATION_CONTEXT(2) 
PARAMETRIC_REPRESENTATION_CONTEXT() REPRESENTATION_CONTEXT('2D SPACE',''
  ) );
#6056 = PCURVE('',#6057,#6062);
#6057 = PLANE('',#6058);
#6058 = AXIS2_PLACEMENT_3D('',#6059,#6060,#6061);
#6059 = CARTESIAN_POINT('',(65.9465,13.5113,12.7));
#6060 = DIRECTION('',(0.,0.,1.));
#6061 = DIRECTION('',(1.,0.,-0.));
#6062 = DEFINITIONAL_REPRESENTATION('',(#6063),#6067);
#6063 = CIRCLE('',#6064,1.55);
#6064 = AXIS2_PLACEMENT_2D('',#6065,#6066);
#6065 = CARTESIAN_POINT('',(0.,0.));
#6066 = DIRECTION('',(1.,0.));
#6067 = ( GEOMETRIC_REPRESENTATION_CONTEXT(2) 
PARAMETRIC_REPRESENTATION_CONTEXT() REPRESENTATION_CONTEXT('2D SPACE',''
  ) );
#6068 = ORIENTED_EDGE('',*,*,#6012,.F.);
#6069 = ORIENTED_EDGE('',*,*,#6070,.F.);
#6070 = EDGE_CURVE('',#6013,#6013,#6071,.T.);
#6071 = SURFACE_CURVE('',#6072,(#6077,#6084),.PCURVE_S1.);
#6072 = CIRCLE('',#6073,1.55);
#6073 = AXIS2_PLACEMENT_3D('',#6074,#6075,#6076);
#6074 = CARTESIAN_POINT('',(65.9465,13.5113,0.));
#6075 = DIRECTION('',(0.,0.,1.));
#6076 = DIRECTION('',(1.,0.,0.));
#6077 = PCURVE('',#6023,#6078);
#6078 = DEFINITIONAL_REPRESENTATION('',(#6079),#6083);
#6079 = LINE('',#6080,#6081);
#6080 = CARTESIAN_POINT('',(-0.,0.));
#6081 = VECTOR('',#6082,1.);
#6082 = DIRECTION('',(-1.,0.));
#6083 = ( GEOMETRIC_REPRESENTATION_CONTEXT(2) 
PARAMETRIC_REPRESENTATION_CONTEXT() REPRESENTATION_CONTEXT('2D SPACE',''
  ) );
#6084 = PCURVE('',#6085,#6090);
#6085 = PLANE('',#6086);
#6086 = AXIS2_PLACEMENT_3D('',#6087,#6088,#6089);
#6087 = CARTESIAN_POINT('',(65.9465,13.5113,0.));
#6088 = DIRECTION('',(0.,0.,1.));
#6089 = DIRECTION('',(1.,0.,-0.));
#6090 = DEFINITIONAL_REPRESENTATION('',(#6091),#6095);
#6091 = CIRCLE('',#6092,1.55);
#6092 = AXIS2_PLACEMENT_2D('',#6093,#6094);
#6093 = CARTESIAN_POINT('',(0.,0.));
#6094 = DIRECTION('',(1.,0.));
#6095 = ( GEOMETRIC_REPRESENTATION_CONTEXT(2) 
PARAMETRIC_REPRESENTATION_CONTEXT() REPRESENTATION_CONTEXT('2D SPACE',''
  ) );
#6096 = ADVANCED_FACE('',(#6097),#6085,.F.);
#6097 = FACE_BOUND('',#6098,.F.);
#6098 = EDGE_LOOP('',(#6099));
#6099 = ORIENTED_EDGE('',*,*,#6070,.T.);
#6100 = ADVANCED_FACE('',(#6101),#6057,.T.);
#6101 = FACE_BOUND('',#6102,.T.);
#6102 = EDGE_LOOP('',(#6103));
#6103 = ORIENTED_EDGE('',*,*,#6042,.T.);
#6104 = ( GEOMETRIC_REPRESENTATION_CONTEXT(3) 
GLOBAL_UNCERTAINTY_ASSIGNED_CONTEXT((#6108)) 
GLOBAL_UNIT_ASSIGNED_CONTEXT((#6105,#6106,#6107)) REPRESENTATION_CONTEXT
('Context #1','3D Context with UNIT and UNCERTAINTY') );
#6105 = ( LENGTH_UNIT() NAMED_UNIT(*) SI_UNIT(.MILLI.,.METRE.) );
#6106 = ( NAMED_UNIT(*) PLANE_ANGLE_UNIT() SI_UNIT($,.RADIAN.) );
#6107 = ( NAMED_UNIT(*) SI_UNIT($,.STERADIAN.) SOLID_ANGLE_UNIT() );
#6108 = UNCERTAINTY_MEASURE_WITH_UNIT(LENGTH_MEASURE(1.E-07),#6105,
  'distance_accuracy_value','confusion accuracy');
#6109 = CONTEXT_DEPENDENT_SHAPE_REPRESENTATION(#6110,#6112);
#6110 = ( REPRESENTATION_RELATIONSHIP('','',#6005,#10) 
REPRESENTATION_RELATIONSHIP_WITH_TRANSFORMATION(#6111) 
SHAPE_REPRESENTATION_RELATIONSHIP() );
#6111 = ITEM_DEFINED_TRANSFORMATION('','',#11,#59);
#6112 = PRODUCT_DEFINITION_SHAPE('Placement','Placement of an item',
  #6113);
#6113 = NEXT_ASSEMBLY_USAGE_OCCURRENCE('12','REFRIGERANTE_10','',#5,
  #6000,$);
#6114 = PRODUCT_RELATED_PRODUCT_CATEGORY('part',$,(#6002));
#6115 = MECHANICAL_DESIGN_GEOMETRIC_PRESENTATION_REPRESENTATION('',(
    #6116),#5402);
#6116 = STYLED_ITEM('color',(#6117),#5304);
#6117 = PRESENTATION_STYLE_ASSIGNMENT((#6118));
#6118 = SURFACE_STYLE_USAGE(.BOTH.,#6119);
#6119 = SURFACE_SIDE_STYLE('',(#6120));
#6120 = SURFACE_STYLE_FILL_AREA(#6121);
#6121 = FILL_AREA_STYLE('',(#6122));
#6122 = FILL_AREA_STYLE_COLOUR('',#6123);
#6123 = COLOUR_RGB('',0.199999998682,0.500000003429,0.899999998185);
#6124 = MECHANICAL_DESIGN_GEOMETRIC_PRESENTATION_REPRESENTATION('',(
    #6125),#2295);
#6125 = STYLED_ITEM('color',(#6126),#77);
#6126 = PRESENTATION_STYLE_ASSIGNMENT((#6127));
#6127 = SURFACE_STYLE_USAGE(.BOTH.,#6128);
#6128 = SURFACE_SIDE_STYLE('',(#6129));
#6129 = SURFACE_STYLE_FILL_AREA(#6130);
#6130 = FILL_AREA_STYLE('',(#6131));
#6131 = FILL_AREA_STYLE_COLOUR('',#6132);
#6132 = COLOUR_RGB('',0.55000000909,0.580000000354,0.620000000292);
#6133 = MECHANICAL_DESIGN_GEOMETRIC_PRESENTATION_REPRESENTATION('',(
    #6134),#5519);
#6134 = STYLED_ITEM('color',(#6135),#5421);
#6135 = PRESENTATION_STYLE_ASSIGNMENT((#6136));
#6136 = SURFACE_STYLE_USAGE(.BOTH.,#6137);
#6137 = SURFACE_SIDE_STYLE('',(#6138));
#6138 = SURFACE_STYLE_FILL_AREA(#6139);
#6139 = FILL_AREA_STYLE('',(#6140));
#6140 = FILL_AREA_STYLE_COLOUR('',#6123);
#6141 = MECHANICAL_DESIGN_GEOMETRIC_PRESENTATION_REPRESENTATION('',(
    #6142),#5753);
#6142 = STYLED_ITEM('color',(#6143),#5655);
#6143 = PRESENTATION_STYLE_ASSIGNMENT((#6144));
#6144 = SURFACE_STYLE_USAGE(.BOTH.,#6145);
#6145 = SURFACE_SIDE_STYLE('',(#6146));
#6146 = SURFACE_STYLE_FILL_AREA(#6147);
#6147 = FILL_AREA_STYLE('',(#6148));
#6148 = FILL_AREA_STYLE_COLOUR('',#6123);
#6149 = MECHANICAL_DESIGN_GEOMETRIC_PRESENTATION_REPRESENTATION('',(
    #6150),#5870);
#6150 = STYLED_ITEM('color',(#6151),#5772);
#6151 = PRESENTATION_STYLE_ASSIGNMENT((#6152));
#6152 = SURFACE_STYLE_USAGE(.BOTH.,#6153);
#6153 = SURFACE_SIDE_STYLE('',(#6154));
#6154 = SURFACE_STYLE_FILL_AREA(#6155);
#6155 = FILL_AREA_STYLE('',(#6156));
#6156 = FILL_AREA_STYLE_COLOUR('',#6123);
#6157 = MECHANICAL_DESIGN_GEOMETRIC_PRESENTATION_REPRESENTATION('',(
    #6158),#6104);
#6158 = STYLED_ITEM('color',(#6159),#6006);
#6159 = PRESENTATION_STYLE_ASSIGNMENT((#6160));
#6160 = SURFACE_STYLE_USAGE(.BOTH.,#6161);
#6161 = SURFACE_SIDE_STYLE('',(#6162));
#6162 = SURFACE_STYLE_FILL_AREA(#6163);
#6163 = FILL_AREA_STYLE('',(#6164));
#6164 = FILL_AREA_STYLE_COLOUR('',#6123);
#6165 = MECHANICAL_DESIGN_GEOMETRIC_PRESENTATION_REPRESENTATION('',(
    #6166),#5987);
#6166 = STYLED_ITEM('color',(#6167),#5889);
#6167 = PRESENTATION_STYLE_ASSIGNMENT((#6168));
#6168 = SURFACE_STYLE_USAGE(.BOTH.,#6169);
#6169 = SURFACE_SIDE_STYLE('',(#6170));
#6170 = SURFACE_STYLE_FILL_AREA(#6171);
#6171 = FILL_AREA_STYLE('',(#6172));
#6172 = FILL_AREA_STYLE_COLOUR('',#6123);
#6173 = MECHANICAL_DESIGN_GEOMETRIC_PRESENTATION_REPRESENTATION('',(
    #6174),#5636);
#6174 = STYLED_ITEM('color',(#6175),#5538);
#6175 = PRESENTATION_STYLE_ASSIGNMENT((#6176));
#6176 = SURFACE_STYLE_USAGE(.BOTH.,#6177);
#6177 = SURFACE_SIDE_STYLE('',(#6178));
#6178 = SURFACE_STYLE_FILL_AREA(#6179);
#6179 = FILL_AREA_STYLE('',(#6180));
#6180 = FILL_AREA_STYLE_COLOUR('',#6123);
#6181 = MECHANICAL_DESIGN_GEOMETRIC_PRESENTATION_REPRESENTATION('',(
    #6182),#5285);
#6182 = STYLED_ITEM('color',(#6183),#5187);
#6183 = PRESENTATION_STYLE_ASSIGNMENT((#6184));
#6184 = SURFACE_STYLE_USAGE(.BOTH.,#6185);
#6185 = SURFACE_SIDE_STYLE('',(#6186));
#6186 = SURFACE_STYLE_FILL_AREA(#6187);
#6187 = FILL_AREA_STYLE('',(#6188));
#6188 = FILL_AREA_STYLE_COLOUR('',#6123);
#6189 = MECHANICAL_DESIGN_GEOMETRIC_PRESENTATION_REPRESENTATION('',(
    #6190),#4934);
#6190 = STYLED_ITEM('color',(#6191),#2314);
#6191 = PRESENTATION_STYLE_ASSIGNMENT((#6192));
#6192 = SURFACE_STYLE_USAGE(.BOTH.,#6193);
#6193 = SURFACE_SIDE_STYLE('',(#6194,#6198));
#6194 = SURFACE_STYLE_FILL_AREA(#6195);
#6195 = FILL_AREA_STYLE('',(#6196));
#6196 = FILL_AREA_STYLE_COLOUR('',#6197);
#6197 = COLOUR_RGB('',0.850000012718,0.500000003429,0.199999998682);
#6198 = SURFACE_STYLE_RENDERING_WITH_PROPERTIES(.NORMAL_SHADING.,#6197,(
    #6199));
#6199 = SURFACE_STYLE_TRANSPARENT(0.59999999404);
#6200 = MECHANICAL_DESIGN_GEOMETRIC_PRESENTATION_REPRESENTATION('',(
    #6201),#5051);
#6201 = STYLED_ITEM('color',(#6202),#4953);
#6202 = PRESENTATION_STYLE_ASSIGNMENT((#6203));
#6203 = SURFACE_STYLE_USAGE(.BOTH.,#6204);
#6204 = SURFACE_SIDE_STYLE('',(#6205));
#6205 = SURFACE_STYLE_FILL_AREA(#6206);
#6206 = FILL_AREA_STYLE('',(#6207));
#6207 = FILL_AREA_STYLE_COLOUR('',#6123);
#6208 = MECHANICAL_DESIGN_GEOMETRIC_PRESENTATION_REPRESENTATION('',(
    #6209),#5168);
#6209 = STYLED_ITEM('color',(#6210),#5070);
#6210 = PRESENTATION_STYLE_ASSIGNMENT((#6211));
#6211 = SURFACE_STYLE_USAGE(.BOTH.,#6212);
#6212 = SURFACE_SIDE_STYLE('',(#6213));
#6213 = SURFACE_STYLE_FILL_AREA(#6214);
#6214 = FILL_AREA_STYLE('',(#6215));
#6215 = FILL_AREA_STYLE_COLOUR('',#6123);
ENDSEC;
END-ISO-10303-21;
