ISO-10303-21;
HEADER;
FILE_DESCRIPTION(('Open CASCADE Model'),'2;1');
FILE_NAME('Open CASCADE Shape Model','2026-10-07T15:19:34',('Author'),(
    'Open CASCADE'),'Open CASCADE STEP processor 7.9','Open CASCADE 7.9'
  ,'Unknown');
FILE_SCHEMA(('AUTOMOTIVE_DESIGN { 1 0 10303 214 1 1 1 1 }'));
ENDSEC;
DATA;
#1 = APPLICATION_PROTOCOL_DEFINITION('international standard',
  'automotive_design',2000,#2);
#2 = APPLICATION_CONTEXT(
  'core data for automotive mechanical design processes');
#3 = SHAPE_DEFINITION_REPRESENTATION(#4,#10);
#4 = PRODUCT_DEFINITION_SHAPE('','',#5);
#5 = PRODUCT_DEFINITION('design','',#6,#9);
#6 = PRODUCT_DEFINITION_FORMATION('','',#7);
#7 = PRODUCT('Open CASCADE STEP translator 7.9 2',
  'Open CASCADE STEP translator 7.9 2','',(#8));
#8 = PRODUCT_CONTEXT('',#2,'mechanical');
#9 = PRODUCT_DEFINITION_CONTEXT('part definition',#2,'design');
#10 = ADVANCED_BREP_SHAPE_REPRESENTATION('',(#11,#15),#14665);
#11 = AXIS2_PLACEMENT_3D('',#12,#13,#14);
#12 = CARTESIAN_POINT('',(0.,0.,0.));
#13 = DIRECTION('',(0.,0.,1.));
#14 = DIRECTION('',(1.,0.,-0.));
#15 = MANIFOLD_SOLID_BREP('',#16);
#16 = CLOSED_SHELL('',(#17,#139,#216,#293,#1730,#3167,#3195,#3223,#3251,
    #3279,#3307,#3335,#3363,#7868,#7896,#7924,#7931,#8006,#8053,#8100,
    #8147,#8194,#8241,#8288,#8335,#8382,#8429,#8476,#8523,#8570,#8617,
    #8664,#8711,#8758,#8805,#8852,#8899,#8946,#8993,#9040,#9087,#9134,
    #9181,#9228,#9275,#9322,#9369,#9416,#9464,#9490,#9517,#9544,#9571,
    #9598,#9625,#9652,#9679,#9706,#9733,#9760,#9787,#9814,#9820,#9895,
    #9942,#9989,#10036,#10083,#10130,#10177,#10224,#10271,#10318,#10365,
    #10412,#10459,#10506,#10553,#10600,#10647,#10694,#10741,#10788,
    #10835,#10882,#10929,#10976,#11023,#11070,#11117,#11164,#11211,
    #11259,#11285,#11312,#11339,#11366,#11393,#11420,#11447,#11474,
    #11501,#11528,#11555,#11561,#11635,#11682,#11729,#11776,#11823,
    #11870,#11917,#11964,#12011,#12058,#12105,#12152,#12199,#12246,
    #12293,#12340,#12387,#12434,#12481,#12528,#12575,#12622,#12669,
    #12716,#12763,#12810,#12857,#12904,#12951,#12998,#13045,#13092,
    #13139,#13186,#13233,#13280,#13327,#13374,#13421,#13468,#13515,
    #13540,#13587,#13634,#13681,#13728,#13775,#13822,#13869,#13916,
    #13963,#13988,#14035,#14082,#14129,#14176,#14223,#14270,#14317,
    #14364,#14411,#14458,#14505,#14530,#14575,#14620));
#17 = ADVANCED_FACE('',(#18),#33,.F.);
#18 = FACE_BOUND('',#19,.T.);
#19 = EDGE_LOOP('',(#20,#56,#84,#113));
#20 = ORIENTED_EDGE('',*,*,#21,.T.);
#21 = EDGE_CURVE('',#22,#24,#26,.T.);
#22 = VERTEX_POINT('',#23);
#23 = CARTESIAN_POINT('',(1.E-04,0.,-40.));
#24 = VERTEX_POINT('',#25);
#25 = CARTESIAN_POINT('',(7.071067811865E-05,7.071067811865E-05,-40.));
#26 = SURFACE_CURVE('',#27,(#32,#44),.PCURVE_S1.);
#27 = CIRCLE('',#28,1.E-04);
#28 = AXIS2_PLACEMENT_3D('',#29,#30,#31);
#29 = CARTESIAN_POINT('',(0.,0.,-40.));
#30 = DIRECTION('',(0.,0.,1.));
#31 = DIRECTION('',(1.,0.,-0.));
#32 = PCURVE('',#33,#38);
#33 = PLANE('',#34);
#34 = AXIS2_PLACEMENT_3D('',#35,#36,#37);
#35 = CARTESIAN_POINT('',(0.,0.,-40.));
#36 = DIRECTION('',(0.,0.,1.));
#37 = DIRECTION('',(1.,0.,-0.));
#38 = DEFINITIONAL_REPRESENTATION('',(#39),#43);
#39 = CIRCLE('',#40,1.E-04);
#40 = AXIS2_PLACEMENT_2D('',#41,#42);
#41 = CARTESIAN_POINT('',(0.,0.));
#42 = DIRECTION('',(1.,-0.));
#43 = ( GEOMETRIC_REPRESENTATION_CONTEXT(2) 
PARAMETRIC_REPRESENTATION_CONTEXT() REPRESENTATION_CONTEXT('2D SPACE',''
  ) );
#44 = PCURVE('',#45,#50);
#45 = CYLINDRICAL_SURFACE('',#46,1.E-04);
#46 = AXIS2_PLACEMENT_3D('',#47,#48,#49);
#47 = CARTESIAN_POINT('',(0.,0.,170.));
#48 = DIRECTION('',(-0.,-0.,-1.));
#49 = DIRECTION('',(1.,0.,0.));
#50 = DEFINITIONAL_REPRESENTATION('',(#51),#55);
#51 = LINE('',#52,#53);
#52 = CARTESIAN_POINT('',(-0.,210.));
#53 = VECTOR('',#54,1.);
#54 = DIRECTION('',(-1.,0.));
#55 = ( GEOMETRIC_REPRESENTATION_CONTEXT(2) 
PARAMETRIC_REPRESENTATION_CONTEXT() REPRESENTATION_CONTEXT('2D SPACE',''
  ) );
#56 = ORIENTED_EDGE('',*,*,#57,.T.);
#57 = EDGE_CURVE('',#24,#58,#60,.T.);
#58 = VERTEX_POINT('',#59);
#59 = CARTESIAN_POINT('',(14.142135623731,14.142135623731,-40.));
#60 = SURFACE_CURVE('',#61,(#65,#72),.PCURVE_S1.);
#61 = LINE('',#62,#63);
#62 = CARTESIAN_POINT('',(7.071067811865E-05,7.071067811865E-05,-40.));
#63 = VECTOR('',#64,1.);
#64 = DIRECTION('',(0.707106781187,0.707106781187,0.));
#65 = PCURVE('',#33,#66);
#66 = DEFINITIONAL_REPRESENTATION('',(#67),#71);
#67 = LINE('',#68,#69);
#68 = CARTESIAN_POINT('',(7.071067811865E-05,7.071067811865E-05));
#69 = VECTOR('',#70,1.);
#70 = DIRECTION('',(0.707106781187,0.707106781187));
#71 = ( GEOMETRIC_REPRESENTATION_CONTEXT(2) 
PARAMETRIC_REPRESENTATION_CONTEXT() REPRESENTATION_CONTEXT('2D SPACE',''
  ) );
#72 = PCURVE('',#73,#78);
#73 = PLANE('',#74);
#74 = AXIS2_PLACEMENT_3D('',#75,#76,#77);
#75 = CARTESIAN_POINT('',(7.071103167205,7.071103167205,65.));
#76 = DIRECTION('',(0.707106781187,-0.707106781187,-0.));
#77 = DIRECTION('',(0.,0.,-1.));
#78 = DEFINITIONAL_REPRESENTATION('',(#79),#83);
#79 = LINE('',#80,#81);
#80 = CARTESIAN_POINT('',(105.,-9.99995));
#81 = VECTOR('',#82,1.);
#82 = DIRECTION('',(0.,1.));
#83 = ( GEOMETRIC_REPRESENTATION_CONTEXT(2) 
PARAMETRIC_REPRESENTATION_CONTEXT() REPRESENTATION_CONTEXT('2D SPACE',''
  ) );
#84 = ORIENTED_EDGE('',*,*,#85,.F.);
#85 = EDGE_CURVE('',#86,#58,#88,.T.);
#86 = VERTEX_POINT('',#87);
#87 = CARTESIAN_POINT('',(20.,0.,-40.));
#88 = SURFACE_CURVE('',#89,(#94,#101),.PCURVE_S1.);
#89 = CIRCLE('',#90,20.);
#90 = AXIS2_PLACEMENT_3D('',#91,#92,#93);
#91 = CARTESIAN_POINT('',(0.,0.,-40.));
#92 = DIRECTION('',(0.,0.,1.));
#93 = DIRECTION('',(1.,0.,-0.));
#94 = PCURVE('',#33,#95);
#95 = DEFINITIONAL_REPRESENTATION('',(#96),#100);
#96 = CIRCLE('',#97,20.);
#97 = AXIS2_PLACEMENT_2D('',#98,#99);
#98 = CARTESIAN_POINT('',(0.,0.));
#99 = DIRECTION('',(1.,-0.));
#100 = ( GEOMETRIC_REPRESENTATION_CONTEXT(2) 
PARAMETRIC_REPRESENTATION_CONTEXT() REPRESENTATION_CONTEXT('2D SPACE',''
  ) );
#101 = PCURVE('',#102,#107);
#102 = CYLINDRICAL_SURFACE('',#103,20.);
#103 = AXIS2_PLACEMENT_3D('',#104,#105,#106);
#104 = CARTESIAN_POINT('',(0.,0.,-40.));
#105 = DIRECTION('',(0.,0.,1.));
#106 = DIRECTION('',(1.,0.,-0.));
#107 = DEFINITIONAL_REPRESENTATION('',(#108),#112);
#108 = LINE('',#109,#110);
#109 = CARTESIAN_POINT('',(0.,0.));
#110 = VECTOR('',#111,1.);
#111 = DIRECTION('',(1.,0.));
#112 = ( GEOMETRIC_REPRESENTATION_CONTEXT(2) 
PARAMETRIC_REPRESENTATION_CONTEXT() REPRESENTATION_CONTEXT('2D SPACE',''
  ) );
#113 = ORIENTED_EDGE('',*,*,#114,.F.);
#114 = EDGE_CURVE('',#22,#86,#115,.T.);
#115 = SURFACE_CURVE('',#116,(#120,#127),.PCURVE_S1.);
#116 = LINE('',#117,#118);
#117 = CARTESIAN_POINT('',(1.E-04,0.,-40.));
#118 = VECTOR('',#119,1.);
#119 = DIRECTION('',(1.,0.,0.));
#120 = PCURVE('',#33,#121);
#121 = DEFINITIONAL_REPRESENTATION('',(#122),#126);
#122 = LINE('',#123,#124);
#123 = CARTESIAN_POINT('',(1.E-04,-0.));
#124 = VECTOR('',#125,1.);
#125 = DIRECTION('',(1.,-0.));
#126 = ( GEOMETRIC_REPRESENTATION_CONTEXT(2) 
PARAMETRIC_REPRESENTATION_CONTEXT() REPRESENTATION_CONTEXT('2D SPACE',''
  ) );
#127 = PCURVE('',#128,#133);
#128 = PLANE('',#129);
#129 = AXIS2_PLACEMENT_3D('',#130,#131,#132);
#130 = CARTESIAN_POINT('',(10.00005,0.,65.));
#131 = DIRECTION('',(-0.,-1.,-0.));
#132 = DIRECTION('',(0.,0.,-1.));
#133 = DEFINITIONAL_REPRESENTATION('',(#134),#138);
#134 = LINE('',#135,#136);
#135 = CARTESIAN_POINT('',(105.,-9.99995));
#136 = VECTOR('',#137,1.);
#137 = DIRECTION('',(0.,1.));
#138 = ( GEOMETRIC_REPRESENTATION_CONTEXT(2) 
PARAMETRIC_REPRESENTATION_CONTEXT() REPRESENTATION_CONTEXT('2D SPACE',''
  ) );
#139 = ADVANCED_FACE('',(#140),#45,.F.);
#140 = FACE_BOUND('',#141,.T.);
#141 = EDGE_LOOP('',(#142,#173,#194,#195));
#142 = ORIENTED_EDGE('',*,*,#143,.T.);
#143 = EDGE_CURVE('',#144,#146,#148,.T.);
#144 = VERTEX_POINT('',#145);
#145 = CARTESIAN_POINT('',(1.E-04,0.,170.));
#146 = VERTEX_POINT('',#147);
#147 = CARTESIAN_POINT('',(7.071067811865E-05,7.071067811865E-05,170.));
#148 = SURFACE_CURVE('',#149,(#154,#161),.PCURVE_S1.);
#149 = CIRCLE('',#150,1.E-04);
#150 = AXIS2_PLACEMENT_3D('',#151,#152,#153);
#151 = CARTESIAN_POINT('',(0.,0.,170.));
#152 = DIRECTION('',(0.,0.,1.));
#153 = DIRECTION('',(1.,0.,-0.));
#154 = PCURVE('',#45,#155);
#155 = DEFINITIONAL_REPRESENTATION('',(#156),#160);
#156 = LINE('',#157,#158);
#157 = CARTESIAN_POINT('',(-0.,0.));
#158 = VECTOR('',#159,1.);
#159 = DIRECTION('',(-1.,0.));
#160 = ( GEOMETRIC_REPRESENTATION_CONTEXT(2) 
PARAMETRIC_REPRESENTATION_CONTEXT() REPRESENTATION_CONTEXT('2D SPACE',''
  ) );
#161 = PCURVE('',#162,#167);
#162 = PLANE('',#163);
#163 = AXIS2_PLACEMENT_3D('',#164,#165,#166);
#164 = CARTESIAN_POINT('',(0.,0.,170.));
#165 = DIRECTION('',(0.,0.,1.));
#166 = DIRECTION('',(1.,0.,-0.));
#167 = DEFINITIONAL_REPRESENTATION('',(#168),#172);
#168 = CIRCLE('',#169,1.E-04);
#169 = AXIS2_PLACEMENT_2D('',#170,#171);
#170 = CARTESIAN_POINT('',(0.,0.));
#171 = DIRECTION('',(1.,0.));
#172 = ( GEOMETRIC_REPRESENTATION_CONTEXT(2) 
PARAMETRIC_REPRESENTATION_CONTEXT() REPRESENTATION_CONTEXT('2D SPACE',''
  ) );
#173 = ORIENTED_EDGE('',*,*,#174,.T.);
#174 = EDGE_CURVE('',#146,#24,#175,.T.);
#175 = SURFACE_CURVE('',#176,(#180,#187),.PCURVE_S1.);
#176 = LINE('',#177,#178);
#177 = CARTESIAN_POINT('',(7.071067811865E-05,7.071067811865E-05,170.));
#178 = VECTOR('',#179,1.);
#179 = DIRECTION('',(0.,0.,-1.));
#180 = PCURVE('',#45,#181);
#181 = DEFINITIONAL_REPRESENTATION('',(#182),#186);
#182 = LINE('',#183,#184);
#183 = CARTESIAN_POINT('',(-0.785398163397,0.));
#184 = VECTOR('',#185,1.);
#185 = DIRECTION('',(-0.,1.));
#186 = ( GEOMETRIC_REPRESENTATION_CONTEXT(2) 
PARAMETRIC_REPRESENTATION_CONTEXT() REPRESENTATION_CONTEXT('2D SPACE',''
  ) );
#187 = PCURVE('',#73,#188);
#188 = DEFINITIONAL_REPRESENTATION('',(#189),#193);
#189 = LINE('',#190,#191);
#190 = CARTESIAN_POINT('',(-105.,-9.99995));
#191 = VECTOR('',#192,1.);
#192 = DIRECTION('',(1.,0.));
#193 = ( GEOMETRIC_REPRESENTATION_CONTEXT(2) 
PARAMETRIC_REPRESENTATION_CONTEXT() REPRESENTATION_CONTEXT('2D SPACE',''
  ) );
#194 = ORIENTED_EDGE('',*,*,#21,.F.);
#195 = ORIENTED_EDGE('',*,*,#196,.F.);
#196 = EDGE_CURVE('',#144,#22,#197,.T.);
#197 = SURFACE_CURVE('',#198,(#202,#209),.PCURVE_S1.);
#198 = LINE('',#199,#200);
#199 = CARTESIAN_POINT('',(1.E-04,0.,170.));
#200 = VECTOR('',#201,1.);
#201 = DIRECTION('',(0.,0.,-1.));
#202 = PCURVE('',#45,#203);
#203 = DEFINITIONAL_REPRESENTATION('',(#204),#208);
#204 = LINE('',#205,#206);
#205 = CARTESIAN_POINT('',(-0.,0.));
#206 = VECTOR('',#207,1.);
#207 = DIRECTION('',(-0.,1.));
#208 = ( GEOMETRIC_REPRESENTATION_CONTEXT(2) 
PARAMETRIC_REPRESENTATION_CONTEXT() REPRESENTATION_CONTEXT('2D SPACE',''
  ) );
#209 = PCURVE('',#128,#210);
#210 = DEFINITIONAL_REPRESENTATION('',(#211),#215);
#211 = LINE('',#212,#213);
#212 = CARTESIAN_POINT('',(-105.,-9.99995));
#213 = VECTOR('',#214,1.);
#214 = DIRECTION('',(1.,0.));
#215 = ( GEOMETRIC_REPRESENTATION_CONTEXT(2) 
PARAMETRIC_REPRESENTATION_CONTEXT() REPRESENTATION_CONTEXT('2D SPACE',''
  ) );
#216 = ADVANCED_FACE('',(#217),#102,.T.);
#217 = FACE_BOUND('',#218,.T.);
#218 = EDGE_LOOP('',(#219,#242,#243,#266));
#219 = ORIENTED_EDGE('',*,*,#220,.F.);
#220 = EDGE_CURVE('',#86,#221,#223,.T.);
#221 = VERTEX_POINT('',#222);
#222 = CARTESIAN_POINT('',(20.,0.,72.));
#223 = SURFACE_CURVE('',#224,(#228,#235),.PCURVE_S1.);
#224 = LINE('',#225,#226);
#225 = CARTESIAN_POINT('',(20.,0.,-40.));
#226 = VECTOR('',#227,1.);
#227 = DIRECTION('',(0.,0.,1.));
#228 = PCURVE('',#102,#229);
#229 = DEFINITIONAL_REPRESENTATION('',(#230),#234);
#230 = LINE('',#231,#232);
#231 = CARTESIAN_POINT('',(0.,0.));
#232 = VECTOR('',#233,1.);
#233 = DIRECTION('',(0.,1.));
#234 = ( GEOMETRIC_REPRESENTATION_CONTEXT(2) 
PARAMETRIC_REPRESENTATION_CONTEXT() REPRESENTATION_CONTEXT('2D SPACE',''
  ) );
#235 = PCURVE('',#128,#236);
#236 = DEFINITIONAL_REPRESENTATION('',(#237),#241);
#237 = LINE('',#238,#239);
#238 = CARTESIAN_POINT('',(105.,9.99995));
#239 = VECTOR('',#240,1.);
#240 = DIRECTION('',(-1.,0.));
#241 = ( GEOMETRIC_REPRESENTATION_CONTEXT(2) 
PARAMETRIC_REPRESENTATION_CONTEXT() REPRESENTATION_CONTEXT('2D SPACE',''
  ) );
#242 = ORIENTED_EDGE('',*,*,#85,.T.);
#243 = ORIENTED_EDGE('',*,*,#244,.T.);
#244 = EDGE_CURVE('',#58,#245,#247,.T.);
#245 = VERTEX_POINT('',#246);
#246 = CARTESIAN_POINT('',(14.142135623731,14.142135623731,72.));
#247 = SURFACE_CURVE('',#248,(#252,#259),.PCURVE_S1.);
#248 = LINE('',#249,#250);
#249 = CARTESIAN_POINT('',(14.142135623731,14.142135623731,-40.));
#250 = VECTOR('',#251,1.);
#251 = DIRECTION('',(0.,0.,1.));
#252 = PCURVE('',#102,#253);
#253 = DEFINITIONAL_REPRESENTATION('',(#254),#258);
#254 = LINE('',#255,#256);
#255 = CARTESIAN_POINT('',(0.785398163397,0.));
#256 = VECTOR('',#257,1.);
#257 = DIRECTION('',(0.,1.));
#258 = ( GEOMETRIC_REPRESENTATION_CONTEXT(2) 
PARAMETRIC_REPRESENTATION_CONTEXT() REPRESENTATION_CONTEXT('2D SPACE',''
  ) );
#259 = PCURVE('',#73,#260);
#260 = DEFINITIONAL_REPRESENTATION('',(#261),#265);
#261 = LINE('',#262,#263);
#262 = CARTESIAN_POINT('',(105.,9.99995));
#263 = VECTOR('',#264,1.);
#264 = DIRECTION('',(-1.,0.));
#265 = ( GEOMETRIC_REPRESENTATION_CONTEXT(2) 
PARAMETRIC_REPRESENTATION_CONTEXT() REPRESENTATION_CONTEXT('2D SPACE',''
  ) );
#266 = ORIENTED_EDGE('',*,*,#267,.F.);
#267 = EDGE_CURVE('',#221,#245,#268,.T.);
#268 = SURFACE_CURVE('',#269,(#274,#281),.PCURVE_S1.);
#269 = CIRCLE('',#270,20.);
#270 = AXIS2_PLACEMENT_3D('',#271,#272,#273);
#271 = CARTESIAN_POINT('',(0.,0.,72.));
#272 = DIRECTION('',(0.,0.,1.));
#273 = DIRECTION('',(1.,0.,-0.));
#274 = PCURVE('',#102,#275);
#275 = DEFINITIONAL_REPRESENTATION('',(#276),#280);
#276 = LINE('',#277,#278);
#277 = CARTESIAN_POINT('',(0.,112.));
#278 = VECTOR('',#279,1.);
#279 = DIRECTION('',(1.,0.));
#280 = ( GEOMETRIC_REPRESENTATION_CONTEXT(2) 
PARAMETRIC_REPRESENTATION_CONTEXT() REPRESENTATION_CONTEXT('2D SPACE',''
  ) );
#281 = PCURVE('',#282,#287);
#282 = PLANE('',#283);
#283 = AXIS2_PLACEMENT_3D('',#284,#285,#286);
#284 = CARTESIAN_POINT('',(0.,0.,72.));
#285 = DIRECTION('',(0.,0.,1.));
#286 = DIRECTION('',(1.,0.,-0.));
#287 = DEFINITIONAL_REPRESENTATION('',(#288),#292);
#288 = CIRCLE('',#289,20.);
#289 = AXIS2_PLACEMENT_2D('',#290,#291);
#290 = CARTESIAN_POINT('',(0.,0.));
#291 = DIRECTION('',(1.,-0.));
#292 = ( GEOMETRIC_REPRESENTATION_CONTEXT(2) 
PARAMETRIC_REPRESENTATION_CONTEXT() REPRESENTATION_CONTEXT('2D SPACE',''
  ) );
#293 = ADVANCED_FACE('',(#294),#128,.T.);
#294 = FACE_BOUND('',#295,.T.);
#295 = EDGE_LOOP('',(#296,#319,#320,#321,#322,#345,#373,#401,#429,#457,
    #493,#538,#583,#619,#655,#691,#727,#763,#799,#844,#889,#952,#975,
    #1038,#1083,#1128,#1164,#1200,#1236,#1272,#1308,#1344,#1380,#1425,
    #1470,#1533,#1569,#1592,#1620,#1648,#1676,#1704));
#296 = ORIENTED_EDGE('',*,*,#297,.T.);
#297 = EDGE_CURVE('',#298,#144,#300,.T.);
#298 = VERTEX_POINT('',#299);
#299 = CARTESIAN_POINT('',(20.,0.,170.));
#300 = SURFACE_CURVE('',#301,(#305,#312),.PCURVE_S1.);
#301 = LINE('',#302,#303);
#302 = CARTESIAN_POINT('',(20.,0.,170.));
#303 = VECTOR('',#304,1.);
#304 = DIRECTION('',(-1.,0.,0.));
#305 = PCURVE('',#128,#306);
#306 = DEFINITIONAL_REPRESENTATION('',(#307),#311);
#307 = LINE('',#308,#309);
#308 = CARTESIAN_POINT('',(-105.,9.99995));
#309 = VECTOR('',#310,1.);
#310 = DIRECTION('',(0.,-1.));
#311 = ( GEOMETRIC_REPRESENTATION_CONTEXT(2) 
PARAMETRIC_REPRESENTATION_CONTEXT() REPRESENTATION_CONTEXT('2D SPACE',''
  ) );
#312 = PCURVE('',#162,#313);
#313 = DEFINITIONAL_REPRESENTATION('',(#314),#318);
#314 = LINE('',#315,#316);
#315 = CARTESIAN_POINT('',(20.,0.));
#316 = VECTOR('',#317,1.);
#317 = DIRECTION('',(-1.,0.));
#318 = ( GEOMETRIC_REPRESENTATION_CONTEXT(2) 
PARAMETRIC_REPRESENTATION_CONTEXT() REPRESENTATION_CONTEXT('2D SPACE',''
  ) );
#319 = ORIENTED_EDGE('',*,*,#196,.T.);
#320 = ORIENTED_EDGE('',*,*,#114,.T.);
#321 = ORIENTED_EDGE('',*,*,#220,.T.);
#322 = ORIENTED_EDGE('',*,*,#323,.T.);
#323 = EDGE_CURVE('',#221,#324,#326,.T.);
#324 = VERTEX_POINT('',#325);
#325 = CARTESIAN_POINT('',(30.,0.,72.));
#326 = SURFACE_CURVE('',#327,(#331,#338),.PCURVE_S1.);
#327 = LINE('',#328,#329);
#328 = CARTESIAN_POINT('',(20.,0.,72.));
#329 = VECTOR('',#330,1.);
#330 = DIRECTION('',(1.,0.,0.));
#331 = PCURVE('',#128,#332);
#332 = DEFINITIONAL_REPRESENTATION('',(#333),#337);
#333 = LINE('',#334,#335);
#334 = CARTESIAN_POINT('',(-7.,9.99995));
#335 = VECTOR('',#336,1.);
#336 = DIRECTION('',(0.,1.));
#337 = ( GEOMETRIC_REPRESENTATION_CONTEXT(2) 
PARAMETRIC_REPRESENTATION_CONTEXT() REPRESENTATION_CONTEXT('2D SPACE',''
  ) );
#338 = PCURVE('',#282,#339);
#339 = DEFINITIONAL_REPRESENTATION('',(#340),#344);
#340 = LINE('',#341,#342);
#341 = CARTESIAN_POINT('',(20.,-0.));
#342 = VECTOR('',#343,1.);
#343 = DIRECTION('',(1.,-0.));
#344 = ( GEOMETRIC_REPRESENTATION_CONTEXT(2) 
PARAMETRIC_REPRESENTATION_CONTEXT() REPRESENTATION_CONTEXT('2D SPACE',''
  ) );
#345 = ORIENTED_EDGE('',*,*,#346,.T.);
#346 = EDGE_CURVE('',#324,#347,#349,.T.);
#347 = VERTEX_POINT('',#348);
#348 = CARTESIAN_POINT('',(44.,0.,80.));
#349 = SURFACE_CURVE('',#350,(#354,#361),.PCURVE_S1.);
#350 = LINE('',#351,#352);
#351 = CARTESIAN_POINT('',(30.,0.,72.));
#352 = VECTOR('',#353,1.);
#353 = DIRECTION('',(0.868243142124,0.,0.496138938357));
#354 = PCURVE('',#128,#355);
#355 = DEFINITIONAL_REPRESENTATION('',(#356),#360);
#356 = LINE('',#357,#358);
#357 = CARTESIAN_POINT('',(-7.,19.99995));
#358 = VECTOR('',#359,1.);
#359 = DIRECTION('',(-0.496138938357,0.868243142124));
#360 = ( GEOMETRIC_REPRESENTATION_CONTEXT(2) 
PARAMETRIC_REPRESENTATION_CONTEXT() REPRESENTATION_CONTEXT('2D SPACE',''
  ) );
#361 = PCURVE('',#362,#367);
#362 = CONICAL_SURFACE('',#363,30.,1.051650212548);
#363 = AXIS2_PLACEMENT_3D('',#364,#365,#366);
#364 = CARTESIAN_POINT('',(0.,0.,72.));
#365 = DIRECTION('',(0.,0.,1.));
#366 = DIRECTION('',(1.,0.,-0.));
#367 = DEFINITIONAL_REPRESENTATION('',(#368),#372);
#368 = LINE('',#369,#370);
#369 = CARTESIAN_POINT('',(0.,0.));
#370 = VECTOR('',#371,1.);
#371 = DIRECTION('',(0.,1.));
#372 = ( GEOMETRIC_REPRESENTATION_CONTEXT(2) 
PARAMETRIC_REPRESENTATION_CONTEXT() REPRESENTATION_CONTEXT('2D SPACE',''
  ) );
#373 = ORIENTED_EDGE('',*,*,#374,.T.);
#374 = EDGE_CURVE('',#347,#375,#377,.T.);
#375 = VERTEX_POINT('',#376);
#376 = CARTESIAN_POINT('',(56.,0.,66.));
#377 = SURFACE_CURVE('',#378,(#382,#389),.PCURVE_S1.);
#378 = LINE('',#379,#380);
#379 = CARTESIAN_POINT('',(44.,0.,80.));
#380 = VECTOR('',#381,1.);
#381 = DIRECTION('',(0.650791373456,0.,-0.759256602365));
#382 = PCURVE('',#128,#383);
#383 = DEFINITIONAL_REPRESENTATION('',(#384),#388);
#384 = LINE('',#385,#386);
#385 = CARTESIAN_POINT('',(-15.,33.99995));
#386 = VECTOR('',#387,1.);
#387 = DIRECTION('',(0.759256602365,0.650791373456));
#388 = ( GEOMETRIC_REPRESENTATION_CONTEXT(2) 
PARAMETRIC_REPRESENTATION_CONTEXT() REPRESENTATION_CONTEXT('2D SPACE',''
  ) );
#389 = PCURVE('',#390,#395);
#390 = CONICAL_SURFACE('',#391,44.,0.708626272128);
#391 = AXIS2_PLACEMENT_3D('',#392,#393,#394);
#392 = CARTESIAN_POINT('',(0.,0.,80.));
#393 = DIRECTION('',(-0.,-0.,-1.));
#394 = DIRECTION('',(1.,0.,0.));
#395 = DEFINITIONAL_REPRESENTATION('',(#396),#400);
#396 = LINE('',#397,#398);
#397 = CARTESIAN_POINT('',(-0.,0.));
#398 = VECTOR('',#399,1.);
#399 = DIRECTION('',(-0.,1.));
#400 = ( GEOMETRIC_REPRESENTATION_CONTEXT(2) 
PARAMETRIC_REPRESENTATION_CONTEXT() REPRESENTATION_CONTEXT('2D SPACE',''
  ) );
#401 = ORIENTED_EDGE('',*,*,#402,.T.);
#402 = EDGE_CURVE('',#375,#403,#405,.T.);
#403 = VERTEX_POINT('',#404);
#404 = CARTESIAN_POINT('',(60.,0.,66.));
#405 = SURFACE_CURVE('',#406,(#410,#417),.PCURVE_S1.);
#406 = LINE('',#407,#408);
#407 = CARTESIAN_POINT('',(56.,0.,66.));
#408 = VECTOR('',#409,1.);
#409 = DIRECTION('',(1.,0.,0.));
#410 = PCURVE('',#128,#411);
#411 = DEFINITIONAL_REPRESENTATION('',(#412),#416);
#412 = LINE('',#413,#414);
#413 = CARTESIAN_POINT('',(-1.,45.99995));
#414 = VECTOR('',#415,1.);
#415 = DIRECTION('',(0.,1.));
#416 = ( GEOMETRIC_REPRESENTATION_CONTEXT(2) 
PARAMETRIC_REPRESENTATION_CONTEXT() REPRESENTATION_CONTEXT('2D SPACE',''
  ) );
#417 = PCURVE('',#418,#423);
#418 = PLANE('',#419);
#419 = AXIS2_PLACEMENT_3D('',#420,#421,#422);
#420 = CARTESIAN_POINT('',(0.,0.,66.));
#421 = DIRECTION('',(0.,0.,1.));
#422 = DIRECTION('',(1.,0.,-0.));
#423 = DEFINITIONAL_REPRESENTATION('',(#424),#428);
#424 = LINE('',#425,#426);
#425 = CARTESIAN_POINT('',(56.,-0.));
#426 = VECTOR('',#427,1.);
#427 = DIRECTION('',(1.,-0.));
#428 = ( GEOMETRIC_REPRESENTATION_CONTEXT(2) 
PARAMETRIC_REPRESENTATION_CONTEXT() REPRESENTATION_CONTEXT('2D SPACE',''
  ) );
#429 = ORIENTED_EDGE('',*,*,#430,.T.);
#430 = EDGE_CURVE('',#403,#431,#433,.T.);
#431 = VERTEX_POINT('',#432);
#432 = CARTESIAN_POINT('',(60.,0.,77.506406529642));
#433 = SURFACE_CURVE('',#434,(#438,#445),.PCURVE_S1.);
#434 = LINE('',#435,#436);
#435 = CARTESIAN_POINT('',(60.,0.,66.));
#436 = VECTOR('',#437,1.);
#437 = DIRECTION('',(0.,0.,1.));
#438 = PCURVE('',#128,#439);
#439 = DEFINITIONAL_REPRESENTATION('',(#440),#444);
#440 = LINE('',#441,#442);
#441 = CARTESIAN_POINT('',(-1.,49.99995));
#442 = VECTOR('',#443,1.);
#443 = DIRECTION('',(-1.,0.));
#444 = ( GEOMETRIC_REPRESENTATION_CONTEXT(2) 
PARAMETRIC_REPRESENTATION_CONTEXT() REPRESENTATION_CONTEXT('2D SPACE',''
  ) );
#445 = PCURVE('',#446,#451);
#446 = CYLINDRICAL_SURFACE('',#447,60.);
#447 = AXIS2_PLACEMENT_3D('',#448,#449,#450);
#448 = CARTESIAN_POINT('',(0.,0.,66.));
#449 = DIRECTION('',(0.,0.,1.));
#450 = DIRECTION('',(1.,0.,-0.));
#451 = DEFINITIONAL_REPRESENTATION('',(#452),#456);
#452 = LINE('',#453,#454);
#453 = CARTESIAN_POINT('',(0.,0.));
#454 = VECTOR('',#455,1.);
#455 = DIRECTION('',(0.,1.));
#456 = ( GEOMETRIC_REPRESENTATION_CONTEXT(2) 
PARAMETRIC_REPRESENTATION_CONTEXT() REPRESENTATION_CONTEXT('2D SPACE',''
  ) );
#457 = ORIENTED_EDGE('',*,*,#458,.T.);
#458 = EDGE_CURVE('',#431,#459,#461,.T.);
#459 = VERTEX_POINT('',#460);
#460 = CARTESIAN_POINT('',(60.72358463144,4.718447854657E-16,
    77.448747849741));
#461 = SURFACE_CURVE('',#462,(#468,#477),.PCURVE_S1.);
#462 = B_SPLINE_CURVE_WITH_KNOTS('',4,(#463,#464,#465,#466,#467),
  .UNSPECIFIED.,.F.,.F.,(5,5),(0.,1.),.PIECEWISE_BEZIER_KNOTS.);
#463 = CARTESIAN_POINT('',(59.004794193939,0.,77.581994523928));
#464 = CARTESIAN_POINT('',(59.434723380707,0.,77.55026475713));
#465 = CARTESIAN_POINT('',(59.864503027326,0.,77.517484467654));
#466 = CARTESIAN_POINT('',(60.294125988436,0.,77.483647681346));
#467 = CARTESIAN_POINT('',(60.72358463144,0.,77.448747849741));
#468 = PCURVE('',#128,#469);
#469 = DEFINITIONAL_REPRESENTATION('',(#470),#476);
#470 = B_SPLINE_CURVE_WITH_KNOTS('',4,(#471,#472,#473,#474,#475),
  .UNSPECIFIED.,.F.,.F.,(5,5),(0.,1.),.PIECEWISE_BEZIER_KNOTS.);
#471 = CARTESIAN_POINT('',(-12.58199452392,49.004744193939));
#472 = CARTESIAN_POINT('',(-12.55026475713,49.434673380707));
#473 = CARTESIAN_POINT('',(-12.51748446765,49.864453027326));
#474 = CARTESIAN_POINT('',(-12.48364768134,50.294075988436));
#475 = CARTESIAN_POINT('',(-12.44874784974,50.72353463144));
#476 = ( GEOMETRIC_REPRESENTATION_CONTEXT(2) 
PARAMETRIC_REPRESENTATION_CONTEXT() REPRESENTATION_CONTEXT('2D SPACE',''
  ) );
#477 = PCURVE('',#478,#485);
#478 = B_SPLINE_SURFACE_WITH_KNOTS('',1,2,(
    (#479,#480,#481)
    ,(#482,#483,#484
    )),.UNSPECIFIED.,.F.,.F.,.F.,(2,2),(3,3),(5.,6.),(0.,1.),
  .PIECEWISE_BEZIER_KNOTS.);
#479 = CARTESIAN_POINT('',(59.059631400183,-0.416529934858,
    77.473369727142));
#480 = CARTESIAN_POINT('',(85.666520813325,6.254439311918,
    77.056354542386));
#481 = CARTESIAN_POINT('',(109.43021625248,11.537718153218,
    78.169663996046));
#482 = CARTESIAN_POINT('',(58.835354526975,1.287022047203,77.91763068507
    ));
#483 = CARTESIAN_POINT('',(85.495541516036,7.553156012492,
    77.919515872288));
#484 = CARTESIAN_POINT('',(109.32030272842,12.372594255664,
    79.095124364617));
#485 = DEFINITIONAL_REPRESENTATION('',(#486),#492);
#486 = B_SPLINE_CURVE_WITH_KNOTS('',4,(#487,#488,#489,#490,#491),
  .UNSPECIFIED.,.F.,.F.,(5,5),(0.,1.),.PIECEWISE_BEZIER_KNOTS.);
#487 = CARTESIAN_POINT('',(5.244506736069,0.));
#488 = CARTESIAN_POINT('',(5.184161899492,7.821120788551E-03));
#489 = CARTESIAN_POINT('',(5.123304850105,1.564850026448E-02));
#490 = CARTESIAN_POINT('',(5.061922285389,2.348204079431E-02));
#491 = CARTESIAN_POINT('',(5.,3.132163452122E-02));
#492 = ( GEOMETRIC_REPRESENTATION_CONTEXT(2) 
PARAMETRIC_REPRESENTATION_CONTEXT() REPRESENTATION_CONTEXT('2D SPACE',''
  ) );
#493 = ORIENTED_EDGE('',*,*,#494,.T.);
#494 = EDGE_CURVE('',#459,#495,#497,.T.);
#495 = VERTEX_POINT('',#496);
#496 = CARTESIAN_POINT('',(66.577562114931,-5.551115123126E-16,
    77.057057951755));
#497 = SURFACE_CURVE('',#498,(#507,#519),.PCURVE_S1.);
#498 = B_SPLINE_CURVE_WITH_KNOTS('',4,(#499,#500,#501,#502,#503,#504,
    #505,#506),.UNSPECIFIED.,.F.,.F.,(5,3,5),(0.,0.510324471796,1.),
  .UNSPECIFIED.);
#499 = CARTESIAN_POINT('',(60.72358463144,0.,77.448747849741));
#500 = CARTESIAN_POINT('',(61.471907538658,0.,77.408447774756));
#501 = CARTESIAN_POINT('',(62.219788293569,0.,77.364885310616));
#502 = CARTESIAN_POINT('',(62.967185999934,0.,77.318041757867));
#503 = CARTESIAN_POINT('',(64.43070375099,0.,77.219772444189));
#504 = CARTESIAN_POINT('',(65.146865673125,0.,77.168608759184));
#505 = CARTESIAN_POINT('',(65.862500298433,0.,77.114379738716));
#506 = CARTESIAN_POINT('',(66.577562114931,0.,77.057057951755));
#507 = PCURVE('',#128,#508);
#508 = DEFINITIONAL_REPRESENTATION('',(#509),#518);
#509 = B_SPLINE_CURVE_WITH_KNOTS('',4,(#510,#511,#512,#513,#514,#515,
    #516,#517),.UNSPECIFIED.,.F.,.F.,(5,3,5),(0.,0.510324471796,1.),
  .UNSPECIFIED.);
#510 = CARTESIAN_POINT('',(-12.44874784974,50.72353463144));
#511 = CARTESIAN_POINT('',(-12.40844777475,51.471857538658));
#512 = CARTESIAN_POINT('',(-12.36488531061,52.219738293569));
#513 = CARTESIAN_POINT('',(-12.31804175786,52.967135999934));
#514 = CARTESIAN_POINT('',(-12.21977244418,54.43065375099));
#515 = CARTESIAN_POINT('',(-12.16860875918,55.146815673125));
#516 = CARTESIAN_POINT('',(-12.11437973871,55.862450298433));
#517 = CARTESIAN_POINT('',(-12.05705795175,56.577512114931));
#518 = ( GEOMETRIC_REPRESENTATION_CONTEXT(2) 
PARAMETRIC_REPRESENTATION_CONTEXT() REPRESENTATION_CONTEXT('2D SPACE',''
  ) );
#519 = PCURVE('',#520,#527);
#520 = B_SPLINE_SURFACE_WITH_KNOTS('',1,2,(
    (#521,#522,#523)
    ,(#524,#525,#526
    )),.UNSPECIFIED.,.F.,.F.,.F.,(2,2),(3,3),(4.,5.),(0.,1.),
  .PIECEWISE_BEZIER_KNOTS.);
#521 = CARTESIAN_POINT('',(59.256868683803,-1.914695843099,
    77.252304209735));
#522 = CARTESIAN_POINT('',(85.822309483447,5.071106880124,
    76.421065110154));
#523 = CARTESIAN_POINT('',(109.5317595686,10.766420092204,
    77.434111547357));
#524 = CARTESIAN_POINT('',(59.059631400183,-0.416529934858,
    77.473369727142));
#525 = CARTESIAN_POINT('',(85.666520813325,6.254439311918,
    77.056354542386));
#526 = CARTESIAN_POINT('',(109.43021625248,11.537718153218,
    78.169663996046));
#527 = DEFINITIONAL_REPRESENTATION('',(#528),#537);
#528 = B_SPLINE_CURVE_WITH_KNOTS('',4,(#529,#530,#531,#532,#533,#534,
    #535,#536),.UNSPECIFIED.,.F.,.F.,(5,3,5),(0.,0.510324471796,1.),
  .UNSPECIFIED.);
#529 = CARTESIAN_POINT('',(5.,3.132163452122E-02));
#530 = CARTESIAN_POINT('',(4.877520192374,4.498196634755E-02));
#531 = CARTESIAN_POINT('',(4.75341467664,5.866171309809E-02));
#532 = CARTESIAN_POINT('',(4.627604219669,7.23603043492E-02));
#533 = CARTESIAN_POINT('',(4.377558522981,9.923881617573E-02));
#534 = CARTESIAN_POINT('',(4.253465487047,0.112417295013));
#535 = CARTESIAN_POINT('',(4.127642011078,0.125611908569));
#536 = CARTESIAN_POINT('',(4.,0.138821953131));
#537 = ( GEOMETRIC_REPRESENTATION_CONTEXT(2) 
PARAMETRIC_REPRESENTATION_CONTEXT() REPRESENTATION_CONTEXT('2D SPACE',''
  ) );
#538 = ORIENTED_EDGE('',*,*,#539,.T.);
#539 = EDGE_CURVE('',#495,#540,#542,.T.);
#540 = VERTEX_POINT('',#541);
#541 = CARTESIAN_POINT('',(71.106363233671,-2.22044604925E-16,
    76.789691965427));
#542 = SURFACE_CURVE('',#543,(#552,#564),.PCURVE_S1.);
#543 = B_SPLINE_CURVE_WITH_KNOTS('',4,(#544,#545,#546,#547,#548,#549,
    #550,#551),.UNSPECIFIED.,.F.,.F.,(5,3,5),(0.,0.507587870899,1.),
  .UNSPECIFIED.);
#544 = CARTESIAN_POINT('',(66.577562114931,0.,77.057057951755));
#545 = CARTESIAN_POINT('',(67.153409711392,0.,77.029217124201));
#546 = CARTESIAN_POINT('',(67.728902136919,0.,76.999324719572));
#547 = CARTESIAN_POINT('',(68.304013164791,0.,76.967375830355));
#548 = CARTESIAN_POINT('',(69.436232457532,0.,76.900366638602));
#549 = CARTESIAN_POINT('',(69.993364864675,0.,76.865427911316));
#550 = CARTESIAN_POINT('',(70.550084831991,0.,76.8285395842));
#551 = CARTESIAN_POINT('',(71.106363233671,0.,76.789691965427));
#552 = PCURVE('',#128,#553);
#553 = DEFINITIONAL_REPRESENTATION('',(#554),#563);
#554 = B_SPLINE_CURVE_WITH_KNOTS('',4,(#555,#556,#557,#558,#559,#560,
    #561,#562),.UNSPECIFIED.,.F.,.F.,(5,3,5),(0.,0.507587870899,1.),
  .UNSPECIFIED.);
#555 = CARTESIAN_POINT('',(-12.05705795175,56.577512114931));
#556 = CARTESIAN_POINT('',(-12.0292171242,57.153359711392));
#557 = CARTESIAN_POINT('',(-11.99932471957,57.728852136919));
#558 = CARTESIAN_POINT('',(-11.96737583035,58.303963164791));
#559 = CARTESIAN_POINT('',(-11.9003666386,59.436182457532));
#560 = CARTESIAN_POINT('',(-11.86542791131,59.993314864675));
#561 = CARTESIAN_POINT('',(-11.8285395842,60.550034831991));
#562 = CARTESIAN_POINT('',(-11.78969196542,61.106313233671));
#563 = ( GEOMETRIC_REPRESENTATION_CONTEXT(2) 
PARAMETRIC_REPRESENTATION_CONTEXT() REPRESENTATION_CONTEXT('2D SPACE',''
  ) );
#564 = PCURVE('',#565,#572);
#565 = B_SPLINE_SURFACE_WITH_KNOTS('',1,2,(
    (#566,#567,#568)
    ,(#569,#570,#571
    )),.UNSPECIFIED.,.F.,.F.,.F.,(2,2),(3,3),(3.,4.),(0.,1.),
  .PIECEWISE_BEZIER_KNOTS.);
#566 = CARTESIAN_POINT('',(59.420024419224,-3.153986691434,
    77.227722067914));
#567 = CARTESIAN_POINT('',(85.95658101484,4.051213343328,76.01083222372)
  );
#568 = CARTESIAN_POINT('',(109.62051654261,10.092243941807,
    76.895857415592));
#569 = CARTESIAN_POINT('',(59.256868683803,-1.914695843099,
    77.252304209735));
#570 = CARTESIAN_POINT('',(85.822309483447,5.071106880124,
    76.421065110154));
#571 = CARTESIAN_POINT('',(109.5317595686,10.766420092204,
    77.434111547357));
#572 = DEFINITIONAL_REPRESENTATION('',(#573),#582);
#573 = B_SPLINE_CURVE_WITH_KNOTS('',4,(#574,#575,#576,#577,#578,#579,
    #580,#581),.UNSPECIFIED.,.F.,.F.,(5,3,5),(0.,0.507587870899,1.),
  .UNSPECIFIED.);
#574 = CARTESIAN_POINT('',(4.,0.138821953131));
#575 = CARTESIAN_POINT('',(3.876846715547,0.14946015564));
#576 = CARTESIAN_POINT('',(3.752497430598,0.160108666839));
#577 = CARTESIAN_POINT('',(3.626900616394,0.170767075921));
#578 = CARTESIAN_POINT('',(3.376893235013,0.191783810162));
#579 = CARTESIAN_POINT('',(3.252559456705,0.202141579406));
#580 = CARTESIAN_POINT('',(3.12694710188,0.212507796255));
#581 = CARTESIAN_POINT('',(3.,0.222881973605));
#582 = ( GEOMETRIC_REPRESENTATION_CONTEXT(2) 
PARAMETRIC_REPRESENTATION_CONTEXT() REPRESENTATION_CONTEXT('2D SPACE',''
  ) );
#583 = ORIENTED_EDGE('',*,*,#584,.T.);
#584 = EDGE_CURVE('',#540,#585,#587,.T.);
#585 = VERTEX_POINT('',#586);
#586 = CARTESIAN_POINT('',(74.420883937317,-1.110223024625E-15,
    76.671164508774));
#587 = SURFACE_CURVE('',#588,(#594,#603),.PCURVE_S1.);
#588 = B_SPLINE_CURVE_WITH_KNOTS('',4,(#589,#590,#591,#592,#593),
  .UNSPECIFIED.,.F.,.F.,(5,5),(0.,1.),.PIECEWISE_BEZIER_KNOTS.);
#589 = CARTESIAN_POINT('',(71.106363233671,0.,76.789691965427));
#590 = CARTESIAN_POINT('',(71.936643191748,0.,76.766976561336));
#591 = CARTESIAN_POINT('',(72.765908125893,0.,76.739645083571));
#592 = CARTESIAN_POINT('',(73.594035533534,0.,76.707709107014));
#593 = CARTESIAN_POINT('',(74.420883937317,0.,76.671164508774));
#594 = PCURVE('',#128,#595);
#595 = DEFINITIONAL_REPRESENTATION('',(#596),#602);
#596 = B_SPLINE_CURVE_WITH_KNOTS('',4,(#597,#598,#599,#600,#601),
  .UNSPECIFIED.,.F.,.F.,(5,5),(0.,1.),.PIECEWISE_BEZIER_KNOTS.);
#597 = CARTESIAN_POINT('',(-11.78969196542,61.106313233671));
#598 = CARTESIAN_POINT('',(-11.76697656133,61.936593191748));
#599 = CARTESIAN_POINT('',(-11.73964508357,62.765858125893));
#600 = CARTESIAN_POINT('',(-11.70770910701,63.593985533534));
#601 = CARTESIAN_POINT('',(-11.67116450877,64.420833937317));
#602 = ( GEOMETRIC_REPRESENTATION_CONTEXT(2) 
PARAMETRIC_REPRESENTATION_CONTEXT() REPRESENTATION_CONTEXT('2D SPACE',''
  ) );
#603 = PCURVE('',#604,#611);
#604 = B_SPLINE_SURFACE_WITH_KNOTS('',1,2,(
    (#605,#606,#607)
    ,(#608,#609,#610
    )),.UNSPECIFIED.,.F.,.F.,.F.,(2,2),(3,3),(2.,3.),(0.,1.),
  .PIECEWISE_BEZIER_KNOTS.);
#605 = CARTESIAN_POINT('',(59.543645703537,-4.092983570178,
    77.369829758116));
#606 = CARTESIAN_POINT('',(86.064030782019,3.235051332362,
    75.817065819741));
#607 = CARTESIAN_POINT('',(109.69267587802,9.544139373083,
    76.557348497402));
#608 = CARTESIAN_POINT('',(59.420024419224,-3.153986691434,
    77.227722067914));
#609 = CARTESIAN_POINT('',(85.95658101484,4.051213343328,76.01083222372)
  );
#610 = CARTESIAN_POINT('',(109.62051654261,10.092243941807,
    76.895857415592));
#611 = DEFINITIONAL_REPRESENTATION('',(#612),#618);
#612 = B_SPLINE_CURVE_WITH_KNOTS('',4,(#613,#614,#615,#616,#617),
  .UNSPECIFIED.,.F.,.F.,(5,5),(0.,1.),.PIECEWISE_BEZIER_KNOTS.);
#613 = CARTESIAN_POINT('',(3.,0.222881973605));
#614 = CARTESIAN_POINT('',(2.754743451157,0.238366075647));
#615 = CARTESIAN_POINT('',(2.506479681979,0.253867327033));
#616 = CARTESIAN_POINT('',(2.254983121578,0.269383624516));
#617 = CARTESIAN_POINT('',(2.,0.284912445189));
#618 = ( GEOMETRIC_REPRESENTATION_CONTEXT(2) 
PARAMETRIC_REPRESENTATION_CONTEXT() REPRESENTATION_CONTEXT('2D SPACE',''
  ) );
#619 = ORIENTED_EDGE('',*,*,#620,.T.);
#620 = EDGE_CURVE('',#585,#621,#623,.T.);
#621 = VERTEX_POINT('',#622);
#622 = CARTESIAN_POINT('',(76.603056159611,4.440892098501E-16,
    76.719166335811));
#623 = SURFACE_CURVE('',#624,(#630,#639),.PCURVE_S1.);
#624 = B_SPLINE_CURVE_WITH_KNOTS('',4,(#625,#626,#627,#628,#629),
  .UNSPECIFIED.,.F.,.F.,(5,5),(0.,1.),.PIECEWISE_BEZIER_KNOTS.);
#625 = CARTESIAN_POINT('',(74.420883937317,0.,76.671164508774));
#626 = CARTESIAN_POINT('',(74.967304005409,0.,76.686719850639));
#627 = CARTESIAN_POINT('',(75.513185673415,0.,76.69988959104));
#628 = CARTESIAN_POINT('',(76.058460729554,0.,76.710698199716));
#629 = CARTESIAN_POINT('',(76.603056159611,0.,76.719166335811));
#630 = PCURVE('',#128,#631);
#631 = DEFINITIONAL_REPRESENTATION('',(#632),#638);
#632 = B_SPLINE_CURVE_WITH_KNOTS('',4,(#633,#634,#635,#636,#637),
  .UNSPECIFIED.,.F.,.F.,(5,5),(0.,1.),.PIECEWISE_BEZIER_KNOTS.);
#633 = CARTESIAN_POINT('',(-11.67116450877,64.420833937317));
#634 = CARTESIAN_POINT('',(-11.68671985063,64.967254005409));
#635 = CARTESIAN_POINT('',(-11.69988959104,65.513135673415));
#636 = CARTESIAN_POINT('',(-11.71069819971,66.058410729554));
#637 = CARTESIAN_POINT('',(-11.71916633581,66.603006159611));
#638 = ( GEOMETRIC_REPRESENTATION_CONTEXT(2) 
PARAMETRIC_REPRESENTATION_CONTEXT() REPRESENTATION_CONTEXT('2D SPACE',''
  ) );
#639 = PCURVE('',#640,#647);
#640 = B_SPLINE_SURFACE_WITH_KNOTS('',1,2,(
    (#641,#642,#643)
    ,(#644,#645,#646
    )),.UNSPECIFIED.,.F.,.F.,.F.,(2,2),(3,3),(1.,2.),(0.,1.),
  .PIECEWISE_BEZIER_KNOTS.);
#641 = CARTESIAN_POINT('',(59.624139094568,-4.70439157615,
    77.651169122698));
#642 = CARTESIAN_POINT('',(86.140787645248,2.652025072815,
    75.828602975567));
#643 = CARTESIAN_POINT('',(109.74535186975,9.144025492292,
    76.417606452633));
#644 = CARTESIAN_POINT('',(59.543645703537,-4.092983570178,
    77.369829758116));
#645 = CARTESIAN_POINT('',(86.064030782019,3.235051332362,
    75.817065819741));
#646 = CARTESIAN_POINT('',(109.69267587802,9.544139373083,
    76.557348497402));
#647 = DEFINITIONAL_REPRESENTATION('',(#648),#654);
#648 = B_SPLINE_CURVE_WITH_KNOTS('',4,(#649,#650,#651,#652,#653),
  .UNSPECIFIED.,.F.,.F.,(5,5),(0.,1.),.PIECEWISE_BEZIER_KNOTS.);
#649 = CARTESIAN_POINT('',(2.,0.284912445189));
#650 = CARTESIAN_POINT('',(1.752107776977,0.295174615632));
#651 = CARTESIAN_POINT('',(1.5028793776,0.305442633727));
#652 = CARTESIAN_POINT('',(1.252212687909,0.315715259609));
#653 = CARTESIAN_POINT('',(1.,0.325991138764));
#654 = ( GEOMETRIC_REPRESENTATION_CONTEXT(2) 
PARAMETRIC_REPRESENTATION_CONTEXT() REPRESENTATION_CONTEXT('2D SPACE',''
  ) );
#655 = ORIENTED_EDGE('',*,*,#656,.T.);
#656 = EDGE_CURVE('',#621,#657,#659,.T.);
#657 = VERTEX_POINT('',#658);
#658 = CARTESIAN_POINT('',(77.711197890455,-2.22044604925E-16,
    76.947593722696));
#659 = SURFACE_CURVE('',#660,(#666,#675),.PCURVE_S1.);
#660 = B_SPLINE_CURVE_WITH_KNOTS('',4,(#661,#662,#663,#664,#665),
  .UNSPECIFIED.,.F.,.F.,(5,5),(0.,1.),.PIECEWISE_BEZIER_KNOTS.);
#661 = CARTESIAN_POINT('',(76.603056159611,0.,76.719166335811));
#662 = CARTESIAN_POINT('',(76.879729699826,0.,76.777917419519));
#663 = CARTESIAN_POINT('',(77.156666688216,0.,76.83556546662));
#664 = CARTESIAN_POINT('',(77.433833904227,0.,76.892120751474));
#665 = CARTESIAN_POINT('',(77.711197890455,0.,76.947593722696));
#666 = PCURVE('',#128,#667);
#667 = DEFINITIONAL_REPRESENTATION('',(#668),#674);
#668 = B_SPLINE_CURVE_WITH_KNOTS('',4,(#669,#670,#671,#672,#673),
  .UNSPECIFIED.,.F.,.F.,(5,5),(0.,1.),.PIECEWISE_BEZIER_KNOTS.);
#669 = CARTESIAN_POINT('',(-11.71916633581,66.603006159611));
#670 = CARTESIAN_POINT('',(-11.77791741951,66.879679699826));
#671 = CARTESIAN_POINT('',(-11.83556546662,67.156616688216));
#672 = CARTESIAN_POINT('',(-11.89212075147,67.433783904227));
#673 = CARTESIAN_POINT('',(-11.94759372269,67.711147890455));
#674 = ( GEOMETRIC_REPRESENTATION_CONTEXT(2) 
PARAMETRIC_REPRESENTATION_CONTEXT() REPRESENTATION_CONTEXT('2D SPACE',''
  ) );
#675 = PCURVE('',#676,#683);
#676 = B_SPLINE_SURFACE_WITH_KNOTS('',1,2,(
    (#677,#678,#679)
    ,(#680,#681,#682
    )),.UNSPECIFIED.,.F.,.F.,.F.,(2,2),(3,3),(0.,1.),(0.,1.),
  .PIECEWISE_BEZIER_KNOTS.);
#677 = CARTESIAN_POINT('',(59.659911722529,-4.976111662109,
    78.051211036502));
#678 = CARTESIAN_POINT('',(86.184705079853,2.31843903829,76.034699393759
    ));
#679 = CARTESIAN_POINT('',(109.77682880832,8.90493440665,76.473720558371
    ));
#680 = CARTESIAN_POINT('',(59.624139094568,-4.70439157615,
    77.651169122698));
#681 = CARTESIAN_POINT('',(86.140787645248,2.652025072815,
    75.828602975567));
#682 = CARTESIAN_POINT('',(109.74535186975,9.144025492292,
    76.417606452633));
#683 = DEFINITIONAL_REPRESENTATION('',(#684),#690);
#684 = B_SPLINE_CURVE_WITH_KNOTS('',4,(#685,#686,#687,#688,#689),
  .UNSPECIFIED.,.F.,.F.,(5,5),(0.,1.),.PIECEWISE_BEZIER_KNOTS.);
#685 = CARTESIAN_POINT('',(1.,0.325991138764));
#686 = CARTESIAN_POINT('',(0.749978085551,0.331211645047));
#687 = CARTESIAN_POINT('',(0.49998870015,0.336441271748));
#688 = CARTESIAN_POINT('',(0.250005192668,0.341679424672));
#689 = CARTESIAN_POINT('',(0.,0.346925499568));
#690 = ( GEOMETRIC_REPRESENTATION_CONTEXT(2) 
PARAMETRIC_REPRESENTATION_CONTEXT() REPRESENTATION_CONTEXT('2D SPACE',''
  ) );
#691 = ORIENTED_EDGE('',*,*,#692,.T.);
#692 = EDGE_CURVE('',#657,#693,#695,.T.);
#693 = VERTEX_POINT('',#694);
#694 = CARTESIAN_POINT('',(77.743842407399,6.661338147751E-16,
    77.348023229317));
#695 = SURFACE_CURVE('',#696,(#702,#711),.PCURVE_S1.);
#696 = B_SPLINE_CURVE_WITH_KNOTS('',4,(#697,#698,#699,#700,#701),
  .UNSPECIFIED.,.F.,.F.,(5,5),(0.,1.),.PIECEWISE_BEZIER_KNOTS.);
#697 = CARTESIAN_POINT('',(77.711197890455,0.,76.947593722696));
#698 = CARTESIAN_POINT('',(77.719254486381,0.,77.047736840228));
#699 = CARTESIAN_POINT('',(77.727379907886,0.,77.14785644331));
#700 = CARTESIAN_POINT('',(77.7355754342,0.,77.247952068841));
#701 = CARTESIAN_POINT('',(77.743842407399,0.,77.348023229317));
#702 = PCURVE('',#128,#703);
#703 = DEFINITIONAL_REPRESENTATION('',(#704),#710);
#704 = B_SPLINE_CURVE_WITH_KNOTS('',4,(#705,#706,#707,#708,#709),
  .UNSPECIFIED.,.F.,.F.,(5,5),(0.,1.),.PIECEWISE_BEZIER_KNOTS.);
#705 = CARTESIAN_POINT('',(-11.94759372269,67.711147890455));
#706 = CARTESIAN_POINT('',(-12.04773684022,67.719204486381));
#707 = CARTESIAN_POINT('',(-12.14785644331,67.727329907886));
#708 = CARTESIAN_POINT('',(-12.24795206884,67.7355254342));
#709 = CARTESIAN_POINT('',(-12.34802322931,67.743792407399));
#710 = ( GEOMETRIC_REPRESENTATION_CONTEXT(2) 
PARAMETRIC_REPRESENTATION_CONTEXT() REPRESENTATION_CONTEXT('2D SPACE',''
  ) );
#711 = PCURVE('',#712,#719);
#712 = B_SPLINE_SURFACE_WITH_KNOTS('',1,2,(
    (#713,#714,#715)
    ,(#716,#717,#718
    )),.UNSPECIFIED.,.F.,.F.,.F.,(2,2),(3,3),(41.,42.),(0.,1.),
  .PIECEWISE_BEZIER_KNOTS.);
#713 = CARTESIAN_POINT('',(59.650538858441,-4.904917691159,
    78.53005407253));
#714 = CARTESIAN_POINT('',(86.193754237485,2.249703861989,
    76.407843678799));
#715 = CARTESIAN_POINT('',(109.78537361723,8.84003013923,76.712135192076
    ));
#716 = CARTESIAN_POINT('',(59.659911722529,-4.976111662109,
    78.051211036502));
#717 = CARTESIAN_POINT('',(86.184705079853,2.31843903829,76.034699393759
    ));
#718 = CARTESIAN_POINT('',(109.77682880832,8.90493440665,76.473720558371
    ));
#719 = DEFINITIONAL_REPRESENTATION('',(#720),#726);
#720 = B_SPLINE_CURVE_WITH_KNOTS('',4,(#721,#722,#723,#724,#725),
  .UNSPECIFIED.,.F.,.F.,(5,5),(0.,1.),.PIECEWISE_BEZIER_KNOTS.);
#721 = CARTESIAN_POINT('',(42.,0.346925499568));
#722 = CARTESIAN_POINT('',(41.75001091437,0.347077882385));
#723 = CARTESIAN_POINT('',(41.500014627989,0.347231570516));
#724 = CARTESIAN_POINT('',(41.250011028605,0.347386588293));
#725 = CARTESIAN_POINT('',(41.,0.347542961248));
#726 = ( GEOMETRIC_REPRESENTATION_CONTEXT(2) 
PARAMETRIC_REPRESENTATION_CONTEXT() REPRESENTATION_CONTEXT('2D SPACE',''
  ) );
#727 = ORIENTED_EDGE('',*,*,#728,.T.);
#728 = EDGE_CURVE('',#693,#729,#731,.T.);
#729 = VERTEX_POINT('',#730);
#730 = CARTESIAN_POINT('',(76.666729463075,-2.22044604925E-16,
    77.907910826699));
#731 = SURFACE_CURVE('',#732,(#738,#747),.PCURVE_S1.);
#732 = B_SPLINE_CURVE_WITH_KNOTS('',4,(#733,#734,#735,#736,#737),
  .UNSPECIFIED.,.F.,.F.,(5,5),(0.,1.),.PIECEWISE_BEZIER_KNOTS.);
#733 = CARTESIAN_POINT('',(77.743842407399,0.,77.348023229317));
#734 = CARTESIAN_POINT('',(77.477797428813,0.,77.48870539619));
#735 = CARTESIAN_POINT('',(77.209596694998,0.,77.628930941333));
#736 = CARTESIAN_POINT('',(76.939239457107,0.,77.768674582833));
#737 = CARTESIAN_POINT('',(76.666729463075,0.,77.907910826699));
#738 = PCURVE('',#128,#739);
#739 = DEFINITIONAL_REPRESENTATION('',(#740),#746);
#740 = B_SPLINE_CURVE_WITH_KNOTS('',4,(#741,#742,#743,#744,#745),
  .UNSPECIFIED.,.F.,.F.,(5,5),(0.,1.),.PIECEWISE_BEZIER_KNOTS.);
#741 = CARTESIAN_POINT('',(-12.34802322931,67.743792407399));
#742 = CARTESIAN_POINT('',(-12.48870539619,67.477747428813));
#743 = CARTESIAN_POINT('',(-12.62893094133,67.209546694998));
#744 = CARTESIAN_POINT('',(-12.76867458283,66.939189457107));
#745 = CARTESIAN_POINT('',(-12.90791082669,66.666679463075));
#746 = ( GEOMETRIC_REPRESENTATION_CONTEXT(2) 
PARAMETRIC_REPRESENTATION_CONTEXT() REPRESENTATION_CONTEXT('2D SPACE',''
  ) );
#747 = PCURVE('',#748,#755);
#748 = B_SPLINE_SURFACE_WITH_KNOTS('',1,2,(
    (#749,#750,#751)
    ,(#752,#753,#754
    )),.UNSPECIFIED.,.F.,.F.,.F.,(2,2),(3,3),(40.,41.),(0.,1.),
  .PIECEWISE_BEZIER_KNOTS.);
#749 = CARTESIAN_POINT('',(59.597274939236,-4.500338057804,
    79.054259607658));
#750 = CARTESIAN_POINT('',(86.1674153936,2.449767243758,76.921418935889)
  );
#751 = CARTESIAN_POINT('',(109.77033962384,8.954224656375,
    77.117761995817));
#752 = CARTESIAN_POINT('',(59.650538858441,-4.904917691159,
    78.53005407253));
#753 = CARTESIAN_POINT('',(86.193754237485,2.249703861989,
    76.407843678799));
#754 = CARTESIAN_POINT('',(109.78537361723,8.84003013923,76.712135192076
    ));
#755 = DEFINITIONAL_REPRESENTATION('',(#756),#762);
#756 = B_SPLINE_CURVE_WITH_KNOTS('',4,(#757,#758,#759,#760,#761),
  .UNSPECIFIED.,.F.,.F.,(5,5),(0.,1.),.PIECEWISE_BEZIER_KNOTS.);
#757 = CARTESIAN_POINT('',(41.,0.347542961248));
#758 = CARTESIAN_POINT('',(40.746940967397,0.342510618901));
#759 = CARTESIAN_POINT('',(40.495895187492,0.337441364848));
#760 = CARTESIAN_POINT('',(40.246902260331,0.332335312609));
#761 = CARTESIAN_POINT('',(40.,0.327192661994));
#762 = ( GEOMETRIC_REPRESENTATION_CONTEXT(2) 
PARAMETRIC_REPRESENTATION_CONTEXT() REPRESENTATION_CONTEXT('2D SPACE',''
  ) );
#763 = ORIENTED_EDGE('',*,*,#764,.T.);
#764 = EDGE_CURVE('',#729,#765,#767,.T.);
#765 = VERTEX_POINT('',#766);
#766 = CARTESIAN_POINT('',(74.440787658381,0.,78.626036009329));
#767 = SURFACE_CURVE('',#768,(#774,#783),.PCURVE_S1.);
#768 = B_SPLINE_CURVE_WITH_KNOTS('',4,(#769,#770,#771,#772,#773),
  .UNSPECIFIED.,.F.,.F.,(5,5),(0.,1.),.PIECEWISE_BEZIER_KNOTS.);
#769 = CARTESIAN_POINT('',(76.666729463075,0.,77.907910826699));
#770 = CARTESIAN_POINT('',(76.11465316213,0.,78.091125526742));
#771 = CARTESIAN_POINT('',(75.559554300023,0.,78.271894349649));
#772 = CARTESIAN_POINT('',(75.001558092301,0.,78.450200159342));
#773 = CARTESIAN_POINT('',(74.440787658381,0.,78.626036009329));
#774 = PCURVE('',#128,#775);
#775 = DEFINITIONAL_REPRESENTATION('',(#776),#782);
#776 = B_SPLINE_CURVE_WITH_KNOTS('',4,(#777,#778,#779,#780,#781),
  .UNSPECIFIED.,.F.,.F.,(5,5),(0.,1.),.PIECEWISE_BEZIER_KNOTS.);
#777 = CARTESIAN_POINT('',(-12.90791082669,66.666679463075));
#778 = CARTESIAN_POINT('',(-13.09112552674,66.11460316213));
#779 = CARTESIAN_POINT('',(-13.27189434964,65.559504300023));
#780 = CARTESIAN_POINT('',(-13.45020015934,65.001508092301));
#781 = CARTESIAN_POINT('',(-13.62603600932,64.440737658381));
#782 = ( GEOMETRIC_REPRESENTATION_CONTEXT(2) 
PARAMETRIC_REPRESENTATION_CONTEXT() REPRESENTATION_CONTEXT('2D SPACE',''
  ) );
#783 = PCURVE('',#784,#791);
#784 = B_SPLINE_SURFACE_WITH_KNOTS('',1,2,(
    (#785,#786,#787)
    ,(#788,#789,#790
    )),.UNSPECIFIED.,.F.,.F.,.F.,(2,2),(3,3),(39.,40.),(0.,1.),
  .PIECEWISE_BEZIER_KNOTS.);
#785 = CARTESIAN_POINT('',(59.50346748931,-3.787799734225,
    79.621811902299));
#786 = CARTESIAN_POINT('',(86.107970799995,2.901293760113,
    77.566933341098));
#787 = CARTESIAN_POINT('',(109.73319504717,9.236365727385,
    77.682900628505));
#788 = CARTESIAN_POINT('',(59.597274939236,-4.500338057804,
    79.054259607658));
#789 = CARTESIAN_POINT('',(86.1674153936,2.449767243758,76.921418935889)
  );
#790 = CARTESIAN_POINT('',(109.77033962384,8.954224656375,
    77.117761995817));
#791 = DEFINITIONAL_REPRESENTATION('',(#792),#798);
#792 = B_SPLINE_CURVE_WITH_KNOTS('',4,(#793,#794,#795,#796,#797),
  .UNSPECIFIED.,.F.,.F.,(5,5),(0.,1.),.PIECEWISE_BEZIER_KNOTS.);
#793 = CARTESIAN_POINT('',(40.,0.327192661994));
#794 = CARTESIAN_POINT('',(39.742939325898,0.316774198118));
#795 = CARTESIAN_POINT('',(39.490628411216,0.30631522273));
#796 = CARTESIAN_POINT('',(39.24300606688,0.295818387971));
#797 = CARTESIAN_POINT('',(39.,0.285286259639));
#798 = ( GEOMETRIC_REPRESENTATION_CONTEXT(2) 
PARAMETRIC_REPRESENTATION_CONTEXT() REPRESENTATION_CONTEXT('2D SPACE',''
  ) );
#799 = ORIENTED_EDGE('',*,*,#800,.T.);
#800 = EDGE_CURVE('',#765,#801,#803,.T.);
#801 = VERTEX_POINT('',#802);
#802 = CARTESIAN_POINT('',(70.981146209537,2.22044604925E-16,
    79.491556933486));
#803 = SURFACE_CURVE('',#804,(#813,#825),.PCURVE_S1.);
#804 = B_SPLINE_CURVE_WITH_KNOTS('',4,(#805,#806,#807,#808,#809,#810,
    #811,#812),.UNSPECIFIED.,.F.,.F.,(5,3,5),(0.,0.489602929973,1.),
  .UNSPECIFIED.);
#805 = CARTESIAN_POINT('',(74.440787658381,0.,78.626036009329));
#806 = CARTESIAN_POINT('',(74.01985936024,0.,78.735987113383));
#807 = CARTESIAN_POINT('',(73.59806037642,0.,78.844613356391));
#808 = CARTESIAN_POINT('',(73.175423687862,0.,78.951925901647));
#809 = CARTESIAN_POINT('',(72.310552459435,0.,79.168449984875));
#810 = CARTESIAN_POINT('',(71.868247937109,0.,79.277548596277));
#811 = CARTESIAN_POINT('',(71.425101643655,0.,79.385246131769));
#812 = CARTESIAN_POINT('',(70.981146209537,0.,79.491556933486));
#813 = PCURVE('',#128,#814);
#814 = DEFINITIONAL_REPRESENTATION('',(#815),#824);
#815 = B_SPLINE_CURVE_WITH_KNOTS('',4,(#816,#817,#818,#819,#820,#821,
    #822,#823),.UNSPECIFIED.,.F.,.F.,(5,3,5),(0.,0.489602929973,1.),
  .UNSPECIFIED.);
#816 = CARTESIAN_POINT('',(-13.62603600932,64.440737658381));
#817 = CARTESIAN_POINT('',(-13.73598711338,64.01980936024));
#818 = CARTESIAN_POINT('',(-13.84461335639,63.59801037642));
#819 = CARTESIAN_POINT('',(-13.95192590164,63.175373687862));
#820 = CARTESIAN_POINT('',(-14.16844998487,62.310502459435));
#821 = CARTESIAN_POINT('',(-14.27754859627,61.868197937109));
#822 = CARTESIAN_POINT('',(-14.38524613176,61.425051643655));
#823 = CARTESIAN_POINT('',(-14.49155693348,60.981096209537));
#824 = ( GEOMETRIC_REPRESENTATION_CONTEXT(2) 
PARAMETRIC_REPRESENTATION_CONTEXT() REPRESENTATION_CONTEXT('2D SPACE',''
  ) );
#825 = PCURVE('',#826,#833);
#826 = B_SPLINE_SURFACE_WITH_KNOTS('',1,2,(
    (#827,#828,#829)
    ,(#830,#831,#832
    )),.UNSPECIFIED.,.F.,.F.,.F.,(2,2),(3,3),(38.,39.),(0.,1.),
  .PIECEWISE_BEZIER_KNOTS.);
#827 = CARTESIAN_POINT('',(59.373440842553,-2.800149297355,
    80.233276156684));
#828 = CARTESIAN_POINT('',(86.018609928858,3.580056964562,
    78.335587483935));
#829 = CARTESIAN_POINT('',(109.67611600037,9.669924131841,78.39797633883
    ));
#830 = CARTESIAN_POINT('',(59.50346748931,-3.787799734225,
    79.621811902299));
#831 = CARTESIAN_POINT('',(86.107970799995,2.901293760113,
    77.566933341098));
#832 = CARTESIAN_POINT('',(109.73319504717,9.236365727385,
    77.682900628505));
#833 = DEFINITIONAL_REPRESENTATION('',(#834),#843);
#834 = B_SPLINE_CURVE_WITH_KNOTS('',4,(#835,#836,#837,#838,#839,#840,
    #841,#842),.UNSPECIFIED.,.F.,.F.,(5,3,5),(0.,0.489602929973,1.),
  .UNSPECIFIED.);
#835 = CARTESIAN_POINT('',(39.,0.285286259639));
#836 = CARTESIAN_POINT('',(38.872437050454,0.277380580975));
#837 = CARTESIAN_POINT('',(38.746605656151,0.269468021275));
#838 = CARTESIAN_POINT('',(38.622471327142,0.26154923699));
#839 = CARTESIAN_POINT('',(38.372327315441,0.245363875651));
#840 = CARTESIAN_POINT('',(38.246461906793,0.237096811544));
#841 = CARTESIAN_POINT('',(38.122365368202,0.228824333685));
#842 = CARTESIAN_POINT('',(38.,0.22054707713));
#843 = ( GEOMETRIC_REPRESENTATION_CONTEXT(2) 
PARAMETRIC_REPRESENTATION_CONTEXT() REPRESENTATION_CONTEXT('2D SPACE',''
  ) );
#844 = ORIENTED_EDGE('',*,*,#845,.T.);
#845 = EDGE_CURVE('',#801,#846,#848,.T.);
#846 = VERTEX_POINT('',#847);
#847 = CARTESIAN_POINT('',(66.151363886592,-5.551115123126E-16,
    80.483496447863));
#848 = SURFACE_CURVE('',#849,(#858,#870),.PCURVE_S1.);
#849 = B_SPLINE_CURVE_WITH_KNOTS('',4,(#850,#851,#852,#853,#854,#855,
    #856,#857),.UNSPECIFIED.,.F.,.F.,(5,3,5),(0.,0.570835290005,1.),
  .UNSPECIFIED.);
#850 = CARTESIAN_POINT('',(70.981146209537,0.,79.491556933486));
#851 = CARTESIAN_POINT('',(70.295281744064,0.,79.641343119576));
#852 = CARTESIAN_POINT('',(69.608030427583,0.,79.787923520782));
#853 = CARTESIAN_POINT('',(68.919480383328,0.,79.931362805333));
#854 = CARTESIAN_POINT('',(67.711126008055,0.,80.177250245856));
#855 = CARTESIAN_POINT('',(67.191852675406,0.,80.281036635357));
#856 = CARTESIAN_POINT('',(66.671922005439,0.,80.383109987697));
#857 = CARTESIAN_POINT('',(66.151363886592,0.,80.483496447863));
#858 = PCURVE('',#128,#859);
#859 = DEFINITIONAL_REPRESENTATION('',(#860),#869);
#860 = B_SPLINE_CURVE_WITH_KNOTS('',4,(#861,#862,#863,#864,#865,#866,
    #867,#868),.UNSPECIFIED.,.F.,.F.,(5,3,5),(0.,0.570835290005,1.),
  .UNSPECIFIED.);
#861 = CARTESIAN_POINT('',(-14.49155693348,60.981096209537));
#862 = CARTESIAN_POINT('',(-14.64134311957,60.295231744064));
#863 = CARTESIAN_POINT('',(-14.78792352078,59.607980427583));
#864 = CARTESIAN_POINT('',(-14.93136280533,58.919430383328));
#865 = CARTESIAN_POINT('',(-15.17725024585,57.711076008055));
#866 = CARTESIAN_POINT('',(-15.28103663535,57.191802675406));
#867 = CARTESIAN_POINT('',(-15.38310998769,56.671872005439));
#868 = CARTESIAN_POINT('',(-15.48349644786,56.151313886592));
#869 = ( GEOMETRIC_REPRESENTATION_CONTEXT(2) 
PARAMETRIC_REPRESENTATION_CONTEXT() REPRESENTATION_CONTEXT('2D SPACE',''
  ) );
#870 = PCURVE('',#871,#878);
#871 = B_SPLINE_SURFACE_WITH_KNOTS('',1,2,(
    (#872,#873,#874)
    ,(#875,#876,#877
    )),.UNSPECIFIED.,.F.,.F.,.F.,(2,2),(3,3),(37.,38.),(0.,1.),
  .PIECEWISE_BEZIER_KNOTS.);
#872 = CARTESIAN_POINT('',(59.212188420467,-1.575315549105,
    80.892431715524));
#873 = CARTESIAN_POINT('',(85.903266775311,4.456175197493,
    79.219337191392));
#874 = CARTESIAN_POINT('',(109.6018850105,10.23376447847,79.252195063727
    ));
#875 = CARTESIAN_POINT('',(59.373440842553,-2.800149297355,
    80.233276156684));
#876 = CARTESIAN_POINT('',(86.018609928858,3.580056964562,
    78.335587483935));
#877 = CARTESIAN_POINT('',(109.67611600037,9.669924131841,78.39797633883
    ));
#878 = DEFINITIONAL_REPRESENTATION('',(#879),#888);
#879 = B_SPLINE_CURVE_WITH_KNOTS('',4,(#880,#881,#882,#883,#884,#885,
    #886,#887),.UNSPECIFIED.,.F.,.F.,(5,3,5),(0.,0.570835290005,1.),
  .UNSPECIFIED.);
#880 = CARTESIAN_POINT('',(38.,0.22054707713));
#881 = CARTESIAN_POINT('',(37.849424354533,0.207759586074));
#882 = CARTESIAN_POINT('',(37.701977035521,0.194970838435));
#883 = CARTESIAN_POINT('',(37.557539160905,0.182182487419));
#884 = CARTESIAN_POINT('',(37.309588608602,0.159782794951));
#885 = CARTESIAN_POINT('',(37.204815558704,0.150170664501));
#886 = CARTESIAN_POINT('',(37.101634131548,0.140560164955));
#887 = CARTESIAN_POINT('',(37.,0.130951833883));
#888 = ( GEOMETRIC_REPRESENTATION_CONTEXT(2) 
PARAMETRIC_REPRESENTATION_CONTEXT() REPRESENTATION_CONTEXT('2D SPACE',''
  ) );
#889 = ORIENTED_EDGE('',*,*,#890,.T.);
#890 = EDGE_CURVE('',#846,#891,#893,.T.);
#891 = VERTEX_POINT('',#892);
#892 = CARTESIAN_POINT('',(60.,0.,81.53049782486));
#893 = SURFACE_CURVE('',#894,(#909,#927),.PCURVE_S1.);
#894 = B_SPLINE_CURVE_WITH_KNOTS('',4,(#895,#896,#897,#898,#899,#900,
    #901,#902,#903,#904,#905,#906,#907,#908),.UNSPECIFIED.,.F.,.F.,(5,3,
    3,3,5),(0.,0.237927897404,0.483620072204,0.737494646677,1.),
  .UNSPECIFIED.);
#895 = CARTESIAN_POINT('',(66.151363886592,0.,80.483496447863));
#896 = CARTESIAN_POINT('',(65.772390589532,0.,80.553444564335));
#897 = CARTESIAN_POINT('',(65.39314094613,0.,80.62251020077));
#898 = CARTESIAN_POINT('',(65.013624569855,0.,80.690703864153));
#899 = CARTESIAN_POINT('',(64.241683082882,0.,80.827564779899));
#900 = CARTESIAN_POINT('',(63.84924087489,0.,80.896174867053));
#901 = CARTESIAN_POINT('',(63.456533604341,0.,80.963877144097));
#902 = CARTESIAN_POINT('',(62.657520147548,0.,81.099712481609));
#903 = CARTESIAN_POINT('',(62.251196633074,0.,81.167784798841));
#904 = CARTESIAN_POINT('',(61.844609914256,0.,81.234911233468));
#905 = CARTESIAN_POINT('',(61.017097655787,0.,81.369545511291));
#906 = CARTESIAN_POINT('',(60.596154563614,0.,81.436988740269));
#907 = CARTESIAN_POINT('',(60.174950333017,0.,81.503445575088));
#908 = CARTESIAN_POINT('',(59.753494483447,0.,81.568928176721));
#909 = PCURVE('',#128,#910);
#910 = DEFINITIONAL_REPRESENTATION('',(#911),#926);
#911 = B_SPLINE_CURVE_WITH_KNOTS('',4,(#912,#913,#914,#915,#916,#917,
    #918,#919,#920,#921,#922,#923,#924,#925),.UNSPECIFIED.,.F.,.F.,(5,3,
    3,3,5),(0.,0.237927897404,0.483620072204,0.737494646677,1.),
  .UNSPECIFIED.);
#912 = CARTESIAN_POINT('',(-15.48349644786,56.151313886592));
#913 = CARTESIAN_POINT('',(-15.55344456433,55.772340589532));
#914 = CARTESIAN_POINT('',(-15.62251020077,55.39309094613));
#915 = CARTESIAN_POINT('',(-15.69070386415,55.013574569855));
#916 = CARTESIAN_POINT('',(-15.82756477989,54.241633082882));
#917 = CARTESIAN_POINT('',(-15.89617486705,53.84919087489));
#918 = CARTESIAN_POINT('',(-15.96387714409,53.456483604341));
#919 = CARTESIAN_POINT('',(-16.0997124816,52.657470147548));
#920 = CARTESIAN_POINT('',(-16.16778479884,52.251146633074));
#921 = CARTESIAN_POINT('',(-16.23491123346,51.844559914256));
#922 = CARTESIAN_POINT('',(-16.36954551129,51.017047655787));
#923 = CARTESIAN_POINT('',(-16.43698874026,50.596104563614));
#924 = CARTESIAN_POINT('',(-16.50344557508,50.174900333017));
#925 = CARTESIAN_POINT('',(-16.56892817672,49.753444483447));
#926 = ( GEOMETRIC_REPRESENTATION_CONTEXT(2) 
PARAMETRIC_REPRESENTATION_CONTEXT() REPRESENTATION_CONTEXT('2D SPACE',''
  ) );
#927 = PCURVE('',#928,#935);
#928 = B_SPLINE_SURFACE_WITH_KNOTS('',1,2,(
    (#929,#930,#931)
    ,(#932,#933,#934
    )),.UNSPECIFIED.,.F.,.F.,.F.,(2,2),(3,3),(36.,37.),(0.,1.),
  .PIECEWISE_BEZIER_KNOTS.);
#929 = CARTESIAN_POINT('',(59.025063507846,-0.153960724469,
    81.606693408074));
#930 = CARTESIAN_POINT('',(85.766448068625,5.495416451503,80.21169475512
    ));
#931 = CARTESIAN_POINT('',(109.51376805109,10.903079235339,
    80.234046305962));
#932 = CARTESIAN_POINT('',(59.212188420467,-1.575315549105,
    80.892431715524));
#933 = CARTESIAN_POINT('',(85.903266775311,4.456175197493,
    79.219337191392));
#934 = CARTESIAN_POINT('',(109.6018850105,10.23376447847,79.252195063727
    ));
#935 = DEFINITIONAL_REPRESENTATION('',(#936),#951);
#936 = B_SPLINE_CURVE_WITH_KNOTS('',4,(#937,#938,#939,#940,#941,#942,
    #943,#944,#945,#946,#947,#948,#949,#950),.UNSPECIFIED.,.F.,.F.,(5,3,
    3,3,5),(0.,0.237927897404,0.483620072204,0.737494646677,1.),
  .UNSPECIFIED.);
#937 = CARTESIAN_POINT('',(37.,0.130951833883));
#938 = CARTESIAN_POINT('',(36.936499307143,0.123956839907));
#939 = CARTESIAN_POINT('',(36.87367553977,0.116964032641));
#940 = CARTESIAN_POINT('',(36.811513872005,0.109973579253));
#941 = CARTESIAN_POINT('',(36.686479138664,9.576964851354E-02));
#942 = CARTESIAN_POINT('',(36.62364905349,8.855633748087E-02));
#943 = CARTESIAN_POINT('',(36.561494394124,8.134586733708E-02));
#944 = CARTESIAN_POINT('',(36.43645843416,6.669088075622E-02));
#945 = CARTESIAN_POINT('',(36.373621869729,5.92465671125E-02));
#946 = CARTESIAN_POINT('',(36.3114744128,5.180561877927E-02));
#947 = CARTESIAN_POINT('',(36.186436944862,3.667791401706E-02));
#948 = CARTESIAN_POINT('',(36.123593514958,2.899140093843E-02));
#949 = CARTESIAN_POINT('',(36.061453252772,2.130881853748E-02));
#950 = CARTESIAN_POINT('',(36.,1.363031947833E-02));
#951 = ( GEOMETRIC_REPRESENTATION_CONTEXT(2) 
PARAMETRIC_REPRESENTATION_CONTEXT() REPRESENTATION_CONTEXT('2D SPACE',''
  ) );
#952 = ORIENTED_EDGE('',*,*,#953,.T.);
#953 = EDGE_CURVE('',#891,#954,#956,.T.);
#954 = VERTEX_POINT('',#955);
#955 = CARTESIAN_POINT('',(60.,0.,88.144507823605));
#956 = SURFACE_CURVE('',#957,(#961,#968),.PCURVE_S1.);
#957 = LINE('',#958,#959);
#958 = CARTESIAN_POINT('',(60.,0.,66.));
#959 = VECTOR('',#960,1.);
#960 = DIRECTION('',(0.,0.,1.));
#961 = PCURVE('',#128,#962);
#962 = DEFINITIONAL_REPRESENTATION('',(#963),#967);
#963 = LINE('',#964,#965);
#964 = CARTESIAN_POINT('',(-1.,49.99995));
#965 = VECTOR('',#966,1.);
#966 = DIRECTION('',(-1.,0.));
#967 = ( GEOMETRIC_REPRESENTATION_CONTEXT(2) 
PARAMETRIC_REPRESENTATION_CONTEXT() REPRESENTATION_CONTEXT('2D SPACE',''
  ) );
#968 = PCURVE('',#446,#969);
#969 = DEFINITIONAL_REPRESENTATION('',(#970),#974);
#970 = LINE('',#971,#972);
#971 = CARTESIAN_POINT('',(0.,0.));
#972 = VECTOR('',#973,1.);
#973 = DIRECTION('',(0.,1.));
#974 = ( GEOMETRIC_REPRESENTATION_CONTEXT(2) 
PARAMETRIC_REPRESENTATION_CONTEXT() REPRESENTATION_CONTEXT('2D SPACE',''
  ) );
#975 = ORIENTED_EDGE('',*,*,#976,.F.);
#976 = EDGE_CURVE('',#977,#954,#979,.T.);
#977 = VERTEX_POINT('',#978);
#978 = CARTESIAN_POINT('',(65.414330689788,0.,89.807248194339));
#979 = SURFACE_CURVE('',#980,(#995,#1013),.PCURVE_S1.);
#980 = B_SPLINE_CURVE_WITH_KNOTS('',4,(#981,#982,#983,#984,#985,#986,
    #987,#988,#989,#990,#991,#992,#993,#994),.UNSPECIFIED.,.F.,.F.,(5,3,
    3,3,5),(0.,0.235975000767,0.479488097775,0.734192137153,1.),
  .UNSPECIFIED.);
#981 = CARTESIAN_POINT('',(65.414330689788,0.,89.807248194339));
#982 = CARTESIAN_POINT('',(65.06644956174,0.,89.69377794885));
#983 = CARTESIAN_POINT('',(64.718075340595,0.,89.581352302471));
#984 = CARTESIAN_POINT('',(64.369224591857,0.,89.469956376466));
#985 = CARTESIAN_POINT('',(63.659442539497,0.,89.245668246392));
#986 = CARTESIAN_POINT('',(63.298481316192,0.,89.13284192091));
#987 = CARTESIAN_POINT('',(62.937046260672,0.,89.021080072573));
#988 = CARTESIAN_POINT('',(62.196629180659,0.,88.794565015866));
#989 = CARTESIAN_POINT('',(61.817604108828,0.,88.679910376729));
#990 = CARTESIAN_POINT('',(61.438096387803,0.,88.566384112868));
#991 = CARTESIAN_POINT('',(60.661584712826,0.,88.336650990158));
#992 = CARTESIAN_POINT('',(60.264539278495,0.,88.220543033));
#993 = CARTESIAN_POINT('',(59.86700604148,0.,88.105623294312));
#994 = CARTESIAN_POINT('',(59.469002912049,0.,87.991871332358));
#995 = PCURVE('',#128,#996);
#996 = DEFINITIONAL_REPRESENTATION('',(#997),#1012);
#997 = B_SPLINE_CURVE_WITH_KNOTS('',4,(#998,#999,#1000,#1001,#1002,#1003
    ,#1004,#1005,#1006,#1007,#1008,#1009,#1010,#1011),.UNSPECIFIED.,.F.,
  .F.,(5,3,3,3,5),(0.,0.235975000767,0.479488097775,0.734192137153,1.),
  .UNSPECIFIED.);
#998 = CARTESIAN_POINT('',(-24.80724819433,55.414280689788));
#999 = CARTESIAN_POINT('',(-24.69377794885,55.06639956174));
#1000 = CARTESIAN_POINT('',(-24.58135230247,54.718025340595));
#1001 = CARTESIAN_POINT('',(-24.46995637646,54.369174591857));
#1002 = CARTESIAN_POINT('',(-24.24566824639,53.659392539497));
#1003 = CARTESIAN_POINT('',(-24.13284192091,53.298431316192));
#1004 = CARTESIAN_POINT('',(-24.02108007257,52.936996260672));
#1005 = CARTESIAN_POINT('',(-23.79456501586,52.196579180659));
#1006 = CARTESIAN_POINT('',(-23.67991037672,51.817554108828));
#1007 = CARTESIAN_POINT('',(-23.56638411286,51.438046387803));
#1008 = CARTESIAN_POINT('',(-23.33665099015,50.661534712826));
#1009 = CARTESIAN_POINT('',(-23.220543033,50.264489278495));
#1010 = CARTESIAN_POINT('',(-23.10562329431,49.86695604148));
#1011 = CARTESIAN_POINT('',(-22.99187133235,49.468952912049));
#1012 = ( GEOMETRIC_REPRESENTATION_CONTEXT(2) 
PARAMETRIC_REPRESENTATION_CONTEXT() REPRESENTATION_CONTEXT('2D SPACE',''
  ) );
#1013 = PCURVE('',#1014,#1021);
#1014 = B_SPLINE_SURFACE_WITH_KNOTS('',1,2,(
    (#1015,#1016,#1017)
    ,(#1018,#1019,#1020
    )),.UNSPECIFIED.,.F.,.F.,.F.,(2,2),(3,3),(14.,15.),(0.,1.),
  .PIECEWISE_BEZIER_KNOTS.);
#1015 = CARTESIAN_POINT('',(59.016701880073,9.044785592574E-02,
    87.959812804482));
#1016 = CARTESIAN_POINT('',(85.797091628599,-5.262655504801,
    89.863746384998));
#1017 = CARTESIAN_POINT('',(109.5610926383,-10.54361330739,
    90.187211617259));
#1018 = CARTESIAN_POINT('',(59.184803628093,1.367307399804,
    89.370877068045));
#1019 = CARTESIAN_POINT('',(85.901349462772,-4.470738632098,
    91.336443824057));
#1020 = CARTESIAN_POINT('',(109.62046989605,-10.09259825763,
    91.488342166972));
#1021 = DEFINITIONAL_REPRESENTATION('',(#1022),#1037);
#1022 = B_SPLINE_CURVE_WITH_KNOTS('',4,(#1023,#1024,#1025,#1026,#1027,
    #1028,#1029,#1030,#1031,#1032,#1033,#1034,#1035,#1036),
  .UNSPECIFIED.,.F.,.F.,(5,3,3,3,5),(0.,0.235975000767,0.479488097775,
    0.734192137153,1.),.UNSPECIFIED.);
#1023 = CARTESIAN_POINT('',(15.,0.117358180741));
#1024 = CARTESIAN_POINT('',(14.936023053713,0.11094681349));
#1025 = CARTESIAN_POINT('',(14.872874945854,0.104532471488));
#1026 = CARTESIAN_POINT('',(14.810539307107,9.81154727644E-02));
#1027 = CARTESIAN_POINT('',(14.685495273928,8.507169013132E-02));
#1028 = CARTESIAN_POINT('',(14.622838583502,7.844475302844E-02));
#1029 = CARTESIAN_POINT('',(14.561012630699,7.181562654596E-02));
#1030 = CARTESIAN_POINT('',(14.43618435442,5.824886001968E-02));
#1031 = CARTESIAN_POINT('',(14.373258545277,5.131104248046E-02));
#1032 = CARTESIAN_POINT('',(14.311203582682,4.437150306433E-02));
#1033 = CARTESIAN_POINT('',(14.186129670766,3.01870240219E-02));
#1034 = CARTESIAN_POINT('',(14.123186634321,2.294195932979E-02));
#1035 = CARTESIAN_POINT('',(14.061150254706,1.569572500499E-02));
#1036 = CARTESIAN_POINT('',(14.,8.448651143007E-03));
#1037 = ( GEOMETRIC_REPRESENTATION_CONTEXT(2) 
PARAMETRIC_REPRESENTATION_CONTEXT() REPRESENTATION_CONTEXT('2D SPACE',''
  ) );
#1038 = ORIENTED_EDGE('',*,*,#1039,.F.);
#1039 = EDGE_CURVE('',#1040,#977,#1042,.T.);
#1040 = VERTEX_POINT('',#1041);
#1041 = CARTESIAN_POINT('',(69.749067686018,5.551115123126E-16,
    91.372893582809));
#1042 = SURFACE_CURVE('',#1043,(#1052,#1064),.PCURVE_S1.);
#1043 = B_SPLINE_CURVE_WITH_KNOTS('',4,(#1044,#1045,#1046,#1047,#1048,
    #1049,#1050,#1051),.UNSPECIFIED.,.F.,.F.,(5,3,5),(0.,0.569988443298,
    1.),.UNSPECIFIED.);
#1044 = CARTESIAN_POINT('',(69.749067686018,0.,91.372893582809));
#1045 = CARTESIAN_POINT('',(69.13703553691,0.,91.140139654995));
#1046 = CARTESIAN_POINT('',(68.522704648651,0.,90.911144992839));
#1047 = CARTESIAN_POINT('',(67.906208410469,0.,90.685833898049));
#1048 = CARTESIAN_POINT('',(66.821027780518,0.,90.296864991774));
#1049 = CARTESIAN_POINT('',(66.353224127955,0.,90.131654727724));
#1050 = CARTESIAN_POINT('',(65.884309056058,0.,89.968460904997));
#1051 = CARTESIAN_POINT('',(65.414330689788,0.,89.807248194339));
#1052 = PCURVE('',#128,#1053);
#1053 = DEFINITIONAL_REPRESENTATION('',(#1054),#1063);
#1054 = B_SPLINE_CURVE_WITH_KNOTS('',4,(#1055,#1056,#1057,#1058,#1059,
    #1060,#1061,#1062),.UNSPECIFIED.,.F.,.F.,(5,3,5),(0.,0.569988443298,
    1.),.UNSPECIFIED.);
#1055 = CARTESIAN_POINT('',(-26.3728935828,59.749017686018));
#1056 = CARTESIAN_POINT('',(-26.14013965499,59.13698553691));
#1057 = CARTESIAN_POINT('',(-25.91114499283,58.522654648651));
#1058 = CARTESIAN_POINT('',(-25.68583389804,57.906158410469));
#1059 = CARTESIAN_POINT('',(-25.29686499177,56.820977780518));
#1060 = CARTESIAN_POINT('',(-25.13165472772,56.353174127955));
#1061 = CARTESIAN_POINT('',(-24.96846090499,55.884259056058));
#1062 = CARTESIAN_POINT('',(-24.80724819433,55.414280689788));
#1063 = ( GEOMETRIC_REPRESENTATION_CONTEXT(2) 
PARAMETRIC_REPRESENTATION_CONTEXT() REPRESENTATION_CONTEXT('2D SPACE',''
  ) );
#1064 = PCURVE('',#1065,#1072);
#1065 = B_SPLINE_SURFACE_WITH_KNOTS('',1,2,(
    (#1066,#1067,#1068)
    ,(#1069,#1070,#1071
    )),.UNSPECIFIED.,.F.,.F.,.F.,(2,2),(3,3),(15.,16.),(0.,1.),
  .PIECEWISE_BEZIER_KNOTS.);
#1066 = CARTESIAN_POINT('',(59.184803628093,1.367307399804,
    89.370877068045));
#1067 = CARTESIAN_POINT('',(85.901349462772,-4.470738632098,
    91.336443824057));
#1068 = CARTESIAN_POINT('',(109.62046989605,-10.09259825763,
    91.488342166972));
#1069 = CARTESIAN_POINT('',(59.328990221862,2.462513312427,
    90.66032608884));
#1070 = CARTESIAN_POINT('',(85.989250444497,-3.803064388649,
    92.662053493107));
#1071 = CARTESIAN_POINT('',(109.66985340527,-9.717493264401,
    92.652480546588));
#1072 = DEFINITIONAL_REPRESENTATION('',(#1073),#1082);
#1073 = B_SPLINE_CURVE_WITH_KNOTS('',4,(#1074,#1075,#1076,#1077,#1078,
    #1079,#1080,#1081),.UNSPECIFIED.,.F.,.F.,(5,3,5),(0.,0.569988443298,
    1.),.UNSPECIFIED.);
#1074 = CARTESIAN_POINT('',(16.,0.197605477376));
#1075 = CARTESIAN_POINT('',(15.848586247024,0.186224002516));
#1076 = CARTESIAN_POINT('',(15.700687413973,0.174819217556));
#1077 = CARTESIAN_POINT('',(15.556194610597,0.163393781509));
#1078 = CARTESIAN_POINT('',(15.308480145581,0.143316698109));
#1079 = CARTESIAN_POINT('',(15.203837386807,0.134672922354));
#1080 = CARTESIAN_POINT('',(15.10102578068,0.126019771333));
#1081 = CARTESIAN_POINT('',(15.,0.117358180741));
#1082 = ( GEOMETRIC_REPRESENTATION_CONTEXT(2) 
PARAMETRIC_REPRESENTATION_CONTEXT() REPRESENTATION_CONTEXT('2D SPACE',''
  ) );
#1083 = ORIENTED_EDGE('',*,*,#1084,.F.);
#1084 = EDGE_CURVE('',#1085,#1040,#1087,.T.);
#1085 = VERTEX_POINT('',#1086);
#1086 = CARTESIAN_POINT('',(72.89263520764,-6.661338147751E-16,
    92.676584883864));
#1087 = SURFACE_CURVE('',#1088,(#1097,#1109),.PCURVE_S1.);
#1088 = B_SPLINE_CURVE_WITH_KNOTS('',4,(#1089,#1090,#1091,#1092,#1093,
    #1094,#1095,#1096),.UNSPECIFIED.,.F.,.F.,(5,3,5),(0.,0.488913302921,
    1.),.UNSPECIFIED.);
#1089 = CARTESIAN_POINT('',(72.89263520764,0.,92.676584883864));
#1090 = CARTESIAN_POINT('',(72.512202970414,0.,92.512417149593));
#1091 = CARTESIAN_POINT('',(72.1304736062,0.,92.349836936623));
#1092 = CARTESIAN_POINT('',(71.747490696019,0.,92.188833152907));
#1093 = CARTESIAN_POINT('',(70.961677605898,0.,91.862721061244));
#1094 = CARTESIAN_POINT('',(70.558735032711,0.,91.697757773897));
#1095 = CARTESIAN_POINT('',(70.15451645486,0.,91.534487685247));
#1096 = CARTESIAN_POINT('',(69.749067686018,0.,91.372893582809));
#1097 = PCURVE('',#128,#1098);
#1098 = DEFINITIONAL_REPRESENTATION('',(#1099),#1108);
#1099 = B_SPLINE_CURVE_WITH_KNOTS('',4,(#1100,#1101,#1102,#1103,#1104,
    #1105,#1106,#1107),.UNSPECIFIED.,.F.,.F.,(5,3,5),(0.,0.488913302921,
    1.),.UNSPECIFIED.);
#1100 = CARTESIAN_POINT('',(-27.67658488386,62.892585207639));
#1101 = CARTESIAN_POINT('',(-27.51241714959,62.512152970414));
#1102 = CARTESIAN_POINT('',(-27.34983693662,62.1304236062));
#1103 = CARTESIAN_POINT('',(-27.1888331529,61.747440696019));
#1104 = CARTESIAN_POINT('',(-26.86272106124,60.961627605898));
#1105 = CARTESIAN_POINT('',(-26.69775777389,60.558685032711));
#1106 = CARTESIAN_POINT('',(-26.53448768524,60.15446645486));
#1107 = CARTESIAN_POINT('',(-26.3728935828,59.749017686018));
#1108 = ( GEOMETRIC_REPRESENTATION_CONTEXT(2) 
PARAMETRIC_REPRESENTATION_CONTEXT() REPRESENTATION_CONTEXT('2D SPACE',''
  ) );
#1109 = PCURVE('',#1110,#1117);
#1110 = B_SPLINE_SURFACE_WITH_KNOTS('',1,2,(
    (#1111,#1112,#1113)
    ,(#1114,#1115,#1116
    )),.UNSPECIFIED.,.F.,.F.,.F.,(2,2),(3,3),(16.,17.),(0.,1.),
  .PIECEWISE_BEZIER_KNOTS.);
#1111 = CARTESIAN_POINT('',(59.328990221862,2.462513312427,
    90.66032608884));
#1112 = CARTESIAN_POINT('',(85.989250444497,-3.803064388649,
    92.662053493107));
#1113 = CARTESIAN_POINT('',(109.66985340527,-9.717493264401,
    92.652480546588));
#1114 = CARTESIAN_POINT('',(59.447867079834,3.365472695274,
    91.784589289813));
#1115 = CARTESIAN_POINT('',(86.060550744179,-3.261484844099,
    93.803372332438));
#1116 = CARTESIAN_POINT('',(109.70938094281,-9.41725180851,
    93.649695089254));
#1117 = DEFINITIONAL_REPRESENTATION('',(#1118),#1127);
#1118 = B_SPLINE_CURVE_WITH_KNOTS('',4,(#1119,#1120,#1121,#1122,#1123,
    #1124,#1125,#1126),.UNSPECIFIED.,.F.,.F.,(5,3,5),(0.,0.488913302921,
    1.),.UNSPECIFIED.);
#1119 = CARTESIAN_POINT('',(17.,0.256257473142));
#1120 = CARTESIAN_POINT('',(16.872291182301,0.249135870007));
#1121 = CARTESIAN_POINT('',(16.746406576329,0.241997645822));
#1122 = CARTESIAN_POINT('',(16.622319009036,0.234843696825));
#1123 = CARTESIAN_POINT('',(16.372133695457,0.220180937149));
#1124 = CARTESIAN_POINT('',(16.246200024396,0.212670747067));
#1125 = CARTESIAN_POINT('',(16.122166624518,0.205145285499));
#1126 = CARTESIAN_POINT('',(16.,0.197605477376));
#1127 = ( GEOMETRIC_REPRESENTATION_CONTEXT(2) 
PARAMETRIC_REPRESENTATION_CONTEXT() REPRESENTATION_CONTEXT('2D SPACE',''
  ) );
#1128 = ORIENTED_EDGE('',*,*,#1129,.F.);
#1129 = EDGE_CURVE('',#1130,#1085,#1132,.T.);
#1130 = VERTEX_POINT('',#1131);
#1131 = CARTESIAN_POINT('',(75.114717558454,0.,93.706251976007));
#1132 = SURFACE_CURVE('',#1133,(#1139,#1148),.PCURVE_S1.);
#1133 = B_SPLINE_CURVE_WITH_KNOTS('',4,(#1134,#1135,#1136,#1137,#1138),
  .UNSPECIFIED.,.F.,.F.,(5,5),(0.,1.),.PIECEWISE_BEZIER_KNOTS.);
#1134 = CARTESIAN_POINT('',(75.114717558454,0.,93.706251976007));
#1135 = CARTESIAN_POINT('',(74.564944096307,0.,93.443853525347));
#1136 = CARTESIAN_POINT('',(74.011231996499,0.,93.184770189808));
#1137 = CARTESIAN_POINT('',(73.453742018319,0.,92.929014877311));
#1138 = CARTESIAN_POINT('',(72.89263520764,0.,92.676584883864));
#1139 = PCURVE('',#128,#1140);
#1140 = DEFINITIONAL_REPRESENTATION('',(#1141),#1147);
#1141 = B_SPLINE_CURVE_WITH_KNOTS('',4,(#1142,#1143,#1144,#1145,#1146),
  .UNSPECIFIED.,.F.,.F.,(5,5),(0.,1.),.PIECEWISE_BEZIER_KNOTS.);
#1142 = CARTESIAN_POINT('',(-28.706251976,65.114667558454));
#1143 = CARTESIAN_POINT('',(-28.44385352534,64.564894096307));
#1144 = CARTESIAN_POINT('',(-28.1847701898,64.011181996499));
#1145 = CARTESIAN_POINT('',(-27.92901487731,63.453692018319));
#1146 = CARTESIAN_POINT('',(-27.67658488386,62.892585207639));
#1147 = ( GEOMETRIC_REPRESENTATION_CONTEXT(2) 
PARAMETRIC_REPRESENTATION_CONTEXT() REPRESENTATION_CONTEXT('2D SPACE',''
  ) );
#1148 = PCURVE('',#1149,#1156);
#1149 = B_SPLINE_SURFACE_WITH_KNOTS('',1,2,(
    (#1150,#1151,#1152)
    ,(#1153,#1154,#1155
    )),.UNSPECIFIED.,.F.,.F.,.F.,(2,2),(3,3),(17.,18.),(0.,1.),
  .PIECEWISE_BEZIER_KNOTS.);
#1150 = CARTESIAN_POINT('',(59.447867079834,3.365472695274,
    91.784589289813));
#1151 = CARTESIAN_POINT('',(86.060550744179,-3.261484844099,
    93.803372332438));
#1152 = CARTESIAN_POINT('',(109.70938094281,-9.41725180851,
    93.649695089254));
#1153 = CARTESIAN_POINT('',(59.540629575667,4.070073804504,
    92.704481728364));
#1154 = CARTESIAN_POINT('',(86.115375385944,-2.845050345932,
    94.727772443209));
#1155 = CARTESIAN_POINT('',(109.73940280548,-9.189213121654,
    94.45404195739));
#1156 = DEFINITIONAL_REPRESENTATION('',(#1157),#1163);
#1157 = B_SPLINE_CURVE_WITH_KNOTS('',4,(#1158,#1159,#1160,#1161,#1162),
  .UNSPECIFIED.,.F.,.F.,(5,5),(0.,1.),.PIECEWISE_BEZIER_KNOTS.);
#1158 = CARTESIAN_POINT('',(18.,0.297952814227));
#1159 = CARTESIAN_POINT('',(17.742508283982,0.287612338692));
#1160 = CARTESIAN_POINT('',(17.490049944167,0.277214010612));
#1161 = CARTESIAN_POINT('',(17.242570869347,0.266761262334));
#1162 = CARTESIAN_POINT('',(17.,0.256257473142));
#1163 = ( GEOMETRIC_REPRESENTATION_CONTEXT(2) 
PARAMETRIC_REPRESENTATION_CONTEXT() REPRESENTATION_CONTEXT('2D SPACE',''
  ) );
#1164 = ORIENTED_EDGE('',*,*,#1165,.F.);
#1165 = EDGE_CURVE('',#1166,#1130,#1168,.T.);
#1166 = VERTEX_POINT('',#1167);
#1167 = CARTESIAN_POINT('',(76.591878687711,1.554312234475E-15,
    94.450865301432));
#1168 = SURFACE_CURVE('',#1169,(#1175,#1184),.PCURVE_S1.);
#1169 = B_SPLINE_CURVE_WITH_KNOTS('',4,(#1170,#1171,#1172,#1173,#1174),
  .UNSPECIFIED.,.F.,.F.,(5,5),(0.,1.),.PIECEWISE_BEZIER_KNOTS.);
#1170 = CARTESIAN_POINT('',(76.591878687711,0.,94.450865301432));
#1171 = CARTESIAN_POINT('',(76.226460202574,0.,94.262855926474));
#1172 = CARTESIAN_POINT('',(75.858431218567,0.,94.076067271628));
#1173 = CARTESIAN_POINT('',(75.487834490953,0.,93.89052507942));
#1174 = CARTESIAN_POINT('',(75.114717558454,0.,93.706251976007));
#1175 = PCURVE('',#128,#1176);
#1176 = DEFINITIONAL_REPRESENTATION('',(#1177),#1183);
#1177 = B_SPLINE_CURVE_WITH_KNOTS('',4,(#1178,#1179,#1180,#1181,#1182),
  .UNSPECIFIED.,.F.,.F.,(5,5),(0.,1.),.PIECEWISE_BEZIER_KNOTS.);
#1178 = CARTESIAN_POINT('',(-29.45086530143,66.591828687711));
#1179 = CARTESIAN_POINT('',(-29.26285592647,66.226410202574));
#1180 = CARTESIAN_POINT('',(-29.07606727162,65.858381218567));
#1181 = CARTESIAN_POINT('',(-28.89052507942,65.487784490953));
#1182 = CARTESIAN_POINT('',(-28.706251976,65.114667558454));
#1183 = ( GEOMETRIC_REPRESENTATION_CONTEXT(2) 
PARAMETRIC_REPRESENTATION_CONTEXT() REPRESENTATION_CONTEXT('2D SPACE',''
  ) );
#1184 = PCURVE('',#1185,#1192);
#1185 = B_SPLINE_SURFACE_WITH_KNOTS('',1,2,(
    (#1186,#1187,#1188)
    ,(#1189,#1190,#1191
    )),.UNSPECIFIED.,.F.,.F.,.F.,(2,2),(3,3),(18.,19.),(0.,1.),
  .PIECEWISE_BEZIER_KNOTS.);
#1186 = CARTESIAN_POINT('',(59.540629575667,4.070073804504,
    92.704481728364));
#1187 = CARTESIAN_POINT('',(86.115375385944,-2.845050345932,
    94.727772443209));
#1188 = CARTESIAN_POINT('',(109.73940280548,-9.189213121654,
    94.45404195739));
#1189 = CARTESIAN_POINT('',(59.606922874289,4.573621400163,
    93.386987543867));
#1190 = CARTESIAN_POINT('',(86.154078474357,-2.551071202945,
    95.408353648613));
#1191 = CARTESIAN_POINT('',(109.76037597971,-9.029906047246,
    95.044363061895));
#1192 = DEFINITIONAL_REPRESENTATION('',(#1193),#1199);
#1193 = B_SPLINE_CURVE_WITH_KNOTS('',4,(#1194,#1195,#1196,#1197,#1198),
  .UNSPECIFIED.,.F.,.F.,(5,5),(0.,1.),.PIECEWISE_BEZIER_KNOTS.);
#1194 = CARTESIAN_POINT('',(19.,0.325780235475));
#1195 = CARTESIAN_POINT('',(18.745710213812,0.318885381869));
#1196 = CARTESIAN_POINT('',(18.494270319764,0.311948510147));
#1197 = CARTESIAN_POINT('',(18.245696880133,0.304970625704));
#1198 = CARTESIAN_POINT('',(18.,0.297952814227));
#1199 = ( GEOMETRIC_REPRESENTATION_CONTEXT(2) 
PARAMETRIC_REPRESENTATION_CONTEXT() REPRESENTATION_CONTEXT('2D SPACE',''
  ) );
#1200 = ORIENTED_EDGE('',*,*,#1201,.F.);
#1201 = EDGE_CURVE('',#1202,#1166,#1204,.T.);
#1202 = VERTEX_POINT('',#1203);
#1203 = CARTESIAN_POINT('',(77.436433460215,2.22044604925E-16,
    94.901517304181));
#1204 = SURFACE_CURVE('',#1205,(#1211,#1220),.PCURVE_S1.);
#1205 = B_SPLINE_CURVE_WITH_KNOTS('',4,(#1206,#1207,#1208,#1209,#1210),
  .UNSPECIFIED.,.F.,.F.,(5,5),(0.,1.),.PIECEWISE_BEZIER_KNOTS.);
#1206 = CARTESIAN_POINT('',(77.436433460215,0.,94.901517304181));
#1207 = CARTESIAN_POINT('',(77.227344594022,0.,94.788598068719));
#1208 = CARTESIAN_POINT('',(77.016892145961,0.,94.675844492946));
#1209 = CARTESIAN_POINT('',(76.805071378039,0.,94.563264271474));
#1210 = CARTESIAN_POINT('',(76.591878687711,0.,94.450865301432));
#1211 = PCURVE('',#128,#1212);
#1212 = DEFINITIONAL_REPRESENTATION('',(#1213),#1219);
#1213 = B_SPLINE_CURVE_WITH_KNOTS('',4,(#1214,#1215,#1216,#1217,#1218),
  .UNSPECIFIED.,.F.,.F.,(5,5),(0.,1.),.PIECEWISE_BEZIER_KNOTS.);
#1214 = CARTESIAN_POINT('',(-29.90151730418,67.436383460215));
#1215 = CARTESIAN_POINT('',(-29.78859806871,67.227294594022));
#1216 = CARTESIAN_POINT('',(-29.67584449294,67.016842145961));
#1217 = CARTESIAN_POINT('',(-29.56326427147,66.805021378039));
#1218 = CARTESIAN_POINT('',(-29.45086530143,66.591828687711));
#1219 = ( GEOMETRIC_REPRESENTATION_CONTEXT(2) 
PARAMETRIC_REPRESENTATION_CONTEXT() REPRESENTATION_CONTEXT('2D SPACE',''
  ) );
#1220 = PCURVE('',#1221,#1228);
#1221 = B_SPLINE_SURFACE_WITH_KNOTS('',1,2,(
    (#1222,#1223,#1224)
    ,(#1225,#1226,#1227
    )),.UNSPECIFIED.,.F.,.F.,.F.,(2,2),(3,3),(19.,20.),(0.,1.),
  .PIECEWISE_BEZIER_KNOTS.);
#1222 = CARTESIAN_POINT('',(59.606922874289,4.573621400163,
    93.386987543867));
#1223 = CARTESIAN_POINT('',(86.154078474357,-2.551071202945,
    95.408353648613));
#1224 = CARTESIAN_POINT('',(109.76037597971,-9.029906047246,
    95.044363061895));
#1225 = CARTESIAN_POINT('',(59.64667131586,4.875540788697,
    93.806999004157));
#1226 = CARTESIAN_POINT('',(86.177079168559,-2.376363585363,
    95.825010575971));
#1227 = CARTESIAN_POINT('',(109.77274466457,-8.935956558358,
    95.404987424349));
#1228 = DEFINITIONAL_REPRESENTATION('',(#1229),#1235);
#1229 = B_SPLINE_CURVE_WITH_KNOTS('',4,(#1230,#1231,#1232,#1233,#1234),
  .UNSPECIFIED.,.F.,.F.,(5,5),(0.,1.),.PIECEWISE_BEZIER_KNOTS.);
#1230 = CARTESIAN_POINT('',(20.,0.341730137579));
#1231 = CARTESIAN_POINT('',(19.748392830395,0.337777771761));
#1232 = CARTESIAN_POINT('',(19.4978448347,0.333802013079));
#1233 = CARTESIAN_POINT('',(19.24837444262,0.329802835451));
#1234 = CARTESIAN_POINT('',(19.,0.325780235475));
#1235 = ( GEOMETRIC_REPRESENTATION_CONTEXT(2) 
PARAMETRIC_REPRESENTATION_CONTEXT() REPRESENTATION_CONTEXT('2D SPACE',''
  ) );
#1236 = ORIENTED_EDGE('',*,*,#1237,.F.);
#1237 = EDGE_CURVE('',#1238,#1202,#1240,.T.);
#1238 = VERTEX_POINT('',#1239);
#1239 = CARTESIAN_POINT('',(77.711197890455,2.22044604925E-16,
    95.052406277304));
#1240 = SURFACE_CURVE('',#1241,(#1247,#1256),.PCURVE_S1.);
#1241 = B_SPLINE_CURVE_WITH_KNOTS('',4,(#1242,#1243,#1244,#1245,#1246),
  .UNSPECIFIED.,.F.,.F.,(5,5),(0.,1.),.PIECEWISE_BEZIER_KNOTS.);
#1242 = CARTESIAN_POINT('',(77.711197890455,0.,95.052406277304));
#1243 = CARTESIAN_POINT('',(77.642845061968,0.,95.014720523871));
#1244 = CARTESIAN_POINT('',(77.574267869101,0.,94.977010492337));
#1245 = CARTESIAN_POINT('',(77.505464587686,0.,94.939276109834));
#1246 = CARTESIAN_POINT('',(77.436433460215,0.,94.901517304181));
#1247 = PCURVE('',#128,#1248);
#1248 = DEFINITIONAL_REPRESENTATION('',(#1249),#1255);
#1249 = B_SPLINE_CURVE_WITH_KNOTS('',4,(#1250,#1251,#1252,#1253,#1254),
  .UNSPECIFIED.,.F.,.F.,(5,5),(0.,1.),.PIECEWISE_BEZIER_KNOTS.);
#1250 = CARTESIAN_POINT('',(-30.0524062773,67.711147890455));
#1251 = CARTESIAN_POINT('',(-30.01472052387,67.642795061968));
#1252 = CARTESIAN_POINT('',(-29.97701049233,67.574217869101));
#1253 = CARTESIAN_POINT('',(-29.93927610983,67.505414587686));
#1254 = CARTESIAN_POINT('',(-29.90151730418,67.436383460215));
#1255 = ( GEOMETRIC_REPRESENTATION_CONTEXT(2) 
PARAMETRIC_REPRESENTATION_CONTEXT() REPRESENTATION_CONTEXT('2D SPACE',''
  ) );
#1256 = PCURVE('',#1257,#1264);
#1257 = B_SPLINE_SURFACE_WITH_KNOTS('',1,2,(
    (#1258,#1259,#1260)
    ,(#1261,#1262,#1263
    )),.UNSPECIFIED.,.F.,.F.,.F.,(2,2),(3,3),(20.,21.),(0.,1.),
  .PIECEWISE_BEZIER_KNOTS.);
#1258 = CARTESIAN_POINT('',(59.64667131586,4.875540788697,
    93.806999004157));
#1259 = CARTESIAN_POINT('',(86.177079168559,-2.376363585363,
    95.825010575971));
#1260 = CARTESIAN_POINT('',(109.77274466457,-8.935956558358,
    95.404987424349));
#1261 = CARTESIAN_POINT('',(59.659911722529,4.976111662109,
    93.948788963498));
#1262 = CARTESIAN_POINT('',(86.184705079853,-2.31843903829,
    95.965300606241));
#1263 = CARTESIAN_POINT('',(109.77682880832,-8.90493440665,
    95.526279441629));
#1264 = DEFINITIONAL_REPRESENTATION('',(#1265),#1271);
#1265 = B_SPLINE_CURVE_WITH_KNOTS('',4,(#1266,#1267,#1268,#1269,#1270),
  .UNSPECIFIED.,.F.,.F.,(5,5),(0.,1.),.PIECEWISE_BEZIER_KNOTS.);
#1266 = CARTESIAN_POINT('',(21.,0.346925499568));
#1267 = CARTESIAN_POINT('',(20.74990168263,0.345632671099));
#1268 = CARTESIAN_POINT('',(20.499868363857,0.344335854079));
#1269 = CARTESIAN_POINT('',(20.24990085684,0.343035019438));
#1270 = CARTESIAN_POINT('',(20.,0.341730137579));
#1271 = ( GEOMETRIC_REPRESENTATION_CONTEXT(2) 
PARAMETRIC_REPRESENTATION_CONTEXT() REPRESENTATION_CONTEXT('2D SPACE',''
  ) );
#1272 = ORIENTED_EDGE('',*,*,#1273,.F.);
#1273 = EDGE_CURVE('',#1274,#1238,#1276,.T.);
#1274 = VERTEX_POINT('',#1275);
#1275 = CARTESIAN_POINT('',(77.29630629106,4.440892098501E-16,
    94.923129918684));
#1276 = SURFACE_CURVE('',#1277,(#1283,#1292),.PCURVE_S1.);
#1277 = B_SPLINE_CURVE_WITH_KNOTS('',4,(#1278,#1279,#1280,#1281,#1282),
  .UNSPECIFIED.,.F.,.F.,(5,5),(0.,1.),.PIECEWISE_BEZIER_KNOTS.);
#1278 = CARTESIAN_POINT('',(77.29630629106,0.,94.923129918684));
#1279 = CARTESIAN_POINT('',(77.400575642366,0.,94.955448020395));
#1280 = CARTESIAN_POINT('',(77.50447931715,0.,94.987766974047));
#1281 = CARTESIAN_POINT('',(77.608019380093,0.,95.020086487092));
#1282 = CARTESIAN_POINT('',(77.711197890455,0.,95.052406277304));
#1283 = PCURVE('',#128,#1284);
#1284 = DEFINITIONAL_REPRESENTATION('',(#1285),#1291);
#1285 = B_SPLINE_CURVE_WITH_KNOTS('',4,(#1286,#1287,#1288,#1289,#1290),
  .UNSPECIFIED.,.F.,.F.,(5,5),(0.,1.),.PIECEWISE_BEZIER_KNOTS.);
#1286 = CARTESIAN_POINT('',(-29.92312991868,67.29625629106));
#1287 = CARTESIAN_POINT('',(-29.95544802039,67.400525642366));
#1288 = CARTESIAN_POINT('',(-29.98776697404,67.50442931715));
#1289 = CARTESIAN_POINT('',(-30.02008648709,67.607969380093));
#1290 = CARTESIAN_POINT('',(-30.0524062773,67.711147890455));
#1291 = ( GEOMETRIC_REPRESENTATION_CONTEXT(2) 
PARAMETRIC_REPRESENTATION_CONTEXT() REPRESENTATION_CONTEXT('2D SPACE',''
  ) );
#1292 = PCURVE('',#1293,#1300);
#1293 = B_SPLINE_SURFACE_WITH_KNOTS('',1,2,(
    (#1294,#1295,#1296)
    ,(#1297,#1298,#1299
    )),.UNSPECIFIED.,.F.,.F.,.F.,(2,2),(3,3),(21.,22.),(0.,1.),
  .PIECEWISE_BEZIER_KNOTS.);
#1294 = CARTESIAN_POINT('',(59.659911722529,4.976111662109,
    93.948788963498));
#1295 = CARTESIAN_POINT('',(86.184705079853,-2.31843903829,
    95.965300606241));
#1296 = CARTESIAN_POINT('',(109.77682880832,-8.90493440665,
    95.526279441629));
#1297 = CARTESIAN_POINT('',(59.641444525383,4.835839373436,
    93.847020703413));
#1298 = CARTESIAN_POINT('',(86.172093418095,-2.414234119962,
    95.845855171677));
#1299 = CARTESIAN_POINT('',(109.76948419904,-8.960722252852,
    95.414388594775));
#1300 = DEFINITIONAL_REPRESENTATION('',(#1301),#1307);
#1301 = B_SPLINE_CURVE_WITH_KNOTS('',4,(#1302,#1303,#1304,#1305,#1306),
  .UNSPECIFIED.,.F.,.F.,(5,5),(0.,1.),.PIECEWISE_BEZIER_KNOTS.);
#1302 = CARTESIAN_POINT('',(22.,0.339081742376));
#1303 = CARTESIAN_POINT('',(21.750227132561,0.34105212851));
#1304 = CARTESIAN_POINT('',(21.500301671433,0.343016196423));
#1305 = CARTESIAN_POINT('',(21.250225383935,0.344973976588));
#1306 = CARTESIAN_POINT('',(21.,0.346925499568));
#1307 = ( GEOMETRIC_REPRESENTATION_CONTEXT(2) 
PARAMETRIC_REPRESENTATION_CONTEXT() REPRESENTATION_CONTEXT('2D SPACE',''
  ) );
#1308 = ORIENTED_EDGE('',*,*,#1309,.F.);
#1309 = EDGE_CURVE('',#1310,#1274,#1312,.T.);
#1310 = VERTEX_POINT('',#1311);
#1311 = CARTESIAN_POINT('',(76.029756919012,0.,94.538002772646));
#1312 = SURFACE_CURVE('',#1313,(#1319,#1328),.PCURVE_S1.);
#1313 = B_SPLINE_CURVE_WITH_KNOTS('',4,(#1314,#1315,#1316,#1317,#1318),
  .UNSPECIFIED.,.F.,.F.,(5,5),(0.,1.),.PIECEWISE_BEZIER_KNOTS.);
#1314 = CARTESIAN_POINT('',(76.029756919012,0.,94.538002772646));
#1315 = CARTESIAN_POINT('',(76.348786590209,0.,94.633472584063));
#1316 = CARTESIAN_POINT('',(76.66623771347,0.,94.729488525226));
#1317 = CARTESIAN_POINT('',(76.982085482699,0.,94.826043545826));
#1318 = CARTESIAN_POINT('',(77.29630629106,0.,94.923129918684));
#1319 = PCURVE('',#128,#1320);
#1320 = DEFINITIONAL_REPRESENTATION('',(#1321),#1327);
#1321 = B_SPLINE_CURVE_WITH_KNOTS('',4,(#1322,#1323,#1324,#1325,#1326),
  .UNSPECIFIED.,.F.,.F.,(5,5),(0.,1.),.PIECEWISE_BEZIER_KNOTS.);
#1322 = CARTESIAN_POINT('',(-29.53800277264,66.029706919012));
#1323 = CARTESIAN_POINT('',(-29.63347258406,66.348736590209));
#1324 = CARTESIAN_POINT('',(-29.72948852522,66.66618771347));
#1325 = CARTESIAN_POINT('',(-29.82604354582,66.982035482699));
#1326 = CARTESIAN_POINT('',(-29.92312991868,67.29625629106));
#1327 = ( GEOMETRIC_REPRESENTATION_CONTEXT(2) 
PARAMETRIC_REPRESENTATION_CONTEXT() REPRESENTATION_CONTEXT('2D SPACE',''
  ) );
#1328 = PCURVE('',#1329,#1336);
#1329 = B_SPLINE_SURFACE_WITH_KNOTS('',1,2,(
    (#1330,#1331,#1332)
    ,(#1333,#1334,#1335
    )),.UNSPECIFIED.,.F.,.F.,.F.,(2,2),(3,3),(22.,23.),(0.,1.),
  .PIECEWISE_BEZIER_KNOTS.);
#1330 = CARTESIAN_POINT('',(59.641444525383,4.835839373436,
    93.847020703413));
#1331 = CARTESIAN_POINT('',(86.172093418095,-2.414234119962,
    95.845855171677));
#1332 = CARTESIAN_POINT('',(109.76948419904,-8.960722252852,
    95.414388594775));
#1333 = CARTESIAN_POINT('',(59.586480366438,4.418345137077,
    93.545452900572));
#1334 = CARTESIAN_POINT('',(86.134508923028,-2.699716702941,
    95.491163798516));
#1335 = CARTESIAN_POINT('',(109.74756675179,-9.127201792927,
    95.081801976765));
#1336 = DEFINITIONAL_REPRESENTATION('',(#1337),#1343);
#1337 = B_SPLINE_CURVE_WITH_KNOTS('',4,(#1338,#1339,#1340,#1341,#1342),
  .UNSPECIFIED.,.F.,.F.,(5,5),(0.,1.),.PIECEWISE_BEZIER_KNOTS.);
#1338 = CARTESIAN_POINT('',(23.,0.315180325155));
#1339 = CARTESIAN_POINT('',(22.752736640781,0.321192620026));
#1340 = CARTESIAN_POINT('',(22.503646839375,0.327180663089));
#1341 = CARTESIAN_POINT('',(22.252733049343,0.33314388704));
#1342 = CARTESIAN_POINT('',(22.,0.339081742376));
#1343 = ( GEOMETRIC_REPRESENTATION_CONTEXT(2) 
PARAMETRIC_REPRESENTATION_CONTEXT() REPRESENTATION_CONTEXT('2D SPACE',''
  ) );
#1344 = ORIENTED_EDGE('',*,*,#1345,.F.);
#1345 = EDGE_CURVE('',#1346,#1310,#1348,.T.);
#1346 = VERTEX_POINT('',#1347);
#1347 = CARTESIAN_POINT('',(73.843582585263,-4.440892098501E-16,
    93.905368742355));
#1348 = SURFACE_CURVE('',#1349,(#1355,#1364),.PCURVE_S1.);
#1349 = B_SPLINE_CURVE_WITH_KNOTS('',4,(#1350,#1351,#1352,#1353,#1354),
  .UNSPECIFIED.,.F.,.F.,(5,5),(0.,1.),.PIECEWISE_BEZIER_KNOTS.);
#1350 = CARTESIAN_POINT('',(73.843582585263,0.,93.905368742355));
#1351 = CARTESIAN_POINT('',(74.393773150996,0.,94.060314841775));
#1352 = CARTESIAN_POINT('',(74.941608968341,0.,94.21739126221));
#1353 = CARTESIAN_POINT('',(75.486977010872,0.,94.376616052769));
#1354 = CARTESIAN_POINT('',(76.029756919012,0.,94.538002772646));
#1355 = PCURVE('',#128,#1356);
#1356 = DEFINITIONAL_REPRESENTATION('',(#1357),#1363);
#1357 = B_SPLINE_CURVE_WITH_KNOTS('',4,(#1358,#1359,#1360,#1361,#1362),
  .UNSPECIFIED.,.F.,.F.,(5,5),(0.,1.),.PIECEWISE_BEZIER_KNOTS.);
#1358 = CARTESIAN_POINT('',(-28.90536874235,63.843532585263));
#1359 = CARTESIAN_POINT('',(-29.06031484177,64.393723150996));
#1360 = CARTESIAN_POINT('',(-29.21739126221,64.941558968341));
#1361 = CARTESIAN_POINT('',(-29.37661605276,65.486927010872));
#1362 = CARTESIAN_POINT('',(-29.53800277264,66.029706919012));
#1363 = ( GEOMETRIC_REPRESENTATION_CONTEXT(2) 
PARAMETRIC_REPRESENTATION_CONTEXT() REPRESENTATION_CONTEXT('2D SPACE',''
  ) );
#1364 = PCURVE('',#1365,#1372);
#1365 = B_SPLINE_SURFACE_WITH_KNOTS('',1,2,(
    (#1366,#1367,#1368)
    ,(#1369,#1370,#1371
    )),.UNSPECIFIED.,.F.,.F.,.F.,(2,2),(3,3),(23.,24.),(0.,1.),
  .PIECEWISE_BEZIER_KNOTS.);
#1366 = CARTESIAN_POINT('',(59.586480366438,4.418345137077,
    93.545452900572));
#1367 = CARTESIAN_POINT('',(86.134508923028,-2.699716702941,
    95.491163798516));
#1368 = CARTESIAN_POINT('',(109.74756675179,-9.127201792927,
    95.081801976765));
#1369 = CARTESIAN_POINT('',(59.496304023322,3.733387807984,
    93.055116681825));
#1370 = CARTESIAN_POINT('',(86.072687783976,-3.169294874143,
    94.911999925291));
#1371 = CARTESIAN_POINT('',(109.71141946624,-9.401767685783,
    94.53765495926));
#1372 = DEFINITIONAL_REPRESENTATION('',(#1373),#1379);
#1373 = B_SPLINE_CURVE_WITH_KNOTS('',4,(#1374,#1375,#1376,#1377,#1378),
  .UNSPECIFIED.,.F.,.F.,(5,5),(0.,1.),.PIECEWISE_BEZIER_KNOTS.);
#1374 = CARTESIAN_POINT('',(24.,0.274076973614));
#1375 = CARTESIAN_POINT('',(23.756021671131,0.284397247103));
#1376 = CARTESIAN_POINT('',(23.50808495476,0.294689471654));
#1377 = CARTESIAN_POINT('',(23.256104574382,0.304951330324));
#1378 = CARTESIAN_POINT('',(23.,0.315180325155));
#1379 = ( GEOMETRIC_REPRESENTATION_CONTEXT(2) 
PARAMETRIC_REPRESENTATION_CONTEXT() REPRESENTATION_CONTEXT('2D SPACE',''
  ) );
#1380 = ORIENTED_EDGE('',*,*,#1381,.F.);
#1381 = EDGE_CURVE('',#1382,#1346,#1384,.T.);
#1382 = VERTEX_POINT('',#1383);
#1383 = CARTESIAN_POINT('',(70.616538662948,4.440892098501E-16,
    93.040051115183));
#1384 = SURFACE_CURVE('',#1385,(#1394,#1406),.PCURVE_S1.);
#1385 = B_SPLINE_CURVE_WITH_KNOTS('',4,(#1386,#1387,#1388,#1389,#1390,
    #1391,#1392,#1393),.UNSPECIFIED.,.F.,.F.,(5,3,5),(0.,0.509430810415,
    1.),.UNSPECIFIED.);
#1386 = CARTESIAN_POINT('',(70.616538662948,0.,93.040051115183));
#1387 = CARTESIAN_POINT('',(71.029933842389,0.,93.146630555735));
#1388 = CARTESIAN_POINT('',(71.442553960969,0.,93.254419655951));
#1389 = CARTESIAN_POINT('',(71.854368042234,0.,93.363434952881));
#1390 = CARTESIAN_POINT('',(72.661100852817,0.,93.579868644313));
#1391 = CARTESIAN_POINT('',(73.056080592092,0.,93.687196716075));
#1392 = CARTESIAN_POINT('',(73.450251897037,0.,93.795691891265));
#1393 = CARTESIAN_POINT('',(73.843582585263,0.,93.905368742355));
#1394 = PCURVE('',#128,#1395);
#1395 = DEFINITIONAL_REPRESENTATION('',(#1396),#1405);
#1396 = B_SPLINE_CURVE_WITH_KNOTS('',4,(#1397,#1398,#1399,#1400,#1401,
    #1402,#1403,#1404),.UNSPECIFIED.,.F.,.F.,(5,3,5),(0.,0.509430810415,
    1.),.UNSPECIFIED.);
#1397 = CARTESIAN_POINT('',(-28.04005111518,60.616488662948));
#1398 = CARTESIAN_POINT('',(-28.14663055573,61.029883842389));
#1399 = CARTESIAN_POINT('',(-28.25441965595,61.442503960969));
#1400 = CARTESIAN_POINT('',(-28.36343495288,61.854318042234));
#1401 = CARTESIAN_POINT('',(-28.57986864431,62.661050852817));
#1402 = CARTESIAN_POINT('',(-28.68719671607,63.056030592092));
#1403 = CARTESIAN_POINT('',(-28.79569189126,63.450201897037));
#1404 = CARTESIAN_POINT('',(-28.90536874235,63.843532585263));
#1405 = ( GEOMETRIC_REPRESENTATION_CONTEXT(2) 
PARAMETRIC_REPRESENTATION_CONTEXT() REPRESENTATION_CONTEXT('2D SPACE',''
  ) );
#1406 = PCURVE('',#1407,#1414);
#1407 = B_SPLINE_SURFACE_WITH_KNOTS('',1,2,(
    (#1408,#1409,#1410)
    ,(#1411,#1412,#1413
    )),.UNSPECIFIED.,.F.,.F.,.F.,(2,2),(3,3),(24.,25.),(0.,1.),
  .PIECEWISE_BEZIER_KNOTS.);
#1408 = CARTESIAN_POINT('',(59.496304023322,3.733387807984,
    93.055116681825));
#1409 = CARTESIAN_POINT('',(86.072687783976,-3.169294874143,
    94.911999925291));
#1410 = CARTESIAN_POINT('',(109.71141946624,-9.401767685783,
    94.53765495926));
#1411 = CARTESIAN_POINT('',(59.372974763907,2.796609078558,
    92.393782373458));
#1412 = CARTESIAN_POINT('',(85.987813608461,-3.813978241878,
    94.125781762074));
#1413 = CARTESIAN_POINT('',(109.66159800728,-9.78019923759,
    93.796769632324));
#1414 = DEFINITIONAL_REPRESENTATION('',(#1415),#1424);
#1415 = B_SPLINE_CURVE_WITH_KNOTS('',4,(#1416,#1417,#1418,#1419,#1420,
    #1421,#1422,#1423),.UNSPECIFIED.,.F.,.F.,(5,3,5),(0.,0.509430810415,
    1.),.UNSPECIFIED.);
#1416 = CARTESIAN_POINT('',(25.,0.213751814683));
#1417 = CARTESIAN_POINT('',(24.877378129054,0.221453390485));
#1418 = CARTESIAN_POINT('',(24.753194367339,0.229149443351));
#1419 = CARTESIAN_POINT('',(24.627413633847,0.236839367506));
#1420 = CARTESIAN_POINT('',(24.377303691333,0.251921168191));
#1421 = CARTESIAN_POINT('',(24.253093171189,0.259313538081));
#1422 = CARTESIAN_POINT('',(24.127336208877,0.266699020362));
#1423 = CARTESIAN_POINT('',(24.,0.274076973614));
#1424 = ( GEOMETRIC_REPRESENTATION_CONTEXT(2) 
PARAMETRIC_REPRESENTATION_CONTEXT() REPRESENTATION_CONTEXT('2D SPACE',''
  ) );
#1425 = ORIENTED_EDGE('',*,*,#1426,.F.);
#1426 = EDGE_CURVE('',#1427,#1382,#1429,.T.);
#1427 = VERTEX_POINT('',#1428);
#1428 = CARTESIAN_POINT('',(66.161652256914,0.,91.965207529211));
#1429 = SURFACE_CURVE('',#1430,(#1439,#1451),.PCURVE_S1.);
#1430 = B_SPLINE_CURVE_WITH_KNOTS('',4,(#1431,#1432,#1433,#1434,#1435,
    #1436,#1437,#1438),.UNSPECIFIED.,.F.,.F.,(5,3,5),(0.,0.512832512831,
    1.),.UNSPECIFIED.);
#1431 = CARTESIAN_POINT('',(66.161652256914,0.,91.965207529211));
#1432 = CARTESIAN_POINT('',(66.735756102695,0.,92.09655143424));
#1433 = CARTESIAN_POINT('',(67.308922518554,0.,92.230041212206));
#1434 = CARTESIAN_POINT('',(67.88109972494,0.,92.365724000242));
#1435 = CARTESIAN_POINT('',(68.994776359958,0.,92.634671684315));
#1436 = CARTESIAN_POINT('',(69.536377989519,0.,92.767717750364));
#1437 = CARTESIAN_POINT('',(70.07698412578,0.,92.902829598098));
#1438 = CARTESIAN_POINT('',(70.616538662948,0.,93.040051115183));
#1439 = PCURVE('',#128,#1440);
#1440 = DEFINITIONAL_REPRESENTATION('',(#1441),#1450);
#1441 = B_SPLINE_CURVE_WITH_KNOTS('',4,(#1442,#1443,#1444,#1445,#1446,
    #1447,#1448,#1449),.UNSPECIFIED.,.F.,.F.,(5,3,5),(0.,0.512832512831,
    1.),.UNSPECIFIED.);
#1442 = CARTESIAN_POINT('',(-26.96520752921,56.161602256914));
#1443 = CARTESIAN_POINT('',(-27.09655143424,56.735706102695));
#1444 = CARTESIAN_POINT('',(-27.2300412122,57.308872518554));
#1445 = CARTESIAN_POINT('',(-27.36572400024,57.88104972494));
#1446 = CARTESIAN_POINT('',(-27.63467168431,58.994726359958));
#1447 = CARTESIAN_POINT('',(-27.76771775036,59.536327989519));
#1448 = CARTESIAN_POINT('',(-27.90282959809,60.07693412578));
#1449 = CARTESIAN_POINT('',(-28.04005111518,60.616488662948));
#1450 = ( GEOMETRIC_REPRESENTATION_CONTEXT(2) 
PARAMETRIC_REPRESENTATION_CONTEXT() REPRESENTATION_CONTEXT('2D SPACE',''
  ) );
#1451 = PCURVE('',#1452,#1459);
#1452 = B_SPLINE_SURFACE_WITH_KNOTS('',1,2,(
    (#1453,#1454,#1455)
    ,(#1456,#1457,#1458
    )),.UNSPECIFIED.,.F.,.F.,.F.,(2,2),(3,3),(25.,26.),(0.,1.),
  .PIECEWISE_BEZIER_KNOTS.);
#1453 = CARTESIAN_POINT('',(59.372974763907,2.796609078558,
    92.393782373458));
#1454 = CARTESIAN_POINT('',(85.987813608461,-3.813978241878,
    94.125781762074));
#1455 = CARTESIAN_POINT('',(109.66159800728,-9.78019923759,
    93.796769632324));
#1456 = CARTESIAN_POINT('',(59.219232834979,1.628823189608,
    91.58499215802));
#1457 = CARTESIAN_POINT('',(85.881475345213,-4.621697542281,
    93.155768308041));
#1458 = CARTESIAN_POINT('',(109.59886022351,-10.25674001672,
    92.879064221958));
#1459 = DEFINITIONAL_REPRESENTATION('',(#1460),#1469);
#1460 = B_SPLINE_CURVE_WITH_KNOTS('',4,(#1461,#1462,#1463,#1464,#1465,
    #1466,#1467,#1468),.UNSPECIFIED.,.F.,.F.,(5,3,5),(0.,0.512832512831,
    1.),.UNSPECIFIED.);
#1461 = CARTESIAN_POINT('',(26.,0.131141736054));
#1462 = CARTESIAN_POINT('',(25.878230358575,0.141738625497));
#1463 = CARTESIAN_POINT('',(25.754355681559,0.152334936673));
#1464 = CARTESIAN_POINT('',(25.628304333184,0.162929710056));
#1465 = CARTESIAN_POINT('',(25.37811637104,0.183583887725));
#1466 = CARTESIAN_POINT('',(25.254199639638,0.19364354889));
#1467 = CARTESIAN_POINT('',(25.128184029628,0.203699882842));
#1468 = CARTESIAN_POINT('',(25.,0.213751814683));
#1469 = ( GEOMETRIC_REPRESENTATION_CONTEXT(2) 
PARAMETRIC_REPRESENTATION_CONTEXT() REPRESENTATION_CONTEXT('2D SPACE',''
  ) );
#1470 = ORIENTED_EDGE('',*,*,#1471,.F.);
#1471 = EDGE_CURVE('',#1472,#1427,#1474,.T.);
#1472 = VERTEX_POINT('',#1473);
#1473 = CARTESIAN_POINT('',(60.207979105982,2.914335439641E-16,
    90.716072827063));
#1474 = SURFACE_CURVE('',#1475,(#1490,#1508),.PCURVE_S1.);
#1475 = B_SPLINE_CURVE_WITH_KNOTS('',4,(#1476,#1477,#1478,#1479,#1480,
    #1481,#1482,#1483,#1484,#1485,#1486,#1487,#1488,#1489),
  .UNSPECIFIED.,.F.,.F.,(5,3,3,3,5),(0.,0.262439244601,0.516294099383,
    0.762009246704,1.),.UNSPECIFIED.);
#1476 = CARTESIAN_POINT('',(60.207979105982,0.,90.716072827063));
#1477 = CARTESIAN_POINT('',(60.600352474175,0.,90.792804122257));
#1478 = CARTESIAN_POINT('',(60.992446721398,0.,90.870414919486));
#1479 = CARTESIAN_POINT('',(61.384251768056,0.,90.948918251996));
#1480 = CARTESIAN_POINT('',(62.154455452039,0.,91.105139726689));
#1481 = CARTESIAN_POINT('',(62.532873400048,0.,91.182799558475));
#1482 = CARTESIAN_POINT('',(62.911000617519,0.,91.261319546733));
#1483 = CARTESIAN_POINT('',(63.654537383054,0.,91.417559824572));
#1484 = CARTESIAN_POINT('',(64.019965949945,0.,91.495225027628));
#1485 = CARTESIAN_POINT('',(64.385102357785,0.,91.573719783014));
#1486 = CARTESIAN_POINT('',(65.103300785142,0.,91.729898564551));
#1487 = CARTESIAN_POINT('',(65.456381532298,0.,91.807530504964));
#1488 = CARTESIAN_POINT('',(65.809168789168,0.,91.885963021433));
#1489 = CARTESIAN_POINT('',(66.161652256914,0.,91.965207529211));
#1490 = PCURVE('',#128,#1491);
#1491 = DEFINITIONAL_REPRESENTATION('',(#1492),#1507);
#1492 = B_SPLINE_CURVE_WITH_KNOTS('',4,(#1493,#1494,#1495,#1496,#1497,
    #1498,#1499,#1500,#1501,#1502,#1503,#1504,#1505,#1506),
  .UNSPECIFIED.,.F.,.F.,(5,3,3,3,5),(0.,0.262439244601,0.516294099383,
    0.762009246704,1.),.UNSPECIFIED.);
#1493 = CARTESIAN_POINT('',(-25.71607282706,50.207929105982));
#1494 = CARTESIAN_POINT('',(-25.79280412225,50.600302474175));
#1495 = CARTESIAN_POINT('',(-25.87041491948,50.992396721398));
#1496 = CARTESIAN_POINT('',(-25.94891825199,51.384201768056));
#1497 = CARTESIAN_POINT('',(-26.10513972668,52.154405452039));
#1498 = CARTESIAN_POINT('',(-26.18279955847,52.532823400048));
#1499 = CARTESIAN_POINT('',(-26.26131954673,52.910950617519));
#1500 = CARTESIAN_POINT('',(-26.41755982457,53.654487383054));
#1501 = CARTESIAN_POINT('',(-26.49522502762,54.019915949945));
#1502 = CARTESIAN_POINT('',(-26.57371978301,54.385052357785));
#1503 = CARTESIAN_POINT('',(-26.72989856455,55.103250785142));
#1504 = CARTESIAN_POINT('',(-26.80753050496,55.456331532298));
#1505 = CARTESIAN_POINT('',(-26.88596302143,55.809118789168));
#1506 = CARTESIAN_POINT('',(-26.96520752921,56.161602256914));
#1507 = ( GEOMETRIC_REPRESENTATION_CONTEXT(2) 
PARAMETRIC_REPRESENTATION_CONTEXT() REPRESENTATION_CONTEXT('2D SPACE',''
  ) );
#1508 = PCURVE('',#1509,#1516);
#1509 = B_SPLINE_SURFACE_WITH_KNOTS('',1,2,(
    (#1510,#1511,#1512)
    ,(#1513,#1514,#1515
    )),.UNSPECIFIED.,.F.,.F.,.F.,(2,2),(3,3),(26.,27.),(0.,1.),
  .PIECEWISE_BEZIER_KNOTS.);
#1510 = CARTESIAN_POINT('',(59.219232834979,1.628823189608,
    91.58499215802));
#1511 = CARTESIAN_POINT('',(85.881475345213,-4.621697542281,
    93.155768308041));
#1512 = CARTESIAN_POINT('',(109.59886022351,-10.25674001672,
    92.879064221958));
#1513 = CARTESIAN_POINT('',(59.038413607513,0.25536479892,
    90.656648791298));
#1514 = CARTESIAN_POINT('',(85.755643235238,-5.57748730914,
    92.029944435698));
#1515 = CARTESIAN_POINT('',(109.52417169437,-10.82405571905,
    91.808754134346));
#1516 = DEFINITIONAL_REPRESENTATION('',(#1517),#1532);
#1517 = B_SPLINE_CURVE_WITH_KNOTS('',4,(#1518,#1519,#1520,#1521,#1522,
    #1523,#1524,#1525,#1526,#1527,#1528,#1529,#1530,#1531),
  .UNSPECIFIED.,.F.,.F.,(5,3,3,3,5),(0.,0.262439244601,0.516294099383,
    0.762009246704,1.),.UNSPECIFIED.);
#1518 = CARTESIAN_POINT('',(27.,2.191435256648E-02));
#1519 = CARTESIAN_POINT('',(26.938541601005,2.90695336049E-02));
#1520 = CARTESIAN_POINT('',(26.876399550113,3.622715796213E-02));
#1521 = CARTESIAN_POINT('',(26.813557888754,4.338705343514E-02));
#1522 = CARTESIAN_POINT('',(26.688520674438,5.747673791186E-02));
#1523 = CARTESIAN_POINT('',(26.626371223384,6.440639293768E-02));
#1524 = CARTESIAN_POINT('',(26.563536204765,7.133782276873E-02));
#1525 = CARTESIAN_POINT('',(26.438500246144,8.49815501316E-02));
#1526 = CARTESIAN_POINT('',(26.376343576365,9.169374755878E-02));
#1527 = CARTESIAN_POINT('',(26.313515051034,9.840725849935E-02));
#1528 = CARTESIAN_POINT('',(26.188480475872,0.111625446871));
#1529 = CARTESIAN_POINT('',(26.126316947097,0.118130054612));
#1530 = CARTESIAN_POINT('',(26.063494962753,0.124635546684));
#1531 = CARTESIAN_POINT('',(26.,0.131141736054));
#1532 = ( GEOMETRIC_REPRESENTATION_CONTEXT(2) 
PARAMETRIC_REPRESENTATION_CONTEXT() REPRESENTATION_CONTEXT('2D SPACE',''
  ) );
#1533 = ORIENTED_EDGE('',*,*,#1534,.F.);
#1534 = EDGE_CURVE('',#1535,#1472,#1537,.T.);
#1535 = VERTEX_POINT('',#1536);
#1536 = CARTESIAN_POINT('',(60.,0.,90.676358577602));
#1537 = SURFACE_CURVE('',#1538,(#1544,#1553),.PCURVE_S1.);
#1538 = B_SPLINE_CURVE_WITH_KNOTS('',4,(#1539,#1540,#1541,#1542,#1543),
  .UNSPECIFIED.,.F.,.F.,(5,5),(0.,1.),.PIECEWISE_BEZIER_KNOTS.);
#1539 = CARTESIAN_POINT('',(59.004794193939,0.,90.488989140841));
#1540 = CARTESIAN_POINT('',(59.30580358068,0.,90.544999580439));
#1541 = CARTESIAN_POINT('',(59.606673437318,0.,90.601513216583));
#1542 = CARTESIAN_POINT('',(59.907399961204,0.,90.658535684762));
#1543 = CARTESIAN_POINT('',(60.207979105982,0.,90.716072827063));
#1544 = PCURVE('',#128,#1545);
#1545 = DEFINITIONAL_REPRESENTATION('',(#1546),#1552);
#1546 = B_SPLINE_CURVE_WITH_KNOTS('',4,(#1547,#1548,#1549,#1550,#1551),
  .UNSPECIFIED.,.F.,.F.,(5,5),(0.,1.),.PIECEWISE_BEZIER_KNOTS.);
#1547 = CARTESIAN_POINT('',(-25.48898914084,49.004744193939));
#1548 = CARTESIAN_POINT('',(-25.54499958043,49.30575358068));
#1549 = CARTESIAN_POINT('',(-25.60151321658,49.606623437318));
#1550 = CARTESIAN_POINT('',(-25.65853568476,49.907349961204));
#1551 = CARTESIAN_POINT('',(-25.71607282706,50.207929105982));
#1552 = ( GEOMETRIC_REPRESENTATION_CONTEXT(2) 
PARAMETRIC_REPRESENTATION_CONTEXT() REPRESENTATION_CONTEXT('2D SPACE',''
  ) );
#1553 = PCURVE('',#1554,#1561);
#1554 = B_SPLINE_SURFACE_WITH_KNOTS('',1,2,(
    (#1555,#1556,#1557)
    ,(#1558,#1559,#1560
    )),.UNSPECIFIED.,.F.,.F.,.F.,(2,2),(3,3),(27.,28.),(0.,1.),
  .PIECEWISE_BEZIER_KNOTS.);
#1555 = CARTESIAN_POINT('',(59.038413607513,0.25536479892,
    90.656648791298));
#1556 = CARTESIAN_POINT('',(85.755643235238,-5.57748730914,
    92.029944435698));
#1557 = CARTESIAN_POINT('',(109.52417169437,-10.82405571905,
    91.808754134346));
#1558 = CARTESIAN_POINT('',(58.834388185283,-1.294362141083,
    89.639176225916));
#1559 = CARTESIAN_POINT('',(85.612676451533,-6.66342784445,
    90.779624451626));
#1560 = CARTESIAN_POINT('',(109.43873446732,-11.47301588785,
    90.613373379925));
#1561 = DEFINITIONAL_REPRESENTATION('',(#1562),#1568);
#1562 = B_SPLINE_CURVE_WITH_KNOTS('',4,(#1563,#1564,#1565,#1566,#1567),
  .UNSPECIFIED.,.F.,.F.,(5,5),(0.,1.),.PIECEWISE_BEZIER_KNOTS.);
#1563 = CARTESIAN_POINT('',(27.164780512185,0.));
#1564 = CARTESIAN_POINT('',(27.124100593209,5.475857058896E-03));
#1565 = CARTESIAN_POINT('',(27.083081310267,1.095357730354E-02));
#1566 = CARTESIAN_POINT('',(27.041716566238,1.643309830304E-02));
#1567 = CARTESIAN_POINT('',(27.,2.191435256648E-02));
#1568 = ( GEOMETRIC_REPRESENTATION_CONTEXT(2) 
PARAMETRIC_REPRESENTATION_CONTEXT() REPRESENTATION_CONTEXT('2D SPACE',''
  ) );
#1569 = ORIENTED_EDGE('',*,*,#1570,.T.);
#1570 = EDGE_CURVE('',#1535,#1571,#1573,.T.);
#1571 = VERTEX_POINT('',#1572);
#1572 = CARTESIAN_POINT('',(60.,0.,106.));
#1573 = SURFACE_CURVE('',#1574,(#1578,#1585),.PCURVE_S1.);
#1574 = LINE('',#1575,#1576);
#1575 = CARTESIAN_POINT('',(60.,0.,66.));
#1576 = VECTOR('',#1577,1.);
#1577 = DIRECTION('',(0.,0.,1.));
#1578 = PCURVE('',#128,#1579);
#1579 = DEFINITIONAL_REPRESENTATION('',(#1580),#1584);
#1580 = LINE('',#1581,#1582);
#1581 = CARTESIAN_POINT('',(-1.,49.99995));
#1582 = VECTOR('',#1583,1.);
#1583 = DIRECTION('',(-1.,0.));
#1584 = ( GEOMETRIC_REPRESENTATION_CONTEXT(2) 
PARAMETRIC_REPRESENTATION_CONTEXT() REPRESENTATION_CONTEXT('2D SPACE',''
  ) );
#1585 = PCURVE('',#446,#1586);
#1586 = DEFINITIONAL_REPRESENTATION('',(#1587),#1591);
#1587 = LINE('',#1588,#1589);
#1588 = CARTESIAN_POINT('',(0.,0.));
#1589 = VECTOR('',#1590,1.);
#1590 = DIRECTION('',(0.,1.));
#1591 = ( GEOMETRIC_REPRESENTATION_CONTEXT(2) 
PARAMETRIC_REPRESENTATION_CONTEXT() REPRESENTATION_CONTEXT('2D SPACE',''
  ) );
#1592 = ORIENTED_EDGE('',*,*,#1593,.T.);
#1593 = EDGE_CURVE('',#1571,#1594,#1596,.T.);
#1594 = VERTEX_POINT('',#1595);
#1595 = CARTESIAN_POINT('',(56.,0.,106.));
#1596 = SURFACE_CURVE('',#1597,(#1601,#1608),.PCURVE_S1.);
#1597 = LINE('',#1598,#1599);
#1598 = CARTESIAN_POINT('',(60.,0.,106.));
#1599 = VECTOR('',#1600,1.);
#1600 = DIRECTION('',(-1.,0.,0.));
#1601 = PCURVE('',#128,#1602);
#1602 = DEFINITIONAL_REPRESENTATION('',(#1603),#1607);
#1603 = LINE('',#1604,#1605);
#1604 = CARTESIAN_POINT('',(-41.,49.99995));
#1605 = VECTOR('',#1606,1.);
#1606 = DIRECTION('',(0.,-1.));
#1607 = ( GEOMETRIC_REPRESENTATION_CONTEXT(2) 
PARAMETRIC_REPRESENTATION_CONTEXT() REPRESENTATION_CONTEXT('2D SPACE',''
  ) );
#1608 = PCURVE('',#1609,#1614);
#1609 = PLANE('',#1610);
#1610 = AXIS2_PLACEMENT_3D('',#1611,#1612,#1613);
#1611 = CARTESIAN_POINT('',(0.,0.,106.));
#1612 = DIRECTION('',(0.,0.,1.));
#1613 = DIRECTION('',(1.,0.,-0.));
#1614 = DEFINITIONAL_REPRESENTATION('',(#1615),#1619);
#1615 = LINE('',#1616,#1617);
#1616 = CARTESIAN_POINT('',(60.,0.));
#1617 = VECTOR('',#1618,1.);
#1618 = DIRECTION('',(-1.,0.));
#1619 = ( GEOMETRIC_REPRESENTATION_CONTEXT(2) 
PARAMETRIC_REPRESENTATION_CONTEXT() REPRESENTATION_CONTEXT('2D SPACE',''
  ) );
#1620 = ORIENTED_EDGE('',*,*,#1621,.T.);
#1621 = EDGE_CURVE('',#1594,#1622,#1624,.T.);
#1622 = VERTEX_POINT('',#1623);
#1623 = CARTESIAN_POINT('',(44.,0.,92.));
#1624 = SURFACE_CURVE('',#1625,(#1629,#1636),.PCURVE_S1.);
#1625 = LINE('',#1626,#1627);
#1626 = CARTESIAN_POINT('',(56.,0.,106.));
#1627 = VECTOR('',#1628,1.);
#1628 = DIRECTION('',(-0.650791373456,0.,-0.759256602365));
#1629 = PCURVE('',#128,#1630);
#1630 = DEFINITIONAL_REPRESENTATION('',(#1631),#1635);
#1631 = LINE('',#1632,#1633);
#1632 = CARTESIAN_POINT('',(-41.,45.99995));
#1633 = VECTOR('',#1634,1.);
#1634 = DIRECTION('',(0.759256602365,-0.650791373456));
#1635 = ( GEOMETRIC_REPRESENTATION_CONTEXT(2) 
PARAMETRIC_REPRESENTATION_CONTEXT() REPRESENTATION_CONTEXT('2D SPACE',''
  ) );
#1636 = PCURVE('',#1637,#1642);
#1637 = CONICAL_SURFACE('',#1638,56.,0.708626272128);
#1638 = AXIS2_PLACEMENT_3D('',#1639,#1640,#1641);
#1639 = CARTESIAN_POINT('',(0.,0.,106.));
#1640 = DIRECTION('',(0.,0.,1.));
#1641 = DIRECTION('',(1.,0.,0.));
#1642 = DEFINITIONAL_REPRESENTATION('',(#1643),#1647);
#1643 = LINE('',#1644,#1645);
#1644 = CARTESIAN_POINT('',(0.,-0.));
#1645 = VECTOR('',#1646,1.);
#1646 = DIRECTION('',(0.,-1.));
#1647 = ( GEOMETRIC_REPRESENTATION_CONTEXT(2) 
PARAMETRIC_REPRESENTATION_CONTEXT() REPRESENTATION_CONTEXT('2D SPACE',''
  ) );
#1648 = ORIENTED_EDGE('',*,*,#1649,.T.);
#1649 = EDGE_CURVE('',#1622,#1650,#1652,.T.);
#1650 = VERTEX_POINT('',#1651);
#1651 = CARTESIAN_POINT('',(30.,0.,100.));
#1652 = SURFACE_CURVE('',#1653,(#1657,#1664),.PCURVE_S1.);
#1653 = LINE('',#1654,#1655);
#1654 = CARTESIAN_POINT('',(44.,0.,92.));
#1655 = VECTOR('',#1656,1.);
#1656 = DIRECTION('',(-0.868243142124,0.,0.496138938357));
#1657 = PCURVE('',#128,#1658);
#1658 = DEFINITIONAL_REPRESENTATION('',(#1659),#1663);
#1659 = LINE('',#1660,#1661);
#1660 = CARTESIAN_POINT('',(-27.,33.99995));
#1661 = VECTOR('',#1662,1.);
#1662 = DIRECTION('',(-0.496138938357,-0.868243142124));
#1663 = ( GEOMETRIC_REPRESENTATION_CONTEXT(2) 
PARAMETRIC_REPRESENTATION_CONTEXT() REPRESENTATION_CONTEXT('2D SPACE',''
  ) );
#1664 = PCURVE('',#1665,#1670);
#1665 = CONICAL_SURFACE('',#1666,44.,1.051650212548);
#1666 = AXIS2_PLACEMENT_3D('',#1667,#1668,#1669);
#1667 = CARTESIAN_POINT('',(0.,0.,92.));
#1668 = DIRECTION('',(-0.,-0.,-1.));
#1669 = DIRECTION('',(1.,0.,-0.));
#1670 = DEFINITIONAL_REPRESENTATION('',(#1671),#1675);
#1671 = LINE('',#1672,#1673);
#1672 = CARTESIAN_POINT('',(-0.,-0.));
#1673 = VECTOR('',#1674,1.);
#1674 = DIRECTION('',(-0.,-1.));
#1675 = ( GEOMETRIC_REPRESENTATION_CONTEXT(2) 
PARAMETRIC_REPRESENTATION_CONTEXT() REPRESENTATION_CONTEXT('2D SPACE',''
  ) );
#1676 = ORIENTED_EDGE('',*,*,#1677,.T.);
#1677 = EDGE_CURVE('',#1650,#1678,#1680,.T.);
#1678 = VERTEX_POINT('',#1679);
#1679 = CARTESIAN_POINT('',(20.,0.,100.));
#1680 = SURFACE_CURVE('',#1681,(#1685,#1692),.PCURVE_S1.);
#1681 = LINE('',#1682,#1683);
#1682 = CARTESIAN_POINT('',(30.,0.,100.));
#1683 = VECTOR('',#1684,1.);
#1684 = DIRECTION('',(-1.,0.,0.));
#1685 = PCURVE('',#128,#1686);
#1686 = DEFINITIONAL_REPRESENTATION('',(#1687),#1691);
#1687 = LINE('',#1688,#1689);
#1688 = CARTESIAN_POINT('',(-35.,19.99995));
#1689 = VECTOR('',#1690,1.);
#1690 = DIRECTION('',(0.,-1.));
#1691 = ( GEOMETRIC_REPRESENTATION_CONTEXT(2) 
PARAMETRIC_REPRESENTATION_CONTEXT() REPRESENTATION_CONTEXT('2D SPACE',''
  ) );
#1692 = PCURVE('',#1693,#1698);
#1693 = PLANE('',#1694);
#1694 = AXIS2_PLACEMENT_3D('',#1695,#1696,#1697);
#1695 = CARTESIAN_POINT('',(0.,0.,100.));
#1696 = DIRECTION('',(0.,0.,1.));
#1697 = DIRECTION('',(1.,0.,-0.));
#1698 = DEFINITIONAL_REPRESENTATION('',(#1699),#1703);
#1699 = LINE('',#1700,#1701);
#1700 = CARTESIAN_POINT('',(30.,0.));
#1701 = VECTOR('',#1702,1.);
#1702 = DIRECTION('',(-1.,0.));
#1703 = ( GEOMETRIC_REPRESENTATION_CONTEXT(2) 
PARAMETRIC_REPRESENTATION_CONTEXT() REPRESENTATION_CONTEXT('2D SPACE',''
  ) );
#1704 = ORIENTED_EDGE('',*,*,#1705,.T.);
#1705 = EDGE_CURVE('',#1678,#298,#1706,.T.);
#1706 = SURFACE_CURVE('',#1707,(#1711,#1718),.PCURVE_S1.);
#1707 = LINE('',#1708,#1709);
#1708 = CARTESIAN_POINT('',(20.,0.,-40.));
#1709 = VECTOR('',#1710,1.);
#1710 = DIRECTION('',(0.,0.,1.));
#1711 = PCURVE('',#128,#1712);
#1712 = DEFINITIONAL_REPRESENTATION('',(#1713),#1717);
#1713 = LINE('',#1714,#1715);
#1714 = CARTESIAN_POINT('',(105.,9.99995));
#1715 = VECTOR('',#1716,1.);
#1716 = DIRECTION('',(-1.,0.));
#1717 = ( GEOMETRIC_REPRESENTATION_CONTEXT(2) 
PARAMETRIC_REPRESENTATION_CONTEXT() REPRESENTATION_CONTEXT('2D SPACE',''
  ) );
#1718 = PCURVE('',#1719,#1724);
#1719 = CYLINDRICAL_SURFACE('',#1720,20.);
#1720 = AXIS2_PLACEMENT_3D('',#1721,#1722,#1723);
#1721 = CARTESIAN_POINT('',(0.,0.,-40.));
#1722 = DIRECTION('',(0.,0.,1.));
#1723 = DIRECTION('',(1.,0.,-0.));
#1724 = DEFINITIONAL_REPRESENTATION('',(#1725),#1729);
#1725 = LINE('',#1726,#1727);
#1726 = CARTESIAN_POINT('',(0.,0.));
#1727 = VECTOR('',#1728,1.);
#1728 = DIRECTION('',(0.,1.));
#1729 = ( GEOMETRIC_REPRESENTATION_CONTEXT(2) 
PARAMETRIC_REPRESENTATION_CONTEXT() REPRESENTATION_CONTEXT('2D SPACE',''
  ) );
#1730 = ADVANCED_FACE('',(#1731),#73,.F.);
#1731 = FACE_BOUND('',#1732,.F.);
#1732 = EDGE_LOOP('',(#1733,#1756,#1757,#1758,#1759,#1782,#1805,#1828,
    #1851,#1874,#1910,#1955,#2000,#2036,#2072,#2108,#2144,#2180,#2216,
    #2261,#2324,#2387,#2410,#2473,#2536,#2581,#2626,#2662,#2698,#2734,
    #2770,#2806,#2842,#2887,#2932,#2995,#3031,#3054,#3077,#3100,#3123,
    #3146));
#1733 = ORIENTED_EDGE('',*,*,#1734,.T.);
#1734 = EDGE_CURVE('',#1735,#146,#1737,.T.);
#1735 = VERTEX_POINT('',#1736);
#1736 = CARTESIAN_POINT('',(14.142135623731,14.142135623731,170.));
#1737 = SURFACE_CURVE('',#1738,(#1742,#1749),.PCURVE_S1.);
#1738 = LINE('',#1739,#1740);
#1739 = CARTESIAN_POINT('',(14.142135623731,14.142135623731,170.));
#1740 = VECTOR('',#1741,1.);
#1741 = DIRECTION('',(-0.707106781187,-0.707106781187,0.));
#1742 = PCURVE('',#73,#1743);
#1743 = DEFINITIONAL_REPRESENTATION('',(#1744),#1748);
#1744 = LINE('',#1745,#1746);
#1745 = CARTESIAN_POINT('',(-105.,9.99995));
#1746 = VECTOR('',#1747,1.);
#1747 = DIRECTION('',(-0.,-1.));
#1748 = ( GEOMETRIC_REPRESENTATION_CONTEXT(2) 
PARAMETRIC_REPRESENTATION_CONTEXT() REPRESENTATION_CONTEXT('2D SPACE',''
  ) );
#1749 = PCURVE('',#162,#1750);
#1750 = DEFINITIONAL_REPRESENTATION('',(#1751),#1755);
#1751 = LINE('',#1752,#1753);
#1752 = CARTESIAN_POINT('',(14.142135623731,14.142135623731));
#1753 = VECTOR('',#1754,1.);
#1754 = DIRECTION('',(-0.707106781187,-0.707106781187));
#1755 = ( GEOMETRIC_REPRESENTATION_CONTEXT(2) 
PARAMETRIC_REPRESENTATION_CONTEXT() REPRESENTATION_CONTEXT('2D SPACE',''
  ) );
#1756 = ORIENTED_EDGE('',*,*,#174,.T.);
#1757 = ORIENTED_EDGE('',*,*,#57,.T.);
#1758 = ORIENTED_EDGE('',*,*,#244,.T.);
#1759 = ORIENTED_EDGE('',*,*,#1760,.T.);
#1760 = EDGE_CURVE('',#245,#1761,#1763,.T.);
#1761 = VERTEX_POINT('',#1762);
#1762 = CARTESIAN_POINT('',(21.213203435596,21.213203435596,72.));
#1763 = SURFACE_CURVE('',#1764,(#1768,#1775),.PCURVE_S1.);
#1764 = LINE('',#1765,#1766);
#1765 = CARTESIAN_POINT('',(14.142135623731,14.142135623731,72.));
#1766 = VECTOR('',#1767,1.);
#1767 = DIRECTION('',(0.707106781187,0.707106781187,0.));
#1768 = PCURVE('',#73,#1769);
#1769 = DEFINITIONAL_REPRESENTATION('',(#1770),#1774);
#1770 = LINE('',#1771,#1772);
#1771 = CARTESIAN_POINT('',(-7.,9.99995));
#1772 = VECTOR('',#1773,1.);
#1773 = DIRECTION('',(0.,1.));
#1774 = ( GEOMETRIC_REPRESENTATION_CONTEXT(2) 
PARAMETRIC_REPRESENTATION_CONTEXT() REPRESENTATION_CONTEXT('2D SPACE',''
  ) );
#1775 = PCURVE('',#282,#1776);
#1776 = DEFINITIONAL_REPRESENTATION('',(#1777),#1781);
#1777 = LINE('',#1778,#1779);
#1778 = CARTESIAN_POINT('',(14.142135623731,14.142135623731));
#1779 = VECTOR('',#1780,1.);
#1780 = DIRECTION('',(0.707106781187,0.707106781187));
#1781 = ( GEOMETRIC_REPRESENTATION_CONTEXT(2) 
PARAMETRIC_REPRESENTATION_CONTEXT() REPRESENTATION_CONTEXT('2D SPACE',''
  ) );
#1782 = ORIENTED_EDGE('',*,*,#1783,.T.);
#1783 = EDGE_CURVE('',#1761,#1784,#1786,.T.);
#1784 = VERTEX_POINT('',#1785);
#1785 = CARTESIAN_POINT('',(31.112698372208,31.112698372208,80.));
#1786 = SURFACE_CURVE('',#1787,(#1791,#1798),.PCURVE_S1.);
#1787 = LINE('',#1788,#1789);
#1788 = CARTESIAN_POINT('',(21.213203435596,21.213203435596,72.));
#1789 = VECTOR('',#1790,1.);
#1790 = DIRECTION('',(0.613940613515,0.613940613515,0.496138938357));
#1791 = PCURVE('',#73,#1792);
#1792 = DEFINITIONAL_REPRESENTATION('',(#1793),#1797);
#1793 = LINE('',#1794,#1795);
#1794 = CARTESIAN_POINT('',(-7.,19.99995));
#1795 = VECTOR('',#1796,1.);
#1796 = DIRECTION('',(-0.496138938357,0.868243142124));
#1797 = ( GEOMETRIC_REPRESENTATION_CONTEXT(2) 
PARAMETRIC_REPRESENTATION_CONTEXT() REPRESENTATION_CONTEXT('2D SPACE',''
  ) );
#1798 = PCURVE('',#362,#1799);
#1799 = DEFINITIONAL_REPRESENTATION('',(#1800),#1804);
#1800 = LINE('',#1801,#1802);
#1801 = CARTESIAN_POINT('',(0.785398163397,0.));
#1802 = VECTOR('',#1803,1.);
#1803 = DIRECTION('',(0.,1.));
#1804 = ( GEOMETRIC_REPRESENTATION_CONTEXT(2) 
PARAMETRIC_REPRESENTATION_CONTEXT() REPRESENTATION_CONTEXT('2D SPACE',''
  ) );
#1805 = ORIENTED_EDGE('',*,*,#1806,.T.);
#1806 = EDGE_CURVE('',#1784,#1807,#1809,.T.);
#1807 = VERTEX_POINT('',#1808);
#1808 = CARTESIAN_POINT('',(39.597979746447,39.597979746447,66.));
#1809 = SURFACE_CURVE('',#1810,(#1814,#1821),.PCURVE_S1.);
#1810 = LINE('',#1811,#1812);
#1811 = CARTESIAN_POINT('',(31.112698372208,31.112698372208,80.));
#1812 = VECTOR('',#1813,1.);
#1813 = DIRECTION('',(0.460178993308,0.460178993308,-0.759256602365));
#1814 = PCURVE('',#73,#1815);
#1815 = DEFINITIONAL_REPRESENTATION('',(#1816),#1820);
#1816 = LINE('',#1817,#1818);
#1817 = CARTESIAN_POINT('',(-15.,33.99995));
#1818 = VECTOR('',#1819,1.);
#1819 = DIRECTION('',(0.759256602365,0.650791373456));
#1820 = ( GEOMETRIC_REPRESENTATION_CONTEXT(2) 
PARAMETRIC_REPRESENTATION_CONTEXT() REPRESENTATION_CONTEXT('2D SPACE',''
  ) );
#1821 = PCURVE('',#390,#1822);
#1822 = DEFINITIONAL_REPRESENTATION('',(#1823),#1827);
#1823 = LINE('',#1824,#1825);
#1824 = CARTESIAN_POINT('',(-0.785398163397,0.));
#1825 = VECTOR('',#1826,1.);
#1826 = DIRECTION('',(-0.,1.));
#1827 = ( GEOMETRIC_REPRESENTATION_CONTEXT(2) 
PARAMETRIC_REPRESENTATION_CONTEXT() REPRESENTATION_CONTEXT('2D SPACE',''
  ) );
#1828 = ORIENTED_EDGE('',*,*,#1829,.T.);
#1829 = EDGE_CURVE('',#1807,#1830,#1832,.T.);
#1830 = VERTEX_POINT('',#1831);
#1831 = CARTESIAN_POINT('',(42.426406871193,42.426406871193,66.));
#1832 = SURFACE_CURVE('',#1833,(#1837,#1844),.PCURVE_S1.);
#1833 = LINE('',#1834,#1835);
#1834 = CARTESIAN_POINT('',(39.597979746447,39.597979746447,66.));
#1835 = VECTOR('',#1836,1.);
#1836 = DIRECTION('',(0.707106781187,0.707106781187,0.));
#1837 = PCURVE('',#73,#1838);
#1838 = DEFINITIONAL_REPRESENTATION('',(#1839),#1843);
#1839 = LINE('',#1840,#1841);
#1840 = CARTESIAN_POINT('',(-1.,45.99995));
#1841 = VECTOR('',#1842,1.);
#1842 = DIRECTION('',(0.,1.));
#1843 = ( GEOMETRIC_REPRESENTATION_CONTEXT(2) 
PARAMETRIC_REPRESENTATION_CONTEXT() REPRESENTATION_CONTEXT('2D SPACE',''
  ) );
#1844 = PCURVE('',#418,#1845);
#1845 = DEFINITIONAL_REPRESENTATION('',(#1846),#1850);
#1846 = LINE('',#1847,#1848);
#1847 = CARTESIAN_POINT('',(39.597979746447,39.597979746447));
#1848 = VECTOR('',#1849,1.);
#1849 = DIRECTION('',(0.707106781187,0.707106781187));
#1850 = ( GEOMETRIC_REPRESENTATION_CONTEXT(2) 
PARAMETRIC_REPRESENTATION_CONTEXT() REPRESENTATION_CONTEXT('2D SPACE',''
  ) );
#1851 = ORIENTED_EDGE('',*,*,#1852,.T.);
#1852 = EDGE_CURVE('',#1830,#1853,#1855,.T.);
#1853 = VERTEX_POINT('',#1854);
#1854 = CARTESIAN_POINT('',(42.426406871193,42.426406871193,
    77.506406529642));
#1855 = SURFACE_CURVE('',#1856,(#1860,#1867),.PCURVE_S1.);
#1856 = LINE('',#1857,#1858);
#1857 = CARTESIAN_POINT('',(42.426406871193,42.426406871193,66.));
#1858 = VECTOR('',#1859,1.);
#1859 = DIRECTION('',(0.,0.,1.));
#1860 = PCURVE('',#73,#1861);
#1861 = DEFINITIONAL_REPRESENTATION('',(#1862),#1866);
#1862 = LINE('',#1863,#1864);
#1863 = CARTESIAN_POINT('',(-1.,49.99995));
#1864 = VECTOR('',#1865,1.);
#1865 = DIRECTION('',(-1.,0.));
#1866 = ( GEOMETRIC_REPRESENTATION_CONTEXT(2) 
PARAMETRIC_REPRESENTATION_CONTEXT() REPRESENTATION_CONTEXT('2D SPACE',''
  ) );
#1867 = PCURVE('',#446,#1868);
#1868 = DEFINITIONAL_REPRESENTATION('',(#1869),#1873);
#1869 = LINE('',#1870,#1871);
#1870 = CARTESIAN_POINT('',(0.785398163397,0.));
#1871 = VECTOR('',#1872,1.);
#1872 = DIRECTION('',(0.,1.));
#1873 = ( GEOMETRIC_REPRESENTATION_CONTEXT(2) 
PARAMETRIC_REPRESENTATION_CONTEXT() REPRESENTATION_CONTEXT('2D SPACE',''
  ) );
#1874 = ORIENTED_EDGE('',*,*,#1875,.T.);
#1875 = EDGE_CURVE('',#1853,#1876,#1878,.T.);
#1876 = VERTEX_POINT('',#1877);
#1877 = CARTESIAN_POINT('',(42.938058470847,42.938058470847,
    77.448747849741));
#1878 = SURFACE_CURVE('',#1879,(#1885,#1894),.PCURVE_S1.);
#1879 = B_SPLINE_CURVE_WITH_KNOTS('',4,(#1880,#1881,#1882,#1883,#1884),
  .UNSPECIFIED.,.F.,.F.,(5,5),(0.,1.),.PIECEWISE_BEZIER_KNOTS.);
#1880 = CARTESIAN_POINT('',(41.722690097051,41.722690097051,
    77.581994523928));
#1881 = CARTESIAN_POINT('',(42.026695940445,42.026695940445,
    77.55026475713));
#1882 = CARTESIAN_POINT('',(42.330596042985,42.330596042985,
    77.517484467654));
#1883 = CARTESIAN_POINT('',(42.634385352139,42.634385352139,
    77.483647681346));
#1884 = CARTESIAN_POINT('',(42.938058470847,42.938058470847,
    77.448747849741));
#1885 = PCURVE('',#73,#1886);
#1886 = DEFINITIONAL_REPRESENTATION('',(#1887),#1893);
#1887 = B_SPLINE_CURVE_WITH_KNOTS('',4,(#1888,#1889,#1890,#1891,#1892),
  .UNSPECIFIED.,.F.,.F.,(5,5),(0.,1.),.PIECEWISE_BEZIER_KNOTS.);
#1888 = CARTESIAN_POINT('',(-12.58199452392,49.004744193939));
#1889 = CARTESIAN_POINT('',(-12.55026475713,49.434673380707));
#1890 = CARTESIAN_POINT('',(-12.51748446765,49.864453027326));
#1891 = CARTESIAN_POINT('',(-12.48364768134,50.294075988436));
#1892 = CARTESIAN_POINT('',(-12.44874784974,50.72353463144));
#1893 = ( GEOMETRIC_REPRESENTATION_CONTEXT(2) 
PARAMETRIC_REPRESENTATION_CONTEXT() REPRESENTATION_CONTEXT('2D SPACE',''
  ) );
#1894 = PCURVE('',#1895,#1902);
#1895 = B_SPLINE_SURFACE_WITH_KNOTS('',1,2,(
    (#1896,#1897,#1898)
    ,(#1899,#1900,#1901
  )),.UNSPECIFIED.,.F.,.F.,.F.,(2,2),(3,3),(5.,6.),(0.,1.),
  .PIECEWISE_BEZIER_KNOTS.);
#1896 = CARTESIAN_POINT('',(42.055996998953,41.466934715942,
    77.473369727142));
#1897 = CARTESIAN_POINT('',(56.152821337784,64.997934237738,
    77.056354542386));
#1898 = CARTESIAN_POINT('',(69.220449233284,85.537246724403,
    78.169663996046));
#1899 = CARTESIAN_POINT('',(40.692816142424,42.512940176652,
    77.91763068507));
#1900 = CARTESIAN_POINT('',(55.113589331412,65.795365002999,
    77.919515872288));
#1901 = CARTESIAN_POINT('',(68.552382081585,86.049872679684,
    79.095124364617));
#1902 = DEFINITIONAL_REPRESENTATION('',(#1903),#1909);
#1903 = B_SPLINE_CURVE_WITH_KNOTS('',4,(#1904,#1905,#1906,#1907,#1908),
  .UNSPECIFIED.,.F.,.F.,(5,5),(0.,1.),.PIECEWISE_BEZIER_KNOTS.);
#1904 = CARTESIAN_POINT('',(5.244506736069,0.));
#1905 = CARTESIAN_POINT('',(5.184161899492,7.821120788551E-03));
#1906 = CARTESIAN_POINT('',(5.123304850105,1.564850026448E-02));
#1907 = CARTESIAN_POINT('',(5.061922285389,2.348204079431E-02));
#1908 = CARTESIAN_POINT('',(5.,3.132163452122E-02));
#1909 = ( GEOMETRIC_REPRESENTATION_CONTEXT(2) 
PARAMETRIC_REPRESENTATION_CONTEXT() REPRESENTATION_CONTEXT('2D SPACE',''
  ) );
#1910 = ORIENTED_EDGE('',*,*,#1911,.T.);
#1911 = EDGE_CURVE('',#1876,#1912,#1914,.T.);
#1912 = VERTEX_POINT('',#1913);
#1913 = CARTESIAN_POINT('',(47.077445646336,47.077445646336,
    77.057057951755));
#1914 = SURFACE_CURVE('',#1915,(#1924,#1936),.PCURVE_S1.);
#1915 = B_SPLINE_CURVE_WITH_KNOTS('',4,(#1916,#1917,#1918,#1919,#1920,
    #1921,#1922,#1923),.UNSPECIFIED.,.F.,.F.,(5,3,5),(0.,0.510324471796,
    1.),.UNSPECIFIED.);
#1916 = CARTESIAN_POINT('',(42.938058470847,42.938058470847,
    77.448747849741));
#1917 = CARTESIAN_POINT('',(43.467202673058,43.467202673058,
    77.408447774756));
#1918 = CARTESIAN_POINT('',(43.996034226374,43.996034226374,
    77.364885310616));
#1919 = CARTESIAN_POINT('',(44.524524212788,44.524524212788,
    77.318041757867));
#1920 = CARTESIAN_POINT('',(45.559387538947,45.559387538947,
    77.219772444189));
#1921 = CARTESIAN_POINT('',(46.065790490515,46.065790490515,
    77.168608759184));
#1922 = CARTESIAN_POINT('',(46.571820586923,46.571820586923,
    77.114379738716));
#1923 = CARTESIAN_POINT('',(47.077445646336,47.077445646336,
    77.057057951755));
#1924 = PCURVE('',#73,#1925);
#1925 = DEFINITIONAL_REPRESENTATION('',(#1926),#1935);
#1926 = B_SPLINE_CURVE_WITH_KNOTS('',4,(#1927,#1928,#1929,#1930,#1931,
    #1932,#1933,#1934),.UNSPECIFIED.,.F.,.F.,(5,3,5),(0.,0.510324471796,
    1.),.UNSPECIFIED.);
#1927 = CARTESIAN_POINT('',(-12.44874784974,50.72353463144));
#1928 = CARTESIAN_POINT('',(-12.40844777475,51.471857538658));
#1929 = CARTESIAN_POINT('',(-12.36488531061,52.219738293569));
#1930 = CARTESIAN_POINT('',(-12.31804175786,52.967135999934));
#1931 = CARTESIAN_POINT('',(-12.21977244418,54.43065375099));
#1932 = CARTESIAN_POINT('',(-12.16860875918,55.146815673124));
#1933 = CARTESIAN_POINT('',(-12.11437973871,55.862450298433));
#1934 = CARTESIAN_POINT('',(-12.05705795175,56.577512114931));
#1935 = ( GEOMETRIC_REPRESENTATION_CONTEXT(2) 
PARAMETRIC_REPRESENTATION_CONTEXT() REPRESENTATION_CONTEXT('2D SPACE',''
  ) );
#1936 = PCURVE('',#1937,#1944);
#1937 = B_SPLINE_SURFACE_WITH_KNOTS('',1,2,(
    (#1938,#1939,#1940)
    ,(#1941,#1942,#1943
  )),.UNSPECIFIED.,.F.,.F.,.F.,(2,2),(3,3),(4.,5.),(0.,1.),
  .PIECEWISE_BEZIER_KNOTS.);
#1938 = CARTESIAN_POINT('',(43.254828092763,40.547039263633,
    77.252304209735));
#1939 = CARTESIAN_POINT('',(57.099722949779,64.271351075893,
    76.421065110154));
#1940 = CARTESIAN_POINT('',(69.837641289953,85.063658602554,
    77.434111547357));
#1941 = CARTESIAN_POINT('',(42.055996998953,41.466934715942,
    77.473369727142));
#1942 = CARTESIAN_POINT('',(56.152821337784,64.997934237738,
    77.056354542386));
#1943 = CARTESIAN_POINT('',(69.220449233284,85.537246724403,
    78.169663996046));
#1944 = DEFINITIONAL_REPRESENTATION('',(#1945),#1954);
#1945 = B_SPLINE_CURVE_WITH_KNOTS('',4,(#1946,#1947,#1948,#1949,#1950,
    #1951,#1952,#1953),.UNSPECIFIED.,.F.,.F.,(5,3,5),(0.,0.510324471796,
    1.),.UNSPECIFIED.);
#1946 = CARTESIAN_POINT('',(5.,3.132163452122E-02));
#1947 = CARTESIAN_POINT('',(4.877520192374,4.498196634755E-02));
#1948 = CARTESIAN_POINT('',(4.75341467664,5.866171309809E-02));
#1949 = CARTESIAN_POINT('',(4.627604219669,7.23603043492E-02));
#1950 = CARTESIAN_POINT('',(4.377558522981,9.923881617573E-02));
#1951 = CARTESIAN_POINT('',(4.253465487047,0.112417295013));
#1952 = CARTESIAN_POINT('',(4.127642011078,0.125611908569));
#1953 = CARTESIAN_POINT('',(4.,0.138821953131));
#1954 = ( GEOMETRIC_REPRESENTATION_CONTEXT(2) 
PARAMETRIC_REPRESENTATION_CONTEXT() REPRESENTATION_CONTEXT('2D SPACE',''
  ) );
#1955 = ORIENTED_EDGE('',*,*,#1956,.T.);
#1956 = EDGE_CURVE('',#1912,#1957,#1959,.T.);
#1957 = VERTEX_POINT('',#1958);
#1958 = CARTESIAN_POINT('',(50.279791628042,50.279791628042,
    76.789691965427));
#1959 = SURFACE_CURVE('',#1960,(#1969,#1981),.PCURVE_S1.);
#1960 = B_SPLINE_CURVE_WITH_KNOTS('',4,(#1961,#1962,#1963,#1964,#1965,
    #1966,#1967,#1968),.UNSPECIFIED.,.F.,.F.,(5,3,5),(0.,0.507587870899,
    1.),.UNSPECIFIED.);
#1961 = CARTESIAN_POINT('',(47.077445646336,47.077445646336,
    77.057057951755));
#1962 = CARTESIAN_POINT('',(47.484631386724,47.484631386724,
    77.029217124201));
#1963 = CARTESIAN_POINT('',(47.891565983335,47.891565983335,
    76.999324719572));
#1964 = CARTESIAN_POINT('',(48.298230891079,48.298230891079,
    76.967375830355));
#1965 = CARTESIAN_POINT('',(49.098830830766,49.098830830766,
    76.900366638602));
#1966 = CARTESIAN_POINT('',(49.492782933876,49.492782933876,
    76.865427911316));
#1967 = CARTESIAN_POINT('',(49.886443397987,49.886443397987,
    76.8285395842));
#1968 = CARTESIAN_POINT('',(50.279791628042,50.279791628042,
    76.789691965427));
#1969 = PCURVE('',#73,#1970);
#1970 = DEFINITIONAL_REPRESENTATION('',(#1971),#1980);
#1971 = B_SPLINE_CURVE_WITH_KNOTS('',4,(#1972,#1973,#1974,#1975,#1976,
    #1977,#1978,#1979),.UNSPECIFIED.,.F.,.F.,(5,3,5),(0.,0.507587870899,
    1.),.UNSPECIFIED.);
#1972 = CARTESIAN_POINT('',(-12.05705795175,56.577512114931));
#1973 = CARTESIAN_POINT('',(-12.0292171242,57.153359711392));
#1974 = CARTESIAN_POINT('',(-11.99932471957,57.728852136919));
#1975 = CARTESIAN_POINT('',(-11.96737583035,58.303963164791));
#1976 = CARTESIAN_POINT('',(-11.9003666386,59.436182457532));
#1977 = CARTESIAN_POINT('',(-11.86542791131,59.993314864675));
#1978 = CARTESIAN_POINT('',(-11.8285395842,60.550034831991));
#1979 = CARTESIAN_POINT('',(-11.78969196542,61.106313233671));
#1980 = ( GEOMETRIC_REPRESENTATION_CONTEXT(2) 
PARAMETRIC_REPRESENTATION_CONTEXT() REPRESENTATION_CONTEXT('2D SPACE',''
  ) );
#1981 = PCURVE('',#1982,#1989);
#1982 = B_SPLINE_SURFACE_WITH_KNOTS('',1,2,(
    (#1983,#1984,#1985)
    ,(#1986,#1987,#1988
  )),.UNSPECIFIED.,.F.,.F.,.F.,(2,2),(3,3),(3.,4.),(0.,1.),
  .PIECEWISE_BEZIER_KNOTS.);
#1983 = CARTESIAN_POINT('',(44.246507582389,39.786096827818,
    77.227722067914));
#1984 = CARTESIAN_POINT('',(57.915840896103,63.645121750305,
    76.01083222372));
#1985 = CARTESIAN_POINT('',(70.377116475816,84.649704733097,
    76.895857415592));
#1986 = CARTESIAN_POINT('',(43.254828092763,40.547039263633,
    77.252304209735));
#1987 = CARTESIAN_POINT('',(57.099722949779,64.271351075893,
    76.421065110154));
#1988 = CARTESIAN_POINT('',(69.837641289953,85.063658602554,
    77.434111547357));
#1989 = DEFINITIONAL_REPRESENTATION('',(#1990),#1999);
#1990 = B_SPLINE_CURVE_WITH_KNOTS('',4,(#1991,#1992,#1993,#1994,#1995,
    #1996,#1997,#1998),.UNSPECIFIED.,.F.,.F.,(5,3,5),(0.,0.507587870899,
    1.),.UNSPECIFIED.);
#1991 = CARTESIAN_POINT('',(4.,0.138821953131));
#1992 = CARTESIAN_POINT('',(3.876846715547,0.14946015564));
#1993 = CARTESIAN_POINT('',(3.752497430598,0.160108666839));
#1994 = CARTESIAN_POINT('',(3.626900616394,0.170767075921));
#1995 = CARTESIAN_POINT('',(3.376893235013,0.191783810162));
#1996 = CARTESIAN_POINT('',(3.252559456705,0.202141579406));
#1997 = CARTESIAN_POINT('',(3.12694710188,0.212507796255));
#1998 = CARTESIAN_POINT('',(3.,0.222881973605));
#1999 = ( GEOMETRIC_REPRESENTATION_CONTEXT(2) 
PARAMETRIC_REPRESENTATION_CONTEXT() REPRESENTATION_CONTEXT('2D SPACE',''
  ) );
#2000 = ORIENTED_EDGE('',*,*,#2001,.T.);
#2001 = EDGE_CURVE('',#1957,#2002,#2004,.T.);
#2002 = VERTEX_POINT('',#2003);
#2003 = CARTESIAN_POINT('',(52.623511693974,52.623511693974,
    76.671164508774));
#2004 = SURFACE_CURVE('',#2005,(#2011,#2020),.PCURVE_S1.);
#2005 = B_SPLINE_CURVE_WITH_KNOTS('',4,(#2006,#2007,#2008,#2009,#2010),
  .UNSPECIFIED.,.F.,.F.,(5,5),(0.,1.),.PIECEWISE_BEZIER_KNOTS.);
#2006 = CARTESIAN_POINT('',(50.279791628042,50.279791628042,
    76.789691965427));
#2007 = CARTESIAN_POINT('',(50.866888216682,50.866888216682,
    76.766976561336));
#2008 = CARTESIAN_POINT('',(51.453267075016,51.453267075016,
    76.739645083571));
#2009 = CARTESIAN_POINT('',(52.038841580646,52.038841580646,
    76.707709107014));
#2010 = CARTESIAN_POINT('',(52.623511693974,52.623511693974,
    76.671164508774));
#2011 = PCURVE('',#73,#2012);
#2012 = DEFINITIONAL_REPRESENTATION('',(#2013),#2019);
#2013 = B_SPLINE_CURVE_WITH_KNOTS('',4,(#2014,#2015,#2016,#2017,#2018),
  .UNSPECIFIED.,.F.,.F.,(5,5),(0.,1.),.PIECEWISE_BEZIER_KNOTS.);
#2014 = CARTESIAN_POINT('',(-11.78969196542,61.106313233671));
#2015 = CARTESIAN_POINT('',(-11.76697656133,61.936593191748));
#2016 = CARTESIAN_POINT('',(-11.73964508357,62.765858125893));
#2017 = CARTESIAN_POINT('',(-11.70770910701,63.593985533534));
#2018 = CARTESIAN_POINT('',(-11.67116450877,64.420833937317));
#2019 = ( GEOMETRIC_REPRESENTATION_CONTEXT(2) 
PARAMETRIC_REPRESENTATION_CONTEXT() REPRESENTATION_CONTEXT('2D SPACE',''
  ) );
#2020 = PCURVE('',#2021,#2028);
#2021 = B_SPLINE_SURFACE_WITH_KNOTS('',1,2,(
    (#2022,#2023,#2024)
    ,(#2025,#2026,#2027
  )),.UNSPECIFIED.,.F.,.F.,.F.,(2,2),(3,3),(2.,3.),(0.,1.),
  .PIECEWISE_BEZIER_KNOTS.);
#2022 = CARTESIAN_POINT('',(44.997892091298,39.209539215782,
    77.369829758116));
#2023 = CARTESIAN_POINT('',(58.568933047614,63.143986516813,
    75.817065819741));
#2024 = CARTESIAN_POINT('',(70.815709288555,84.313160631148,
    76.557348497402));
#2025 = CARTESIAN_POINT('',(44.246507582389,39.786096827818,
    77.227722067914));
#2026 = CARTESIAN_POINT('',(57.915840896103,63.645121750305,
    76.01083222372));
#2027 = CARTESIAN_POINT('',(70.377116475816,84.649704733097,
    76.895857415592));
#2028 = DEFINITIONAL_REPRESENTATION('',(#2029),#2035);
#2029 = B_SPLINE_CURVE_WITH_KNOTS('',4,(#2030,#2031,#2032,#2033,#2034),
  .UNSPECIFIED.,.F.,.F.,(5,5),(0.,1.),.PIECEWISE_BEZIER_KNOTS.);
#2030 = CARTESIAN_POINT('',(3.,0.222881973605));
#2031 = CARTESIAN_POINT('',(2.754743451157,0.238366075647));
#2032 = CARTESIAN_POINT('',(2.506479681979,0.253867327033));
#2033 = CARTESIAN_POINT('',(2.254983121578,0.269383624516));
#2034 = CARTESIAN_POINT('',(2.,0.284912445189));
#2035 = ( GEOMETRIC_REPRESENTATION_CONTEXT(2) 
PARAMETRIC_REPRESENTATION_CONTEXT() REPRESENTATION_CONTEXT('2D SPACE',''
  ) );
#2036 = ORIENTED_EDGE('',*,*,#2037,.T.);
#2037 = EDGE_CURVE('',#2002,#2038,#2040,.T.);
#2038 = VERTEX_POINT('',#2039);
#2039 = CARTESIAN_POINT('',(54.166540470075,54.166540470075,
    76.719166335811));
#2040 = SURFACE_CURVE('',#2041,(#2047,#2056),.PCURVE_S1.);
#2041 = B_SPLINE_CURVE_WITH_KNOTS('',4,(#2042,#2043,#2044,#2045,#2046),
  .UNSPECIFIED.,.F.,.F.,(5,5),(0.,1.),.PIECEWISE_BEZIER_KNOTS.);
#2042 = CARTESIAN_POINT('',(52.623511693974,52.623511693974,
    76.671164508774));
#2043 = CARTESIAN_POINT('',(53.009889029413,53.009889029413,
    76.686719850635));
#2044 = CARTESIAN_POINT('',(53.39588565882,53.39588565882,
    76.699889591064));
#2045 = CARTESIAN_POINT('',(53.781453348383,53.781453348383,
    76.710698199714));
#2046 = CARTESIAN_POINT('',(54.166540470075,54.166540470075,
    76.719166335811));
#2047 = PCURVE('',#73,#2048);
#2048 = DEFINITIONAL_REPRESENTATION('',(#2049),#2055);
#2049 = B_SPLINE_CURVE_WITH_KNOTS('',4,(#2050,#2051,#2052,#2053,#2054),
  .UNSPECIFIED.,.F.,.F.,(5,5),(0.,1.),.PIECEWISE_BEZIER_KNOTS.);
#2050 = CARTESIAN_POINT('',(-11.67116450877,64.420833937317));
#2051 = CARTESIAN_POINT('',(-11.68671985063,64.967254005289));
#2052 = CARTESIAN_POINT('',(-11.69988959106,65.513135673626));
#2053 = CARTESIAN_POINT('',(-11.71069819971,66.058410729419));
#2054 = CARTESIAN_POINT('',(-11.71916633581,66.603006159611));
#2055 = ( GEOMETRIC_REPRESENTATION_CONTEXT(2) 
PARAMETRIC_REPRESENTATION_CONTEXT() REPRESENTATION_CONTEXT('2D SPACE',''
  ) );
#2056 = PCURVE('',#2057,#2064);
#2057 = B_SPLINE_SURFACE_WITH_KNOTS('',1,2,(
    (#2058,#2059,#2060)
    ,(#2061,#2062,#2063
  )),.UNSPECIFIED.,.F.,.F.,.F.,(2,2),(3,3),(1.,2.),(0.,1.),
  .PIECEWISE_BEZIER_KNOTS.);
#2058 = CARTESIAN_POINT('',(45.487140261031,38.834125891327,
    77.651169122698));
#2059 = CARTESIAN_POINT('',(59.035470167841,62.785999993569,
    75.828602975567));
#2060 = CARTESIAN_POINT('',(71.135880077864,84.067484943749,
    76.417606452633));
#2061 = CARTESIAN_POINT('',(44.997892091298,39.209539215782,
    77.369829758116));
#2062 = CARTESIAN_POINT('',(58.568933047614,63.143986516813,
    75.817065819741));
#2063 = CARTESIAN_POINT('',(70.815709288555,84.313160631148,
    76.557348497402));
#2064 = DEFINITIONAL_REPRESENTATION('',(#2065),#2071);
#2065 = B_SPLINE_CURVE_WITH_KNOTS('',4,(#2066,#2067,#2068,#2069,#2070),
  .UNSPECIFIED.,.F.,.F.,(5,5),(0.,1.),.PIECEWISE_BEZIER_KNOTS.);
#2066 = CARTESIAN_POINT('',(2.,0.284912445189));
#2067 = CARTESIAN_POINT('',(1.752107777031,0.295174615629));
#2068 = CARTESIAN_POINT('',(1.502879377689,0.305442633732));
#2069 = CARTESIAN_POINT('',(1.252212687972,0.315715259606));
#2070 = CARTESIAN_POINT('',(1.,0.325991138764));
#2071 = ( GEOMETRIC_REPRESENTATION_CONTEXT(2) 
PARAMETRIC_REPRESENTATION_CONTEXT() REPRESENTATION_CONTEXT('2D SPACE',''
  ) );
#2072 = ORIENTED_EDGE('',*,*,#2073,.T.);
#2073 = EDGE_CURVE('',#2038,#2074,#2076,.T.);
#2074 = VERTEX_POINT('',#2075);
#2075 = CARTESIAN_POINT('',(54.950115002471,54.950115002471,
    76.947593722696));
#2076 = SURFACE_CURVE('',#2077,(#2083,#2092),.PCURVE_S1.);
#2077 = B_SPLINE_CURVE_WITH_KNOTS('',4,(#2078,#2079,#2080,#2081,#2082),
  .UNSPECIFIED.,.F.,.F.,(5,5),(0.,1.),.PIECEWISE_BEZIER_KNOTS.);
#2078 = CARTESIAN_POINT('',(54.166540470075,54.166540470075,
    76.719166335811));
#2079 = CARTESIAN_POINT('',(54.362178206536,54.362178206536,
    76.777917419519));
#2080 = CARTESIAN_POINT('',(54.558002228988,54.558002228988,
    76.83556546662));
#2081 = CARTESIAN_POINT('',(54.753989046952,54.753989046952,
    76.892120751474));
#2082 = CARTESIAN_POINT('',(54.950115002471,54.950115002471,
    76.947593722696));
#2083 = PCURVE('',#73,#2084);
#2084 = DEFINITIONAL_REPRESENTATION('',(#2085),#2091);
#2085 = B_SPLINE_CURVE_WITH_KNOTS('',4,(#2086,#2087,#2088,#2089,#2090),
  .UNSPECIFIED.,.F.,.F.,(5,5),(0.,1.),.PIECEWISE_BEZIER_KNOTS.);
#2086 = CARTESIAN_POINT('',(-11.71916633581,66.603006159611));
#2087 = CARTESIAN_POINT('',(-11.77791741951,66.879679699826));
#2088 = CARTESIAN_POINT('',(-11.83556546662,67.156616688216));
#2089 = CARTESIAN_POINT('',(-11.89212075147,67.433783904227));
#2090 = CARTESIAN_POINT('',(-11.94759372269,67.711147890455));
#2091 = ( GEOMETRIC_REPRESENTATION_CONTEXT(2) 
PARAMETRIC_REPRESENTATION_CONTEXT() REPRESENTATION_CONTEXT('2D SPACE',''
  ) );
#2092 = PCURVE('',#2093,#2100);
#2093 = B_SPLINE_SURFACE_WITH_KNOTS('',1,2,(
    (#2094,#2095,#2096)
    ,(#2097,#2098,#2099
  )),.UNSPECIFIED.,.F.,.F.,.F.,(2,2),(3,3),(0.,1.),(0.,1.),
  .PIECEWISE_BEZIER_KNOTS.);
#2094 = CARTESIAN_POINT('',(45.70457044421,38.667285843773,
    78.051211036502));
#2095 = CARTESIAN_POINT('',(59.302405430785,62.581173362269,
    76.034699393759));
#2096 = CARTESIAN_POINT('',(71.327200562561,83.920679572488,
    76.473720558371));
#2097 = CARTESIAN_POINT('',(45.487140261031,38.834125891327,
    77.651169122698));
#2098 = CARTESIAN_POINT('',(59.035470167841,62.785999993569,
    75.828602975567));
#2099 = CARTESIAN_POINT('',(71.135880077864,84.067484943749,
    76.417606452633));
#2100 = DEFINITIONAL_REPRESENTATION('',(#2101),#2107);
#2101 = B_SPLINE_CURVE_WITH_KNOTS('',4,(#2102,#2103,#2104,#2105,#2106),
  .UNSPECIFIED.,.F.,.F.,(5,5),(0.,1.),.PIECEWISE_BEZIER_KNOTS.);
#2102 = CARTESIAN_POINT('',(1.,0.325991138764));
#2103 = CARTESIAN_POINT('',(0.749978085551,0.331211645047));
#2104 = CARTESIAN_POINT('',(0.49998870015,0.336441271748));
#2105 = CARTESIAN_POINT('',(0.250005192668,0.341679424672));
#2106 = CARTESIAN_POINT('',(0.,0.346925499568));
#2107 = ( GEOMETRIC_REPRESENTATION_CONTEXT(2) 
PARAMETRIC_REPRESENTATION_CONTEXT() REPRESENTATION_CONTEXT('2D SPACE',''
  ) );
#2108 = ORIENTED_EDGE('',*,*,#2109,.T.);
#2109 = EDGE_CURVE('',#2074,#2110,#2112,.T.);
#2110 = VERTEX_POINT('',#2111);
#2111 = CARTESIAN_POINT('',(54.97319816177,54.97319816177,
    77.348023229317));
#2112 = SURFACE_CURVE('',#2113,(#2119,#2128),.PCURVE_S1.);
#2113 = B_SPLINE_CURVE_WITH_KNOTS('',4,(#2114,#2115,#2116,#2117,#2118),
  .UNSPECIFIED.,.F.,.F.,(5,5),(0.,1.),.PIECEWISE_BEZIER_KNOTS.);
#2114 = CARTESIAN_POINT('',(54.950115002471,54.950115002471,
    76.947593722696));
#2115 = CARTESIAN_POINT('',(54.955811876083,54.955811876083,
    77.047736840228));
#2116 = CARTESIAN_POINT('',(54.961557416729,54.961557416729,
    77.14785644331));
#2117 = CARTESIAN_POINT('',(54.967352528961,54.967352528961,
    77.247952068841));
#2118 = CARTESIAN_POINT('',(54.97319816177,54.97319816177,
    77.348023229317));
#2119 = PCURVE('',#73,#2120);
#2120 = DEFINITIONAL_REPRESENTATION('',(#2121),#2127);
#2121 = B_SPLINE_CURVE_WITH_KNOTS('',4,(#2122,#2123,#2124,#2125,#2126),
  .UNSPECIFIED.,.F.,.F.,(5,5),(0.,1.),.PIECEWISE_BEZIER_KNOTS.);
#2122 = CARTESIAN_POINT('',(-11.94759372269,67.711147890455));
#2123 = CARTESIAN_POINT('',(-12.04773684022,67.719204486381));
#2124 = CARTESIAN_POINT('',(-12.14785644331,67.727329907886));
#2125 = CARTESIAN_POINT('',(-12.24795206884,67.7355254342));
#2126 = CARTESIAN_POINT('',(-12.34802322931,67.743792407399));
#2127 = ( GEOMETRIC_REPRESENTATION_CONTEXT(2) 
PARAMETRIC_REPRESENTATION_CONTEXT() REPRESENTATION_CONTEXT('2D SPACE',''
  ) );
#2128 = PCURVE('',#2129,#2136);
#2129 = B_SPLINE_SURFACE_WITH_KNOTS('',1,2,(
    (#2130,#2131,#2132)
    ,(#2133,#2134,#2135
    )),.UNSPECIFIED.,.F.,.F.,.F.,(2,2),(3,3),(41.,42.),(0.,1.),
  .PIECEWISE_BEZIER_KNOTS.);
#2130 = CARTESIAN_POINT('',(45.647601088816,38.710999967654,
    78.53005407253));
#2131 = CARTESIAN_POINT('',(59.357407260778,62.538968973727,
    76.407843678799));
#2132 = CARTESIAN_POINT('',(71.379136902505,83.880827417192,
    76.712135192076));
#2133 = CARTESIAN_POINT('',(45.70457044421,38.667285843773,
    78.051211036502));
#2134 = CARTESIAN_POINT('',(59.302405430785,62.581173362269,
    76.034699393759));
#2135 = CARTESIAN_POINT('',(71.327200562561,83.920679572488,
    76.473720558371));
#2136 = DEFINITIONAL_REPRESENTATION('',(#2137),#2143);
#2137 = B_SPLINE_CURVE_WITH_KNOTS('',4,(#2138,#2139,#2140,#2141,#2142),
  .UNSPECIFIED.,.F.,.F.,(5,5),(0.,1.),.PIECEWISE_BEZIER_KNOTS.);
#2138 = CARTESIAN_POINT('',(42.,0.346925499568));
#2139 = CARTESIAN_POINT('',(41.75001091437,0.347077882385));
#2140 = CARTESIAN_POINT('',(41.500014627989,0.347231570516));
#2141 = CARTESIAN_POINT('',(41.250011028605,0.347386588293));
#2142 = CARTESIAN_POINT('',(41.,0.347542961248));
#2143 = ( GEOMETRIC_REPRESENTATION_CONTEXT(2) 
PARAMETRIC_REPRESENTATION_CONTEXT() REPRESENTATION_CONTEXT('2D SPACE',''
  ) );
#2144 = ORIENTED_EDGE('',*,*,#2145,.T.);
#2145 = EDGE_CURVE('',#2110,#2146,#2148,.T.);
#2146 = VERTEX_POINT('',#2147);
#2147 = CARTESIAN_POINT('',(54.211564294735,54.211564294735,
    77.907910826699));
#2148 = SURFACE_CURVE('',#2149,(#2155,#2164),.PCURVE_S1.);
#2149 = B_SPLINE_CURVE_WITH_KNOTS('',4,(#2150,#2151,#2152,#2153,#2154),
  .UNSPECIFIED.,.F.,.F.,(5,5),(0.,1.),.PIECEWISE_BEZIER_KNOTS.);
#2150 = CARTESIAN_POINT('',(54.97319816177,54.97319816177,
    77.348023229317));
#2151 = CARTESIAN_POINT('',(54.78507595331,54.78507595331,
    77.488705396191));
#2152 = CARTESIAN_POINT('',(54.595429395709,54.595429395709,
    77.628930941334));
#2153 = CARTESIAN_POINT('',(54.404257959454,54.404257959454,
    77.768674582834));
#2154 = CARTESIAN_POINT('',(54.211564294735,54.211564294735,
    77.907910826699));
#2155 = PCURVE('',#73,#2156);
#2156 = DEFINITIONAL_REPRESENTATION('',(#2157),#2163);
#2157 = B_SPLINE_CURVE_WITH_KNOTS('',4,(#2158,#2159,#2160,#2161,#2162),
  .UNSPECIFIED.,.F.,.F.,(5,5),(0.,1.),.PIECEWISE_BEZIER_KNOTS.);
#2158 = CARTESIAN_POINT('',(-12.34802322931,67.743792407399));
#2159 = CARTESIAN_POINT('',(-12.48870539619,67.477747428811));
#2160 = CARTESIAN_POINT('',(-12.62893094133,67.209546694995));
#2161 = CARTESIAN_POINT('',(-12.76867458283,66.939189457105));
#2162 = CARTESIAN_POINT('',(-12.90791082669,66.666679463075));
#2163 = ( GEOMETRIC_REPRESENTATION_CONTEXT(2) 
PARAMETRIC_REPRESENTATION_CONTEXT() REPRESENTATION_CONTEXT('2D SPACE',''
  ) );
#2164 = PCURVE('',#2165,#2172);
#2165 = B_SPLINE_SURFACE_WITH_KNOTS('',1,2,(
    (#2166,#2167,#2168)
    ,(#2169,#2170,#2171
    )),.UNSPECIFIED.,.F.,.F.,.F.,(2,2),(3,3),(40.,41.),(0.,1.),
  .PIECEWISE_BEZIER_KNOTS.);
#2166 = CARTESIAN_POINT('',(45.323856808078,38.959417691468,
    79.054259607658));
#2167 = CARTESIAN_POINT('',(59.197316711742,62.661810772522,
    76.921418935889));
#2168 = CARTESIAN_POINT('',(71.287758546381,83.950944495963,
    77.117761995817));
#2169 = CARTESIAN_POINT('',(45.647601088816,38.710999967654,
    78.53005407253));
#2170 = CARTESIAN_POINT('',(59.357407260778,62.538968973727,
    76.407843678799));
#2171 = CARTESIAN_POINT('',(71.379136902505,83.880827417192,
    76.712135192076));
#2172 = DEFINITIONAL_REPRESENTATION('',(#2173),#2179);
#2173 = B_SPLINE_CURVE_WITH_KNOTS('',4,(#2174,#2175,#2176,#2177,#2178),
  .UNSPECIFIED.,.F.,.F.,(5,5),(0.,1.),.PIECEWISE_BEZIER_KNOTS.);
#2174 = CARTESIAN_POINT('',(41.,0.347542961248));
#2175 = CARTESIAN_POINT('',(40.746940967394,0.342510618901));
#2176 = CARTESIAN_POINT('',(40.495895187489,0.337441364848));
#2177 = CARTESIAN_POINT('',(40.246902260328,0.332335312609));
#2178 = CARTESIAN_POINT('',(40.,0.327192661994));
#2179 = ( GEOMETRIC_REPRESENTATION_CONTEXT(2) 
PARAMETRIC_REPRESENTATION_CONTEXT() REPRESENTATION_CONTEXT('2D SPACE',''
  ) );
#2180 = ORIENTED_EDGE('',*,*,#2181,.T.);
#2181 = EDGE_CURVE('',#2146,#2182,#2184,.T.);
#2182 = VERTEX_POINT('',#2183);
#2183 = CARTESIAN_POINT('',(52.637585750109,52.637585750109,
    78.626036009329));
#2184 = SURFACE_CURVE('',#2185,(#2191,#2200),.PCURVE_S1.);
#2185 = B_SPLINE_CURVE_WITH_KNOTS('',4,(#2186,#2187,#2188,#2189,#2190),
  .UNSPECIFIED.,.F.,.F.,(5,5),(0.,1.),.PIECEWISE_BEZIER_KNOTS.);
#2186 = CARTESIAN_POINT('',(54.211564294735,54.211564294735,
    77.907910826699));
#2187 = CARTESIAN_POINT('',(53.821187398613,53.821187398613,
    78.091125526738));
#2188 = CARTESIAN_POINT('',(53.428673228949,53.428673228949,
    78.271894349663));
#2189 = CARTESIAN_POINT('',(53.034110326624,53.034110326624,
    78.450200159341));
#2190 = CARTESIAN_POINT('',(52.637585750109,52.637585750109,
    78.626036009329));
#2191 = PCURVE('',#73,#2192);
#2192 = DEFINITIONAL_REPRESENTATION('',(#2193),#2199);
#2193 = B_SPLINE_CURVE_WITH_KNOTS('',4,(#2194,#2195,#2196,#2197,#2198),
  .UNSPECIFIED.,.F.,.F.,(5,5),(0.,1.),.PIECEWISE_BEZIER_KNOTS.);
#2194 = CARTESIAN_POINT('',(-12.90791082669,66.666679463075));
#2195 = CARTESIAN_POINT('',(-13.09112552673,66.114603162142));
#2196 = CARTESIAN_POINT('',(-13.27189434966,65.55950429998));
#2197 = CARTESIAN_POINT('',(-13.45020015934,65.001508092303));
#2198 = CARTESIAN_POINT('',(-13.62603600932,64.440737658381));
#2199 = ( GEOMETRIC_REPRESENTATION_CONTEXT(2) 
PARAMETRIC_REPRESENTATION_CONTEXT() REPRESENTATION_CONTEXT('2D SPACE',''
  ) );
#2200 = PCURVE('',#2201,#2208);
#2201 = B_SPLINE_SURFACE_WITH_KNOTS('',1,2,(
    (#2202,#2203,#2204)
    ,(#2205,#2206,#2207
    )),.UNSPECIFIED.,.F.,.F.,.F.,(2,2),(3,3),(39.,40.),(0.,1.),
  .PIECEWISE_BEZIER_KNOTS.);
#2202 = CARTESIAN_POINT('',(44.753684243652,39.396926487958,
    79.621811902299));
#2203 = CARTESIAN_POINT('',(58.836005574899,62.93905455888,
    77.566933341098));
#2204 = CARTESIAN_POINT('',(71.061989499772,84.124183178477,
    77.682900628505));
#2205 = CARTESIAN_POINT('',(45.323856808078,38.959417691468,
    79.054259607658));
#2206 = CARTESIAN_POINT('',(59.197316711742,62.661810772522,
    76.921418935889));
#2207 = CARTESIAN_POINT('',(71.287758546381,83.950944495963,
    77.117761995817));
#2208 = DEFINITIONAL_REPRESENTATION('',(#2209),#2215);
#2209 = B_SPLINE_CURVE_WITH_KNOTS('',4,(#2210,#2211,#2212,#2213,#2214),
  .UNSPECIFIED.,.F.,.F.,(5,5),(0.,1.),.PIECEWISE_BEZIER_KNOTS.);
#2210 = CARTESIAN_POINT('',(40.,0.327192661994));
#2211 = CARTESIAN_POINT('',(39.742939325903,0.316774198119));
#2212 = CARTESIAN_POINT('',(39.490628411197,0.306315222729));
#2213 = CARTESIAN_POINT('',(39.24300606688,0.295818387972));
#2214 = CARTESIAN_POINT('',(39.,0.285286259639));
#2215 = ( GEOMETRIC_REPRESENTATION_CONTEXT(2) 
PARAMETRIC_REPRESENTATION_CONTEXT() REPRESENTATION_CONTEXT('2D SPACE',''
  ) );
#2216 = ORIENTED_EDGE('',*,*,#2217,.T.);
#2217 = EDGE_CURVE('',#2182,#2218,#2220,.T.);
#2218 = VERTEX_POINT('',#2219);
#2219 = CARTESIAN_POINT('',(50.191249821157,50.191249821157,
    79.491556933486));
#2220 = SURFACE_CURVE('',#2221,(#2230,#2242),.PCURVE_S1.);
#2221 = B_SPLINE_CURVE_WITH_KNOTS('',4,(#2222,#2223,#2224,#2225,#2226,
    #2227,#2228,#2229),.UNSPECIFIED.,.F.,.F.,(5,3,5),(0.,0.489602929973,
    1.),.UNSPECIFIED.);
#2222 = CARTESIAN_POINT('',(52.637585750109,52.637585750109,
    78.626036009329));
#2223 = CARTESIAN_POINT('',(52.3399444961,52.3399444961,78.735987113383)
  );
#2224 = CARTESIAN_POINT('',(52.041687574343,52.041687574343,
    78.844613356391));
#2225 = CARTESIAN_POINT('',(51.742838305886,51.742838305886,
    78.951925901647));
#2226 = CARTESIAN_POINT('',(51.131281995412,51.131281995412,
    79.168449984875));
#2227 = CARTESIAN_POINT('',(50.818525468326,50.818525468326,
    79.277548596277));
#2228 = CARTESIAN_POINT('',(50.505173719167,50.505173719167,
    79.385246131769));
#2229 = CARTESIAN_POINT('',(50.191249821157,50.191249821157,
    79.491556933486));
#2230 = PCURVE('',#73,#2231);
#2231 = DEFINITIONAL_REPRESENTATION('',(#2232),#2241);
#2232 = B_SPLINE_CURVE_WITH_KNOTS('',4,(#2233,#2234,#2235,#2236,#2237,
    #2238,#2239,#2240),.UNSPECIFIED.,.F.,.F.,(5,3,5),(0.,0.489602929973,
    1.),.UNSPECIFIED.);
#2233 = CARTESIAN_POINT('',(-13.62603600932,64.440737658381));
#2234 = CARTESIAN_POINT('',(-13.73598711338,64.01980936024));
#2235 = CARTESIAN_POINT('',(-13.84461335639,63.59801037642));
#2236 = CARTESIAN_POINT('',(-13.95192590164,63.175373687862));
#2237 = CARTESIAN_POINT('',(-14.16844998487,62.310502459435));
#2238 = CARTESIAN_POINT('',(-14.27754859627,61.868197937109));
#2239 = CARTESIAN_POINT('',(-14.38524613176,61.425051643655));
#2240 = CARTESIAN_POINT('',(-14.49155693348,60.981096209537));
#2241 = ( GEOMETRIC_REPRESENTATION_CONTEXT(2) 
PARAMETRIC_REPRESENTATION_CONTEXT() REPRESENTATION_CONTEXT('2D SPACE',''
  ) );
#2242 = PCURVE('',#2243,#2250);
#2243 = B_SPLINE_SURFACE_WITH_KNOTS('',1,2,(
    (#2244,#2245,#2246)
    ,(#2247,#2248,#2249
    )),.UNSPECIFIED.,.F.,.F.,.F.,(2,2),(3,3),(38.,39.),(0.,1.),
  .PIECEWISE_BEZIER_KNOTS.);
#2244 = CARTESIAN_POINT('',(43.963367198642,40.003358085653,
    80.233276156684));
#2245 = CARTESIAN_POINT('',(58.29285983226,63.355824945612,
    78.335587483935));
#2246 = CARTESIAN_POINT('',(70.715056430887,84.390394285255,
    78.39797633883));
#2247 = CARTESIAN_POINT('',(44.753684243652,39.396926487958,
    79.621811902299));
#2248 = CARTESIAN_POINT('',(58.836005574899,62.93905455888,
    77.566933341098));
#2249 = CARTESIAN_POINT('',(71.061989499772,84.124183178477,
    77.682900628505));
#2250 = DEFINITIONAL_REPRESENTATION('',(#2251),#2260);
#2251 = B_SPLINE_CURVE_WITH_KNOTS('',4,(#2252,#2253,#2254,#2255,#2256,
    #2257,#2258,#2259),.UNSPECIFIED.,.F.,.F.,(5,3,5),(0.,0.489602929973,
    1.),.UNSPECIFIED.);
#2252 = CARTESIAN_POINT('',(39.,0.285286259639));
#2253 = CARTESIAN_POINT('',(38.872437050454,0.277380580975));
#2254 = CARTESIAN_POINT('',(38.746605656152,0.269468021275));
#2255 = CARTESIAN_POINT('',(38.622471327142,0.26154923699));
#2256 = CARTESIAN_POINT('',(38.372327315441,0.245363875651));
#2257 = CARTESIAN_POINT('',(38.246461906793,0.237096811544));
#2258 = CARTESIAN_POINT('',(38.122365368202,0.228824333685));
#2259 = CARTESIAN_POINT('',(38.,0.22054707713));
#2260 = ( GEOMETRIC_REPRESENTATION_CONTEXT(2) 
PARAMETRIC_REPRESENTATION_CONTEXT() REPRESENTATION_CONTEXT('2D SPACE',''
  ) );
#2261 = ORIENTED_EDGE('',*,*,#2262,.T.);
#2262 = EDGE_CURVE('',#2218,#2263,#2265,.T.);
#2263 = VERTEX_POINT('',#2264);
#2264 = CARTESIAN_POINT('',(46.776077988948,46.776077988948,
    80.483496447863));
#2265 = SURFACE_CURVE('',#2266,(#2281,#2299),.PCURVE_S1.);
#2266 = B_SPLINE_CURVE_WITH_KNOTS('',4,(#2267,#2268,#2269,#2270,#2271,
    #2272,#2273,#2274,#2275,#2276,#2277,#2278,#2279,#2280),
  .UNSPECIFIED.,.F.,.F.,(5,3,3,3,5),(0.,0.275140616784,0.510535600931,
    0.752059883138,1.),.UNSPECIFIED.);
#2267 = CARTESIAN_POINT('',(50.191249821157,50.191249821157,
    79.491556933486));
#2268 = CARTESIAN_POINT('',(49.957491437756,49.957491437756,
    79.563753351867));
#2269 = CARTESIAN_POINT('',(49.723505224074,49.723505224074,
    79.635205002578));
#2270 = CARTESIAN_POINT('',(49.48929816622,49.48929816622,
    79.705919122192));
#2271 = CARTESIAN_POINT('',(49.054318994301,49.054318994301,
    79.835777062396));
#2272 = CARTESIAN_POINT('',(48.853604316908,48.853604316908,
    79.895116654908));
#2273 = CARTESIAN_POINT('',(48.652736910252,48.652736910252,
    79.953926127392));
#2274 = CARTESIAN_POINT('',(48.245470304511,48.245470304511,
    80.072011311014));
#2275 = CARTESIAN_POINT('',(48.039063254513,48.039063254513,
    80.131259289407));
#2276 = CARTESIAN_POINT('',(47.832503735035,47.832503735035,
    80.189958635171));
#2277 = CARTESIAN_POINT('',(47.413596754672,47.413596754672,
    80.307814352483));
#2278 = CARTESIAN_POINT('',(47.201241301111,47.201241301111,
    80.366941443434));
#2279 = CARTESIAN_POINT('',(46.988733686541,46.988733686541,
    80.425500461779));
#2280 = CARTESIAN_POINT('',(46.776077988948,46.776077988948,
    80.483496447863));
#2281 = PCURVE('',#73,#2282);
#2282 = DEFINITIONAL_REPRESENTATION('',(#2283),#2298);
#2283 = B_SPLINE_CURVE_WITH_KNOTS('',4,(#2284,#2285,#2286,#2287,#2288,
    #2289,#2290,#2291,#2292,#2293,#2294,#2295,#2296,#2297),
  .UNSPECIFIED.,.F.,.F.,(5,3,3,3,5),(0.,0.275140616784,0.510535600931,
    0.752059883138,1.),.UNSPECIFIED.);
#2284 = CARTESIAN_POINT('',(-14.49155693348,60.981096209537));
#2285 = CARTESIAN_POINT('',(-14.56375335186,60.650511933412));
#2286 = CARTESIAN_POINT('',(-14.63520500257,60.319605456616));
#2287 = CARTESIAN_POINT('',(-14.70591912219,59.988386658994));
#2288 = CARTESIAN_POINT('',(-14.83577706239,59.373233214716));
#2289 = CARTESIAN_POINT('',(-14.8951166549,59.08937979578));
#2290 = CARTESIAN_POINT('',(-14.95392612739,58.805310385049));
#2291 = CARTESIAN_POINT('',(-15.07201131101,58.229348427708));
#2292 = CARTESIAN_POINT('',(-15.1312592894,57.937444778232));
#2293 = CARTESIAN_POINT('',(-15.18995863517,57.645325504348));
#2294 = CARTESIAN_POINT('',(-15.30781435248,57.052901571345));
#2295 = CARTESIAN_POINT('',(-15.36694144343,56.752585608876));
#2296 = CARTESIAN_POINT('',(-15.42550046177,56.452054458244));
#2297 = CARTESIAN_POINT('',(-15.48349644786,56.151313886592));
#2298 = ( GEOMETRIC_REPRESENTATION_CONTEXT(2) 
PARAMETRIC_REPRESENTATION_CONTEXT() REPRESENTATION_CONTEXT('2D SPACE',''
  ) );
#2299 = PCURVE('',#2300,#2307);
#2300 = B_SPLINE_SURFACE_WITH_KNOTS('',1,2,(
    (#2301,#2302,#2303)
    ,(#2304,#2305,#2306
    )),.UNSPECIFIED.,.F.,.F.,.F.,(2,2),(3,3),(37.,38.),(0.,1.),
  .PIECEWISE_BEZIER_KNOTS.);
#2301 = CARTESIAN_POINT('',(42.983256268289,40.755423653727,
    80.892431715524));
#2302 = CARTESIAN_POINT('',(57.591790762597,63.893774163202,
    79.219337191392));
#2303 = CARTESIAN_POINT('',(70.263871861964,84.736600381549,
    79.252195063727));
#2304 = CARTESIAN_POINT('',(43.963367198642,40.003358085653,
    80.233276156684));
#2305 = CARTESIAN_POINT('',(58.29285983226,63.355824945612,
    78.335587483935));
#2306 = CARTESIAN_POINT('',(70.715056430887,84.390394285255,
    78.39797633883));
#2307 = DEFINITIONAL_REPRESENTATION('',(#2308),#2323);
#2308 = B_SPLINE_CURVE_WITH_KNOTS('',4,(#2309,#2310,#2311,#2312,#2313,
    #2314,#2315,#2316,#2317,#2318,#2319,#2320,#2321,#2322),
  .UNSPECIFIED.,.F.,.F.,(5,3,3,3,5),(0.,0.275140616784,0.510535600931,
    0.752059883138,1.),.UNSPECIFIED.);
#2309 = CARTESIAN_POINT('',(38.,0.22054707713));
#2310 = CARTESIAN_POINT('',(37.927423064957,0.214383551117));
#2311 = CARTESIAN_POINT('',(37.855572904567,0.208219733029));
#2312 = CARTESIAN_POINT('',(37.784436206072,0.202055808269));
#2313 = CARTESIAN_POINT('',(37.653738911281,0.190618494743));
#2314 = CARTESIAN_POINT('',(37.593990522582,0.185345088394));
#2315 = CARTESIAN_POINT('',(37.53474689216,0.180071838092));
#2316 = CARTESIAN_POINT('',(37.415723859918,0.169388552236));
#2317 = CARTESIAN_POINT('',(37.355970674407,0.16397853028));
#2318 = CARTESIAN_POINT('',(37.296732216426,0.158568888807));
#2319 = CARTESIAN_POINT('',(37.177708263485,0.147606883471));
#2320 = CARTESIAN_POINT('',(37.117950038179,0.142054545632));
#2321 = CARTESIAN_POINT('',(37.058716799747,0.136502827854));
#2322 = CARTESIAN_POINT('',(37.,0.130951833883));
#2323 = ( GEOMETRIC_REPRESENTATION_CONTEXT(2) 
PARAMETRIC_REPRESENTATION_CONTEXT() REPRESENTATION_CONTEXT('2D SPACE',''
  ) );
#2324 = ORIENTED_EDGE('',*,*,#2325,.T.);
#2325 = EDGE_CURVE('',#2263,#2326,#2328,.T.);
#2326 = VERTEX_POINT('',#2327);
#2327 = CARTESIAN_POINT('',(42.426406871193,42.426406871193,
    81.53049782486));
#2328 = SURFACE_CURVE('',#2329,(#2344,#2362),.PCURVE_S1.);
#2329 = B_SPLINE_CURVE_WITH_KNOTS('',4,(#2330,#2331,#2332,#2333,#2334,
    #2335,#2336,#2337,#2338,#2339,#2340,#2341,#2342,#2343),
  .UNSPECIFIED.,.F.,.F.,(5,3,3,3,5),(0.,0.237927897404,0.483620072204,
    0.737494646677,1.),.UNSPECIFIED.);
#2330 = CARTESIAN_POINT('',(46.776077988948,46.776077988948,
    80.483496447863));
#2331 = CARTESIAN_POINT('',(46.508103400708,46.508103400708,
    80.553444564335));
#2332 = CARTESIAN_POINT('',(46.239933406096,46.239933406096,
    80.62251020077));
#2333 = CARTESIAN_POINT('',(45.971574802861,45.971574802861,
    80.690703864153));
#2334 = CARTESIAN_POINT('',(45.425729742743,45.425729742743,
    80.827564779899));
#2335 = CARTESIAN_POINT('',(45.148231196248,45.148231196248,
    80.896174867053));
#2336 = CARTESIAN_POINT('',(44.870545222221,44.870545222221,
    80.963877144097));
#2337 = CARTESIAN_POINT('',(44.305557388664,44.305557388664,
    81.099712481609));
#2338 = CARTESIAN_POINT('',(44.018243276224,44.018243276224,
    81.167784798841));
#2339 = CARTESIAN_POINT('',(43.730743050207,43.730743050207,
    81.234911233468));
#2340 = CARTESIAN_POINT('',(43.145603520729,43.145603520729,
    81.369545511291));
#2341 = CARTESIAN_POINT('',(42.847951805759,42.847951805759,
    81.436988740269));
#2342 = CARTESIAN_POINT('',(42.55011543804,42.55011543804,
    81.503445575088));
#2343 = CARTESIAN_POINT('',(42.252101148838,42.252101148838,
    81.568928176721));
#2344 = PCURVE('',#73,#2345);
#2345 = DEFINITIONAL_REPRESENTATION('',(#2346),#2361);
#2346 = B_SPLINE_CURVE_WITH_KNOTS('',4,(#2347,#2348,#2349,#2350,#2351,
    #2352,#2353,#2354,#2355,#2356,#2357,#2358,#2359,#2360),
  .UNSPECIFIED.,.F.,.F.,(5,3,3,3,5),(0.,0.237927897404,0.483620072204,
    0.737494646677,1.),.UNSPECIFIED.);
#2347 = CARTESIAN_POINT('',(-15.48349644786,56.151313886592));
#2348 = CARTESIAN_POINT('',(-15.55344456433,55.772340589532));
#2349 = CARTESIAN_POINT('',(-15.62251020077,55.393090946129));
#2350 = CARTESIAN_POINT('',(-15.69070386415,55.013574569855));
#2351 = CARTESIAN_POINT('',(-15.82756477989,54.241633082882));
#2352 = CARTESIAN_POINT('',(-15.89617486705,53.84919087489));
#2353 = CARTESIAN_POINT('',(-15.96387714409,53.456483604341));
#2354 = CARTESIAN_POINT('',(-16.0997124816,52.657470147548));
#2355 = CARTESIAN_POINT('',(-16.16778479884,52.251146633074));
#2356 = CARTESIAN_POINT('',(-16.23491123346,51.844559914256));
#2357 = CARTESIAN_POINT('',(-16.36954551129,51.017047655787));
#2358 = CARTESIAN_POINT('',(-16.43698874026,50.596104563614));
#2359 = CARTESIAN_POINT('',(-16.50344557508,50.174900333017));
#2360 = CARTESIAN_POINT('',(-16.56892817672,49.753444483447));
#2361 = ( GEOMETRIC_REPRESENTATION_CONTEXT(2) 
PARAMETRIC_REPRESENTATION_CONTEXT() REPRESENTATION_CONTEXT('2D SPACE',''
  ) );
#2362 = PCURVE('',#2363,#2370);
#2363 = B_SPLINE_SURFACE_WITH_KNOTS('',1,2,(
    (#2364,#2365,#2366)
    ,(#2367,#2368,#2369
    )),.UNSPECIFIED.,.F.,.F.,.F.,(2,2),(3,3),(36.,37.),(0.,1.),
  .PIECEWISE_BEZIER_KNOTS.);
#2364 = CARTESIAN_POINT('',(41.845889338672,41.628155994056,
    81.606693408074));
#2365 = CARTESIAN_POINT('',(56.760190789306,64.531883265911,
    80.21169475512));
#2366 = CARTESIAN_POINT('',(69.728286759095,85.14756928534,
    80.234046305962));
#2367 = CARTESIAN_POINT('',(42.983256268289,40.755423653727,
    80.892431715524));
#2368 = CARTESIAN_POINT('',(57.591790762597,63.893774163202,
    79.219337191392));
#2369 = CARTESIAN_POINT('',(70.263871861964,84.736600381549,
    79.252195063727));
#2370 = DEFINITIONAL_REPRESENTATION('',(#2371),#2386);
#2371 = B_SPLINE_CURVE_WITH_KNOTS('',4,(#2372,#2373,#2374,#2375,#2376,
    #2377,#2378,#2379,#2380,#2381,#2382,#2383,#2384,#2385),
  .UNSPECIFIED.,.F.,.F.,(5,3,3,3,5),(0.,0.237927897404,0.483620072204,
    0.737494646677,1.),.UNSPECIFIED.);
#2372 = CARTESIAN_POINT('',(37.,0.130951833883));
#2373 = CARTESIAN_POINT('',(36.936499307143,0.123956839907));
#2374 = CARTESIAN_POINT('',(36.87367553977,0.116964032641));
#2375 = CARTESIAN_POINT('',(36.811513872005,0.109973579253));
#2376 = CARTESIAN_POINT('',(36.686479138664,9.576964851354E-02));
#2377 = CARTESIAN_POINT('',(36.62364905349,8.855633748087E-02));
#2378 = CARTESIAN_POINT('',(36.561494394124,8.134586733708E-02));
#2379 = CARTESIAN_POINT('',(36.43645843416,6.669088075622E-02));
#2380 = CARTESIAN_POINT('',(36.373621869729,5.92465671125E-02));
#2381 = CARTESIAN_POINT('',(36.3114744128,5.180561877926E-02));
#2382 = CARTESIAN_POINT('',(36.186436944862,3.667791401706E-02));
#2383 = CARTESIAN_POINT('',(36.123593514958,2.899140093843E-02));
#2384 = CARTESIAN_POINT('',(36.061453252772,2.130881853748E-02));
#2385 = CARTESIAN_POINT('',(36.,1.363031947833E-02));
#2386 = ( GEOMETRIC_REPRESENTATION_CONTEXT(2) 
PARAMETRIC_REPRESENTATION_CONTEXT() REPRESENTATION_CONTEXT('2D SPACE',''
  ) );
#2387 = ORIENTED_EDGE('',*,*,#2388,.T.);
#2388 = EDGE_CURVE('',#2326,#2389,#2391,.T.);
#2389 = VERTEX_POINT('',#2390);
#2390 = CARTESIAN_POINT('',(42.426406871193,42.426406871193,
    88.144507823605));
#2391 = SURFACE_CURVE('',#2392,(#2396,#2403),.PCURVE_S1.);
#2392 = LINE('',#2393,#2394);
#2393 = CARTESIAN_POINT('',(42.426406871193,42.426406871193,66.));
#2394 = VECTOR('',#2395,1.);
#2395 = DIRECTION('',(0.,0.,1.));
#2396 = PCURVE('',#73,#2397);
#2397 = DEFINITIONAL_REPRESENTATION('',(#2398),#2402);
#2398 = LINE('',#2399,#2400);
#2399 = CARTESIAN_POINT('',(-1.,49.99995));
#2400 = VECTOR('',#2401,1.);
#2401 = DIRECTION('',(-1.,0.));
#2402 = ( GEOMETRIC_REPRESENTATION_CONTEXT(2) 
PARAMETRIC_REPRESENTATION_CONTEXT() REPRESENTATION_CONTEXT('2D SPACE',''
  ) );
#2403 = PCURVE('',#446,#2404);
#2404 = DEFINITIONAL_REPRESENTATION('',(#2405),#2409);
#2405 = LINE('',#2406,#2407);
#2406 = CARTESIAN_POINT('',(0.785398163397,0.));
#2407 = VECTOR('',#2408,1.);
#2408 = DIRECTION('',(0.,1.));
#2409 = ( GEOMETRIC_REPRESENTATION_CONTEXT(2) 
PARAMETRIC_REPRESENTATION_CONTEXT() REPRESENTATION_CONTEXT('2D SPACE',''
  ) );
#2410 = ORIENTED_EDGE('',*,*,#2411,.F.);
#2411 = EDGE_CURVE('',#2412,#2389,#2414,.T.);
#2412 = VERTEX_POINT('',#2413);
#2413 = CARTESIAN_POINT('',(46.254916817528,46.254916817528,
    89.807248194339));
#2414 = SURFACE_CURVE('',#2415,(#2430,#2448),.PCURVE_S1.);
#2415 = B_SPLINE_CURVE_WITH_KNOTS('',4,(#2416,#2417,#2418,#2419,#2420,
    #2421,#2422,#2423,#2424,#2425,#2426,#2427,#2428,#2429),
  .UNSPECIFIED.,.F.,.F.,(5,3,3,3,5),(0.,0.235975000767,0.479488097775,
    0.734192137153,1.),.UNSPECIFIED.);
#2416 = CARTESIAN_POINT('',(46.254916817528,46.254916817528,
    89.807248194339));
#2417 = CARTESIAN_POINT('',(46.008927712839,46.008927712838,
    89.69377794885));
#2418 = CARTESIAN_POINT('',(45.762589938677,45.762589938677,
    89.581352302471));
#2419 = CARTESIAN_POINT('',(45.515915208622,45.515915208622,
    89.469956376466));
#2420 = CARTESIAN_POINT('',(45.014023506234,45.014023506234,
    89.245668246392));
#2421 = CARTESIAN_POINT('',(44.758785377489,44.758785377489,
    89.13284192091));
#2422 = CARTESIAN_POINT('',(44.503212198772,44.503212198772,
    89.021080072573));
#2423 = CARTESIAN_POINT('',(43.979658260589,43.979658260589,
    88.794565015866));
#2424 = CARTESIAN_POINT('',(43.711647062058,43.711647062058,
    88.679910376729));
#2425 = CARTESIAN_POINT('',(43.443294579008,43.443294579008,
    88.566384112868));
#2426 = CARTESIAN_POINT('',(42.894217907962,42.894217907962,
    88.336650990158));
#2427 = CARTESIAN_POINT('',(42.613464388907,42.613464388907,88.220543033
    ));
#2428 = CARTESIAN_POINT('',(42.332365941267,42.332365941267,
    88.105623294312));
#2429 = CARTESIAN_POINT('',(42.050935229513,42.050935229513,
    87.991871332358));
#2430 = PCURVE('',#73,#2431);
#2431 = DEFINITIONAL_REPRESENTATION('',(#2432),#2447);
#2432 = B_SPLINE_CURVE_WITH_KNOTS('',4,(#2433,#2434,#2435,#2436,#2437,
    #2438,#2439,#2440,#2441,#2442,#2443,#2444,#2445,#2446),
  .UNSPECIFIED.,.F.,.F.,(5,3,3,3,5),(0.,0.235975000767,0.479488097775,
    0.734192137153,1.),.UNSPECIFIED.);
#2433 = CARTESIAN_POINT('',(-24.80724819433,55.414280689788));
#2434 = CARTESIAN_POINT('',(-24.69377794885,55.06639956174));
#2435 = CARTESIAN_POINT('',(-24.58135230247,54.718025340595));
#2436 = CARTESIAN_POINT('',(-24.46995637646,54.369174591857));
#2437 = CARTESIAN_POINT('',(-24.24566824639,53.659392539497));
#2438 = CARTESIAN_POINT('',(-24.13284192091,53.298431316192));
#2439 = CARTESIAN_POINT('',(-24.02108007257,52.936996260672));
#2440 = CARTESIAN_POINT('',(-23.79456501586,52.196579180659));
#2441 = CARTESIAN_POINT('',(-23.67991037672,51.817554108828));
#2442 = CARTESIAN_POINT('',(-23.56638411286,51.438046387803));
#2443 = CARTESIAN_POINT('',(-23.33665099015,50.661534712826));
#2444 = CARTESIAN_POINT('',(-23.220543033,50.264489278495));
#2445 = CARTESIAN_POINT('',(-23.10562329431,49.86695604148));
#2446 = CARTESIAN_POINT('',(-22.99187133235,49.468952912049));
#2447 = ( GEOMETRIC_REPRESENTATION_CONTEXT(2) 
PARAMETRIC_REPRESENTATION_CONTEXT() REPRESENTATION_CONTEXT('2D SPACE',''
  ) );
#2448 = PCURVE('',#2449,#2456);
#2449 = B_SPLINE_SURFACE_WITH_KNOTS('',1,2,(
    (#2450,#2451,#2452)
    ,(#2453,#2454,#2455
    )),.UNSPECIFIED.,.F.,.F.,.F.,(2,2),(3,3),(14.,15.),(0.,1.),
  .PIECEWISE_BEZIER_KNOTS.);
#2450 = CARTESIAN_POINT('',(41.667153810396,41.795066394933,
    87.959812804482));
#2451 = CARTESIAN_POINT('',(64.38896469116,56.946445902172,
    89.863746384998));
#2452 = CARTESIAN_POINT('',(84.926852026618,70.015931090885,
    90.187211617259));
#2453 = CARTESIAN_POINT('',(40.883143654251,42.816808322986,
    89.370877068045));
#2454 = CARTESIAN_POINT('',(63.902716321871,57.580137114532,
    91.336443824057));
#2455 = CARTESIAN_POINT('',(84.64992228812,70.376832952589,
    91.488342166972));
#2456 = DEFINITIONAL_REPRESENTATION('',(#2457),#2472);
#2457 = B_SPLINE_CURVE_WITH_KNOTS('',4,(#2458,#2459,#2460,#2461,#2462,
    #2463,#2464,#2465,#2466,#2467,#2468,#2469,#2470,#2471),
  .UNSPECIFIED.,.F.,.F.,(5,3,3,3,5),(0.,0.235975000767,0.479488097775,
    0.734192137153,1.),.UNSPECIFIED.);
#2458 = CARTESIAN_POINT('',(15.,0.117358180741));
#2459 = CARTESIAN_POINT('',(14.936023053713,0.11094681349));
#2460 = CARTESIAN_POINT('',(14.872874945854,0.104532471488));
#2461 = CARTESIAN_POINT('',(14.810539307107,9.81154727644E-02));
#2462 = CARTESIAN_POINT('',(14.685495273928,8.507169013132E-02));
#2463 = CARTESIAN_POINT('',(14.622838583502,7.844475302844E-02));
#2464 = CARTESIAN_POINT('',(14.561012630699,7.181562654597E-02));
#2465 = CARTESIAN_POINT('',(14.43618435442,5.824886001968E-02));
#2466 = CARTESIAN_POINT('',(14.373258545277,5.131104248046E-02));
#2467 = CARTESIAN_POINT('',(14.311203582682,4.437150306433E-02));
#2468 = CARTESIAN_POINT('',(14.186129670766,3.01870240219E-02));
#2469 = CARTESIAN_POINT('',(14.123186634321,2.294195932979E-02));
#2470 = CARTESIAN_POINT('',(14.061150254706,1.569572500499E-02));
#2471 = CARTESIAN_POINT('',(14.,8.448651143007E-03));
#2472 = ( GEOMETRIC_REPRESENTATION_CONTEXT(2) 
PARAMETRIC_REPRESENTATION_CONTEXT() REPRESENTATION_CONTEXT('2D SPACE',''
  ) );
#2473 = ORIENTED_EDGE('',*,*,#2474,.F.);
#2474 = EDGE_CURVE('',#2475,#2412,#2477,.T.);
#2475 = VERTEX_POINT('',#2476);
#2476 = CARTESIAN_POINT('',(49.320038742223,49.320038742223,
    91.372893582809));
#2477 = SURFACE_CURVE('',#2478,(#2493,#2511),.PCURVE_S1.);
#2478 = B_SPLINE_CURVE_WITH_KNOTS('',4,(#2479,#2480,#2481,#2482,#2483,
    #2484,#2485,#2486,#2487,#2488,#2489,#2490,#2491,#2492),
  .UNSPECIFIED.,.F.,.F.,(5,3,3,3,5),(0.,0.238729179259,0.484653368881,
    0.738239944752,1.),.UNSPECIFIED.);
#2479 = CARTESIAN_POINT('',(49.320038742223,49.320038742223,
    91.372893582809));
#2480 = CARTESIAN_POINT('',(49.138780114024,49.138780114024,
    91.275408880521));
#2481 = CARTESIAN_POINT('',(48.957236347264,48.957236347264,
    91.178583621102));
#2482 = CARTESIAN_POINT('',(48.775414372705,48.775414372705,
    91.08241225722));
#2483 = CARTESIAN_POINT('',(48.405739257273,48.405739257273,
    90.888486951154));
#2484 = CARTESIAN_POINT('',(48.217869501953,48.217869501953,
    90.79077267008));
#2485 = CARTESIAN_POINT('',(48.029718874011,48.029718874011,
    90.693739998068));
#2486 = CARTESIAN_POINT('',(47.646999004659,47.646999004659,
    90.498022837102));
#2487 = CARTESIAN_POINT('',(47.45241243038,47.45241243038,
    90.399381081293));
#2488 = CARTESIAN_POINT('',(47.25754229502,47.25754229502,
    90.301450275226));
#2489 = CARTESIAN_POINT('',(46.860959684213,46.860959684213,
    90.103862515216));
#2490 = CARTESIAN_POINT('',(46.659229115049,46.659229115049,
    90.004251663695));
#2491 = CARTESIAN_POINT('',(46.457212267183,46.457212267183,
    89.905382877577));
#2492 = CARTESIAN_POINT('',(46.254916817528,46.254916817528,
    89.807248194339));
#2493 = PCURVE('',#73,#2494);
#2494 = DEFINITIONAL_REPRESENTATION('',(#2495),#2510);
#2495 = B_SPLINE_CURVE_WITH_KNOTS('',4,(#2496,#2497,#2498,#2499,#2500,
    #2501,#2502,#2503,#2504,#2505,#2506,#2507,#2508,#2509),
  .UNSPECIFIED.,.F.,.F.,(5,3,3,3,5),(0.,0.238729179259,0.484653368881,
    0.738239944752,1.),.UNSPECIFIED.);
#2496 = CARTESIAN_POINT('',(-26.3728935828,59.749017686018));
#2497 = CARTESIAN_POINT('',(-26.27540888052,59.492679275722));
#2498 = CARTESIAN_POINT('',(-26.1785836211,59.235937618606));
#2499 = CARTESIAN_POINT('',(-26.08241225722,58.978802516247));
#2500 = CARTESIAN_POINT('',(-25.88848695115,58.456002954332));
#2501 = CARTESIAN_POINT('',(-25.79077267008,58.190314998398));
#2502 = CARTESIAN_POINT('',(-25.69373999806,57.924229828593));
#2503 = CARTESIAN_POINT('',(-25.4980228371,57.382982198766));
#2504 = CARTESIAN_POINT('',(-25.39938108129,57.107795226365));
#2505 = CARTESIAN_POINT('',(-25.30145027522,56.832207238037));
#2506 = CARTESIAN_POINT('',(-25.10386251521,56.271354731232));
#2507 = CARTESIAN_POINT('',(-25.00425166369,55.986064624376));
#2508 = CARTESIAN_POINT('',(-24.90538287757,55.700369658296));
#2509 = CARTESIAN_POINT('',(-24.80724819433,55.414280689788));
#2510 = ( GEOMETRIC_REPRESENTATION_CONTEXT(2) 
PARAMETRIC_REPRESENTATION_CONTEXT() REPRESENTATION_CONTEXT('2D SPACE',''
  ) );
#2511 = PCURVE('',#2512,#2519);
#2512 = B_SPLINE_SURFACE_WITH_KNOTS('',1,2,(
    (#2513,#2514,#2515)
    ,(#2516,#2517,#2518
    )),.UNSPECIFIED.,.F.,.F.,.F.,(2,2),(3,3),(15.,16.),(0.,1.),
  .PIECEWISE_BEZIER_KNOTS.);
#2513 = CARTESIAN_POINT('',(40.883143654251,42.816808322986,
    89.370877068045));
#2514 = CARTESIAN_POINT('',(63.902716321871,57.580137114532,
    91.336443824057));
#2515 = CARTESIAN_POINT('',(84.64992228812,70.376832952589,
    91.488342166972));
#2516 = CARTESIAN_POINT('',(40.21067144485,43.693191168809,
    90.66032608884));
#2517 = CARTESIAN_POINT('',(63.492754716955,58.114409479949,
    92.662053493107));
#2518 = CARTESIAN_POINT('',(84.419602417993,70.676991651208,
    92.652480546588));
#2519 = DEFINITIONAL_REPRESENTATION('',(#2520),#2535);
#2520 = B_SPLINE_CURVE_WITH_KNOTS('',4,(#2521,#2522,#2523,#2524,#2525,
    #2526,#2527,#2528,#2529,#2530,#2531,#2532,#2533,#2534),
  .UNSPECIFIED.,.F.,.F.,(5,3,3,3,5),(0.,0.238729179259,0.484653368881,
    0.738239944752,1.),.UNSPECIFIED.);
#2521 = CARTESIAN_POINT('',(16.,0.197605477376));
#2522 = CARTESIAN_POINT('',(15.936583134086,0.192838555938));
#2523 = CARTESIAN_POINT('',(15.873782849526,0.188067545384));
#2524 = CARTESIAN_POINT('',(15.811591157347,0.183292641142));
#2525 = CARTESIAN_POINT('',(15.686552745627,0.173591397326));
#2526 = CARTESIAN_POINT('',(15.623742776883,0.168664830952));
#2527 = CARTESIAN_POINT('',(15.561561477709,0.163734535128));
#2528 = CARTESIAN_POINT('',(15.436520809892,0.153713147947));
#2529 = CARTESIAN_POINT('',(15.373700680248,0.148621832897));
#2530 = CARTESIAN_POINT('',(15.311530312628,0.143526972722));
#2531 = CARTESIAN_POINT('',(15.18648708572,0.13316624478));
#2532 = CARTESIAN_POINT('',(15.123656171998,0.127900158095));
#2533 = CARTESIAN_POINT('',(15.0614972166,0.122630733045));
#2534 = CARTESIAN_POINT('',(15.,0.117358180741));
#2535 = ( GEOMETRIC_REPRESENTATION_CONTEXT(2) 
PARAMETRIC_REPRESENTATION_CONTEXT() REPRESENTATION_CONTEXT('2D SPACE',''
  ) );
#2536 = ORIENTED_EDGE('',*,*,#2537,.F.);
#2537 = EDGE_CURVE('',#2538,#2475,#2540,.T.);
#2538 = VERTEX_POINT('',#2539);
#2539 = CARTESIAN_POINT('',(51.542876653879,51.542876653879,
    92.676584883864));
#2540 = SURFACE_CURVE('',#2541,(#2550,#2562),.PCURVE_S1.);
#2541 = B_SPLINE_CURVE_WITH_KNOTS('',4,(#2542,#2543,#2544,#2545,#2546,
    #2547,#2548,#2549),.UNSPECIFIED.,.F.,.F.,(5,3,5),(0.,0.488913302921,
    1.),.UNSPECIFIED.);
#2542 = CARTESIAN_POINT('',(51.542876653879,51.542876653879,
    92.676584883864));
#2543 = CARTESIAN_POINT('',(51.273870439155,51.273870439155,
    92.512417149593));
#2544 = CARTESIAN_POINT('',(51.003947017141,51.003947017141,
    92.349836936623));
#2545 = CARTESIAN_POINT('',(50.733137204273,50.733137204273,
    92.188833152907));
#2546 = CARTESIAN_POINT('',(50.177483439504,50.177483439504,
    91.862721061244));
#2547 = CARTESIAN_POINT('',(49.892560013575,49.892560013575,
    91.697757773897));
#2548 = CARTESIAN_POINT('',(49.606734316095,49.606734316095,
    91.534487685247));
#2549 = CARTESIAN_POINT('',(49.320038742223,49.320038742223,
    91.372893582809));
#2550 = PCURVE('',#73,#2551);
#2551 = DEFINITIONAL_REPRESENTATION('',(#2552),#2561);
#2552 = B_SPLINE_CURVE_WITH_KNOTS('',4,(#2553,#2554,#2555,#2556,#2557,
    #2558,#2559,#2560),.UNSPECIFIED.,.F.,.F.,(5,3,5),(0.,0.488913302921,
    1.),.UNSPECIFIED.);
#2553 = CARTESIAN_POINT('',(-27.67658488386,62.89258520764));
#2554 = CARTESIAN_POINT('',(-27.51241714959,62.512152970414));
#2555 = CARTESIAN_POINT('',(-27.34983693662,62.1304236062));
#2556 = CARTESIAN_POINT('',(-27.1888331529,61.747440696019));
#2557 = CARTESIAN_POINT('',(-26.86272106124,60.961627605898));
#2558 = CARTESIAN_POINT('',(-26.69775777389,60.558685032711));
#2559 = CARTESIAN_POINT('',(-26.53448768524,60.15446645486));
#2560 = CARTESIAN_POINT('',(-26.3728935828,59.749017686018));
#2561 = ( GEOMETRIC_REPRESENTATION_CONTEXT(2) 
PARAMETRIC_REPRESENTATION_CONTEXT() REPRESENTATION_CONTEXT('2D SPACE',''
  ) );
#2562 = PCURVE('',#2563,#2570);
#2563 = B_SPLINE_SURFACE_WITH_KNOTS('',1,2,(
    (#2564,#2565,#2566)
    ,(#2567,#2568,#2569
    )),.UNSPECIFIED.,.F.,.F.,.F.,(2,2),(3,3),(16.,17.),(0.,1.),
  .PIECEWISE_BEZIER_KNOTS.);
#2564 = CARTESIAN_POINT('',(40.21067144485,43.693191168809,
    90.66032608884));
#2565 = CARTESIAN_POINT('',(63.492754716955,58.114409479949,
    92.662053493107));
#2566 = CARTESIAN_POINT('',(84.419602417993,70.676991651208,
    92.652480546588));
#2567 = CARTESIAN_POINT('',(39.656241374501,44.415738503953,
    91.784589289813));
#2568 = CARTESIAN_POINT('',(63.160217073858,58.547780973858,
    93.803372332438));
#2569 = CARTESIAN_POINT('',(84.235249838383,70.917244610505,
    93.649695089254));
#2570 = DEFINITIONAL_REPRESENTATION('',(#2571),#2580);
#2571 = B_SPLINE_CURVE_WITH_KNOTS('',4,(#2572,#2573,#2574,#2575,#2576,
    #2577,#2578,#2579),.UNSPECIFIED.,.F.,.F.,(5,3,5),(0.,0.488913302921,
    1.),.UNSPECIFIED.);
#2572 = CARTESIAN_POINT('',(17.,0.256257473142));
#2573 = CARTESIAN_POINT('',(16.872291182301,0.249135870007));
#2574 = CARTESIAN_POINT('',(16.746406576329,0.241997645822));
#2575 = CARTESIAN_POINT('',(16.622319009036,0.234843696825));
#2576 = CARTESIAN_POINT('',(16.372133695457,0.220180937149));
#2577 = CARTESIAN_POINT('',(16.246200024396,0.212670747067));
#2578 = CARTESIAN_POINT('',(16.122166624518,0.205145285499));
#2579 = CARTESIAN_POINT('',(16.,0.197605477376));
#2580 = ( GEOMETRIC_REPRESENTATION_CONTEXT(2) 
PARAMETRIC_REPRESENTATION_CONTEXT() REPRESENTATION_CONTEXT('2D SPACE',''
  ) );
#2581 = ORIENTED_EDGE('',*,*,#2582,.F.);
#2582 = EDGE_CURVE('',#2583,#2538,#2585,.T.);
#2583 = VERTEX_POINT('',#2584);
#2584 = CARTESIAN_POINT('',(53.114126152495,53.114126152495,
    93.706251976007));
#2585 = SURFACE_CURVE('',#2586,(#2595,#2607),.PCURVE_S1.);
#2586 = B_SPLINE_CURVE_WITH_KNOTS('',4,(#2587,#2588,#2589,#2590,#2591,
    #2592,#2593,#2594),.UNSPECIFIED.,.F.,.F.,(5,3,5),(0.,0.50954180017,
    1.),.UNSPECIFIED.);
#2587 = CARTESIAN_POINT('',(53.114126152495,53.114126152495,
    93.706251976007));
#2588 = CARTESIAN_POINT('',(52.916042518511,52.916042518511,
    93.572548996106));
#2589 = CARTESIAN_POINT('',(52.717235808496,52.717235808496,
    93.439706725151));
#2590 = CARTESIAN_POINT('',(52.517721034231,52.517721034231,
    93.307726882497));
#2591 = CARTESIAN_POINT('',(52.124803773309,52.124803773309,
    93.050403994962));
#2592 = CARTESIAN_POINT('',(51.931452220034,51.931452220034,
    92.924997512968));
#2593 = CARTESIAN_POINT('',(51.737472043884,51.737472043884,
    92.800391245582));
#2594 = CARTESIAN_POINT('',(51.542876653879,51.542876653879,
    92.676584883864));
#2595 = PCURVE('',#73,#2596);
#2596 = DEFINITIONAL_REPRESENTATION('',(#2597),#2606);
#2597 = B_SPLINE_CURVE_WITH_KNOTS('',4,(#2598,#2599,#2600,#2601,#2602,
    #2603,#2604,#2605),.UNSPECIFIED.,.F.,.F.,(5,3,5),(0.,0.50954180017,
    1.),.UNSPECIFIED.);
#2598 = CARTESIAN_POINT('',(-28.706251976,65.114667558454));
#2599 = CARTESIAN_POINT('',(-28.5725489961,64.83453499679));
#2600 = CARTESIAN_POINT('',(-28.43970672515,64.553379851196));
#2601 = CARTESIAN_POINT('',(-28.30772688249,64.271223351536));
#2602 = CARTESIAN_POINT('',(-28.05040399496,63.715554432249));
#2603 = CARTESIAN_POINT('',(-27.92499751296,63.442114043303));
#2604 = CARTESIAN_POINT('',(-27.80039124558,63.16778464736));
#2605 = CARTESIAN_POINT('',(-27.67658488386,62.89258520764));
#2606 = ( GEOMETRIC_REPRESENTATION_CONTEXT(2) 
PARAMETRIC_REPRESENTATION_CONTEXT() REPRESENTATION_CONTEXT('2D SPACE',''
  ) );
#2607 = PCURVE('',#2608,#2615);
#2608 = B_SPLINE_SURFACE_WITH_KNOTS('',1,2,(
    (#2609,#2610,#2611)
    ,(#2612,#2613,#2614
    )),.UNSPECIFIED.,.F.,.F.,.F.,(2,2),(3,3),(17.,18.),(0.,1.),
  .PIECEWISE_BEZIER_KNOTS.);
#2609 = CARTESIAN_POINT('',(39.656241374501,44.415738503953,
    91.784589289813));
#2610 = CARTESIAN_POINT('',(63.160217073858,58.547780973858,
    93.803372332438));
#2611 = CARTESIAN_POINT('',(84.235249838383,70.917244610505,
    93.649695089254));
#2612 = CARTESIAN_POINT('',(39.223606141976,44.979559716165,
    92.704481728364));
#2613 = CARTESIAN_POINT('',(62.904520292252,58.881011507401,
    94.727772443209));
#2614 = CARTESIAN_POINT('',(84.095230799213,71.099720975033,
    94.45404195739));
#2615 = DEFINITIONAL_REPRESENTATION('',(#2616),#2625);
#2616 = B_SPLINE_CURVE_WITH_KNOTS('',4,(#2617,#2618,#2619,#2620,#2621,
    #2622,#2623,#2624),.UNSPECIFIED.,.F.,.F.,(5,3,5),(0.,0.50954180017,
    1.),.UNSPECIFIED.);
#2617 = CARTESIAN_POINT('',(18.,0.297952814227));
#2618 = CARTESIAN_POINT('',(17.868797206519,0.292683909669));
#2619 = CARTESIAN_POINT('',(17.738901232769,0.287399984992));
#2620 = CARTESIAN_POINT('',(17.610304948158,0.282101493554));
#2621 = CARTESIAN_POINT('',(17.360463000022,0.271675249413));
#2622 = CARTESIAN_POINT('',(17.239122420532,0.266548534163));
#2623 = CARTESIAN_POINT('',(17.118970873399,0.261409142745));
#2624 = CARTESIAN_POINT('',(17.,0.256257473142));
#2625 = ( GEOMETRIC_REPRESENTATION_CONTEXT(2) 
PARAMETRIC_REPRESENTATION_CONTEXT() REPRESENTATION_CONTEXT('2D SPACE',''
  ) );
#2626 = ORIENTED_EDGE('',*,*,#2627,.F.);
#2627 = EDGE_CURVE('',#2628,#2583,#2630,.T.);
#2628 = VERTEX_POINT('',#2629);
#2629 = CARTESIAN_POINT('',(54.158636803898,54.158636803898,
    94.450865301432));
#2630 = SURFACE_CURVE('',#2631,(#2637,#2646),.PCURVE_S1.);
#2631 = B_SPLINE_CURVE_WITH_KNOTS('',4,(#2632,#2633,#2634,#2635,#2636),
  .UNSPECIFIED.,.F.,.F.,(5,5),(0.,1.),.PIECEWISE_BEZIER_KNOTS.);
#2632 = CARTESIAN_POINT('',(54.158636803898,54.158636803898,
    94.450865301432));
#2633 = CARTESIAN_POINT('',(53.90024691513,53.90024691513,
    94.262855926505));
#2634 = CARTESIAN_POINT('',(53.640011124669,53.640011124669,
    94.076067271523));
#2635 = CARTESIAN_POINT('',(53.377959665698,53.377959665698,
    93.890525079461));
#2636 = CARTESIAN_POINT('',(53.114126152495,53.114126152495,
    93.706251976007));
#2637 = PCURVE('',#73,#2638);
#2638 = DEFINITIONAL_REPRESENTATION('',(#2639),#2645);
#2639 = B_SPLINE_CURVE_WITH_KNOTS('',4,(#2640,#2641,#2642,#2643,#2644),
  .UNSPECIFIED.,.F.,.F.,(5,5),(0.,1.),.PIECEWISE_BEZIER_KNOTS.);
#2640 = CARTESIAN_POINT('',(-29.45086530143,66.591828687711));
#2641 = CARTESIAN_POINT('',(-29.2628559265,66.226410202635));
#2642 = CARTESIAN_POINT('',(-29.07606727152,65.858381218351));
#2643 = CARTESIAN_POINT('',(-28.89052507946,65.487784491034));
#2644 = CARTESIAN_POINT('',(-28.706251976,65.114667558454));
#2645 = ( GEOMETRIC_REPRESENTATION_CONTEXT(2) 
PARAMETRIC_REPRESENTATION_CONTEXT() REPRESENTATION_CONTEXT('2D SPACE',''
  ) );
#2646 = PCURVE('',#2647,#2654);
#2647 = B_SPLINE_SURFACE_WITH_KNOTS('',1,2,(
    (#2648,#2649,#2650)
    ,(#2651,#2652,#2653
    )),.UNSPECIFIED.,.F.,.F.,.F.,(2,2),(3,3),(18.,19.),(0.,1.),
  .PIECEWISE_BEZIER_KNOTS.);
#2648 = CARTESIAN_POINT('',(39.223606141976,44.979559716165,
    92.704481728364));
#2649 = CARTESIAN_POINT('',(62.904520292252,58.881011507401,
    94.727772443209));
#2650 = CARTESIAN_POINT('',(84.095230799213,71.099720975033,
    94.45404195739));
#2651 = CARTESIAN_POINT('',(38.914420663439,45.382498076708,
    93.386987543867));
#2652 = CARTESIAN_POINT('',(62.724012862988,59.116253369204,
    95.408353648613));
#2653 = CARTESIAN_POINT('',(83.997413960328,71.227198361358,
    95.044363061895));
#2654 = DEFINITIONAL_REPRESENTATION('',(#2655),#2661);
#2655 = B_SPLINE_CURVE_WITH_KNOTS('',4,(#2656,#2657,#2658,#2659,#2660),
  .UNSPECIFIED.,.F.,.F.,(5,5),(0.,1.),.PIECEWISE_BEZIER_KNOTS.);
#2656 = CARTESIAN_POINT('',(19.,0.325780235475));
#2657 = CARTESIAN_POINT('',(18.745710213854,0.31888538187));
#2658 = CARTESIAN_POINT('',(18.494270319644,0.311948510143));
#2659 = CARTESIAN_POINT('',(18.245696880186,0.304970625706));
#2660 = CARTESIAN_POINT('',(18.,0.297952814227));
#2661 = ( GEOMETRIC_REPRESENTATION_CONTEXT(2) 
PARAMETRIC_REPRESENTATION_CONTEXT() REPRESENTATION_CONTEXT('2D SPACE',''
  ) );
#2662 = ORIENTED_EDGE('',*,*,#2663,.F.);
#2663 = EDGE_CURVE('',#2664,#2628,#2666,.T.);
#2664 = VERTEX_POINT('',#2665);
#2665 = CARTESIAN_POINT('',(54.755827210619,54.755827210619,
    94.901517304181));
#2666 = SURFACE_CURVE('',#2667,(#2673,#2682),.PCURVE_S1.);
#2667 = B_SPLINE_CURVE_WITH_KNOTS('',4,(#2668,#2669,#2670,#2671,#2672),
  .UNSPECIFIED.,.F.,.F.,(5,5),(0.,1.),.PIECEWISE_BEZIER_KNOTS.);
#2668 = CARTESIAN_POINT('',(54.755827210619,54.755827210619,
    94.901517304181));
#2669 = CARTESIAN_POINT('',(54.607979055464,54.607979055464,
    94.788598068719));
#2670 = CARTESIAN_POINT('',(54.459166702322,54.459166702322,
    94.675844492946));
#2671 = CARTESIAN_POINT('',(54.309386800928,54.309386800928,
    94.563264271474));
#2672 = CARTESIAN_POINT('',(54.158636803898,54.158636803898,
    94.450865301432));
#2673 = PCURVE('',#73,#2674);
#2674 = DEFINITIONAL_REPRESENTATION('',(#2675),#2681);
#2675 = B_SPLINE_CURVE_WITH_KNOTS('',4,(#2676,#2677,#2678,#2679,#2680),
  .UNSPECIFIED.,.F.,.F.,(5,5),(0.,1.),.PIECEWISE_BEZIER_KNOTS.);
#2676 = CARTESIAN_POINT('',(-29.90151730418,67.436383460215));
#2677 = CARTESIAN_POINT('',(-29.78859806871,67.227294594023));
#2678 = CARTESIAN_POINT('',(-29.67584449294,67.016842145961));
#2679 = CARTESIAN_POINT('',(-29.56326427147,66.805021378039));
#2680 = CARTESIAN_POINT('',(-29.45086530143,66.591828687711));
#2681 = ( GEOMETRIC_REPRESENTATION_CONTEXT(2) 
PARAMETRIC_REPRESENTATION_CONTEXT() REPRESENTATION_CONTEXT('2D SPACE',''
  ) );
#2682 = PCURVE('',#2683,#2690);
#2683 = B_SPLINE_SURFACE_WITH_KNOTS('',1,2,(
    (#2684,#2685,#2686)
    ,(#2687,#2688,#2689
    )),.UNSPECIFIED.,.F.,.F.,.F.,(2,2),(3,3),(19.,20.),(0.,1.),
  .PIECEWISE_BEZIER_KNOTS.);
#2684 = CARTESIAN_POINT('',(38.914420663439,45.382498076708,
    93.386987543867));
#2685 = CARTESIAN_POINT('',(62.724012862988,59.116253369204,
    95.408353648613));
#2686 = CARTESIAN_POINT('',(83.997413960328,71.227198361358,
    95.044363061895));
#2687 = CARTESIAN_POINT('',(38.729037809011,45.624093716289,
    93.806999004157));
#2688 = CARTESIAN_POINT('',(62.616739868713,59.256054257163,
    95.825010575971));
#2689 = CARTESIAN_POINT('',(83.939727620585,71.302376662978,
    95.404987424349));
#2690 = DEFINITIONAL_REPRESENTATION('',(#2691),#2697);
#2691 = B_SPLINE_CURVE_WITH_KNOTS('',4,(#2692,#2693,#2694,#2695,#2696),
  .UNSPECIFIED.,.F.,.F.,(5,5),(0.,1.),.PIECEWISE_BEZIER_KNOTS.);
#2692 = CARTESIAN_POINT('',(20.,0.341730137579));
#2693 = CARTESIAN_POINT('',(19.748392830395,0.337777771761));
#2694 = CARTESIAN_POINT('',(19.4978448347,0.333802013079));
#2695 = CARTESIAN_POINT('',(19.24837444262,0.329802835451));
#2696 = CARTESIAN_POINT('',(19.,0.325780235475));
#2697 = ( GEOMETRIC_REPRESENTATION_CONTEXT(2) 
PARAMETRIC_REPRESENTATION_CONTEXT() REPRESENTATION_CONTEXT('2D SPACE',''
  ) );
#2698 = ORIENTED_EDGE('',*,*,#2699,.F.);
#2699 = EDGE_CURVE('',#2700,#2664,#2702,.T.);
#2700 = VERTEX_POINT('',#2701);
#2701 = CARTESIAN_POINT('',(54.950115002471,54.950115002471,
    95.052406277304));
#2702 = SURFACE_CURVE('',#2703,(#2709,#2718),.PCURVE_S1.);
#2703 = B_SPLINE_CURVE_WITH_KNOTS('',4,(#2704,#2705,#2706,#2707,#2708),
  .UNSPECIFIED.,.F.,.F.,(5,5),(0.,1.),.PIECEWISE_BEZIER_KNOTS.);
#2704 = CARTESIAN_POINT('',(54.950115002471,54.950115002471,
    95.052406277304));
#2705 = CARTESIAN_POINT('',(54.901782253934,54.901782253934,
    95.014720523871));
#2706 = CARTESIAN_POINT('',(54.853290855823,54.853290855823,
    94.977010492338));
#2707 = CARTESIAN_POINT('',(54.804639588967,54.804639588967,
    94.939276109834));
#2708 = CARTESIAN_POINT('',(54.755827210619,54.755827210619,
    94.901517304181));
#2709 = PCURVE('',#73,#2710);
#2710 = DEFINITIONAL_REPRESENTATION('',(#2711),#2717);
#2711 = B_SPLINE_CURVE_WITH_KNOTS('',4,(#2712,#2713,#2714,#2715,#2716),
  .UNSPECIFIED.,.F.,.F.,(5,5),(0.,1.),.PIECEWISE_BEZIER_KNOTS.);
#2712 = CARTESIAN_POINT('',(-30.0524062773,67.711147890455));
#2713 = CARTESIAN_POINT('',(-30.01472052387,67.642795061968));
#2714 = CARTESIAN_POINT('',(-29.97701049233,67.574217869101));
#2715 = CARTESIAN_POINT('',(-29.93927610983,67.505414587686));
#2716 = CARTESIAN_POINT('',(-29.90151730418,67.436383460215));
#2717 = ( GEOMETRIC_REPRESENTATION_CONTEXT(2) 
PARAMETRIC_REPRESENTATION_CONTEXT() REPRESENTATION_CONTEXT('2D SPACE',''
  ) );
#2718 = PCURVE('',#2719,#2726);
#2719 = B_SPLINE_SURFACE_WITH_KNOTS('',1,2,(
    (#2720,#2721,#2722)
    ,(#2723,#2724,#2725
    )),.UNSPECIFIED.,.F.,.F.,.F.,(2,2),(3,3),(20.,21.),(0.,1.),
  .PIECEWISE_BEZIER_KNOTS.);
#2720 = CARTESIAN_POINT('',(38.729037809011,45.624093716289,
    93.806999004157));
#2721 = CARTESIAN_POINT('',(62.616739868713,59.256054257163,
    95.825010575971));
#2722 = CARTESIAN_POINT('',(83.939727620585,71.302376662978,
    95.404987424349));
#2723 = CARTESIAN_POINT('',(38.667285843773,45.70457044421,
    93.948788963498));
#2724 = CARTESIAN_POINT('',(62.581173362269,59.302405430785,
    95.965300606241));
#2725 = CARTESIAN_POINT('',(83.920679572488,71.327200562561,
    95.526279441629));
#2726 = DEFINITIONAL_REPRESENTATION('',(#2727),#2733);
#2727 = B_SPLINE_CURVE_WITH_KNOTS('',4,(#2728,#2729,#2730,#2731,#2732),
  .UNSPECIFIED.,.F.,.F.,(5,5),(0.,1.),.PIECEWISE_BEZIER_KNOTS.);
#2728 = CARTESIAN_POINT('',(21.,0.346925499568));
#2729 = CARTESIAN_POINT('',(20.74990168263,0.345632671099));
#2730 = CARTESIAN_POINT('',(20.499868363857,0.344335854079));
#2731 = CARTESIAN_POINT('',(20.24990085684,0.343035019438));
#2732 = CARTESIAN_POINT('',(20.,0.341730137579));
#2733 = ( GEOMETRIC_REPRESENTATION_CONTEXT(2) 
PARAMETRIC_REPRESENTATION_CONTEXT() REPRESENTATION_CONTEXT('2D SPACE',''
  ) );
#2734 = ORIENTED_EDGE('',*,*,#2735,.F.);
#2735 = EDGE_CURVE('',#2736,#2700,#2738,.T.);
#2736 = VERTEX_POINT('',#2737);
#2737 = CARTESIAN_POINT('',(54.656742339081,54.656742339081,
    94.923129918684));
#2738 = SURFACE_CURVE('',#2739,(#2745,#2754),.PCURVE_S1.);
#2739 = B_SPLINE_CURVE_WITH_KNOTS('',4,(#2740,#2741,#2742,#2743,#2744),
  .UNSPECIFIED.,.F.,.F.,(5,5),(0.,1.),.PIECEWISE_BEZIER_KNOTS.);
#2740 = CARTESIAN_POINT('',(54.656742339081,54.656742339081,
    94.923129918684));
#2741 = CARTESIAN_POINT('',(54.730471904459,54.730471904459,
    94.955448020395));
#2742 = CARTESIAN_POINT('',(54.803942897489,54.803942897489,
    94.987766974047));
#2743 = CARTESIAN_POINT('',(54.877156778121,54.877156778121,
    95.020086487092));
#2744 = CARTESIAN_POINT('',(54.950115002471,54.950115002471,
    95.052406277304));
#2745 = PCURVE('',#73,#2746);
#2746 = DEFINITIONAL_REPRESENTATION('',(#2747),#2753);
#2747 = B_SPLINE_CURVE_WITH_KNOTS('',4,(#2748,#2749,#2750,#2751,#2752),
  .UNSPECIFIED.,.F.,.F.,(5,5),(0.,1.),.PIECEWISE_BEZIER_KNOTS.);
#2748 = CARTESIAN_POINT('',(-29.92312991868,67.29625629106));
#2749 = CARTESIAN_POINT('',(-29.95544802039,67.400525642366));
#2750 = CARTESIAN_POINT('',(-29.98776697404,67.50442931715));
#2751 = CARTESIAN_POINT('',(-30.02008648709,67.607969380093));
#2752 = CARTESIAN_POINT('',(-30.0524062773,67.711147890455));
#2753 = ( GEOMETRIC_REPRESENTATION_CONTEXT(2) 
PARAMETRIC_REPRESENTATION_CONTEXT() REPRESENTATION_CONTEXT('2D SPACE',''
  ) );
#2754 = PCURVE('',#2755,#2762);
#2755 = B_SPLINE_SURFACE_WITH_KNOTS('',1,2,(
    (#2756,#2757,#2758)
    ,(#2759,#2760,#2761
    )),.UNSPECIFIED.,.F.,.F.,.F.,(2,2),(3,3),(21.,22.),(0.,1.),
  .PIECEWISE_BEZIER_KNOTS.);
#2756 = CARTESIAN_POINT('',(38.667285843773,45.70457044421,
    93.948788963498));
#2757 = CARTESIAN_POINT('',(62.581173362269,59.302405430785,
    95.965300606241));
#2758 = CARTESIAN_POINT('',(83.920679572488,71.327200562561,
    95.526279441629));
#2759 = CARTESIAN_POINT('',(38.753415049974,45.592324677345,
    93.847020703413));
#2760 = CARTESIAN_POINT('',(62.639992922572,59.225750287378,
    95.845855171677));
#2761 = CARTESIAN_POINT('',(83.954934113813,71.282559175171,
    95.414388594775));
#2762 = DEFINITIONAL_REPRESENTATION('',(#2763),#2769);
#2763 = B_SPLINE_CURVE_WITH_KNOTS('',4,(#2764,#2765,#2766,#2767,#2768),
  .UNSPECIFIED.,.F.,.F.,(5,5),(0.,1.),.PIECEWISE_BEZIER_KNOTS.);
#2764 = CARTESIAN_POINT('',(22.,0.339081742376));
#2765 = CARTESIAN_POINT('',(21.750227132561,0.34105212851));
#2766 = CARTESIAN_POINT('',(21.500301671432,0.343016196423));
#2767 = CARTESIAN_POINT('',(21.250225383936,0.344973976588));
#2768 = CARTESIAN_POINT('',(21.,0.346925499568));
#2769 = ( GEOMETRIC_REPRESENTATION_CONTEXT(2) 
PARAMETRIC_REPRESENTATION_CONTEXT() REPRESENTATION_CONTEXT('2D SPACE',''
  ) );
#2770 = ORIENTED_EDGE('',*,*,#2771,.F.);
#2771 = EDGE_CURVE('',#2772,#2736,#2774,.T.);
#2772 = VERTEX_POINT('',#2773);
#2773 = CARTESIAN_POINT('',(53.761156689398,53.761156689398,
    94.538002772646));
#2774 = SURFACE_CURVE('',#2775,(#2781,#2790),.PCURVE_S1.);
#2775 = B_SPLINE_CURVE_WITH_KNOTS('',4,(#2776,#2777,#2778,#2779,#2780),
  .UNSPECIFIED.,.F.,.F.,(5,5),(0.,1.),.PIECEWISE_BEZIER_KNOTS.);
#2776 = CARTESIAN_POINT('',(53.761156689398,53.761156689398,
    94.538002772646));
#2777 = CARTESIAN_POINT('',(53.986744733301,53.986744733301,
    94.633472584063));
#2778 = CARTESIAN_POINT('',(54.211216575254,54.211216575254,
    94.729488525226));
#2779 = CARTESIAN_POINT('',(54.434554674699,54.434554674699,
    94.826043545826));
#2780 = CARTESIAN_POINT('',(54.656742339081,54.656742339081,
    94.923129918684));
#2781 = PCURVE('',#73,#2782);
#2782 = DEFINITIONAL_REPRESENTATION('',(#2783),#2789);
#2783 = B_SPLINE_CURVE_WITH_KNOTS('',4,(#2784,#2785,#2786,#2787,#2788),
  .UNSPECIFIED.,.F.,.F.,(5,5),(0.,1.),.PIECEWISE_BEZIER_KNOTS.);
#2784 = CARTESIAN_POINT('',(-29.53800277264,66.029706919012));
#2785 = CARTESIAN_POINT('',(-29.63347258406,66.348736590209));
#2786 = CARTESIAN_POINT('',(-29.72948852522,66.66618771347));
#2787 = CARTESIAN_POINT('',(-29.82604354582,66.982035482699));
#2788 = CARTESIAN_POINT('',(-29.92312991868,67.29625629106));
#2789 = ( GEOMETRIC_REPRESENTATION_CONTEXT(2) 
PARAMETRIC_REPRESENTATION_CONTEXT() REPRESENTATION_CONTEXT('2D SPACE',''
  ) );
#2790 = PCURVE('',#2791,#2798);
#2791 = B_SPLINE_SURFACE_WITH_KNOTS('',1,2,(
    (#2792,#2793,#2794)
    ,(#2795,#2796,#2797
    )),.UNSPECIFIED.,.F.,.F.,.F.,(2,2),(3,3),(22.,23.),(0.,1.),
  .PIECEWISE_BEZIER_KNOTS.);
#2792 = CARTESIAN_POINT('',(38.753415049974,45.592324677345,
    93.847020703413));
#2793 = CARTESIAN_POINT('',(62.639992922572,59.225750287378,
    95.845855171677));
#2794 = CARTESIAN_POINT('',(83.954934113813,71.282559175171,
    95.414388594775));
#2795 = CARTESIAN_POINT('',(39.009762526098,45.258246142197,
    93.545452900572));
#2796 = CARTESIAN_POINT('',(62.815283341578,58.997307365714,
    95.491163798516));
#2797 = CARTESIAN_POINT('',(84.057154949954,71.14934238788,
    95.081801976765));
#2798 = DEFINITIONAL_REPRESENTATION('',(#2799),#2805);
#2799 = B_SPLINE_CURVE_WITH_KNOTS('',4,(#2800,#2801,#2802,#2803,#2804),
  .UNSPECIFIED.,.F.,.F.,(5,5),(0.,1.),.PIECEWISE_BEZIER_KNOTS.);
#2800 = CARTESIAN_POINT('',(23.,0.315180325155));
#2801 = CARTESIAN_POINT('',(22.752736640781,0.321192620026));
#2802 = CARTESIAN_POINT('',(22.503646839375,0.327180663089));
#2803 = CARTESIAN_POINT('',(22.252733049343,0.33314388704));
#2804 = CARTESIAN_POINT('',(22.,0.339081742376));
#2805 = ( GEOMETRIC_REPRESENTATION_CONTEXT(2) 
PARAMETRIC_REPRESENTATION_CONTEXT() REPRESENTATION_CONTEXT('2D SPACE',''
  ) );
#2806 = ORIENTED_EDGE('',*,*,#2807,.F.);
#2807 = EDGE_CURVE('',#2808,#2772,#2810,.T.);
#2808 = VERTEX_POINT('',#2809);
#2809 = CARTESIAN_POINT('',(52.215297993148,52.215297993148,
    93.905368742355));
#2810 = SURFACE_CURVE('',#2811,(#2817,#2826),.PCURVE_S1.);
#2811 = B_SPLINE_CURVE_WITH_KNOTS('',4,(#2812,#2813,#2814,#2815,#2816),
  .UNSPECIFIED.,.F.,.F.,(5,5),(0.,1.),.PIECEWISE_BEZIER_KNOTS.);
#2812 = CARTESIAN_POINT('',(52.215297993148,52.215297993148,
    93.905368742355));
#2813 = CARTESIAN_POINT('',(52.604341473123,52.604341473123,
    94.060314841775));
#2814 = CARTESIAN_POINT('',(52.991719894545,52.991719894545,
    94.21739126221));
#2815 = CARTESIAN_POINT('',(53.377353335661,53.377353335661,
    94.376616052769));
#2816 = CARTESIAN_POINT('',(53.761156689398,53.761156689398,
    94.538002772646));
#2817 = PCURVE('',#73,#2818);
#2818 = DEFINITIONAL_REPRESENTATION('',(#2819),#2825);
#2819 = B_SPLINE_CURVE_WITH_KNOTS('',4,(#2820,#2821,#2822,#2823,#2824),
  .UNSPECIFIED.,.F.,.F.,(5,5),(0.,1.),.PIECEWISE_BEZIER_KNOTS.);
#2820 = CARTESIAN_POINT('',(-28.90536874235,63.843532585263));
#2821 = CARTESIAN_POINT('',(-29.06031484177,64.393723150996));
#2822 = CARTESIAN_POINT('',(-29.21739126221,64.941558968341));
#2823 = CARTESIAN_POINT('',(-29.37661605276,65.486927010872));
#2824 = CARTESIAN_POINT('',(-29.53800277264,66.029706919012));
#2825 = ( GEOMETRIC_REPRESENTATION_CONTEXT(2) 
PARAMETRIC_REPRESENTATION_CONTEXT() REPRESENTATION_CONTEXT('2D SPACE',''
  ) );
#2826 = PCURVE('',#2827,#2834);
#2827 = B_SPLINE_SURFACE_WITH_KNOTS('',1,2,(
    (#2828,#2829,#2830)
    ,(#2831,#2832,#2833
    )),.UNSPECIFIED.,.F.,.F.,.F.,(2,2),(3,3),(23.,24.),(0.,1.),
  .PIECEWISE_BEZIER_KNOTS.);
#2828 = CARTESIAN_POINT('',(39.009762526098,45.258246142197,
    93.545452900572));
#2829 = CARTESIAN_POINT('',(62.815283341578,58.997307365714,
    95.491163798516));
#2830 = CARTESIAN_POINT('',(84.057154949954,71.14934238788,
    95.081801976765));
#2831 = CARTESIAN_POINT('',(39.430336194603,44.710143866253,
    93.055116681825));
#2832 = CARTESIAN_POINT('',(63.103611104088,58.621551309916,
    94.911999925291));
#2833 = CARTESIAN_POINT('',(84.225742363943,70.929634992427,
    94.53765495926));
#2834 = DEFINITIONAL_REPRESENTATION('',(#2835),#2841);
#2835 = B_SPLINE_CURVE_WITH_KNOTS('',4,(#2836,#2837,#2838,#2839,#2840),
  .UNSPECIFIED.,.F.,.F.,(5,5),(0.,1.),.PIECEWISE_BEZIER_KNOTS.);
#2836 = CARTESIAN_POINT('',(24.,0.274076973614));
#2837 = CARTESIAN_POINT('',(23.756021671131,0.284397247103));
#2838 = CARTESIAN_POINT('',(23.50808495476,0.294689471654));
#2839 = CARTESIAN_POINT('',(23.256104574382,0.304951330324));
#2840 = CARTESIAN_POINT('',(23.,0.315180325155));
#2841 = ( GEOMETRIC_REPRESENTATION_CONTEXT(2) 
PARAMETRIC_REPRESENTATION_CONTEXT() REPRESENTATION_CONTEXT('2D SPACE',''
  ) );
#2842 = ORIENTED_EDGE('',*,*,#2843,.F.);
#2843 = EDGE_CURVE('',#2844,#2808,#2846,.T.);
#2844 = VERTEX_POINT('',#2845);
#2845 = CARTESIAN_POINT('',(49.933433352493,49.933433352493,
    93.040051115183));
#2846 = SURFACE_CURVE('',#2847,(#2856,#2868),.PCURVE_S1.);
#2847 = B_SPLINE_CURVE_WITH_KNOTS('',4,(#2848,#2849,#2850,#2851,#2852,
    #2853,#2854,#2855),.UNSPECIFIED.,.F.,.F.,(5,3,5),(0.,0.509430810415,
    1.),.UNSPECIFIED.);
#2848 = CARTESIAN_POINT('',(49.933433352493,49.933433352493,
    93.040051115183));
#2849 = CARTESIAN_POINT('',(50.225747887185,50.225747887185,
    93.146630555735));
#2850 = CARTESIAN_POINT('',(50.517514371087,50.517514371087,
    93.254419655951));
#2851 = CARTESIAN_POINT('',(50.808710900537,50.808710900537,
    93.363434952881));
#2852 = CARTESIAN_POINT('',(51.379157141506,51.379157141506,
    93.579868644313));
#2853 = CARTESIAN_POINT('',(51.658449993579,51.658449993579,
    93.687196716075));
#2854 = CARTESIAN_POINT('',(51.937171196255,51.937171196255,
    93.795691891265));
#2855 = CARTESIAN_POINT('',(52.215297993148,52.215297993148,
    93.905368742355));
#2856 = PCURVE('',#73,#2857);
#2857 = DEFINITIONAL_REPRESENTATION('',(#2858),#2867);
#2858 = B_SPLINE_CURVE_WITH_KNOTS('',4,(#2859,#2860,#2861,#2862,#2863,
    #2864,#2865,#2866),.UNSPECIFIED.,.F.,.F.,(5,3,5),(0.,0.509430810415,
    1.),.UNSPECIFIED.);
#2859 = CARTESIAN_POINT('',(-28.04005111518,60.616488662948));
#2860 = CARTESIAN_POINT('',(-28.14663055573,61.029883842389));
#2861 = CARTESIAN_POINT('',(-28.25441965595,61.442503960969));
#2862 = CARTESIAN_POINT('',(-28.36343495288,61.854318042234));
#2863 = CARTESIAN_POINT('',(-28.57986864431,62.661050852817));
#2864 = CARTESIAN_POINT('',(-28.68719671607,63.056030592092));
#2865 = CARTESIAN_POINT('',(-28.79569189126,63.450201897037));
#2866 = CARTESIAN_POINT('',(-28.90536874235,63.843532585263));
#2867 = ( GEOMETRIC_REPRESENTATION_CONTEXT(2) 
PARAMETRIC_REPRESENTATION_CONTEXT() REPRESENTATION_CONTEXT('2D SPACE',''
  ) );
#2868 = PCURVE('',#2869,#2876);
#2869 = B_SPLINE_SURFACE_WITH_KNOTS('',1,2,(
    (#2870,#2871,#2872)
    ,(#2873,#2874,#2875
    )),.UNSPECIFIED.,.F.,.F.,.F.,(2,2),(3,3),(24.,25.),(0.,1.),
  .PIECEWISE_BEZIER_KNOTS.);
#2870 = CARTESIAN_POINT('',(39.430336194603,44.710143866253,
    93.055116681825));
#2871 = CARTESIAN_POINT('',(63.103611104088,58.621551309916,
    94.911999925291));
#2872 = CARTESIAN_POINT('',(84.225742363943,70.929634992427,
    94.53765495926));
#2873 = CARTESIAN_POINT('',(40.005531831,43.960534318552,92.393782373458
    ));
#2874 = CARTESIAN_POINT('',(63.499455980078,58.105676223818,
    94.125781762074));
#2875 = CARTESIAN_POINT('',(84.458104788961,70.626814384449,
    93.796769632324));
#2876 = DEFINITIONAL_REPRESENTATION('',(#2877),#2886);
#2877 = B_SPLINE_CURVE_WITH_KNOTS('',4,(#2878,#2879,#2880,#2881,#2882,
    #2883,#2884,#2885),.UNSPECIFIED.,.F.,.F.,(5,3,5),(0.,0.509430810415,
    1.),.UNSPECIFIED.);
#2878 = CARTESIAN_POINT('',(25.,0.213751814683));
#2879 = CARTESIAN_POINT('',(24.877378129054,0.221453390485));
#2880 = CARTESIAN_POINT('',(24.753194367339,0.229149443351));
#2881 = CARTESIAN_POINT('',(24.627413633847,0.236839367506));
#2882 = CARTESIAN_POINT('',(24.377303691333,0.251921168191));
#2883 = CARTESIAN_POINT('',(24.253093171189,0.259313538081));
#2884 = CARTESIAN_POINT('',(24.127336208877,0.266699020362));
#2885 = CARTESIAN_POINT('',(24.,0.274076973614));
#2886 = ( GEOMETRIC_REPRESENTATION_CONTEXT(2) 
PARAMETRIC_REPRESENTATION_CONTEXT() REPRESENTATION_CONTEXT('2D SPACE',''
  ) );
#2887 = ORIENTED_EDGE('',*,*,#2888,.F.);
#2888 = EDGE_CURVE('',#2889,#2844,#2891,.T.);
#2889 = VERTEX_POINT('',#2890);
#2890 = CARTESIAN_POINT('',(46.78335296537,46.78335296537,
    91.965207529211));
#2891 = SURFACE_CURVE('',#2892,(#2901,#2913),.PCURVE_S1.);
#2892 = B_SPLINE_CURVE_WITH_KNOTS('',4,(#2893,#2894,#2895,#2896,#2897,
    #2898,#2899,#2900),.UNSPECIFIED.,.F.,.F.,(5,3,5),(0.,0.415420026464,
    1.),.UNSPECIFIED.);
#2893 = CARTESIAN_POINT('',(46.78335296537,46.78335296537,
    91.965207529211));
#2894 = CARTESIAN_POINT('',(47.112195007703,47.112195007703,
    92.071602672262));
#2895 = CARTESIAN_POINT('',(47.440602096297,47.440602096297,
    92.179405898102));
#2896 = CARTESIAN_POINT('',(47.768554757874,47.768554757874,
    92.288642258457));
#2897 = CARTESIAN_POINT('',(48.556857549836,48.556857549836,
    92.555108692577));
#2898 = CARTESIAN_POINT('',(49.016741162097,49.016741162097,
    92.713769020393));
#2899 = CARTESIAN_POINT('',(49.475622599926,49.475622599926,
    92.875391212622));
#2900 = CARTESIAN_POINT('',(49.933433352493,49.933433352493,
    93.040051115183));
#2901 = PCURVE('',#73,#2902);
#2902 = DEFINITIONAL_REPRESENTATION('',(#2903),#2912);
#2903 = B_SPLINE_CURVE_WITH_KNOTS('',4,(#2904,#2905,#2906,#2907,#2908,
    #2909,#2910,#2911),.UNSPECIFIED.,.F.,.F.,(5,3,5),(0.,0.415420026464,
    1.),.UNSPECIFIED.);
#2904 = CARTESIAN_POINT('',(-26.96520752921,56.161602256914));
#2905 = CARTESIAN_POINT('',(-27.07160267226,56.62665513306));
#2906 = CARTESIAN_POINT('',(-27.1794058981,57.091092891728));
#2907 = CARTESIAN_POINT('',(-27.28864225845,57.554887993547));
#2908 = CARTESIAN_POINT('',(-27.55510869257,58.669716493197));
#2909 = CARTESIAN_POINT('',(-27.71376902039,59.320090134769));
#2910 = CARTESIAN_POINT('',(-27.87539121262,59.969046487669));
#2911 = CARTESIAN_POINT('',(-28.04005111518,60.616488662948));
#2912 = ( GEOMETRIC_REPRESENTATION_CONTEXT(2) 
PARAMETRIC_REPRESENTATION_CONTEXT() REPRESENTATION_CONTEXT('2D SPACE',''
  ) );
#2913 = PCURVE('',#2914,#2921);
#2914 = B_SPLINE_SURFACE_WITH_KNOTS('',1,2,(
    (#2915,#2916,#2917)
    ,(#2918,#2919,#2920
    )),.UNSPECIFIED.,.F.,.F.,.F.,(2,2),(3,3),(25.,26.),(0.,1.),
  .PIECEWISE_BEZIER_KNOTS.);
#2915 = CARTESIAN_POINT('',(40.005531831,43.960534318552,92.393782373458
    ));
#2916 = CARTESIAN_POINT('',(63.499455980078,58.105676223818,
    94.125781762074));
#2917 = CARTESIAN_POINT('',(84.458104788961,70.626814384449,
    93.796769632324));
#2918 = CARTESIAN_POINT('',(40.722569191553,43.026073037004,
    91.58499215802));
#2919 = CARTESIAN_POINT('',(63.995407267646,57.459339922165,
    93.155768308041));
#2920 = CARTESIAN_POINT('',(84.750707693056,70.245486855666,
    92.879064221958));
#2921 = DEFINITIONAL_REPRESENTATION('',(#2922),#2931);
#2922 = B_SPLINE_CURVE_WITH_KNOTS('',4,(#2923,#2924,#2925,#2926,#2927,
    #2928,#2929,#2930),.UNSPECIFIED.,.F.,.F.,(5,3,5),(0.,0.415420026464,
    1.),.UNSPECIFIED.);
#2923 = CARTESIAN_POINT('',(26.,0.131141736054));
#2924 = CARTESIAN_POINT('',(25.901360490114,0.139725747379));
#2925 = CARTESIAN_POINT('',(25.801339695341,0.148309379392));
#2926 = CARTESIAN_POINT('',(25.699899537822,0.156892121697));
#2927 = CARTESIAN_POINT('',(25.452199174866,0.177549001935));
#2928 = CARTESIAN_POINT('',(25.304508312894,0.18962170705));
#2929 = CARTESIAN_POINT('',(25.153815307372,0.201689929983));
#2930 = CARTESIAN_POINT('',(25.,0.213751814683));
#2931 = ( GEOMETRIC_REPRESENTATION_CONTEXT(2) 
PARAMETRIC_REPRESENTATION_CONTEXT() REPRESENTATION_CONTEXT('2D SPACE',''
  ) );
#2932 = ORIENTED_EDGE('',*,*,#2933,.F.);
#2933 = EDGE_CURVE('',#2934,#2889,#2936,.T.);
#2934 = VERTEX_POINT('',#2935);
#2935 = CARTESIAN_POINT('',(42.573470307378,42.573470307378,
    90.716072827063));
#2936 = SURFACE_CURVE('',#2937,(#2952,#2970),.PCURVE_S1.);
#2937 = B_SPLINE_CURVE_WITH_KNOTS('',4,(#2938,#2939,#2940,#2941,#2942,
    #2943,#2944,#2945,#2946,#2947,#2948,#2949,#2950,#2951),
  .UNSPECIFIED.,.F.,.F.,(5,3,3,3,5),(0.,0.262439244601,0.516294099383,
    0.762009246704,1.),.UNSPECIFIED.);
#2938 = CARTESIAN_POINT('',(42.573470307378,42.573470307378,
    90.716072827063));
#2939 = CARTESIAN_POINT('',(42.850920176784,42.850920176784,
    90.792804122257));
#2940 = CARTESIAN_POINT('',(43.12817267786,43.12817267786,
    90.870414919486));
#2941 = CARTESIAN_POINT('',(43.405220683255,43.405220683255,
    90.948918251996));
#2942 = CARTESIAN_POINT('',(43.949836931094,43.949836931094,
    91.105139726689));
#2943 = CARTESIAN_POINT('',(44.217418828253,44.217418828253,
    91.182799558475));
#2944 = CARTESIAN_POINT('',(44.484795147879,44.484795147879,
    91.261319546733));
#2945 = CARTESIAN_POINT('',(45.01055503685,45.01055503685,
    91.417559824572));
#2946 = CARTESIAN_POINT('',(45.268952054538,45.268952054538,
    91.495225027628));
#2947 = CARTESIAN_POINT('',(45.527142484579,45.527142484579,
    91.573719783014));
#2948 = CARTESIAN_POINT('',(46.034985462802,46.034985462802,
    91.729898564551));
#2949 = CARTESIAN_POINT('',(46.284651253422,46.284651253422,
    91.807530504964));
#2950 = CARTESIAN_POINT('',(46.534109515071,46.534109515071,
    91.885963021433));
#2951 = CARTESIAN_POINT('',(46.78335296537,46.78335296537,
    91.965207529211));
#2952 = PCURVE('',#73,#2953);
#2953 = DEFINITIONAL_REPRESENTATION('',(#2954),#2969);
#2954 = B_SPLINE_CURVE_WITH_KNOTS('',4,(#2955,#2956,#2957,#2958,#2959,
    #2960,#2961,#2962,#2963,#2964,#2965,#2966,#2967,#2968),
  .UNSPECIFIED.,.F.,.F.,(5,3,3,3,5),(0.,0.262439244601,0.516294099383,
    0.762009246704,1.),.UNSPECIFIED.);
#2955 = CARTESIAN_POINT('',(-25.71607282706,50.207929105982));
#2956 = CARTESIAN_POINT('',(-25.79280412225,50.600302474175));
#2957 = CARTESIAN_POINT('',(-25.87041491948,50.992396721398));
#2958 = CARTESIAN_POINT('',(-25.94891825199,51.384201768056));
#2959 = CARTESIAN_POINT('',(-26.10513972668,52.154405452039));
#2960 = CARTESIAN_POINT('',(-26.18279955847,52.532823400048));
#2961 = CARTESIAN_POINT('',(-26.26131954673,52.910950617519));
#2962 = CARTESIAN_POINT('',(-26.41755982457,53.654487383054));
#2963 = CARTESIAN_POINT('',(-26.49522502762,54.019915949945));
#2964 = CARTESIAN_POINT('',(-26.57371978301,54.385052357785));
#2965 = CARTESIAN_POINT('',(-26.72989856455,55.103250785142));
#2966 = CARTESIAN_POINT('',(-26.80753050496,55.456331532298));
#2967 = CARTESIAN_POINT('',(-26.88596302143,55.809118789168));
#2968 = CARTESIAN_POINT('',(-26.96520752921,56.161602256914));
#2969 = ( GEOMETRIC_REPRESENTATION_CONTEXT(2) 
PARAMETRIC_REPRESENTATION_CONTEXT() REPRESENTATION_CONTEXT('2D SPACE',''
  ) );
#2970 = PCURVE('',#2971,#2978);
#2971 = B_SPLINE_SURFACE_WITH_KNOTS('',1,2,(
    (#2972,#2973,#2974)
    ,(#2975,#2976,#2977
    )),.UNSPECIFIED.,.F.,.F.,.F.,(2,2),(3,3),(26.,27.),(0.,1.),
  .PIECEWISE_BEZIER_KNOTS.);
#2972 = CARTESIAN_POINT('',(40.722569191553,43.026073037004,
    91.58499215802));
#2973 = CARTESIAN_POINT('',(63.995407267646,57.459339922165,
    93.155768308041));
#2974 = CARTESIAN_POINT('',(84.750707693056,70.245486855666,
    92.879064221958));
#2975 = CARTESIAN_POINT('',(41.565892431375,41.927032793361,
    90.656648791298));
#2976 = CARTESIAN_POINT('',(64.582275954926,56.694517758376,
    92.029944435698));
#2977 = CARTESIAN_POINT('',(85.099047707818,69.791521310051,
    91.808754134346));
#2978 = DEFINITIONAL_REPRESENTATION('',(#2979),#2994);
#2979 = B_SPLINE_CURVE_WITH_KNOTS('',4,(#2980,#2981,#2982,#2983,#2984,
    #2985,#2986,#2987,#2988,#2989,#2990,#2991,#2992,#2993),
  .UNSPECIFIED.,.F.,.F.,(5,3,3,3,5),(0.,0.262439244601,0.516294099383,
    0.762009246704,1.),.UNSPECIFIED.);
#2980 = CARTESIAN_POINT('',(27.,2.191435256648E-02));
#2981 = CARTESIAN_POINT('',(26.938541601005,2.90695336049E-02));
#2982 = CARTESIAN_POINT('',(26.876399550113,3.622715796213E-02));
#2983 = CARTESIAN_POINT('',(26.813557888754,4.338705343514E-02));
#2984 = CARTESIAN_POINT('',(26.688520674438,5.747673791186E-02));
#2985 = CARTESIAN_POINT('',(26.626371223384,6.440639293768E-02));
#2986 = CARTESIAN_POINT('',(26.563536204765,7.133782276872E-02));
#2987 = CARTESIAN_POINT('',(26.438500246144,8.49815501316E-02));
#2988 = CARTESIAN_POINT('',(26.376343576365,9.169374755878E-02));
#2989 = CARTESIAN_POINT('',(26.313515051035,9.840725849935E-02));
#2990 = CARTESIAN_POINT('',(26.188480475872,0.111625446871));
#2991 = CARTESIAN_POINT('',(26.126316947097,0.118130054612));
#2992 = CARTESIAN_POINT('',(26.063494962753,0.124635546684));
#2993 = CARTESIAN_POINT('',(26.,0.131141736054));
#2994 = ( GEOMETRIC_REPRESENTATION_CONTEXT(2) 
PARAMETRIC_REPRESENTATION_CONTEXT() REPRESENTATION_CONTEXT('2D SPACE',''
  ) );
#2995 = ORIENTED_EDGE('',*,*,#2996,.F.);
#2996 = EDGE_CURVE('',#2997,#2934,#2999,.T.);
#2997 = VERTEX_POINT('',#2998);
#2998 = CARTESIAN_POINT('',(42.426406871193,42.426406871193,
    90.676358577602));
#2999 = SURFACE_CURVE('',#3000,(#3006,#3015),.PCURVE_S1.);
#3000 = B_SPLINE_CURVE_WITH_KNOTS('',4,(#3001,#3002,#3003,#3004,#3005),
  .UNSPECIFIED.,.F.,.F.,(5,5),(0.,1.),.PIECEWISE_BEZIER_KNOTS.);
#3001 = CARTESIAN_POINT('',(41.722690097051,41.722690097051,
    90.488989140841));
#3002 = CARTESIAN_POINT('',(41.935535875616,41.935535875616,
    90.544999580439));
#3003 = CARTESIAN_POINT('',(42.148282991499,42.148282991499,
    90.601513216583));
#3004 = CARTESIAN_POINT('',(42.360928755822,42.360928755822,
    90.658535684762));
#3005 = CARTESIAN_POINT('',(42.573470307378,42.573470307378,
    90.716072827063));
#3006 = PCURVE('',#73,#3007);
#3007 = DEFINITIONAL_REPRESENTATION('',(#3008),#3014);
#3008 = B_SPLINE_CURVE_WITH_KNOTS('',4,(#3009,#3010,#3011,#3012,#3013),
  .UNSPECIFIED.,.F.,.F.,(5,5),(0.,1.),.PIECEWISE_BEZIER_KNOTS.);
#3009 = CARTESIAN_POINT('',(-25.48898914084,49.004744193939));
#3010 = CARTESIAN_POINT('',(-25.54499958043,49.30575358068));
#3011 = CARTESIAN_POINT('',(-25.60151321658,49.606623437318));
#3012 = CARTESIAN_POINT('',(-25.65853568476,49.907349961204));
#3013 = CARTESIAN_POINT('',(-25.71607282706,50.207929105982));
#3014 = ( GEOMETRIC_REPRESENTATION_CONTEXT(2) 
PARAMETRIC_REPRESENTATION_CONTEXT() REPRESENTATION_CONTEXT('2D SPACE',''
  ) );
#3015 = PCURVE('',#3016,#3023);
#3016 = B_SPLINE_SURFACE_WITH_KNOTS('',1,2,(
    (#3017,#3018,#3019)
    ,(#3020,#3021,#3022
    )),.UNSPECIFIED.,.F.,.F.,.F.,(2,2),(3,3),(27.,28.),(0.,1.),
  .PIECEWISE_BEZIER_KNOTS.);
#3017 = CARTESIAN_POINT('',(41.565892431375,41.927032793361,
    90.656648791298));
#3018 = CARTESIAN_POINT('',(64.582275954926,56.694517758376,
    92.029944435698));
#3019 = CARTESIAN_POINT('',(85.099047707818,69.791521310051,
    91.808754134346));
#3020 = CARTESIAN_POINT('',(42.517447100046,40.686942605504,
    89.639176225916));
#3021 = CARTESIAN_POINT('',(65.249059089167,55.825549059651,
    90.779624451626));
#3022 = CARTESIAN_POINT('',(85.497518601278,69.272223931356,
    90.613373379925));
#3023 = DEFINITIONAL_REPRESENTATION('',(#3024),#3030);
#3024 = B_SPLINE_CURVE_WITH_KNOTS('',4,(#3025,#3026,#3027,#3028,#3029),
  .UNSPECIFIED.,.F.,.F.,(5,5),(0.,1.),.PIECEWISE_BEZIER_KNOTS.);
#3025 = CARTESIAN_POINT('',(27.164780512185,0.));
#3026 = CARTESIAN_POINT('',(27.124100593209,5.475857058897E-03));
#3027 = CARTESIAN_POINT('',(27.083081310267,1.095357730354E-02));
#3028 = CARTESIAN_POINT('',(27.041716566238,1.643309830304E-02));
#3029 = CARTESIAN_POINT('',(27.,2.191435256648E-02));
#3030 = ( GEOMETRIC_REPRESENTATION_CONTEXT(2) 
PARAMETRIC_REPRESENTATION_CONTEXT() REPRESENTATION_CONTEXT('2D SPACE',''
  ) );
#3031 = ORIENTED_EDGE('',*,*,#3032,.T.);
#3032 = EDGE_CURVE('',#2997,#3033,#3035,.T.);
#3033 = VERTEX_POINT('',#3034);
#3034 = CARTESIAN_POINT('',(42.426406871193,42.426406871193,106.));
#3035 = SURFACE_CURVE('',#3036,(#3040,#3047),.PCURVE_S1.);
#3036 = LINE('',#3037,#3038);
#3037 = CARTESIAN_POINT('',(42.426406871193,42.426406871193,66.));
#3038 = VECTOR('',#3039,1.);
#3039 = DIRECTION('',(0.,0.,1.));
#3040 = PCURVE('',#73,#3041);
#3041 = DEFINITIONAL_REPRESENTATION('',(#3042),#3046);
#3042 = LINE('',#3043,#3044);
#3043 = CARTESIAN_POINT('',(-1.,49.99995));
#3044 = VECTOR('',#3045,1.);
#3045 = DIRECTION('',(-1.,0.));
#3046 = ( GEOMETRIC_REPRESENTATION_CONTEXT(2) 
PARAMETRIC_REPRESENTATION_CONTEXT() REPRESENTATION_CONTEXT('2D SPACE',''
  ) );
#3047 = PCURVE('',#446,#3048);
#3048 = DEFINITIONAL_REPRESENTATION('',(#3049),#3053);
#3049 = LINE('',#3050,#3051);
#3050 = CARTESIAN_POINT('',(0.785398163397,0.));
#3051 = VECTOR('',#3052,1.);
#3052 = DIRECTION('',(0.,1.));
#3053 = ( GEOMETRIC_REPRESENTATION_CONTEXT(2) 
PARAMETRIC_REPRESENTATION_CONTEXT() REPRESENTATION_CONTEXT('2D SPACE',''
  ) );
#3054 = ORIENTED_EDGE('',*,*,#3055,.T.);
#3055 = EDGE_CURVE('',#3033,#3056,#3058,.T.);
#3056 = VERTEX_POINT('',#3057);
#3057 = CARTESIAN_POINT('',(39.597979746447,39.597979746447,106.));
#3058 = SURFACE_CURVE('',#3059,(#3063,#3070),.PCURVE_S1.);
#3059 = LINE('',#3060,#3061);
#3060 = CARTESIAN_POINT('',(42.426406871193,42.426406871193,106.));
#3061 = VECTOR('',#3062,1.);
#3062 = DIRECTION('',(-0.707106781187,-0.707106781187,0.));
#3063 = PCURVE('',#73,#3064);
#3064 = DEFINITIONAL_REPRESENTATION('',(#3065),#3069);
#3065 = LINE('',#3066,#3067);
#3066 = CARTESIAN_POINT('',(-41.,49.99995));
#3067 = VECTOR('',#3068,1.);
#3068 = DIRECTION('',(-0.,-1.));
#3069 = ( GEOMETRIC_REPRESENTATION_CONTEXT(2) 
PARAMETRIC_REPRESENTATION_CONTEXT() REPRESENTATION_CONTEXT('2D SPACE',''
  ) );
#3070 = PCURVE('',#1609,#3071);
#3071 = DEFINITIONAL_REPRESENTATION('',(#3072),#3076);
#3072 = LINE('',#3073,#3074);
#3073 = CARTESIAN_POINT('',(42.426406871193,42.426406871193));
#3074 = VECTOR('',#3075,1.);
#3075 = DIRECTION('',(-0.707106781187,-0.707106781187));
#3076 = ( GEOMETRIC_REPRESENTATION_CONTEXT(2) 
PARAMETRIC_REPRESENTATION_CONTEXT() REPRESENTATION_CONTEXT('2D SPACE',''
  ) );
#3077 = ORIENTED_EDGE('',*,*,#3078,.T.);
#3078 = EDGE_CURVE('',#3056,#3079,#3081,.T.);
#3079 = VERTEX_POINT('',#3080);
#3080 = CARTESIAN_POINT('',(31.112698372208,31.112698372208,92.));
#3081 = SURFACE_CURVE('',#3082,(#3086,#3093),.PCURVE_S1.);
#3082 = LINE('',#3083,#3084);
#3083 = CARTESIAN_POINT('',(39.597979746447,39.597979746447,106.));
#3084 = VECTOR('',#3085,1.);
#3085 = DIRECTION('',(-0.460178993308,-0.460178993308,-0.759256602365));
#3086 = PCURVE('',#73,#3087);
#3087 = DEFINITIONAL_REPRESENTATION('',(#3088),#3092);
#3088 = LINE('',#3089,#3090);
#3089 = CARTESIAN_POINT('',(-41.,45.99995));
#3090 = VECTOR('',#3091,1.);
#3091 = DIRECTION('',(0.759256602365,-0.650791373456));
#3092 = ( GEOMETRIC_REPRESENTATION_CONTEXT(2) 
PARAMETRIC_REPRESENTATION_CONTEXT() REPRESENTATION_CONTEXT('2D SPACE',''
  ) );
#3093 = PCURVE('',#1637,#3094);
#3094 = DEFINITIONAL_REPRESENTATION('',(#3095),#3099);
#3095 = LINE('',#3096,#3097);
#3096 = CARTESIAN_POINT('',(0.785398163397,-0.));
#3097 = VECTOR('',#3098,1.);
#3098 = DIRECTION('',(0.,-1.));
#3099 = ( GEOMETRIC_REPRESENTATION_CONTEXT(2) 
PARAMETRIC_REPRESENTATION_CONTEXT() REPRESENTATION_CONTEXT('2D SPACE',''
  ) );
#3100 = ORIENTED_EDGE('',*,*,#3101,.T.);
#3101 = EDGE_CURVE('',#3079,#3102,#3104,.T.);
#3102 = VERTEX_POINT('',#3103);
#3103 = CARTESIAN_POINT('',(21.213203435596,21.213203435596,100.));
#3104 = SURFACE_CURVE('',#3105,(#3109,#3116),.PCURVE_S1.);
#3105 = LINE('',#3106,#3107);
#3106 = CARTESIAN_POINT('',(31.112698372208,31.112698372208,92.));
#3107 = VECTOR('',#3108,1.);
#3108 = DIRECTION('',(-0.613940613515,-0.613940613515,0.496138938357));
#3109 = PCURVE('',#73,#3110);
#3110 = DEFINITIONAL_REPRESENTATION('',(#3111),#3115);
#3111 = LINE('',#3112,#3113);
#3112 = CARTESIAN_POINT('',(-27.,33.99995));
#3113 = VECTOR('',#3114,1.);
#3114 = DIRECTION('',(-0.496138938357,-0.868243142124));
#3115 = ( GEOMETRIC_REPRESENTATION_CONTEXT(2) 
PARAMETRIC_REPRESENTATION_CONTEXT() REPRESENTATION_CONTEXT('2D SPACE',''
  ) );
#3116 = PCURVE('',#1665,#3117);
#3117 = DEFINITIONAL_REPRESENTATION('',(#3118),#3122);
#3118 = LINE('',#3119,#3120);
#3119 = CARTESIAN_POINT('',(-0.785398163397,-0.));
#3120 = VECTOR('',#3121,1.);
#3121 = DIRECTION('',(-0.,-1.));
#3122 = ( GEOMETRIC_REPRESENTATION_CONTEXT(2) 
PARAMETRIC_REPRESENTATION_CONTEXT() REPRESENTATION_CONTEXT('2D SPACE',''
  ) );
#3123 = ORIENTED_EDGE('',*,*,#3124,.T.);
#3124 = EDGE_CURVE('',#3102,#3125,#3127,.T.);
#3125 = VERTEX_POINT('',#3126);
#3126 = CARTESIAN_POINT('',(14.142135623731,14.142135623731,100.));
#3127 = SURFACE_CURVE('',#3128,(#3132,#3139),.PCURVE_S1.);
#3128 = LINE('',#3129,#3130);
#3129 = CARTESIAN_POINT('',(21.213203435596,21.213203435596,100.));
#3130 = VECTOR('',#3131,1.);
#3131 = DIRECTION('',(-0.707106781187,-0.707106781187,0.));
#3132 = PCURVE('',#73,#3133);
#3133 = DEFINITIONAL_REPRESENTATION('',(#3134),#3138);
#3134 = LINE('',#3135,#3136);
#3135 = CARTESIAN_POINT('',(-35.,19.99995));
#3136 = VECTOR('',#3137,1.);
#3137 = DIRECTION('',(-0.,-1.));
#3138 = ( GEOMETRIC_REPRESENTATION_CONTEXT(2) 
PARAMETRIC_REPRESENTATION_CONTEXT() REPRESENTATION_CONTEXT('2D SPACE',''
  ) );
#3139 = PCURVE('',#1693,#3140);
#3140 = DEFINITIONAL_REPRESENTATION('',(#3141),#3145);
#3141 = LINE('',#3142,#3143);
#3142 = CARTESIAN_POINT('',(21.213203435596,21.213203435596));
#3143 = VECTOR('',#3144,1.);
#3144 = DIRECTION('',(-0.707106781187,-0.707106781187));
#3145 = ( GEOMETRIC_REPRESENTATION_CONTEXT(2) 
PARAMETRIC_REPRESENTATION_CONTEXT() REPRESENTATION_CONTEXT('2D SPACE',''
  ) );
#3146 = ORIENTED_EDGE('',*,*,#3147,.T.);
#3147 = EDGE_CURVE('',#3125,#1735,#3148,.T.);
#3148 = SURFACE_CURVE('',#3149,(#3153,#3160),.PCURVE_S1.);
#3149 = LINE('',#3150,#3151);
#3150 = CARTESIAN_POINT('',(14.142135623731,14.142135623731,-40.));
#3151 = VECTOR('',#3152,1.);
#3152 = DIRECTION('',(0.,0.,1.));
#3153 = PCURVE('',#73,#3154);
#3154 = DEFINITIONAL_REPRESENTATION('',(#3155),#3159);
#3155 = LINE('',#3156,#3157);
#3156 = CARTESIAN_POINT('',(105.,9.99995));
#3157 = VECTOR('',#3158,1.);
#3158 = DIRECTION('',(-1.,0.));
#3159 = ( GEOMETRIC_REPRESENTATION_CONTEXT(2) 
PARAMETRIC_REPRESENTATION_CONTEXT() REPRESENTATION_CONTEXT('2D SPACE',''
  ) );
#3160 = PCURVE('',#1719,#3161);
#3161 = DEFINITIONAL_REPRESENTATION('',(#3162),#3166);
#3162 = LINE('',#3163,#3164);
#3163 = CARTESIAN_POINT('',(0.785398163397,0.));
#3164 = VECTOR('',#3165,1.);
#3165 = DIRECTION('',(0.,1.));
#3166 = ( GEOMETRIC_REPRESENTATION_CONTEXT(2) 
PARAMETRIC_REPRESENTATION_CONTEXT() REPRESENTATION_CONTEXT('2D SPACE',''
  ) );
#3167 = ADVANCED_FACE('',(#3168),#162,.T.);
#3168 = FACE_BOUND('',#3169,.T.);
#3169 = EDGE_LOOP('',(#3170,#3192,#3193,#3194));
#3170 = ORIENTED_EDGE('',*,*,#3171,.T.);
#3171 = EDGE_CURVE('',#298,#1735,#3172,.T.);
#3172 = SURFACE_CURVE('',#3173,(#3178,#3185),.PCURVE_S1.);
#3173 = CIRCLE('',#3174,20.);
#3174 = AXIS2_PLACEMENT_3D('',#3175,#3176,#3177);
#3175 = CARTESIAN_POINT('',(0.,0.,170.));
#3176 = DIRECTION('',(0.,0.,1.));
#3177 = DIRECTION('',(1.,0.,-0.));
#3178 = PCURVE('',#162,#3179);
#3179 = DEFINITIONAL_REPRESENTATION('',(#3180),#3184);
#3180 = CIRCLE('',#3181,20.);
#3181 = AXIS2_PLACEMENT_2D('',#3182,#3183);
#3182 = CARTESIAN_POINT('',(0.,0.));
#3183 = DIRECTION('',(1.,0.));
#3184 = ( GEOMETRIC_REPRESENTATION_CONTEXT(2) 
PARAMETRIC_REPRESENTATION_CONTEXT() REPRESENTATION_CONTEXT('2D SPACE',''
  ) );
#3185 = PCURVE('',#1719,#3186);
#3186 = DEFINITIONAL_REPRESENTATION('',(#3187),#3191);
#3187 = LINE('',#3188,#3189);
#3188 = CARTESIAN_POINT('',(0.,210.));
#3189 = VECTOR('',#3190,1.);
#3190 = DIRECTION('',(1.,0.));
#3191 = ( GEOMETRIC_REPRESENTATION_CONTEXT(2) 
PARAMETRIC_REPRESENTATION_CONTEXT() REPRESENTATION_CONTEXT('2D SPACE',''
  ) );
#3192 = ORIENTED_EDGE('',*,*,#1734,.T.);
#3193 = ORIENTED_EDGE('',*,*,#143,.F.);
#3194 = ORIENTED_EDGE('',*,*,#297,.F.);
#3195 = ADVANCED_FACE('',(#3196),#282,.F.);
#3196 = FACE_BOUND('',#3197,.T.);
#3197 = EDGE_LOOP('',(#3198,#3199,#3200,#3222));
#3198 = ORIENTED_EDGE('',*,*,#267,.T.);
#3199 = ORIENTED_EDGE('',*,*,#1760,.T.);
#3200 = ORIENTED_EDGE('',*,*,#3201,.F.);
#3201 = EDGE_CURVE('',#324,#1761,#3202,.T.);
#3202 = SURFACE_CURVE('',#3203,(#3208,#3215),.PCURVE_S1.);
#3203 = CIRCLE('',#3204,30.);
#3204 = AXIS2_PLACEMENT_3D('',#3205,#3206,#3207);
#3205 = CARTESIAN_POINT('',(0.,0.,72.));
#3206 = DIRECTION('',(0.,0.,1.));
#3207 = DIRECTION('',(1.,0.,-0.));
#3208 = PCURVE('',#282,#3209);
#3209 = DEFINITIONAL_REPRESENTATION('',(#3210),#3214);
#3210 = CIRCLE('',#3211,30.);
#3211 = AXIS2_PLACEMENT_2D('',#3212,#3213);
#3212 = CARTESIAN_POINT('',(0.,0.));
#3213 = DIRECTION('',(1.,-0.));
#3214 = ( GEOMETRIC_REPRESENTATION_CONTEXT(2) 
PARAMETRIC_REPRESENTATION_CONTEXT() REPRESENTATION_CONTEXT('2D SPACE',''
  ) );
#3215 = PCURVE('',#362,#3216);
#3216 = DEFINITIONAL_REPRESENTATION('',(#3217),#3221);
#3217 = LINE('',#3218,#3219);
#3218 = CARTESIAN_POINT('',(0.,0.));
#3219 = VECTOR('',#3220,1.);
#3220 = DIRECTION('',(1.,0.));
#3221 = ( GEOMETRIC_REPRESENTATION_CONTEXT(2) 
PARAMETRIC_REPRESENTATION_CONTEXT() REPRESENTATION_CONTEXT('2D SPACE',''
  ) );
#3222 = ORIENTED_EDGE('',*,*,#323,.F.);
#3223 = ADVANCED_FACE('',(#3224),#1719,.T.);
#3224 = FACE_BOUND('',#3225,.T.);
#3225 = EDGE_LOOP('',(#3226,#3227,#3249,#3250));
#3226 = ORIENTED_EDGE('',*,*,#1705,.F.);
#3227 = ORIENTED_EDGE('',*,*,#3228,.T.);
#3228 = EDGE_CURVE('',#1678,#3125,#3229,.T.);
#3229 = SURFACE_CURVE('',#3230,(#3235,#3242),.PCURVE_S1.);
#3230 = CIRCLE('',#3231,20.);
#3231 = AXIS2_PLACEMENT_3D('',#3232,#3233,#3234);
#3232 = CARTESIAN_POINT('',(0.,0.,100.));
#3233 = DIRECTION('',(0.,0.,1.));
#3234 = DIRECTION('',(1.,0.,-0.));
#3235 = PCURVE('',#1719,#3236);
#3236 = DEFINITIONAL_REPRESENTATION('',(#3237),#3241);
#3237 = LINE('',#3238,#3239);
#3238 = CARTESIAN_POINT('',(0.,140.));
#3239 = VECTOR('',#3240,1.);
#3240 = DIRECTION('',(1.,0.));
#3241 = ( GEOMETRIC_REPRESENTATION_CONTEXT(2) 
PARAMETRIC_REPRESENTATION_CONTEXT() REPRESENTATION_CONTEXT('2D SPACE',''
  ) );
#3242 = PCURVE('',#1693,#3243);
#3243 = DEFINITIONAL_REPRESENTATION('',(#3244),#3248);
#3244 = CIRCLE('',#3245,20.);
#3245 = AXIS2_PLACEMENT_2D('',#3246,#3247);
#3246 = CARTESIAN_POINT('',(0.,0.));
#3247 = DIRECTION('',(1.,0.));
#3248 = ( GEOMETRIC_REPRESENTATION_CONTEXT(2) 
PARAMETRIC_REPRESENTATION_CONTEXT() REPRESENTATION_CONTEXT('2D SPACE',''
  ) );
#3249 = ORIENTED_EDGE('',*,*,#3147,.T.);
#3250 = ORIENTED_EDGE('',*,*,#3171,.F.);
#3251 = ADVANCED_FACE('',(#3252),#1693,.T.);
#3252 = FACE_BOUND('',#3253,.T.);
#3253 = EDGE_LOOP('',(#3254,#3276,#3277,#3278));
#3254 = ORIENTED_EDGE('',*,*,#3255,.T.);
#3255 = EDGE_CURVE('',#1650,#3102,#3256,.T.);
#3256 = SURFACE_CURVE('',#3257,(#3262,#3269),.PCURVE_S1.);
#3257 = CIRCLE('',#3258,30.);
#3258 = AXIS2_PLACEMENT_3D('',#3259,#3260,#3261);
#3259 = CARTESIAN_POINT('',(0.,0.,100.));
#3260 = DIRECTION('',(0.,0.,1.));
#3261 = DIRECTION('',(1.,0.,-0.));
#3262 = PCURVE('',#1693,#3263);
#3263 = DEFINITIONAL_REPRESENTATION('',(#3264),#3268);
#3264 = CIRCLE('',#3265,30.);
#3265 = AXIS2_PLACEMENT_2D('',#3266,#3267);
#3266 = CARTESIAN_POINT('',(0.,0.));
#3267 = DIRECTION('',(1.,0.));
#3268 = ( GEOMETRIC_REPRESENTATION_CONTEXT(2) 
PARAMETRIC_REPRESENTATION_CONTEXT() REPRESENTATION_CONTEXT('2D SPACE',''
  ) );
#3269 = PCURVE('',#1665,#3270);
#3270 = DEFINITIONAL_REPRESENTATION('',(#3271),#3275);
#3271 = LINE('',#3272,#3273);
#3272 = CARTESIAN_POINT('',(-0.,-8.));
#3273 = VECTOR('',#3274,1.);
#3274 = DIRECTION('',(-1.,-0.));
#3275 = ( GEOMETRIC_REPRESENTATION_CONTEXT(2) 
PARAMETRIC_REPRESENTATION_CONTEXT() REPRESENTATION_CONTEXT('2D SPACE',''
  ) );
#3276 = ORIENTED_EDGE('',*,*,#3124,.T.);
#3277 = ORIENTED_EDGE('',*,*,#3228,.F.);
#3278 = ORIENTED_EDGE('',*,*,#1677,.F.);
#3279 = ADVANCED_FACE('',(#3280),#1665,.T.);
#3280 = FACE_BOUND('',#3281,.T.);
#3281 = EDGE_LOOP('',(#3282,#3304,#3305,#3306));
#3282 = ORIENTED_EDGE('',*,*,#3283,.T.);
#3283 = EDGE_CURVE('',#1622,#3079,#3284,.T.);
#3284 = SURFACE_CURVE('',#3285,(#3290,#3297),.PCURVE_S1.);
#3285 = CIRCLE('',#3286,44.);
#3286 = AXIS2_PLACEMENT_3D('',#3287,#3288,#3289);
#3287 = CARTESIAN_POINT('',(0.,0.,92.));
#3288 = DIRECTION('',(0.,0.,1.));
#3289 = DIRECTION('',(1.,0.,-0.));
#3290 = PCURVE('',#1665,#3291);
#3291 = DEFINITIONAL_REPRESENTATION('',(#3292),#3296);
#3292 = LINE('',#3293,#3294);
#3293 = CARTESIAN_POINT('',(-0.,-0.));
#3294 = VECTOR('',#3295,1.);
#3295 = DIRECTION('',(-1.,-0.));
#3296 = ( GEOMETRIC_REPRESENTATION_CONTEXT(2) 
PARAMETRIC_REPRESENTATION_CONTEXT() REPRESENTATION_CONTEXT('2D SPACE',''
  ) );
#3297 = PCURVE('',#1637,#3298);
#3298 = DEFINITIONAL_REPRESENTATION('',(#3299),#3303);
#3299 = LINE('',#3300,#3301);
#3300 = CARTESIAN_POINT('',(0.,-14.));
#3301 = VECTOR('',#3302,1.);
#3302 = DIRECTION('',(1.,-0.));
#3303 = ( GEOMETRIC_REPRESENTATION_CONTEXT(2) 
PARAMETRIC_REPRESENTATION_CONTEXT() REPRESENTATION_CONTEXT('2D SPACE',''
  ) );
#3304 = ORIENTED_EDGE('',*,*,#3101,.T.);
#3305 = ORIENTED_EDGE('',*,*,#3255,.F.);
#3306 = ORIENTED_EDGE('',*,*,#1649,.F.);
#3307 = ADVANCED_FACE('',(#3308),#1637,.F.);
#3308 = FACE_BOUND('',#3309,.T.);
#3309 = EDGE_LOOP('',(#3310,#3332,#3333,#3334));
#3310 = ORIENTED_EDGE('',*,*,#3311,.T.);
#3311 = EDGE_CURVE('',#1594,#3056,#3312,.T.);
#3312 = SURFACE_CURVE('',#3313,(#3318,#3325),.PCURVE_S1.);
#3313 = CIRCLE('',#3314,56.);
#3314 = AXIS2_PLACEMENT_3D('',#3315,#3316,#3317);
#3315 = CARTESIAN_POINT('',(0.,0.,106.));
#3316 = DIRECTION('',(0.,0.,1.));
#3317 = DIRECTION('',(1.,0.,-0.));
#3318 = PCURVE('',#1637,#3319);
#3319 = DEFINITIONAL_REPRESENTATION('',(#3320),#3324);
#3320 = LINE('',#3321,#3322);
#3321 = CARTESIAN_POINT('',(0.,-0.));
#3322 = VECTOR('',#3323,1.);
#3323 = DIRECTION('',(1.,-0.));
#3324 = ( GEOMETRIC_REPRESENTATION_CONTEXT(2) 
PARAMETRIC_REPRESENTATION_CONTEXT() REPRESENTATION_CONTEXT('2D SPACE',''
  ) );
#3325 = PCURVE('',#1609,#3326);
#3326 = DEFINITIONAL_REPRESENTATION('',(#3327),#3331);
#3327 = CIRCLE('',#3328,56.);
#3328 = AXIS2_PLACEMENT_2D('',#3329,#3330);
#3329 = CARTESIAN_POINT('',(0.,0.));
#3330 = DIRECTION('',(1.,0.));
#3331 = ( GEOMETRIC_REPRESENTATION_CONTEXT(2) 
PARAMETRIC_REPRESENTATION_CONTEXT() REPRESENTATION_CONTEXT('2D SPACE',''
  ) );
#3332 = ORIENTED_EDGE('',*,*,#3078,.T.);
#3333 = ORIENTED_EDGE('',*,*,#3283,.F.);
#3334 = ORIENTED_EDGE('',*,*,#1621,.F.);
#3335 = ADVANCED_FACE('',(#3336),#1609,.T.);
#3336 = FACE_BOUND('',#3337,.T.);
#3337 = EDGE_LOOP('',(#3338,#3360,#3361,#3362));
#3338 = ORIENTED_EDGE('',*,*,#3339,.T.);
#3339 = EDGE_CURVE('',#1571,#3033,#3340,.T.);
#3340 = SURFACE_CURVE('',#3341,(#3346,#3353),.PCURVE_S1.);
#3341 = CIRCLE('',#3342,60.);
#3342 = AXIS2_PLACEMENT_3D('',#3343,#3344,#3345);
#3343 = CARTESIAN_POINT('',(0.,0.,106.));
#3344 = DIRECTION('',(0.,0.,1.));
#3345 = DIRECTION('',(1.,0.,-0.));
#3346 = PCURVE('',#1609,#3347);
#3347 = DEFINITIONAL_REPRESENTATION('',(#3348),#3352);
#3348 = CIRCLE('',#3349,60.);
#3349 = AXIS2_PLACEMENT_2D('',#3350,#3351);
#3350 = CARTESIAN_POINT('',(0.,0.));
#3351 = DIRECTION('',(1.,0.));
#3352 = ( GEOMETRIC_REPRESENTATION_CONTEXT(2) 
PARAMETRIC_REPRESENTATION_CONTEXT() REPRESENTATION_CONTEXT('2D SPACE',''
  ) );
#3353 = PCURVE('',#446,#3354);
#3354 = DEFINITIONAL_REPRESENTATION('',(#3355),#3359);
#3355 = LINE('',#3356,#3357);
#3356 = CARTESIAN_POINT('',(0.,40.));
#3357 = VECTOR('',#3358,1.);
#3358 = DIRECTION('',(1.,0.));
#3359 = ( GEOMETRIC_REPRESENTATION_CONTEXT(2) 
PARAMETRIC_REPRESENTATION_CONTEXT() REPRESENTATION_CONTEXT('2D SPACE',''
  ) );
#3360 = ORIENTED_EDGE('',*,*,#3055,.T.);
#3361 = ORIENTED_EDGE('',*,*,#3311,.F.);
#3362 = ORIENTED_EDGE('',*,*,#1593,.F.);
#3363 = ADVANCED_FACE('',(#3364,#6354),#446,.T.);
#3364 = FACE_BOUND('',#3365,.T.);
#3365 = EDGE_LOOP('',(#3366,#3367,#3389,#3390,#3419,#3448,#3477,#3506,
    #3535,#3564,#3593,#3622,#3651,#3680,#3709,#3736,#3737,#3766,#3802,
    #3838,#3874,#3910,#3946,#3982,#4018,#4054,#4090,#4126,#4162,#4198,
    #4234,#4270,#4306,#4342,#4378,#4414,#4450,#4486,#4522,#4558,#4594,
    #4630,#4666,#4702,#4738,#4774,#4801,#4802,#4803,#4804,#4833,#4862,
    #4891,#4920,#4949,#4978,#5007,#5036,#5065,#5094,#5123,#5152,#5181,
    #5208,#5209,#5238,#5274,#5310,#5346,#5382,#5427,#5463,#5499,#5535,
    #5571,#5607,#5643,#5679,#5715,#5751,#5787,#5823,#5859,#5895,#5931,
    #5967,#6003,#6039,#6075,#6111,#6147,#6183,#6219,#6255,#6291,#6327));
#3366 = ORIENTED_EDGE('',*,*,#430,.F.);
#3367 = ORIENTED_EDGE('',*,*,#3368,.T.);
#3368 = EDGE_CURVE('',#403,#1830,#3369,.T.);
#3369 = SURFACE_CURVE('',#3370,(#3375,#3382),.PCURVE_S1.);
#3370 = CIRCLE('',#3371,60.);
#3371 = AXIS2_PLACEMENT_3D('',#3372,#3373,#3374);
#3372 = CARTESIAN_POINT('',(0.,0.,66.));
#3373 = DIRECTION('',(0.,0.,1.));
#3374 = DIRECTION('',(1.,0.,-0.));
#3375 = PCURVE('',#446,#3376);
#3376 = DEFINITIONAL_REPRESENTATION('',(#3377),#3381);
#3377 = LINE('',#3378,#3379);
#3378 = CARTESIAN_POINT('',(0.,0.));
#3379 = VECTOR('',#3380,1.);
#3380 = DIRECTION('',(1.,0.));
#3381 = ( GEOMETRIC_REPRESENTATION_CONTEXT(2) 
PARAMETRIC_REPRESENTATION_CONTEXT() REPRESENTATION_CONTEXT('2D SPACE',''
  ) );
#3382 = PCURVE('',#418,#3383);
#3383 = DEFINITIONAL_REPRESENTATION('',(#3384),#3388);
#3384 = CIRCLE('',#3385,60.);
#3385 = AXIS2_PLACEMENT_2D('',#3386,#3387);
#3386 = CARTESIAN_POINT('',(0.,0.));
#3387 = DIRECTION('',(1.,-0.));
#3388 = ( GEOMETRIC_REPRESENTATION_CONTEXT(2) 
PARAMETRIC_REPRESENTATION_CONTEXT() REPRESENTATION_CONTEXT('2D SPACE',''
  ) );
#3389 = ORIENTED_EDGE('',*,*,#1852,.T.);
#3390 = ORIENTED_EDGE('',*,*,#3391,.T.);
#3391 = EDGE_CURVE('',#1853,#3392,#3394,.T.);
#3392 = VERTEX_POINT('',#3393);
#3393 = CARTESIAN_POINT('',(42.554226260308,42.298201231098,
    77.459100005747));
#3394 = SURFACE_CURVE('',#3395,(#3401,#3410),.PCURVE_S1.);
#3395 = B_SPLINE_CURVE_WITH_KNOTS('',4,(#3396,#3397,#3398,#3399,#3400),
  .UNSPECIFIED.,.F.,.F.,(5,5),(0.,1.),.PIECEWISE_BEZIER_KNOTS.);
#3396 = CARTESIAN_POINT('',(42.426406871193,42.426406871193,
    77.506406529642));
#3397 = CARTESIAN_POINT('',(42.458401452027,42.394412290359,
    77.494565731948));
#3398 = CARTESIAN_POINT('',(42.490369549486,42.362379852268,
    77.48273428937));
#3399 = CARTESIAN_POINT('',(42.522311156095,42.330309512924,
    77.470912335572));
#3400 = CARTESIAN_POINT('',(42.554226260308,42.298201231098,
    77.459100005747));
#3401 = PCURVE('',#446,#3402);
#3402 = DEFINITIONAL_REPRESENTATION('',(#3403),#3409);
#3403 = B_SPLINE_CURVE_WITH_KNOTS('',4,(#3404,#3405,#3406,#3407,#3408),
  .UNSPECIFIED.,.F.,.F.,(5,5),(0.,1.),.PIECEWISE_BEZIER_KNOTS.);
#3404 = CARTESIAN_POINT('',(0.785398163397,11.506406529642));
#3405 = CARTESIAN_POINT('',(0.784644043895,11.494565731948));
#3406 = CARTESIAN_POINT('',(0.78388979035,11.48273428937));
#3407 = CARTESIAN_POINT('',(0.783135401189,11.470912335572));
#3408 = CARTESIAN_POINT('',(0.782380874914,11.459100005747));
#3409 = ( GEOMETRIC_REPRESENTATION_CONTEXT(2) 
PARAMETRIC_REPRESENTATION_CONTEXT() REPRESENTATION_CONTEXT('2D SPACE',''
  ) );
#3410 = PCURVE('',#1895,#3411);
#3411 = DEFINITIONAL_REPRESENTATION('',(#3412),#3418);
#3412 = B_SPLINE_CURVE_WITH_KNOTS('',4,(#3413,#3414,#3415,#3416,#3417),
  .UNSPECIFIED.,.F.,.F.,(5,5),(0.,1.),.PIECEWISE_BEZIER_KNOTS.);
#3413 = CARTESIAN_POINT('',(5.103736428354,1.812251291713E-02));
#3414 = CARTESIAN_POINT('',(5.077794022525,1.801393039317E-02));
#3415 = CARTESIAN_POINT('',(5.051857111632,1.790450120298E-02));
#3416 = CARTESIAN_POINT('',(5.025925754061,1.779422418301E-02));
#3417 = CARTESIAN_POINT('',(5.,1.768309907462E-02));
#3418 = ( GEOMETRIC_REPRESENTATION_CONTEXT(2) 
PARAMETRIC_REPRESENTATION_CONTEXT() REPRESENTATION_CONTEXT('2D SPACE',''
  ) );
#3419 = ORIENTED_EDGE('',*,*,#3420,.T.);
#3420 = EDGE_CURVE('',#3392,#3421,#3423,.T.);
#3421 = VERTEX_POINT('',#3422);
#3422 = CARTESIAN_POINT('',(43.629250191445,41.188451387886,
    77.230149552205));
#3423 = SURFACE_CURVE('',#3424,(#3430,#3439),.PCURVE_S1.);
#3424 = B_SPLINE_CURVE_WITH_KNOTS('',4,(#3425,#3426,#3427,#3428,#3429),
  .UNSPECIFIED.,.F.,.F.,(5,5),(0.,1.),.PIECEWISE_BEZIER_KNOTS.);
#3425 = CARTESIAN_POINT('',(42.554226260308,42.298201231098,
    77.459100005747));
#3426 = CARTESIAN_POINT('',(42.825960859827,42.024821860484,
    77.400755212282));
#3427 = CARTESIAN_POINT('',(43.095718372318,41.748748105414,
    77.343091720778));
#3428 = CARTESIAN_POINT('',(43.363487020798,41.469963498032,
    77.286194382438));
#3429 = CARTESIAN_POINT('',(43.629250191445,41.188451387886,
    77.230149552205));
#3430 = PCURVE('',#446,#3431);
#3431 = DEFINITIONAL_REPRESENTATION('',(#3432),#3438);
#3432 = B_SPLINE_CURVE_WITH_KNOTS('',4,(#3433,#3434,#3435,#3436,#3437),
  .UNSPECIFIED.,.F.,.F.,(5,5),(0.,1.),.PIECEWISE_BEZIER_KNOTS.);
#3433 = CARTESIAN_POINT('',(0.782380874914,11.459100005747));
#3434 = CARTESIAN_POINT('',(0.775956615924,11.400755212282));
#3435 = CARTESIAN_POINT('',(0.769523737351,11.343091720778));
#3436 = CARTESIAN_POINT('',(0.763081476343,11.286194382438));
#3437 = CARTESIAN_POINT('',(0.75662910531,11.230149552205));
#3438 = ( GEOMETRIC_REPRESENTATION_CONTEXT(2) 
PARAMETRIC_REPRESENTATION_CONTEXT() REPRESENTATION_CONTEXT('2D SPACE',''
  ) );
#3439 = PCURVE('',#1937,#3440);
#3440 = DEFINITIONAL_REPRESENTATION('',(#3441),#3447);
#3441 = B_SPLINE_CURVE_WITH_KNOTS('',4,(#3442,#3443,#3444,#3445,#3446),
  .UNSPECIFIED.,.F.,.F.,(5,5),(0.,1.),.PIECEWISE_BEZIER_KNOTS.);
#3442 = CARTESIAN_POINT('',(5.,1.768309907462E-02));
#3443 = CARTESIAN_POINT('',(4.749242464542,1.673694716422E-02));
#3444 = CARTESIAN_POINT('',(4.498963359971,1.572950141099E-02));
#3445 = CARTESIAN_POINT('',(4.249201968951,1.466042816362E-02));
#3446 = CARTESIAN_POINT('',(4.,1.35293451866E-02));
#3447 = ( GEOMETRIC_REPRESENTATION_CONTEXT(2) 
PARAMETRIC_REPRESENTATION_CONTEXT() REPRESENTATION_CONTEXT('2D SPACE',''
  ) );
#3448 = ORIENTED_EDGE('',*,*,#3449,.T.);
#3449 = EDGE_CURVE('',#3421,#3450,#3452,.T.);
#3450 = VERTEX_POINT('',#3451);
#3451 = CARTESIAN_POINT('',(44.506183860655,40.239279294759,
    77.204784901871));
#3452 = SURFACE_CURVE('',#3453,(#3459,#3468),.PCURVE_S1.);
#3453 = B_SPLINE_CURVE_WITH_KNOTS('',4,(#3454,#3455,#3456,#3457,#3458),
  .UNSPECIFIED.,.F.,.F.,(5,5),(0.,1.),.PIECEWISE_BEZIER_KNOTS.);
#3454 = CARTESIAN_POINT('',(43.629250191445,41.188451387886,
    77.230149552205));
#3455 = CARTESIAN_POINT('',(43.850624305389,40.953958798879,
    77.222901277309));
#3456 = CARTESIAN_POINT('',(44.070579860193,40.717602413648,
    77.216224035797));
#3457 = CARTESIAN_POINT('',(44.289104527821,40.479377349913,
    77.210168296954));
#3458 = CARTESIAN_POINT('',(44.506183860655,40.239279294759,
    77.204784901871));
#3459 = PCURVE('',#446,#3460);
#3460 = DEFINITIONAL_REPRESENTATION('',(#3461),#3467);
#3461 = B_SPLINE_CURVE_WITH_KNOTS('',4,(#3462,#3463,#3464,#3465,#3466),
  .UNSPECIFIED.,.F.,.F.,(5,5),(0.,1.),.PIECEWISE_BEZIER_KNOTS.);
#3462 = CARTESIAN_POINT('',(0.75662910531,11.230149552205));
#3463 = CARTESIAN_POINT('',(0.751254440653,11.222901277309));
#3464 = CARTESIAN_POINT('',(0.745873418257,11.216224035797));
#3465 = CARTESIAN_POINT('',(0.740485706117,11.210168296954));
#3466 = CARTESIAN_POINT('',(0.73509099387,11.204784901871));
#3467 = ( GEOMETRIC_REPRESENTATION_CONTEXT(2) 
PARAMETRIC_REPRESENTATION_CONTEXT() REPRESENTATION_CONTEXT('2D SPACE',''
  ) );
#3468 = PCURVE('',#1982,#3469);
#3469 = DEFINITIONAL_REPRESENTATION('',(#3470),#3476);
#3470 = B_SPLINE_CURVE_WITH_KNOTS('',4,(#3471,#3472,#3473,#3474,#3475),
  .UNSPECIFIED.,.F.,.F.,(5,5),(0.,1.),.PIECEWISE_BEZIER_KNOTS.);
#3471 = CARTESIAN_POINT('',(4.,1.35293451866E-02));
#3472 = CARTESIAN_POINT('',(3.749284042968,1.258718118688E-02));
#3473 = CARTESIAN_POINT('',(3.499026032306,1.160210719065E-02));
#3474 = CARTESIAN_POINT('',(3.24925466428,1.057394084365E-02));
#3475 = CARTESIAN_POINT('',(3.,9.502488403732E-03));
#3476 = ( GEOMETRIC_REPRESENTATION_CONTEXT(2) 
PARAMETRIC_REPRESENTATION_CONTEXT() REPRESENTATION_CONTEXT('2D SPACE',''
  ) );
#3477 = ORIENTED_EDGE('',*,*,#3478,.T.);
#3478 = EDGE_CURVE('',#3450,#3479,#3481,.T.);
#3479 = VERTEX_POINT('',#3480);
#3480 = CARTESIAN_POINT('',(45.162986898823,39.500691315174,
    77.35101931048));
#3481 = SURFACE_CURVE('',#3482,(#3488,#3497),.PCURVE_S1.);
#3482 = B_SPLINE_CURVE_WITH_KNOTS('',4,(#3483,#3484,#3485,#3486,#3487),
  .UNSPECIFIED.,.F.,.F.,(5,5),(0.,1.),.PIECEWISE_BEZIER_KNOTS.);
#3483 = CARTESIAN_POINT('',(44.506183860655,40.239279294759,
    77.204784901871));
#3484 = CARTESIAN_POINT('',(44.671654099611,40.056262873801,
    77.240748418063));
#3485 = CARTESIAN_POINT('',(44.836283126582,39.872159752461,
    77.277093203876));
#3486 = CARTESIAN_POINT('',(45.000063432795,39.686969329983,
    77.313842434947));
#3487 = CARTESIAN_POINT('',(45.162986898823,39.500691315174,
    77.351019310481));
#3488 = PCURVE('',#446,#3489);
#3489 = DEFINITIONAL_REPRESENTATION('',(#3490),#3496);
#3490 = B_SPLINE_CURVE_WITH_KNOTS('',4,(#3491,#3492,#3493,#3494,#3495),
  .UNSPECIFIED.,.F.,.F.,(5,5),(0.,1.),.PIECEWISE_BEZIER_KNOTS.);
#3491 = CARTESIAN_POINT('',(0.73509099387,11.204784901871));
#3492 = CARTESIAN_POINT('',(0.730978836747,11.240748418063));
#3493 = CARTESIAN_POINT('',(0.726862647642,11.277093203876));
#3494 = CARTESIAN_POINT('',(0.722742317653,11.313842434947));
#3495 = CARTESIAN_POINT('',(0.718617745131,11.351019310481));
#3496 = ( GEOMETRIC_REPRESENTATION_CONTEXT(2) 
PARAMETRIC_REPRESENTATION_CONTEXT() REPRESENTATION_CONTEXT('2D SPACE',''
  ) );
#3497 = PCURVE('',#2021,#3498);
#3498 = DEFINITIONAL_REPRESENTATION('',(#3499),#3505);
#3499 = B_SPLINE_CURVE_WITH_KNOTS('',4,(#3500,#3501,#3502,#3503,#3504),
  .UNSPECIFIED.,.F.,.F.,(5,5),(0.,1.),.PIECEWISE_BEZIER_KNOTS.);
#3500 = CARTESIAN_POINT('',(3.,9.502488403732E-03));
#3501 = CARTESIAN_POINT('',(2.749462194597,8.685766291362E-03));
#3502 = CARTESIAN_POINT('',(2.499272240507,7.843900471671E-03));
#3503 = CARTESIAN_POINT('',(2.249446036146,6.976811806053E-03));
#3504 = CARTESIAN_POINT('',(2.,6.084420221006E-03));
#3505 = ( GEOMETRIC_REPRESENTATION_CONTEXT(2) 
PARAMETRIC_REPRESENTATION_CONTEXT() REPRESENTATION_CONTEXT('2D SPACE',''
  ) );
#3506 = ORIENTED_EDGE('',*,*,#3507,.T.);
#3507 = EDGE_CURVE('',#3479,#3508,#3510,.T.);
#3508 = VERTEX_POINT('',#3509);
#3509 = CARTESIAN_POINT('',(45.586971462658,39.010614361515,
    77.637769601386));
#3510 = SURFACE_CURVE('',#3511,(#3517,#3526),.PCURVE_S1.);
#3511 = B_SPLINE_CURVE_WITH_KNOTS('',4,(#3512,#3513,#3514,#3515,#3516),
  .UNSPECIFIED.,.F.,.F.,(5,5),(0.,1.),.PIECEWISE_BEZIER_KNOTS.);
#3512 = CARTESIAN_POINT('',(45.162986898823,39.500691315174,
    77.351019310481));
#3513 = CARTESIAN_POINT('',(45.269534293819,39.37887069776,
    77.422408050988));
#3514 = CARTESIAN_POINT('',(45.375716046357,39.256584013305,
    77.493991164853));
#3515 = CARTESIAN_POINT('',(45.481529386158,39.133831721995,
    77.565775925941));
#3516 = CARTESIAN_POINT('',(45.586971462658,39.010614361515,
    77.637769601386));
#3517 = PCURVE('',#446,#3518);
#3518 = DEFINITIONAL_REPRESENTATION('',(#3519),#3525);
#3519 = B_SPLINE_CURVE_WITH_KNOTS('',4,(#3520,#3521,#3522,#3523,#3524),
  .UNSPECIFIED.,.F.,.F.,(5,5),(0.,1.),.PIECEWISE_BEZIER_KNOTS.);
#3520 = CARTESIAN_POINT('',(0.718617745131,11.351019310481));
#3521 = CARTESIAN_POINT('',(0.715920389934,11.422408050988));
#3522 = CARTESIAN_POINT('',(0.713221199778,11.493991164853));
#3523 = CARTESIAN_POINT('',(0.710520158502,11.565775925941));
#3524 = CARTESIAN_POINT('',(0.707817251147,11.637769601386));
#3525 = ( GEOMETRIC_REPRESENTATION_CONTEXT(2) 
PARAMETRIC_REPRESENTATION_CONTEXT() REPRESENTATION_CONTEXT('2D SPACE',''
  ) );
#3526 = PCURVE('',#2057,#3527);
#3527 = DEFINITIONAL_REPRESENTATION('',(#3528),#3534);
#3528 = B_SPLINE_CURVE_WITH_KNOTS('',4,(#3529,#3530,#3531,#3532,#3533),
  .UNSPECIFIED.,.F.,.F.,(5,5),(0.,1.),.PIECEWISE_BEZIER_KNOTS.);
#3529 = CARTESIAN_POINT('',(2.,6.084420221006E-03));
#3530 = CARTESIAN_POINT('',(1.749721288981,5.500821056191E-03));
#3531 = CARTESIAN_POINT('',(1.499624702124,4.906395921066E-03));
#3532 = CARTESIAN_POINT('',(1.249715740156,4.301124730419E-03));
#3533 = CARTESIAN_POINT('',(1.,3.684987884686E-03));
#3534 = ( GEOMETRIC_REPRESENTATION_CONTEXT(2) 
PARAMETRIC_REPRESENTATION_CONTEXT() REPRESENTATION_CONTEXT('2D SPACE',''
  ) );
#3535 = ORIENTED_EDGE('',*,*,#3536,.T.);
#3536 = EDGE_CURVE('',#3508,#3537,#3539,.T.);
#3537 = VERTEX_POINT('',#3538);
#3538 = CARTESIAN_POINT('',(45.774544650625,38.790347536828,
    78.040848821366));
#3539 = SURFACE_CURVE('',#3540,(#3546,#3555),.PCURVE_S1.);
#3540 = B_SPLINE_CURVE_WITH_KNOTS('',4,(#3541,#3542,#3543,#3544,#3545),
  .UNSPECIFIED.,.F.,.F.,(5,5),(0.,1.),.PIECEWISE_BEZIER_KNOTS.);
#3541 = CARTESIAN_POINT('',(45.586971462658,39.010614361515,
    77.637769601386));
#3542 = CARTESIAN_POINT('',(45.633993635524,38.955665253749,
    77.738449213604));
#3543 = CARTESIAN_POINT('',(45.680930183088,38.900637434399,
    77.839188336691));
#3544 = CARTESIAN_POINT('',(45.72778066671,38.845531370068,
    77.939987898437));
#3545 = CARTESIAN_POINT('',(45.774544650625,38.790347536828,
    78.040848821366));
#3546 = PCURVE('',#446,#3547);
#3547 = DEFINITIONAL_REPRESENTATION('',(#3548),#3554);
#3548 = B_SPLINE_CURVE_WITH_KNOTS('',4,(#3549,#3550,#3551,#3552,#3553),
  .UNSPECIFIED.,.F.,.F.,(5,5),(0.,1.),.PIECEWISE_BEZIER_KNOTS.);
#3549 = CARTESIAN_POINT('',(0.707817251147,11.637769601386));
#3550 = CARTESIAN_POINT('',(0.706611882463,11.738449213604));
#3551 = CARTESIAN_POINT('',(0.705406444911,11.839188336691));
#3552 = CARTESIAN_POINT('',(0.704200944482,11.939987898437));
#3553 = CARTESIAN_POINT('',(0.702995387253,12.040848821366));
#3554 = ( GEOMETRIC_REPRESENTATION_CONTEXT(2) 
PARAMETRIC_REPRESENTATION_CONTEXT() REPRESENTATION_CONTEXT('2D SPACE',''
  ) );
#3555 = PCURVE('',#2093,#3556);
#3556 = DEFINITIONAL_REPRESENTATION('',(#3557),#3563);
#3557 = B_SPLINE_CURVE_WITH_KNOTS('',4,(#3558,#3559,#3560,#3561,#3562),
  .UNSPECIFIED.,.F.,.F.,(5,5),(0.,1.),.PIECEWISE_BEZIER_KNOTS.);
#3558 = CARTESIAN_POINT('',(1.,3.684987884686E-03));
#3559 = CARTESIAN_POINT('',(0.749925626525,3.410220028905E-03));
#3560 = CARTESIAN_POINT('',(0.499900368698,3.133360177624E-03));
#3561 = CARTESIAN_POINT('',(0.249924926642,2.854410604209E-03));
#3562 = CARTESIAN_POINT('',(0.,2.573373759562E-03));
#3563 = ( GEOMETRIC_REPRESENTATION_CONTEXT(2) 
PARAMETRIC_REPRESENTATION_CONTEXT() REPRESENTATION_CONTEXT('2D SPACE',''
  ) );
#3564 = ORIENTED_EDGE('',*,*,#3565,.T.);
#3565 = EDGE_CURVE('',#3537,#3566,#3568,.T.);
#3566 = VERTEX_POINT('',#3567);
#3567 = CARTESIAN_POINT('',(45.726101975362,38.847440046145,
    78.517920275581));
#3568 = SURFACE_CURVE('',#3569,(#3575,#3584),.PCURVE_S1.);
#3569 = B_SPLINE_CURVE_WITH_KNOTS('',4,(#3570,#3571,#3572,#3573,#3574),
  .UNSPECIFIED.,.F.,.F.,(5,5),(0.,1.),.PIECEWISE_BEZIER_KNOTS.);
#3570 = CARTESIAN_POINT('',(45.774544650625,38.790347536828,
    78.040848821366));
#3571 = CARTESIAN_POINT('',(45.762426719252,38.804647300195,
    78.160125724696));
#3572 = CARTESIAN_POINT('',(45.750313657236,38.818929241365,
    78.279396576695));
#3573 = CARTESIAN_POINT('',(45.738205422992,38.833193457954,
    78.398661414683));
#3574 = CARTESIAN_POINT('',(45.726101975362,38.847440046145,
    78.517920275581));
#3575 = PCURVE('',#446,#3576);
#3576 = DEFINITIONAL_REPRESENTATION('',(#3577),#3583);
#3577 = B_SPLINE_CURVE_WITH_KNOTS('',4,(#3578,#3579,#3580,#3581,#3582),
  .UNSPECIFIED.,.F.,.F.,(5,5),(0.,1.),.PIECEWISE_BEZIER_KNOTS.);
#3578 = CARTESIAN_POINT('',(0.702995387253,12.040848821366));
#3579 = CARTESIAN_POINT('',(0.703307782788,12.160125724696));
#3580 = CARTESIAN_POINT('',(0.703619899243,12.279396576695));
#3581 = CARTESIAN_POINT('',(0.703931738389,12.398661414683));
#3582 = CARTESIAN_POINT('',(0.704243301973,12.517920275581));
#3583 = ( GEOMETRIC_REPRESENTATION_CONTEXT(2) 
PARAMETRIC_REPRESENTATION_CONTEXT() REPRESENTATION_CONTEXT('2D SPACE',''
  ) );
#3584 = PCURVE('',#2129,#3585);
#3585 = DEFINITIONAL_REPRESENTATION('',(#3586),#3592);
#3586 = B_SPLINE_CURVE_WITH_KNOTS('',4,(#3587,#3588,#3589,#3590,#3591),
  .UNSPECIFIED.,.F.,.F.,(5,5),(0.,1.),.PIECEWISE_BEZIER_KNOTS.);
#3587 = CARTESIAN_POINT('',(42.,2.573373759562E-03));
#3588 = CARTESIAN_POINT('',(41.750010499767,2.646198718251E-03));
#3589 = CARTESIAN_POINT('',(41.50001396912,2.718819351246E-03));
#3590 = CARTESIAN_POINT('',(41.250010454058,2.791236605489E-03));
#3591 = CARTESIAN_POINT('',(41.,2.863451412004E-03));
#3592 = ( GEOMETRIC_REPRESENTATION_CONTEXT(2) 
PARAMETRIC_REPRESENTATION_CONTEXT() REPRESENTATION_CONTEXT('2D SPACE',''
  ) );
#3593 = ORIENTED_EDGE('',*,*,#3594,.T.);
#3594 = EDGE_CURVE('',#3566,#3595,#3597,.T.);
#3595 = VERTEX_POINT('',#3596);
#3596 = CARTESIAN_POINT('',(45.448315449473,39.172064316362,
    79.035167290899));
#3597 = SURFACE_CURVE('',#3598,(#3604,#3613),.PCURVE_S1.);
#3598 = B_SPLINE_CURVE_WITH_KNOTS('',4,(#3599,#3600,#3601,#3602,#3603),
  .UNSPECIFIED.,.F.,.F.,(5,5),(0.,1.),.PIECEWISE_BEZIER_KNOTS.);
#3599 = CARTESIAN_POINT('',(45.726101975362,38.847440046145,
    78.517920275581));
#3600 = CARTESIAN_POINT('',(45.656760097494,38.929060193439,
    78.647173692472));
#3601 = CARTESIAN_POINT('',(45.587348915681,39.010368234704,
    78.776466566823));
#3602 = CARTESIAN_POINT('',(45.517867638663,39.091368292558,
    78.905798037757));
#3603 = CARTESIAN_POINT('',(45.448315449473,39.172064316362,
    79.035167290899));
#3604 = PCURVE('',#446,#3605);
#3605 = DEFINITIONAL_REPRESENTATION('',(#3606),#3612);
#3606 = B_SPLINE_CURVE_WITH_KNOTS('',4,(#3607,#3608,#3609,#3610,#3611),
  .UNSPECIFIED.,.F.,.F.,(5,5),(0.,1.),.PIECEWISE_BEZIER_KNOTS.);
#3607 = CARTESIAN_POINT('',(0.704243301973,12.517920275581));
#3608 = CARTESIAN_POINT('',(0.706028281312,12.647173692472));
#3609 = CARTESIAN_POINT('',(0.707810044232,12.776466566823));
#3610 = CARTESIAN_POINT('',(0.709588666798,12.905798037757));
#3611 = CARTESIAN_POINT('',(0.711364222679,13.035167290899));
#3612 = ( GEOMETRIC_REPRESENTATION_CONTEXT(2) 
PARAMETRIC_REPRESENTATION_CONTEXT() REPRESENTATION_CONTEXT('2D SPACE',''
  ) );
#3613 = PCURVE('',#2165,#3614);
#3614 = DEFINITIONAL_REPRESENTATION('',(#3615),#3621);
#3615 = B_SPLINE_CURVE_WITH_KNOTS('',4,(#3616,#3617,#3618,#3619,#3620),
  .UNSPECIFIED.,.F.,.F.,(5,5),(0.,1.),.PIECEWISE_BEZIER_KNOTS.);
#3616 = CARTESIAN_POINT('',(41.,2.863451412004E-03));
#3617 = CARTESIAN_POINT('',(40.750061567148,3.277177355754E-03));
#3618 = CARTESIAN_POINT('',(40.500081218553,3.685609326386E-03));
#3619 = CARTESIAN_POINT('',(40.250060272675,4.088797067767E-03));
#3620 = CARTESIAN_POINT('',(40.,4.486787602534E-03));
#3621 = ( GEOMETRIC_REPRESENTATION_CONTEXT(2) 
PARAMETRIC_REPRESENTATION_CONTEXT() REPRESENTATION_CONTEXT('2D SPACE',''
  ) );
#3622 = ORIENTED_EDGE('',*,*,#3623,.T.);
#3623 = EDGE_CURVE('',#3595,#3624,#3626,.T.);
#3624 = VERTEX_POINT('',#3625);
#3625 = CARTESIAN_POINT('',(44.956327728138,39.7357345119,
    79.592340813207));
#3626 = SURFACE_CURVE('',#3627,(#3633,#3642),.PCURVE_S1.);
#3627 = B_SPLINE_CURVE_WITH_KNOTS('',4,(#3628,#3629,#3630,#3631,#3632),
  .UNSPECIFIED.,.F.,.F.,(5,5),(0.,1.),.PIECEWISE_BEZIER_KNOTS.);
#3628 = CARTESIAN_POINT('',(45.448315449473,39.172064316362,
    79.035167290899));
#3629 = CARTESIAN_POINT('',(45.325774489113,39.314239111567,
    79.174164014844));
#3630 = CARTESIAN_POINT('',(45.202930486562,39.455566351876,
    79.313363759554));
#3631 = CARTESIAN_POINT('',(45.079782121906,39.596060330616,
    79.452758538406));
#3632 = CARTESIAN_POINT('',(44.956327728138,39.7357345119,
    79.592340813207));
#3633 = PCURVE('',#446,#3634);
#3634 = DEFINITIONAL_REPRESENTATION('',(#3635),#3641);
#3635 = B_SPLINE_CURVE_WITH_KNOTS('',4,(#3636,#3637,#3638,#3639,#3640),
  .UNSPECIFIED.,.F.,.F.,(5,5),(0.,1.),.PIECEWISE_BEZIER_KNOTS.);
#3636 = CARTESIAN_POINT('',(0.711364222679,13.035167290899));
#3637 = CARTESIAN_POINT('',(0.714492496935,13.174164014844));
#3638 = CARTESIAN_POINT('',(0.717613368657,13.313363759554));
#3639 = CARTESIAN_POINT('',(0.720727114241,13.452758538406));
#3640 = CARTESIAN_POINT('',(0.723834000153,13.592340813207));
#3641 = ( GEOMETRIC_REPRESENTATION_CONTEXT(2) 
PARAMETRIC_REPRESENTATION_CONTEXT() REPRESENTATION_CONTEXT('2D SPACE',''
  ) );
#3642 = PCURVE('',#2201,#3643);
#3643 = DEFINITIONAL_REPRESENTATION('',(#3644),#3650);
#3644 = B_SPLINE_CURVE_WITH_KNOTS('',4,(#3645,#3646,#3647,#3648,#3649),
  .UNSPECIFIED.,.F.,.F.,(5,5),(0.,1.),.PIECEWISE_BEZIER_KNOTS.);
#3645 = CARTESIAN_POINT('',(40.,4.486787602534E-03));
#3646 = CARTESIAN_POINT('',(39.750156627993,5.187989720145E-03));
#3647 = CARTESIAN_POINT('',(39.500205343943,5.87353350716E-03));
#3648 = CARTESIAN_POINT('',(39.25015146935,6.543605132699E-03));
#3649 = CARTESIAN_POINT('',(39.,7.198375496091E-03));
#3650 = ( GEOMETRIC_REPRESENTATION_CONTEXT(2) 
PARAMETRIC_REPRESENTATION_CONTEXT() REPRESENTATION_CONTEXT('2D SPACE',''
  ) );
#3651 = ORIENTED_EDGE('',*,*,#3652,.T.);
#3652 = EDGE_CURVE('',#3624,#3653,#3655,.T.);
#3653 = VERTEX_POINT('',#3654);
#3654 = CARTESIAN_POINT('',(44.268463260569,40.50065629774,
    80.193065349567));
#3655 = SURFACE_CURVE('',#3656,(#3662,#3671),.PCURVE_S1.);
#3656 = B_SPLINE_CURVE_WITH_KNOTS('',4,(#3657,#3658,#3659,#3660,#3661),
  .UNSPECIFIED.,.F.,.F.,(5,5),(0.,1.),.PIECEWISE_BEZIER_KNOTS.);
#3657 = CARTESIAN_POINT('',(44.956327728138,39.7357345119,
    79.592340813207));
#3658 = CARTESIAN_POINT('',(44.785361167194,39.929163143301,
    79.741908377643));
#3659 = CARTESIAN_POINT('',(44.613729003893,40.121108581262,
    79.891900298529));
#3660 = CARTESIAN_POINT('',(44.441430411066,40.311597881234,
    80.042293269764));
#3661 = CARTESIAN_POINT('',(44.268463260569,40.50065629774,
    80.193065349567));
#3662 = PCURVE('',#446,#3663);
#3663 = DEFINITIONAL_REPRESENTATION('',(#3664),#3670);
#3664 = B_SPLINE_CURVE_WITH_KNOTS('',4,(#3665,#3666,#3667,#3668,#3669),
  .UNSPECIFIED.,.F.,.F.,(5,5),(0.,1.),.PIECEWISE_BEZIER_KNOTS.);
#3665 = CARTESIAN_POINT('',(0.723834000153,13.592340813207));
#3666 = CARTESIAN_POINT('',(0.728136589826,13.741908377643));
#3667 = CARTESIAN_POINT('',(0.732428004324,13.891900298529));
#3668 = CARTESIAN_POINT('',(0.736708802871,14.042293269764));
#3669 = CARTESIAN_POINT('',(0.740979527504,14.193065349567));
#3670 = ( GEOMETRIC_REPRESENTATION_CONTEXT(2) 
PARAMETRIC_REPRESENTATION_CONTEXT() REPRESENTATION_CONTEXT('2D SPACE',''
  ) );
#3671 = PCURVE('',#2243,#3672);
#3672 = DEFINITIONAL_REPRESENTATION('',(#3673),#3679);
#3673 = B_SPLINE_CURVE_WITH_KNOTS('',4,(#3674,#3675,#3676,#3677,#3678),
  .UNSPECIFIED.,.F.,.F.,(5,5),(0.,1.),.PIECEWISE_BEZIER_KNOTS.);
#3674 = CARTESIAN_POINT('',(39.,7.198375496091E-03));
#3675 = CARTESIAN_POINT('',(38.750266066777,8.105138178416E-03));
#3676 = CARTESIAN_POINT('',(38.50034702252,8.98297312958E-03));
#3677 = CARTESIAN_POINT('',(38.250254693673,9.832247940323E-03));
#3678 = CARTESIAN_POINT('',(38.,1.065329156306E-02));
#3679 = ( GEOMETRIC_REPRESENTATION_CONTEXT(2) 
PARAMETRIC_REPRESENTATION_CONTEXT() REPRESENTATION_CONTEXT('2D SPACE',''
  ) );
#3680 = ORIENTED_EDGE('',*,*,#3681,.T.);
#3681 = EDGE_CURVE('',#3653,#3682,#3684,.T.);
#3682 = VERTEX_POINT('',#3683);
#3683 = CARTESIAN_POINT('',(43.405425810724,41.424256302192,
    80.844391711627));
#3684 = SURFACE_CURVE('',#3685,(#3691,#3700),.PCURVE_S1.);
#3685 = B_SPLINE_CURVE_WITH_KNOTS('',4,(#3686,#3687,#3688,#3689,#3690),
  .UNSPECIFIED.,.F.,.F.,(5,5),(0.,1.),.PIECEWISE_BEZIER_KNOTS.);
#3686 = CARTESIAN_POINT('',(44.268463260569,40.50065629774,
    80.193065349567));
#3687 = CARTESIAN_POINT('',(44.054341468767,40.734698003237,
    80.355001388626));
#3688 = CARTESIAN_POINT('',(43.839128732973,40.966619488875,
    80.517563659678));
#3689 = CARTESIAN_POINT('',(43.622824620942,41.196460108112,
    80.680707726231));
#3690 = CARTESIAN_POINT('',(43.405425810724,41.424256302192,
    80.844391711627));
#3691 = PCURVE('',#446,#3692);
#3692 = DEFINITIONAL_REPRESENTATION('',(#3693),#3699);
#3693 = B_SPLINE_CURVE_WITH_KNOTS('',4,(#3694,#3695,#3696,#3697,#3698),
  .UNSPECIFIED.,.F.,.F.,(5,5),(0.,1.),.PIECEWISE_BEZIER_KNOTS.);
#3694 = CARTESIAN_POINT('',(0.740979527504,14.193065349567));
#3695 = CARTESIAN_POINT('',(0.746266399653,14.355001388626));
#3696 = CARTESIAN_POINT('',(0.751539473278,14.517563659678));
#3697 = CARTESIAN_POINT('',(0.756799630824,14.680707726231));
#3698 = CARTESIAN_POINT('',(0.762047734945,14.844391711627));
#3699 = ( GEOMETRIC_REPRESENTATION_CONTEXT(2) 
PARAMETRIC_REPRESENTATION_CONTEXT() REPRESENTATION_CONTEXT('2D SPACE',''
  ) );
#3700 = PCURVE('',#2300,#3701);
#3701 = DEFINITIONAL_REPRESENTATION('',(#3702),#3708);
#3702 = B_SPLINE_CURVE_WITH_KNOTS('',4,(#3703,#3704,#3705,#3706,#3707),
  .UNSPECIFIED.,.F.,.F.,(5,5),(0.,1.),.PIECEWISE_BEZIER_KNOTS.);
#3703 = CARTESIAN_POINT('',(38.,1.065329156306E-02));
#3704 = CARTESIAN_POINT('',(37.750341626785,1.166968878728E-02));
#3705 = CARTESIAN_POINT('',(37.500443260117,1.264313758448E-02));
#3706 = CARTESIAN_POINT('',(37.250323659781,1.357417783478E-02));
#3707 = CARTESIAN_POINT('',(37.,1.446327906453E-02));
#3708 = ( GEOMETRIC_REPRESENTATION_CONTEXT(2) 
PARAMETRIC_REPRESENTATION_CONTEXT() REPRESENTATION_CONTEXT('2D SPACE',''
  ) );
#3709 = ORIENTED_EDGE('',*,*,#3710,.T.);
#3710 = EDGE_CURVE('',#3682,#2326,#3711,.T.);
#3711 = SURFACE_CURVE('',#3712,(#3718,#3727),.PCURVE_S1.);
#3712 = B_SPLINE_CURVE_WITH_KNOTS('',4,(#3713,#3714,#3715,#3716,#3717),
  .UNSPECIFIED.,.F.,.F.,(5,5),(0.,1.),.PIECEWISE_BEZIER_KNOTS.);
#3713 = CARTESIAN_POINT('',(43.405425810724,41.424256302192,
    80.844391711627));
#3714 = CARTESIAN_POINT('',(43.162781396568,41.678505504404,
    81.014930440833));
#3715 = CARTESIAN_POINT('',(42.918732100044,41.930251046282,
    81.186167303935));
#3716 = CARTESIAN_POINT('',(42.673275961756,42.17953778063,
    81.358042106262));
#3717 = CARTESIAN_POINT('',(42.426406871193,42.426406871193,
    81.53049782486));
#3718 = PCURVE('',#446,#3719);
#3719 = DEFINITIONAL_REPRESENTATION('',(#3720),#3726);
#3720 = B_SPLINE_CURVE_WITH_KNOTS('',4,(#3721,#3722,#3723,#3724,#3725),
  .UNSPECIFIED.,.F.,.F.,(5,5),(0.,1.),.PIECEWISE_BEZIER_KNOTS.);
#3721 = CARTESIAN_POINT('',(0.762047734945,14.844391711627));
#3722 = CARTESIAN_POINT('',(0.767905279191,15.014930440833));
#3723 = CARTESIAN_POINT('',(0.773748802361,15.186167303935));
#3724 = CARTESIAN_POINT('',(0.779579403131,15.358042106262));
#3725 = CARTESIAN_POINT('',(0.785398163397,15.53049782486));
#3726 = ( GEOMETRIC_REPRESENTATION_CONTEXT(2) 
PARAMETRIC_REPRESENTATION_CONTEXT() REPRESENTATION_CONTEXT('2D SPACE',''
  ) );
#3727 = PCURVE('',#2363,#3728);
#3728 = DEFINITIONAL_REPRESENTATION('',(#3729),#3735);
#3729 = B_SPLINE_CURVE_WITH_KNOTS('',4,(#3730,#3731,#3732,#3733,#3734),
  .UNSPECIFIED.,.F.,.F.,(5,5),(0.,1.),.PIECEWISE_BEZIER_KNOTS.);
#3730 = CARTESIAN_POINT('',(37.,1.446327906453E-02));
#3731 = CARTESIAN_POINT('',(36.759347336264,1.545562785799E-02));
#3732 = CARTESIAN_POINT('',(36.518455020026,1.639590020419E-02));
#3733 = CARTESIAN_POINT('',(36.277344774647,1.728469395728E-02));
#3734 = CARTESIAN_POINT('',(36.036036507655,1.812251299547E-02));
#3735 = ( GEOMETRIC_REPRESENTATION_CONTEXT(2) 
PARAMETRIC_REPRESENTATION_CONTEXT() REPRESENTATION_CONTEXT('2D SPACE',''
  ) );
#3736 = ORIENTED_EDGE('',*,*,#2388,.T.);
#3737 = ORIENTED_EDGE('',*,*,#3738,.T.);
#3738 = EDGE_CURVE('',#2389,#3739,#3741,.T.);
#3739 = VERTEX_POINT('',#3740);
#3740 = CARTESIAN_POINT('',(42.501479603638,42.35120106327,
    88.02925176068));
#3741 = SURFACE_CURVE('',#3742,(#3748,#3757),.PCURVE_S1.);
#3742 = B_SPLINE_CURVE_WITH_KNOTS('',4,(#3743,#3744,#3745,#3746,#3747),
  .UNSPECIFIED.,.F.,.F.,(5,5),(0.,1.),.PIECEWISE_BEZIER_KNOTS.);
#3743 = CARTESIAN_POINT('',(42.426406871193,42.426406871193,
    88.144507823605));
#3744 = CARTESIAN_POINT('',(42.445197817072,42.407615925313,
    88.115697460264));
#3745 = CARTESIAN_POINT('',(42.463973567236,42.388817981447,
    88.086884649712));
#3746 = CARTESIAN_POINT('',(42.482734152261,42.370013030803,
    88.058069410863));
#3747 = CARTESIAN_POINT('',(42.501479603638,42.35120106327,
    88.02925176068));
#3748 = PCURVE('',#446,#3749);
#3749 = DEFINITIONAL_REPRESENTATION('',(#3750),#3756);
#3750 = B_SPLINE_CURVE_WITH_KNOTS('',4,(#3751,#3752,#3753,#3754,#3755),
  .UNSPECIFIED.,.F.,.F.,(5,5),(0.,1.),.PIECEWISE_BEZIER_KNOTS.);
#3751 = CARTESIAN_POINT('',(0.785398163397,22.144507823605));
#3752 = CARTESIAN_POINT('',(0.784955256556,22.115697460264));
#3753 = CARTESIAN_POINT('',(0.784512446325,22.086884649712));
#3754 = CARTESIAN_POINT('',(0.78406973201,22.058069410863));
#3755 = CARTESIAN_POINT('',(0.783627112889,22.02925176068));
#3756 = ( GEOMETRIC_REPRESENTATION_CONTEXT(2) 
PARAMETRIC_REPRESENTATION_CONTEXT() REPRESENTATION_CONTEXT('2D SPACE',''
  ) );
#3757 = PCURVE('',#2449,#3758);
#3758 = DEFINITIONAL_REPRESENTATION('',(#3759),#3765);
#3759 = B_SPLINE_CURVE_WITH_KNOTS('',4,(#3760,#3761,#3762,#3763,#3764),
  .UNSPECIFIED.,.F.,.F.,(5,5),(0.,1.),.PIECEWISE_BEZIER_KNOTS.);
#3760 = CARTESIAN_POINT('',(14.08222770181,1.812251296209E-02));
#3761 = CARTESIAN_POINT('',(14.061671725766,1.818628527221E-02));
#3762 = CARTESIAN_POINT('',(14.041115112701,1.824975831475E-02));
#3763 = CARTESIAN_POINT('',(14.020557866905,1.831293216043E-02));
#3764 = CARTESIAN_POINT('',(14.,1.837580736269E-02));
#3765 = ( GEOMETRIC_REPRESENTATION_CONTEXT(2) 
PARAMETRIC_REPRESENTATION_CONTEXT() REPRESENTATION_CONTEXT('2D SPACE',''
  ) );
#3766 = ORIENTED_EDGE('',*,*,#3767,.T.);
#3767 = EDGE_CURVE('',#3739,#3768,#3770,.T.);
#3768 = VERTEX_POINT('',#3769);
#3769 = CARTESIAN_POINT('',(43.514874804614,41.309268581504,
    86.550682861005));
#3770 = SURFACE_CURVE('',#3771,(#3777,#3786),.PCURVE_S1.);
#3771 = B_SPLINE_CURVE_WITH_KNOTS('',4,(#3772,#3773,#3774,#3775,#3776),
  .UNSPECIFIED.,.F.,.F.,(5,5),(0.,1.),.PIECEWISE_BEZIER_KNOTS.);
#3772 = CARTESIAN_POINT('',(42.501479603638,42.35120106327,
    88.02925176068));
#3773 = CARTESIAN_POINT('',(42.759007445559,42.092759412361,
    87.660283073922));
#3774 = CARTESIAN_POINT('',(43.013699781217,41.832972589143,
    87.290833395909));
#3775 = CARTESIAN_POINT('',(43.265633033085,41.571818000958,
    86.92095156948));
#3776 = CARTESIAN_POINT('',(43.514874804614,41.309268581504,
    86.550682861005));
#3777 = PCURVE('',#446,#3778);
#3778 = DEFINITIONAL_REPRESENTATION('',(#3779),#3785);
#3779 = B_SPLINE_CURVE_WITH_KNOTS('',4,(#3780,#3781,#3782,#3783,#3784),
  .UNSPECIFIED.,.F.,.F.,(5,5),(0.,1.),.PIECEWISE_BEZIER_KNOTS.);
#3780 = CARTESIAN_POINT('',(0.783627112889,22.02925176068));
#3781 = CARTESIAN_POINT('',(0.777546344565,21.660283073922));
#3782 = CARTESIAN_POINT('',(0.771483052537,21.290833395909));
#3783 = CARTESIAN_POINT('',(0.765435472482,20.92095156948));
#3784 = CARTESIAN_POINT('',(0.759401916815,20.550682861005));
#3785 = ( GEOMETRIC_REPRESENTATION_CONTEXT(2) 
PARAMETRIC_REPRESENTATION_CONTEXT() REPRESENTATION_CONTEXT('2D SPACE',''
  ) );
#3786 = PCURVE('',#3787,#3794);
#3787 = B_SPLINE_SURFACE_WITH_KNOTS('',1,2,(
    (#3788,#3789,#3790)
    ,(#3791,#3792,#3793
    )),.UNSPECIFIED.,.F.,.F.,.F.,(2,2),(3,3),(13.,14.),(0.,1.),
  .PIECEWISE_BEZIER_KNOTS.);
#3788 = CARTESIAN_POINT('',(42.55301690484,40.640587133389,
    86.473422977206));
#3789 = CARTESIAN_POINT('',(64.948185909303,56.217654621657,
    88.284594664473));
#3790 = CARTESIAN_POINT('',(85.249673701979,69.595221692651,
    88.782166444134));
#3791 = CARTESIAN_POINT('',(41.667153810396,41.795066394933,
    87.959812804482));
#3792 = CARTESIAN_POINT('',(64.38896469116,56.946445902172,
    89.863746384998));
#3793 = CARTESIAN_POINT('',(84.926852026618,70.015931090885,
    90.187211617259));
#3794 = DEFINITIONAL_REPRESENTATION('',(#3795),#3801);
#3795 = B_SPLINE_CURVE_WITH_KNOTS('',4,(#3796,#3797,#3798,#3799,#3800),
  .UNSPECIFIED.,.F.,.F.,(5,5),(0.,1.),.PIECEWISE_BEZIER_KNOTS.);
#3796 = CARTESIAN_POINT('',(14.,1.837580736269E-02));
#3797 = CARTESIAN_POINT('',(13.750147349689,1.923959638668E-02));
#3798 = CARTESIAN_POINT('',(13.500183544814,2.004707922466E-02));
#3799 = CARTESIAN_POINT('',(13.250128263036,2.07990856338E-02));
#3800 = CARTESIAN_POINT('',(13.,2.149627377863E-02));
#3801 = ( GEOMETRIC_REPRESENTATION_CONTEXT(2) 
PARAMETRIC_REPRESENTATION_CONTEXT() REPRESENTATION_CONTEXT('2D SPACE',''
  ) );
#3802 = ORIENTED_EDGE('',*,*,#3803,.T.);
#3803 = EDGE_CURVE('',#3768,#3804,#3806,.T.);
#3804 = VERTEX_POINT('',#3805);
#3805 = CARTESIAN_POINT('',(44.592185935152,40.143952888634,
    85.039961738058));
#3806 = SURFACE_CURVE('',#3807,(#3813,#3822),.PCURVE_S1.);
#3807 = B_SPLINE_CURVE_WITH_KNOTS('',4,(#3808,#3809,#3810,#3811,#3812),
  .UNSPECIFIED.,.F.,.F.,(5,5),(0.,1.),.PIECEWISE_BEZIER_KNOTS.);
#3808 = CARTESIAN_POINT('',(43.514874804614,41.309268581504,
    86.550682861005));
#3809 = CARTESIAN_POINT('',(43.788972994125,41.020535597108,
    86.173680829463));
#3810 = CARTESIAN_POINT('',(44.059835710067,40.730095084396,
    85.796184874122));
#3811 = CARTESIAN_POINT('',(44.327548524658,40.437913990245,
    85.4182586341));
#3812 = CARTESIAN_POINT('',(44.592185935152,40.143952888634,
    85.039961738058));
#3813 = PCURVE('',#446,#3814);
#3814 = DEFINITIONAL_REPRESENTATION('',(#3815),#3821);
#3815 = B_SPLINE_CURVE_WITH_KNOTS('',4,(#3816,#3817,#3818,#3819,#3820),
  .UNSPECIFIED.,.F.,.F.,(5,5),(0.,1.),.PIECEWISE_BEZIER_KNOTS.);
#3816 = CARTESIAN_POINT('',(0.759401916815,20.550682861005));
#3817 = CARTESIAN_POINT('',(0.752766645872,20.173680829463));
#3818 = CARTESIAN_POINT('',(0.746147861396,19.796184874122));
#3819 = CARTESIAN_POINT('',(0.7395434044,19.4182586341));
#3820 = CARTESIAN_POINT('',(0.732951193333,19.039961738058));
#3821 = ( GEOMETRIC_REPRESENTATION_CONTEXT(2) 
PARAMETRIC_REPRESENTATION_CONTEXT() REPRESENTATION_CONTEXT('2D SPACE',''
  ) );
#3822 = PCURVE('',#3823,#3830);
#3823 = B_SPLINE_SURFACE_WITH_KNOTS('',1,2,(
    (#3824,#3825,#3826)
    ,(#3827,#3828,#3829
    )),.UNSPECIFIED.,.F.,.F.,.F.,(2,2),(3,3),(12.,13.),(0.,1.),
  .PIECEWISE_BEZIER_KNOTS.);
#3824 = CARTESIAN_POINT('',(43.527657601293,39.370410648369,
    84.959215502296));
#3825 = CARTESIAN_POINT('',(65.574630066418,55.401256701436,
    86.641955762793));
#3826 = CARTESIAN_POINT('',(85.616072327373,69.117721707464,
    87.308575522958));
#3827 = CARTESIAN_POINT('',(42.55301690484,40.640587133389,
    86.473422977206));
#3828 = CARTESIAN_POINT('',(64.948185909303,56.217654621657,
    88.284594664473));
#3829 = CARTESIAN_POINT('',(85.249673701979,69.595221692651,
    88.782166444134));
#3830 = DEFINITIONAL_REPRESENTATION('',(#3831),#3837);
#3831 = B_SPLINE_CURVE_WITH_KNOTS('',4,(#3832,#3833,#3834,#3835,#3836),
  .UNSPECIFIED.,.F.,.F.,(5,5),(0.,1.),.PIECEWISE_BEZIER_KNOTS.);
#3832 = CARTESIAN_POINT('',(13.,2.149627377863E-02));
#3833 = CARTESIAN_POINT('',(12.750106513351,2.226299119953E-02));
#3834 = CARTESIAN_POINT('',(12.500126846578,2.296346654818E-02));
#3835 = CARTESIAN_POINT('',(12.250084052677,2.359854484427E-02));
#3836 = CARTESIAN_POINT('',(12.,2.41688474982E-02));
#3837 = ( GEOMETRIC_REPRESENTATION_CONTEXT(2) 
PARAMETRIC_REPRESENTATION_CONTEXT() REPRESENTATION_CONTEXT('2D SPACE',''
  ) );
#3838 = ORIENTED_EDGE('',*,*,#3839,.T.);
#3839 = EDGE_CURVE('',#3804,#3840,#3842,.T.);
#3840 = VERTEX_POINT('',#3841);
#3841 = CARTESIAN_POINT('',(45.708423353128,38.868239406631,
    83.543365853814));
#3842 = SURFACE_CURVE('',#3843,(#3849,#3858),.PCURVE_S1.);
#3843 = B_SPLINE_CURVE_WITH_KNOTS('',4,(#3844,#3845,#3846,#3847,#3848),
  .UNSPECIFIED.,.F.,.F.,(5,5),(0.,1.),.PIECEWISE_BEZIER_KNOTS.);
#3844 = CARTESIAN_POINT('',(44.592185935152,40.143952888634,
    85.039961738058));
#3845 = CARTESIAN_POINT('',(44.876459598423,39.828179698978,
    84.666413908369));
#3846 = CARTESIAN_POINT('',(45.157200820407,39.51033449058,
    84.292413899299));
#3847 = CARTESIAN_POINT('',(45.434497170346,39.190372184479,
    83.91803977708));
#3848 = CARTESIAN_POINT('',(45.708423353128,38.868239406631,
    83.543365853814));
#3849 = PCURVE('',#446,#3850);
#3850 = DEFINITIONAL_REPRESENTATION('',(#3851),#3857);
#3851 = B_SPLINE_CURVE_WITH_KNOTS('',4,(#3852,#3853,#3854,#3855,#3856),
  .UNSPECIFIED.,.F.,.F.,(5,5),(0.,1.),.PIECEWISE_BEZIER_KNOTS.);
#3852 = CARTESIAN_POINT('',(0.732951193333,19.039961738058));
#3853 = CARTESIAN_POINT('',(0.725869836296,18.666413908369));
#3854 = CARTESIAN_POINT('',(0.718802204037,18.292413899299));
#3855 = CARTESIAN_POINT('',(0.711745816637,17.91803977708));
#3856 = CARTESIAN_POINT('',(0.704698258348,17.543365853814));
#3857 = ( GEOMETRIC_REPRESENTATION_CONTEXT(2) 
PARAMETRIC_REPRESENTATION_CONTEXT() REPRESENTATION_CONTEXT('2D SPACE',''
  ) );
#3858 = PCURVE('',#3859,#3866);
#3859 = B_SPLINE_SURFACE_WITH_KNOTS('',1,2,(
    (#3860,#3861,#3862)
    ,(#3863,#3864,#3865
    )),.UNSPECIFIED.,.F.,.F.,.F.,(2,2),(3,3),(11.,12.),(0.,1.),
  .PIECEWISE_BEZIER_KNOTS.);
#3860 = CARTESIAN_POINT('',(44.574562186326,38.00605803021,
    83.464505093504));
#3861 = CARTESIAN_POINT('',(66.259990013518,54.508078228847,
    84.980050506975));
#3862 = CARTESIAN_POINT('',(86.021999000216,68.588707767902,
    85.803230313802));
#3863 = CARTESIAN_POINT('',(43.527657601293,39.370410648369,
    84.959215502296));
#3864 = CARTESIAN_POINT('',(65.574630066418,55.401256701436,
    86.641955762793));
#3865 = CARTESIAN_POINT('',(85.616072327373,69.117721707464,
    87.308575522958));
#3866 = DEFINITIONAL_REPRESENTATION('',(#3867),#3873);
#3867 = B_SPLINE_CURVE_WITH_KNOTS('',4,(#3868,#3869,#3870,#3871,#3872),
  .UNSPECIFIED.,.F.,.F.,(5,5),(0.,1.),.PIECEWISE_BEZIER_KNOTS.);
#3868 = CARTESIAN_POINT('',(12.,2.41688474982E-02));
#3869 = CARTESIAN_POINT('',(11.750047436382,2.478146694722E-02));
#3870 = CARTESIAN_POINT('',(11.500046119475,2.531937682844E-02));
#3871 = CARTESIAN_POINT('',(11.250021985582,2.578332019081E-02));
#3872 = CARTESIAN_POINT('',(11.,2.617377082057E-02));
#3873 = ( GEOMETRIC_REPRESENTATION_CONTEXT(2) 
PARAMETRIC_REPRESENTATION_CONTEXT() REPRESENTATION_CONTEXT('2D SPACE',''
  ) );
#3874 = ORIENTED_EDGE('',*,*,#3875,.T.);
#3875 = EDGE_CURVE('',#3840,#3876,#3878,.T.);
#3876 = VERTEX_POINT('',#3877);
#3877 = CARTESIAN_POINT('',(46.837773600042,37.499639520817,
    82.106183854218));
#3878 = SURFACE_CURVE('',#3879,(#3885,#3894),.PCURVE_S1.);
#3879 = B_SPLINE_CURVE_WITH_KNOTS('',4,(#3880,#3881,#3882,#3883,#3884),
  .UNSPECIFIED.,.F.,.F.,(5,5),(0.,1.),.PIECEWISE_BEZIER_KNOTS.);
#3880 = CARTESIAN_POINT('',(45.708423353128,38.868239406631,
    83.543365853814));
#3881 = CARTESIAN_POINT('',(45.996247932251,38.529762338598,
    83.184507788662));
#3882 = CARTESIAN_POINT('',(46.2803623884,38.188876397986,
    82.825297835607));
#3883 = CARTESIAN_POINT('',(46.560848385794,37.845524458774,
    82.465827060882));
#3884 = CARTESIAN_POINT('',(46.837773600042,37.499639520817,
    82.106183854218));
#3885 = PCURVE('',#446,#3886);
#3886 = DEFINITIONAL_REPRESENTATION('',(#3887),#3893);
#3887 = B_SPLINE_CURVE_WITH_KNOTS('',4,(#3888,#3889,#3890,#3891,#3892),
  .UNSPECIFIED.,.F.,.F.,(5,5),(0.,1.),.PIECEWISE_BEZIER_KNOTS.);
#3888 = CARTESIAN_POINT('',(0.704698258348,17.543365853814));
#3889 = CARTESIAN_POINT('',(0.697293122857,17.184507788662));
#3890 = CARTESIAN_POINT('',(0.689897459263,16.825297835607));
#3891 = CARTESIAN_POINT('',(0.682508579946,16.465827060882));
#3892 = CARTESIAN_POINT('',(0.675123836579,16.106183854218));
#3893 = ( GEOMETRIC_REPRESENTATION_CONTEXT(2) 
PARAMETRIC_REPRESENTATION_CONTEXT() REPRESENTATION_CONTEXT('2D SPACE',''
  ) );
#3894 = PCURVE('',#3895,#3902);
#3895 = B_SPLINE_SURFACE_WITH_KNOTS('',1,2,(
    (#3896,#3897,#3898)
    ,(#3899,#3900,#3901
    )),.UNSPECIFIED.,.F.,.F.,.F.,(2,2),(3,3),(10.,11.),(0.,1.),
  .PIECEWISE_BEZIER_KNOTS.);
#3896 = CARTESIAN_POINT('',(45.673836753721,36.573455522262,
    82.034934207004));
#3897 = CARTESIAN_POINT('',(66.993343790457,53.55235297947,
    83.343201516549));
#3898 = CARTESIAN_POINT('',(86.461586456123,68.015826241781,
    84.303429998749));
#3899 = CARTESIAN_POINT('',(44.574562186326,38.00605803021,
    83.464505093504));
#3900 = CARTESIAN_POINT('',(66.259990013518,54.508078228847,
    84.980050506975));
#3901 = CARTESIAN_POINT('',(86.021999000216,68.588707767902,
    85.803230313802));
#3902 = DEFINITIONAL_REPRESENTATION('',(#3903),#3909);
#3903 = B_SPLINE_CURVE_WITH_KNOTS('',4,(#3904,#3905,#3906,#3907,#3908),
  .UNSPECIFIED.,.F.,.F.,(5,5),(0.,1.),.PIECEWISE_BEZIER_KNOTS.);
#3904 = CARTESIAN_POINT('',(11.,2.617377082057E-02));
#3905 = CARTESIAN_POINT('',(10.749971975803,2.658403203415E-02));
#3906 = CARTESIAN_POINT('',(10.499943832464,2.691316918968E-02));
#3907 = CARTESIAN_POINT('',(10.249943901588,2.716171258369E-02));
#3908 = CARTESIAN_POINT('',(10.,2.732989079256E-02));
#3909 = ( GEOMETRIC_REPRESENTATION_CONTEXT(2) 
PARAMETRIC_REPRESENTATION_CONTEXT() REPRESENTATION_CONTEXT('2D SPACE',''
  ) );
#3910 = ORIENTED_EDGE('',*,*,#3911,.T.);
#3911 = EDGE_CURVE('',#3876,#3912,#3914,.T.);
#3912 = VERTEX_POINT('',#3913);
#3913 = CARTESIAN_POINT('',(47.96011943703,36.053112814095,
    80.766127470028));
#3914 = SURFACE_CURVE('',#3915,(#3921,#3930),.PCURVE_S1.);
#3915 = B_SPLINE_CURVE_WITH_KNOTS('',4,(#3916,#3917,#3918,#3919,#3920),
  .UNSPECIFIED.,.F.,.F.,(5,5),(0.,1.),.PIECEWISE_BEZIER_KNOTS.);
#3916 = CARTESIAN_POINT('',(46.837773600042,37.499639520817,
    82.106183854218));
#3917 = CARTESIAN_POINT('',(47.123995540999,37.142142791749,
    81.771366567444));
#3918 = CARTESIAN_POINT('',(47.406416547817,36.781936477891,
    81.436349440194));
#3919 = CARTESIAN_POINT('',(47.685106200013,36.418952728171,
    81.101235658324));
#3920 = CARTESIAN_POINT('',(47.96011943703,36.053112814095,
    80.766127470028));
#3921 = PCURVE('',#446,#3922);
#3922 = DEFINITIONAL_REPRESENTATION('',(#3923),#3929);
#3923 = B_SPLINE_CURVE_WITH_KNOTS('',4,(#3924,#3925,#3926,#3927,#3928),
  .UNSPECIFIED.,.F.,.F.,(5,5),(0.,1.),.PIECEWISE_BEZIER_KNOTS.);
#3924 = CARTESIAN_POINT('',(0.675123836579,16.106183854218));
#3925 = CARTESIAN_POINT('',(0.667491178115,15.771366567444));
#3926 = CARTESIAN_POINT('',(0.659862858889,15.436349440194));
#3927 = CARTESIAN_POINT('',(0.652236088069,15.101235658324));
#3928 = CARTESIAN_POINT('',(0.644608085504,14.766127470028));
#3929 = ( GEOMETRIC_REPRESENTATION_CONTEXT(2) 
PARAMETRIC_REPRESENTATION_CONTEXT() REPRESENTATION_CONTEXT('2D SPACE',''
  ) );
#3930 = PCURVE('',#3931,#3938);
#3931 = B_SPLINE_SURFACE_WITH_KNOTS('',1,2,(
    (#3932,#3933,#3934)
    ,(#3935,#3936,#3937
  )),.UNSPECIFIED.,.F.,.F.,.F.,(2,2),(3,3),(9.,10.),(0.,1.),
  .PIECEWISE_BEZIER_KNOTS.);
#3932 = CARTESIAN_POINT('',(46.80846853206,35.094774599898,
    80.707706764192));
#3933 = CARTESIAN_POINT('',(67.764029785987,52.547975435602,
    81.769320764642));
#3934 = CARTESIAN_POINT('',(86.928500009175,67.40733265252,
    82.842968858058));
#3935 = CARTESIAN_POINT('',(45.673836753721,36.573455522262,
    82.034934207004));
#3936 = CARTESIAN_POINT('',(66.993343790457,53.55235297947,
    83.343201516549));
#3937 = CARTESIAN_POINT('',(86.461586456123,68.015826241781,
    84.303429998749));
#3938 = DEFINITIONAL_REPRESENTATION('',(#3939),#3945);
#3939 = B_SPLINE_CURVE_WITH_KNOTS('',4,(#3940,#3941,#3942,#3943,#3944),
  .UNSPECIFIED.,.F.,.F.,(5,5),(0.,1.),.PIECEWISE_BEZIER_KNOTS.);
#3940 = CARTESIAN_POINT('',(10.,2.732989079256E-02));
#3941 = CARTESIAN_POINT('',(9.749881629282,2.75037149548E-02));
#3942 = CARTESIAN_POINT('',(9.499821505129,2.759168938265E-02));
#3943 = CARTESIAN_POINT('',(9.249850588667,2.759405995115E-02));
#3944 = CARTESIAN_POINT('',(9.,2.751075151195E-02));
#3945 = ( GEOMETRIC_REPRESENTATION_CONTEXT(2) 
PARAMETRIC_REPRESENTATION_CONTEXT() REPRESENTATION_CONTEXT('2D SPACE',''
  ) );
#3946 = ORIENTED_EDGE('',*,*,#3947,.T.);
#3947 = EDGE_CURVE('',#3912,#3948,#3950,.T.);
#3948 = VERTEX_POINT('',#3949);
#3949 = CARTESIAN_POINT('',(49.088981509819,34.500317307652,
    79.577276522821));
#3950 = SURFACE_CURVE('',#3951,(#3957,#3966),.PCURVE_S1.);
#3951 = B_SPLINE_CURVE_WITH_KNOTS('',4,(#3952,#3953,#3954,#3955,#3956),
  .UNSPECIFIED.,.F.,.F.,(5,5),(0.,1.),.PIECEWISE_BEZIER_KNOTS.);
#3952 = CARTESIAN_POINT('',(47.96011943703,36.053112814095,
    80.766127470028));
#3953 = CARTESIAN_POINT('',(48.248358379085,35.669679234901,
    80.468796472768));
#3954 = CARTESIAN_POINT('',(48.532547544259,35.283123141648,
    80.171459342611));
#3955 = CARTESIAN_POINT('',(48.812742256324,34.893365971123,
    79.874243208607));
#3956 = CARTESIAN_POINT('',(49.088981509819,34.500317307652,
    79.577276522821));
#3957 = PCURVE('',#446,#3958);
#3958 = DEFINITIONAL_REPRESENTATION('',(#3959),#3965);
#3959 = B_SPLINE_CURVE_WITH_KNOTS('',4,(#3960,#3961,#3962,#3963,#3964),
  .UNSPECIFIED.,.F.,.F.,(5,5),(0.,1.),.PIECEWISE_BEZIER_KNOTS.);
#3960 = CARTESIAN_POINT('',(0.644608085504,14.766127470028));
#3961 = CARTESIAN_POINT('',(0.636613243462,14.468796472768));
#3962 = CARTESIAN_POINT('',(0.628617359524,14.171459342611));
#3963 = CARTESIAN_POINT('',(0.620617473204,13.874243208607));
#3964 = CARTESIAN_POINT('',(0.612610611962,13.577276522821));
#3965 = ( GEOMETRIC_REPRESENTATION_CONTEXT(2) 
PARAMETRIC_REPRESENTATION_CONTEXT() REPRESENTATION_CONTEXT('2D SPACE',''
  ) );
#3966 = PCURVE('',#3967,#3974);
#3967 = B_SPLINE_SURFACE_WITH_KNOTS('',1,2,(
    (#3968,#3969,#3970)
    ,(#3971,#3972,#3973
  )),.UNSPECIFIED.,.F.,.F.,.F.,(2,2),(3,3),(8.,9.),(0.,1.),
  .PIECEWISE_BEZIER_KNOTS.);
#3968 = CARTESIAN_POINT('',(47.994982129955,33.5484799739,
    79.536553820928));
#3969 = CARTESIAN_POINT('',(68.585013240944,51.47804896642,
    80.296835066466));
#3970 = CARTESIAN_POINT('',(87.431790997647,66.751431066421,
    81.455137690848));
#3971 = CARTESIAN_POINT('',(46.80846853206,35.094774599898,
    80.707706764192));
#3972 = CARTESIAN_POINT('',(67.764029785987,52.547975435602,
    81.769320764642));
#3973 = CARTESIAN_POINT('',(86.928500009175,67.40733265252,
    82.842968858058));
#3974 = DEFINITIONAL_REPRESENTATION('',(#3975),#3981);
#3975 = B_SPLINE_CURVE_WITH_KNOTS('',4,(#3976,#3977,#3978,#3979,#3980),
  .UNSPECIFIED.,.F.,.F.,(5,5),(0.,1.),.PIECEWISE_BEZIER_KNOTS.);
#3976 = CARTESIAN_POINT('',(9.,2.751075151195E-02));
#3977 = CARTESIAN_POINT('',(8.749759649582,2.742343667343E-02));
#3978 = CARTESIAN_POINT('',(8.499653920906,2.724200727109E-02));
#3979 = CARTESIAN_POINT('',(8.249720944814,2.696639628896E-02));
#3980 = CARTESIAN_POINT('',(8.,2.659618327825E-02));
#3981 = ( GEOMETRIC_REPRESENTATION_CONTEXT(2) 
PARAMETRIC_REPRESENTATION_CONTEXT() REPRESENTATION_CONTEXT('2D SPACE',''
  ) );
#3982 = ORIENTED_EDGE('',*,*,#3983,.T.);
#3983 = EDGE_CURVE('',#3948,#3984,#3986,.T.);
#3984 = VERTEX_POINT('',#3985);
#3985 = CARTESIAN_POINT('',(50.168910831098,32.910186660384,
    78.623624719067));
#3986 = SURFACE_CURVE('',#3987,(#3993,#4002),.PCURVE_S1.);
#3987 = B_SPLINE_CURVE_WITH_KNOTS('',4,(#3988,#3989,#3990,#3991,#3992),
  .UNSPECIFIED.,.F.,.F.,(5,5),(0.,1.),.PIECEWISE_BEZIER_KNOTS.);
#3988 = CARTESIAN_POINT('',(49.088981509819,34.500317307652,
    79.577276522821));
#3989 = CARTESIAN_POINT('',(49.364903477901,34.107720095616,
    79.338356543475));
#3990 = CARTESIAN_POINT('',(49.636848008096,33.711883131328,
    79.099681712499));
#3991 = CARTESIAN_POINT('',(49.904845439893,33.312732935847,
    78.861390477614));
#3992 = CARTESIAN_POINT('',(50.168910831098,32.910186660384,
    78.623624719067));
#3993 = PCURVE('',#446,#3994);
#3994 = DEFINITIONAL_REPRESENTATION('',(#3995),#4001);
#3995 = B_SPLINE_CURVE_WITH_KNOTS('',4,(#3996,#3997,#3998,#3999,#4000),
  .UNSPECIFIED.,.F.,.F.,(5,5),(0.,1.),.PIECEWISE_BEZIER_KNOTS.);
#3996 = CARTESIAN_POINT('',(0.612610611962,13.577276522821));
#3997 = CARTESIAN_POINT('',(0.604612947314,13.338356543475));
#3998 = CARTESIAN_POINT('',(0.596609222989,13.099681712499));
#3999 = CARTESIAN_POINT('',(0.588596784756,12.861390477614));
#4000 = CARTESIAN_POINT('',(0.580572965447,12.623624719067));
#4001 = ( GEOMETRIC_REPRESENTATION_CONTEXT(2) 
PARAMETRIC_REPRESENTATION_CONTEXT() REPRESENTATION_CONTEXT('2D SPACE',''
  ) );
#4002 = PCURVE('',#4003,#4010);
#4003 = B_SPLINE_SURFACE_WITH_KNOTS('',1,2,(
    (#4004,#4005,#4006)
    ,(#4007,#4008,#4009
  )),.UNSPECIFIED.,.F.,.F.,.F.,(2,2),(3,3),(7.,8.),(0.,1.),
  .PIECEWISE_BEZIER_KNOTS.);
#4004 = CARTESIAN_POINT('',(49.175566647831,32.00991227542,
    78.603436681754));
#4005 = CARTESIAN_POINT('',(69.428393377547,50.378934573448,
    79.004906631609));
#4006 = CARTESIAN_POINT('',(87.957918516121,66.065768334996,
    80.196995068474));
#4007 = CARTESIAN_POINT('',(47.994982129955,33.5484799739,
    79.536553820928));
#4008 = CARTESIAN_POINT('',(68.585013240944,51.47804896642,
    80.296835066466));
#4009 = CARTESIAN_POINT('',(87.431790997647,66.751431066421,
    81.455137690848));
#4010 = DEFINITIONAL_REPRESENTATION('',(#4011),#4017);
#4011 = B_SPLINE_CURVE_WITH_KNOTS('',4,(#4012,#4013,#4014,#4015,#4016),
  .UNSPECIFIED.,.F.,.F.,(5,5),(0.,1.),.PIECEWISE_BEZIER_KNOTS.);
#4012 = CARTESIAN_POINT('',(8.,2.659618327825E-02));
#4013 = CARTESIAN_POINT('',(7.749612888637,2.62263954902E-02));
#4014 = CARTESIAN_POINT('',(7.499455210223,2.576226439808E-02));
#4015 = CARTESIAN_POINT('',(7.24956935862,2.520343280396E-02));
#4016 = CARTESIAN_POINT('',(7.,2.454923379052E-02));
#4017 = ( GEOMETRIC_REPRESENTATION_CONTEXT(2) 
PARAMETRIC_REPRESENTATION_CONTEXT() REPRESENTATION_CONTEXT('2D SPACE',''
  ) );
#4018 = ORIENTED_EDGE('',*,*,#4019,.T.);
#4019 = EDGE_CURVE('',#3984,#4020,#4022,.T.);
#4020 = VERTEX_POINT('',#4021);
#4021 = CARTESIAN_POINT('',(51.166228053049,31.337152181131,
    77.918253687576));
#4022 = SURFACE_CURVE('',#4023,(#4029,#4038),.PCURVE_S1.);
#4023 = B_SPLINE_CURVE_WITH_KNOTS('',4,(#4024,#4025,#4026,#4027,#4028),
  .UNSPECIFIED.,.F.,.F.,(5,5),(0.,1.),.PIECEWISE_BEZIER_KNOTS.);
#4024 = CARTESIAN_POINT('',(50.168910831098,32.910186660384,
    78.623624719067));
#4025 = CARTESIAN_POINT('',(50.423801170575,32.521627007262,
    78.446410657898));
#4026 = CARTESIAN_POINT('',(50.674981928223,32.12997334114,
    78.269686338036));
#4027 = CARTESIAN_POINT('',(50.92245958814,31.73516897588,
    78.093587414426));
#4028 = CARTESIAN_POINT('',(51.166228053049,31.337152181131,
    77.918253687576));
#4029 = PCURVE('',#446,#4030);
#4030 = DEFINITIONAL_REPRESENTATION('',(#4031),#4037);
#4031 = B_SPLINE_CURVE_WITH_KNOTS('',4,(#4032,#4033,#4034,#4035,#4036),
  .UNSPECIFIED.,.F.,.F.,(5,5),(0.,1.),.PIECEWISE_BEZIER_KNOTS.);
#4032 = CARTESIAN_POINT('',(0.580572965447,12.623624719067));
#4033 = CARTESIAN_POINT('',(0.572827936769,12.446410657898));
#4034 = CARTESIAN_POINT('',(0.565073702151,12.269686338036));
#4035 = CARTESIAN_POINT('',(0.557308175364,12.093587414426));
#4036 = CARTESIAN_POINT('',(0.549529278817,11.918253687576));
#4037 = ( GEOMETRIC_REPRESENTATION_CONTEXT(2) 
PARAMETRIC_REPRESENTATION_CONTEXT() REPRESENTATION_CONTEXT('2D SPACE',''
  ) );
#4038 = PCURVE('',#4039,#4046);
#4039 = B_SPLINE_SURFACE_WITH_KNOTS('',1,2,(
    (#4040,#4041,#4042)
    ,(#4043,#4044,#4045
  )),.UNSPECIFIED.,.F.,.F.,.F.,(2,2),(3,3),(6.,7.),(0.,1.),
  .PIECEWISE_BEZIER_KNOTS.);
#4040 = CARTESIAN_POINT('',(50.309400637422,30.532271051596,
    77.91763068507));
#4041 = CARTESIAN_POINT('',(70.264732856948,49.288995743584,
    77.919515872288));
#4042 = CARTESIAN_POINT('',(88.487862184388,65.375132300334,
    79.095124364617));
#4043 = CARTESIAN_POINT('',(49.175566647831,32.00991227542,
    78.603436681754));
#4044 = CARTESIAN_POINT('',(69.428393377547,50.378934573448,
    79.004906631609));
#4045 = CARTESIAN_POINT('',(87.957918516121,66.065768334996,
    80.196995068474));
#4046 = DEFINITIONAL_REPRESENTATION('',(#4047),#4053);
#4047 = B_SPLINE_CURVE_WITH_KNOTS('',4,(#4048,#4049,#4050,#4051,#4052),
  .UNSPECIFIED.,.F.,.F.,(5,5),(0.,1.),.PIECEWISE_BEZIER_KNOTS.);
#4048 = CARTESIAN_POINT('',(7.,2.454923379051E-02));
#4049 = CARTESIAN_POINT('',(6.749455484287,2.391776516882E-02));
#4050 = CARTESIAN_POINT('',(6.499243291276,2.319755516889E-02));
#4051 = CARTESIAN_POINT('',(6.249408679618,2.238810054906E-02));
#4052 = CARTESIAN_POINT('',(6.,2.148867464684E-02));
#4053 = ( GEOMETRIC_REPRESENTATION_CONTEXT(2) 
PARAMETRIC_REPRESENTATION_CONTEXT() REPRESENTATION_CONTEXT('2D SPACE',''
  ) );
#4054 = ORIENTED_EDGE('',*,*,#4055,.T.);
#4055 = EDGE_CURVE('',#4020,#4056,#4058,.T.);
#4056 = VERTEX_POINT('',#4057);
#4057 = CARTESIAN_POINT('',(52.051806214767,29.84308076892,
    77.459100005748));
#4058 = SURFACE_CURVE('',#4059,(#4065,#4074),.PCURVE_S1.);
#4059 = B_SPLINE_CURVE_WITH_KNOTS('',4,(#4060,#4061,#4062,#4063,#4064),
  .UNSPECIFIED.,.F.,.F.,(5,5),(0.,1.),.PIECEWISE_BEZIER_KNOTS.);
#4060 = CARTESIAN_POINT('',(51.166228053049,31.337152181131,
    77.918253687576));
#4061 = CARTESIAN_POINT('',(51.392503574211,30.967697265392,
    77.802367679791));
#4062 = CARTESIAN_POINT('',(51.615533086602,30.595556173252,
    77.687135228579));
#4063 = CARTESIAN_POINT('',(51.83530679073,30.220695471399,
    77.572672793993));
#4064 = CARTESIAN_POINT('',(52.051806214767,29.84308076892,
    77.459100005747));
#4065 = PCURVE('',#446,#4066);
#4066 = DEFINITIONAL_REPRESENTATION('',(#4067),#4073);
#4067 = B_SPLINE_CURVE_WITH_KNOTS('',4,(#4068,#4069,#4070,#4071,#4072),
  .UNSPECIFIED.,.F.,.F.,(5,5),(0.,1.),.PIECEWISE_BEZIER_KNOTS.);
#4068 = CARTESIAN_POINT('',(0.549529278817,11.918253687576));
#4069 = CARTESIAN_POINT('',(0.542308599673,11.802367679791));
#4070 = CARTESIAN_POINT('',(0.535077997891,11.687135228579));
#4071 = CARTESIAN_POINT('',(0.527836080758,11.572672793993));
#4072 = CARTESIAN_POINT('',(0.520581487115,11.459100005747));
#4073 = ( GEOMETRIC_REPRESENTATION_CONTEXT(2) 
PARAMETRIC_REPRESENTATION_CONTEXT() REPRESENTATION_CONTEXT('2D SPACE',''
  ) );
#4074 = PCURVE('',#4075,#4082);
#4075 = B_SPLINE_SURFACE_WITH_KNOTS('',1,2,(
    (#4076,#4077,#4078)
    ,(#4079,#4080,#4081
  )),.UNSPECIFIED.,.F.,.F.,.F.,(2,2),(3,3),(5.,6.),(0.,1.),
  .PIECEWISE_BEZIER_KNOTS.);
#4076 = CARTESIAN_POINT('',(51.355406098133,29.169090195067,
    77.473369727142));
#4077 = CARTESIAN_POINT('',(71.062163622209,48.249763737212,
    77.056354542386));
#4078 = CARTESIAN_POINT('',(89.000488139669,64.707065148634,
    78.169663996046));
#4079 = CARTESIAN_POINT('',(50.309400637422,30.532271051596,
    77.91763068507));
#4080 = CARTESIAN_POINT('',(70.264732856948,49.288995743584,
    77.919515872288));
#4081 = CARTESIAN_POINT('',(88.487862184388,65.375132300334,
    79.095124364617));
#4082 = DEFINITIONAL_REPRESENTATION('',(#4083),#4089);
#4083 = B_SPLINE_CURVE_WITH_KNOTS('',4,(#4084,#4085,#4086,#4087,#4088),
  .UNSPECIFIED.,.F.,.F.,(5,5),(0.,1.),.PIECEWISE_BEZIER_KNOTS.);
#4084 = CARTESIAN_POINT('',(6.,2.148867464684E-02));
#4085 = CARTESIAN_POINT('',(5.74931645568,2.065379198535E-02));
#4086 = CARTESIAN_POINT('',(5.499058204274,1.974157231933E-02));
#4087 = CARTESIAN_POINT('',(5.249270061019,1.875154099849E-02));
#4088 = CARTESIAN_POINT('',(5.,1.768309907462E-02));
#4089 = ( GEOMETRIC_REPRESENTATION_CONTEXT(2) 
PARAMETRIC_REPRESENTATION_CONTEXT() REPRESENTATION_CONTEXT('2D SPACE',''
  ) );
#4090 = ORIENTED_EDGE('',*,*,#4091,.T.);
#4091 = EDGE_CURVE('',#4056,#4092,#4094,.T.);
#4092 = VERTEX_POINT('',#4093);
#4093 = CARTESIAN_POINT('',(52.802975199009,28.492908067322,
    77.230149552205));
#4094 = SURFACE_CURVE('',#4095,(#4101,#4110),.PCURVE_S1.);
#4095 = B_SPLINE_CURVE_WITH_KNOTS('',4,(#4096,#4097,#4098,#4099,#4100),
  .UNSPECIFIED.,.F.,.F.,(5,5),(0.,1.),.PIECEWISE_BEZIER_KNOTS.);
#4096 = CARTESIAN_POINT('',(52.051806214767,29.84308076892,
    77.459100005747));
#4097 = CARTESIAN_POINT('',(52.243525894686,29.508686484901,
    77.400755212282));
#4098 = CARTESIAN_POINT('',(52.432638497172,29.172201333126,
    77.343091720778));
#4099 = CARTESIAN_POINT('',(52.619128384337,28.833612454975,
    77.286194382438));
#4100 = CARTESIAN_POINT('',(52.802975199009,28.492908067322,
    77.230149552205));
#4101 = PCURVE('',#446,#4102);
#4102 = DEFINITIONAL_REPRESENTATION('',(#4103),#4109);
#4103 = B_SPLINE_CURVE_WITH_KNOTS('',4,(#4104,#4105,#4106,#4107,#4108),
  .UNSPECIFIED.,.F.,.F.,(5,5),(0.,1.),.PIECEWISE_BEZIER_KNOTS.);
#4104 = CARTESIAN_POINT('',(0.520581487115,11.459100005747));
#4105 = CARTESIAN_POINT('',(0.514157228125,11.400755212282));
#4106 = CARTESIAN_POINT('',(0.507724349552,11.343091720778));
#4107 = CARTESIAN_POINT('',(0.501282088544,11.286194382438));
#4108 = CARTESIAN_POINT('',(0.49482971751,11.230149552205));
#4109 = ( GEOMETRIC_REPRESENTATION_CONTEXT(2) 
PARAMETRIC_REPRESENTATION_CONTEXT() REPRESENTATION_CONTEXT('2D SPACE',''
  ) );
#4110 = PCURVE('',#4111,#4118);
#4111 = B_SPLINE_SURFACE_WITH_KNOTS('',1,2,(
    (#4112,#4113,#4114)
    ,(#4115,#4116,#4117
  )),.UNSPECIFIED.,.F.,.F.,.F.,(2,2),(3,3),(4.,5.),(0.,1.),
  .PIECEWISE_BEZIER_KNOTS.);
#4112 = CARTESIAN_POINT('',(52.275301550442,27.970259101257,
    77.252304209735));
#4113 = CARTESIAN_POINT('',(71.788746784054,47.302862125217,
    76.421065110154));
#4114 = CARTESIAN_POINT('',(89.474076261517,64.089873091966,
    77.434111547357));
#4115 = CARTESIAN_POINT('',(51.355406098133,29.169090195067,
    77.473369727142));
#4116 = CARTESIAN_POINT('',(71.062163622209,48.249763737212,
    77.056354542386));
#4117 = CARTESIAN_POINT('',(89.000488139669,64.707065148634,
    78.169663996046));
#4118 = DEFINITIONAL_REPRESENTATION('',(#4119),#4125);
#4119 = B_SPLINE_CURVE_WITH_KNOTS('',4,(#4120,#4121,#4122,#4123,#4124),
  .UNSPECIFIED.,.F.,.F.,(5,5),(0.,1.),.PIECEWISE_BEZIER_KNOTS.);
#4120 = CARTESIAN_POINT('',(5.,1.768309907462E-02));
#4121 = CARTESIAN_POINT('',(4.749242464542,1.673694716422E-02));
#4122 = CARTESIAN_POINT('',(4.498963359971,1.572950141099E-02));
#4123 = CARTESIAN_POINT('',(4.249201968951,1.466042816362E-02));
#4124 = CARTESIAN_POINT('',(4.,1.35293451866E-02));
#4125 = ( GEOMETRIC_REPRESENTATION_CONTEXT(2) 
PARAMETRIC_REPRESENTATION_CONTEXT() REPRESENTATION_CONTEXT('2D SPACE',''
  ) );
#4126 = ORIENTED_EDGE('',*,*,#4127,.T.);
#4127 = EDGE_CURVE('',#4092,#4128,#4130,.T.);
#4128 = VERTEX_POINT('',#4129);
#4129 = CARTESIAN_POINT('',(53.404364263259,27.349111094095,
    77.204784901871));
#4130 = SURFACE_CURVE('',#4131,(#4137,#4146),.PCURVE_S1.);
#4131 = B_SPLINE_CURVE_WITH_KNOTS('',4,(#4132,#4133,#4134,#4135,#4136),
  .UNSPECIFIED.,.F.,.F.,(5,5),(0.,1.),.PIECEWISE_BEZIER_KNOTS.);
#4132 = CARTESIAN_POINT('',(52.802975199009,28.492908067322,
    77.230149552205));
#4133 = CARTESIAN_POINT('',(52.956115024968,28.209109782746,
    77.222901277309));
#4134 = CARTESIAN_POINT('',(53.107402242059,27.923878359384,
    77.216224035797));
#4135 = CARTESIAN_POINT('',(53.256823678687,27.637212272045,
    77.210168296954));
#4136 = CARTESIAN_POINT('',(53.404364263259,27.349111094095,
    77.204784901871));
#4137 = PCURVE('',#446,#4138);
#4138 = DEFINITIONAL_REPRESENTATION('',(#4139),#4145);
#4139 = B_SPLINE_CURVE_WITH_KNOTS('',4,(#4140,#4141,#4142,#4143,#4144),
  .UNSPECIFIED.,.F.,.F.,(5,5),(0.,1.),.PIECEWISE_BEZIER_KNOTS.);
#4140 = CARTESIAN_POINT('',(0.49482971751,11.230149552205));
#4141 = CARTESIAN_POINT('',(0.489455052854,11.222901277309));
#4142 = CARTESIAN_POINT('',(0.484074030458,11.216224035797));
#4143 = CARTESIAN_POINT('',(0.478686318318,11.210168296954));
#4144 = CARTESIAN_POINT('',(0.473291606071,11.204784901871));
#4145 = ( GEOMETRIC_REPRESENTATION_CONTEXT(2) 
PARAMETRIC_REPRESENTATION_CONTEXT() REPRESENTATION_CONTEXT('2D SPACE',''
  ) );
#4146 = PCURVE('',#4147,#4154);
#4147 = B_SPLINE_SURFACE_WITH_KNOTS('',1,2,(
    (#4148,#4149,#4150)
    ,(#4151,#4152,#4153
  )),.UNSPECIFIED.,.F.,.F.,.F.,(2,2),(3,3),(3.,4.),(0.,1.),
  .PIECEWISE_BEZIER_KNOTS.);
#4148 = CARTESIAN_POINT('',(53.036243986257,26.978579611632,
    77.227722067914));
#4149 = CARTESIAN_POINT('',(72.414976109642,46.486744178893,
    76.01083222372));
#4150 = CARTESIAN_POINT('',(89.888030130975,63.550397906103,
    76.895857415592));
#4151 = CARTESIAN_POINT('',(52.275301550442,27.970259101257,
    77.252304209735));
#4152 = CARTESIAN_POINT('',(71.788746784054,47.302862125217,
    76.421065110154));
#4153 = CARTESIAN_POINT('',(89.474076261517,64.089873091966,
    77.434111547357));
#4154 = DEFINITIONAL_REPRESENTATION('',(#4155),#4161);
#4155 = B_SPLINE_CURVE_WITH_KNOTS('',4,(#4156,#4157,#4158,#4159,#4160),
  .UNSPECIFIED.,.F.,.F.,(5,5),(0.,1.),.PIECEWISE_BEZIER_KNOTS.);
#4156 = CARTESIAN_POINT('',(4.,1.35293451866E-02));
#4157 = CARTESIAN_POINT('',(3.749284042968,1.258718118688E-02));
#4158 = CARTESIAN_POINT('',(3.499026032306,1.160210719065E-02));
#4159 = CARTESIAN_POINT('',(3.24925466428,1.057394084365E-02));
#4160 = CARTESIAN_POINT('',(3.,9.502488403732E-03));
#4161 = ( GEOMETRIC_REPRESENTATION_CONTEXT(2) 
PARAMETRIC_REPRESENTATION_CONTEXT() REPRESENTATION_CONTEXT('2D SPACE',''
  ) );
#4162 = ORIENTED_EDGE('',*,*,#4163,.T.);
#4163 = EDGE_CURVE('',#4128,#4164,#4166,.T.);
#4164 = VERTEX_POINT('',#4165);
#4165 = CARTESIAN_POINT('',(53.847626645011,26.465696754468,
    77.35101931048));
#4166 = SURFACE_CURVE('',#4167,(#4173,#4182),.PCURVE_S1.);
#4167 = B_SPLINE_CURVE_WITH_KNOTS('',4,(#4168,#4169,#4170,#4171,#4172),
  .UNSPECIFIED.,.F.,.F.,(5,5),(0.,1.),.PIECEWISE_BEZIER_KNOTS.);
#4168 = CARTESIAN_POINT('',(53.404364263259,27.349111094095,
    77.204784901871));
#4169 = CARTESIAN_POINT('',(53.516828105239,27.129503957215,
    77.240748418064));
#4170 = CARTESIAN_POINT('',(53.628198140082,26.909064870057,
    77.277093203876));
#4171 = CARTESIAN_POINT('',(53.738466959383,26.687795195742,
    77.313842434947));
#4172 = CARTESIAN_POINT('',(53.847626645011,26.465696754468,
    77.351019310481));
#4173 = PCURVE('',#446,#4174);
#4174 = DEFINITIONAL_REPRESENTATION('',(#4175),#4181);
#4175 = B_SPLINE_CURVE_WITH_KNOTS('',4,(#4176,#4177,#4178,#4179,#4180),
  .UNSPECIFIED.,.F.,.F.,(5,5),(0.,1.),.PIECEWISE_BEZIER_KNOTS.);
#4176 = CARTESIAN_POINT('',(0.473291606071,11.204784901871));
#4177 = CARTESIAN_POINT('',(0.469179448948,11.240748418064));
#4178 = CARTESIAN_POINT('',(0.465063259843,11.277093203876));
#4179 = CARTESIAN_POINT('',(0.460942929854,11.313842434947));
#4180 = CARTESIAN_POINT('',(0.456818357331,11.351019310481));
#4181 = ( GEOMETRIC_REPRESENTATION_CONTEXT(2) 
PARAMETRIC_REPRESENTATION_CONTEXT() REPRESENTATION_CONTEXT('2D SPACE',''
  ) );
#4182 = PCURVE('',#4183,#4190);
#4183 = B_SPLINE_SURFACE_WITH_KNOTS('',1,2,(
    (#4184,#4185,#4186)
    ,(#4187,#4188,#4189
  )),.UNSPECIFIED.,.F.,.F.,.F.,(2,2),(3,3),(2.,3.),(0.,1.),
  .PIECEWISE_BEZIER_KNOTS.);
#4184 = CARTESIAN_POINT('',(53.612801598292,26.227195102722,
    77.369829758116));
#4185 = CARTESIAN_POINT('',(72.916111343134,45.833652027382,
    75.817065819741));
#4186 = CARTESIAN_POINT('',(90.224574232923,63.111805093364,
    76.557348497402));
#4187 = CARTESIAN_POINT('',(53.036243986257,26.978579611632,
    77.227722067914));
#4188 = CARTESIAN_POINT('',(72.414976109642,46.486744178893,
    76.01083222372));
#4189 = CARTESIAN_POINT('',(89.888030130975,63.550397906103,
    76.895857415592));
#4190 = DEFINITIONAL_REPRESENTATION('',(#4191),#4197);
#4191 = B_SPLINE_CURVE_WITH_KNOTS('',4,(#4192,#4193,#4194,#4195,#4196),
  .UNSPECIFIED.,.F.,.F.,(5,5),(0.,1.),.PIECEWISE_BEZIER_KNOTS.);
#4192 = CARTESIAN_POINT('',(3.,9.502488403732E-03));
#4193 = CARTESIAN_POINT('',(2.749462194596,8.685766291358E-03));
#4194 = CARTESIAN_POINT('',(2.499272240507,7.843900471669E-03));
#4195 = CARTESIAN_POINT('',(2.249446036144,6.976811806045E-03));
#4196 = CARTESIAN_POINT('',(2.,6.084420221006E-03));
#4197 = ( GEOMETRIC_REPRESENTATION_CONTEXT(2) 
PARAMETRIC_REPRESENTATION_CONTEXT() REPRESENTATION_CONTEXT('2D SPACE',''
  ) );
#4198 = ORIENTED_EDGE('',*,*,#4199,.T.);
#4199 = EDGE_CURVE('',#4164,#4200,#4202,.T.);
#4200 = VERTEX_POINT('',#4201);
#4201 = CARTESIAN_POINT('',(54.130323035994,25.882583488109,
    77.637769601386));
#4202 = SURFACE_CURVE('',#4203,(#4209,#4218),.PCURVE_S1.);
#4203 = B_SPLINE_CURVE_WITH_KNOTS('',4,(#4204,#4205,#4206,#4207,#4208),
  .UNSPECIFIED.,.F.,.F.,(5,5),(0.,1.),.PIECEWISE_BEZIER_KNOTS.);
#4204 = CARTESIAN_POINT('',(53.847626645011,26.465696754468,
    77.351019310481));
#4205 = CARTESIAN_POINT('',(53.919014029688,26.320450578904,
    77.422408050987));
#4206 = CARTESIAN_POINT('',(53.989927603847,26.174848852374,
    77.493991164855));
#4207 = CARTESIAN_POINT('',(54.060364810702,26.028892736404,
    77.565775925938));
#4208 = CARTESIAN_POINT('',(54.130323035994,25.882583488109,
    77.637769601386));
#4209 = PCURVE('',#446,#4210);
#4210 = DEFINITIONAL_REPRESENTATION('',(#4211),#4217);
#4211 = B_SPLINE_CURVE_WITH_KNOTS('',4,(#4212,#4213,#4214,#4215,#4216),
  .UNSPECIFIED.,.F.,.F.,(5,5),(0.,1.),.PIECEWISE_BEZIER_KNOTS.);
#4212 = CARTESIAN_POINT('',(0.456818357331,11.351019310481));
#4213 = CARTESIAN_POINT('',(0.454121002135,11.422408050987));
#4214 = CARTESIAN_POINT('',(0.451421811979,11.493991164855));
#4215 = CARTESIAN_POINT('',(0.448720770703,11.565775925938));
#4216 = CARTESIAN_POINT('',(0.446017863347,11.637769601386));
#4217 = ( GEOMETRIC_REPRESENTATION_CONTEXT(2) 
PARAMETRIC_REPRESENTATION_CONTEXT() REPRESENTATION_CONTEXT('2D SPACE',''
  ) );
#4218 = PCURVE('',#4219,#4226);
#4219 = B_SPLINE_SURFACE_WITH_KNOTS('',1,2,(
    (#4220,#4221,#4222)
    ,(#4223,#4224,#4225
  )),.UNSPECIFIED.,.F.,.F.,.F.,(2,2),(3,3),(1.,2.),(0.,1.),
  .PIECEWISE_BEZIER_KNOTS.);
#4220 = CARTESIAN_POINT('',(53.988214922748,25.737946932989,
    77.651169122698));
#4221 = CARTESIAN_POINT('',(73.274097866378,45.367114907155,
    75.828602975567));
#4222 = CARTESIAN_POINT('',(90.470249920323,62.791634304054,
    76.417606452633));
#4223 = CARTESIAN_POINT('',(53.612801598292,26.227195102722,
    77.369829758116));
#4224 = CARTESIAN_POINT('',(72.916111343134,45.833652027382,
    75.817065819741));
#4225 = CARTESIAN_POINT('',(90.224574232923,63.111805093364,
    76.557348497402));
#4226 = DEFINITIONAL_REPRESENTATION('',(#4227),#4233);
#4227 = B_SPLINE_CURVE_WITH_KNOTS('',4,(#4228,#4229,#4230,#4231,#4232),
  .UNSPECIFIED.,.F.,.F.,(5,5),(0.,1.),.PIECEWISE_BEZIER_KNOTS.);
#4228 = CARTESIAN_POINT('',(2.,6.084420221006E-03));
#4229 = CARTESIAN_POINT('',(1.749721288984,5.500821056199E-03));
#4230 = CARTESIAN_POINT('',(1.49962470212,4.906395921056E-03));
#4231 = CARTESIAN_POINT('',(1.249715740166,4.301124730445E-03));
#4232 = CARTESIAN_POINT('',(1.,3.684987884686E-03));
#4233 = ( GEOMETRIC_REPRESENTATION_CONTEXT(2) 
PARAMETRIC_REPRESENTATION_CONTEXT() REPRESENTATION_CONTEXT('2D SPACE',''
  ) );
#4234 = ORIENTED_EDGE('',*,*,#4235,.T.);
#4235 = EDGE_CURVE('',#4200,#4236,#4238,.T.);
#4236 = VERTEX_POINT('',#4237);
#4237 = CARTESIAN_POINT('',(54.254495573338,25.621274560073,
    78.040848821366));
#4238 = SURFACE_CURVE('',#4239,(#4245,#4254),.PCURVE_S1.);
#4239 = B_SPLINE_CURVE_WITH_KNOTS('',4,(#4240,#4241,#4242,#4243,#4244),
  .UNSPECIFIED.,.F.,.F.,(5,5),(0.,1.),.PIECEWISE_BEZIER_KNOTS.);
#4240 = CARTESIAN_POINT('',(54.130323035994,25.882583488109,
    77.637769601386));
#4241 = CARTESIAN_POINT('',(54.161521091572,25.817336491908,
    77.738449213604));
#4242 = CARTESIAN_POINT('',(54.192616067403,25.752035627612,
    77.839188336691));
#4243 = CARTESIAN_POINT('',(54.223607660558,25.686681459455,
    77.939987898437));
#4244 = CARTESIAN_POINT('',(54.254495573338,25.621274560073,
    78.040848821366));
#4245 = PCURVE('',#446,#4246);
#4246 = DEFINITIONAL_REPRESENTATION('',(#4247),#4253);
#4247 = B_SPLINE_CURVE_WITH_KNOTS('',4,(#4248,#4249,#4250,#4251,#4252),
  .UNSPECIFIED.,.F.,.F.,(5,5),(0.,1.),.PIECEWISE_BEZIER_KNOTS.);
#4248 = CARTESIAN_POINT('',(0.446017863347,11.637769601386));
#4249 = CARTESIAN_POINT('',(0.444812494664,11.738449213604));
#4250 = CARTESIAN_POINT('',(0.443607057112,11.839188336691));
#4251 = CARTESIAN_POINT('',(0.442401556683,11.939987898437));
#4252 = CARTESIAN_POINT('',(0.441195999454,12.040848821366));
#4253 = ( GEOMETRIC_REPRESENTATION_CONTEXT(2) 
PARAMETRIC_REPRESENTATION_CONTEXT() REPRESENTATION_CONTEXT('2D SPACE',''
  ) );
#4254 = PCURVE('',#4255,#4262);
#4255 = B_SPLINE_SURFACE_WITH_KNOTS('',1,2,(
    (#4256,#4257,#4258)
    ,(#4259,#4260,#4261
  )),.UNSPECIFIED.,.F.,.F.,.F.,(2,2),(3,3),(0.,1.),(0.,1.),
  .PIECEWISE_BEZIER_KNOTS.);
#4256 = CARTESIAN_POINT('',(54.155054970302,25.52051674981,
    78.051211036502));
#4257 = CARTESIAN_POINT('',(73.478924497678,45.100179644211,
    76.034699393759));
#4258 = CARTESIAN_POINT('',(90.617055291584,62.600313819357,
    76.473720558371));
#4259 = CARTESIAN_POINT('',(53.988214922748,25.737946932989,
    77.651169122698));
#4260 = CARTESIAN_POINT('',(73.274097866378,45.367114907155,
    75.828602975567));
#4261 = CARTESIAN_POINT('',(90.470249920323,62.791634304054,
    76.417606452633));
#4262 = DEFINITIONAL_REPRESENTATION('',(#4263),#4269);
#4263 = B_SPLINE_CURVE_WITH_KNOTS('',4,(#4264,#4265,#4266,#4267,#4268),
  .UNSPECIFIED.,.F.,.F.,(5,5),(0.,1.),.PIECEWISE_BEZIER_KNOTS.);
#4264 = CARTESIAN_POINT('',(1.,3.684987884686E-03));
#4265 = CARTESIAN_POINT('',(0.749925626525,3.410220028905E-03));
#4266 = CARTESIAN_POINT('',(0.499900368698,3.133360177625E-03));
#4267 = CARTESIAN_POINT('',(0.249924926642,2.854410604209E-03));
#4268 = CARTESIAN_POINT('',(0.,2.573373759562E-03));
#4269 = ( GEOMETRIC_REPRESENTATION_CONTEXT(2) 
PARAMETRIC_REPRESENTATION_CONTEXT() REPRESENTATION_CONTEXT('2D SPACE',''
  ) );
#4270 = ORIENTED_EDGE('',*,*,#4271,.T.);
#4271 = EDGE_CURVE('',#4236,#4272,#4274,.T.);
#4272 = VERTEX_POINT('',#4273);
#4273 = CARTESIAN_POINT('',(54.22248017095,25.688959576264,
    78.517920275581));
#4274 = SURFACE_CURVE('',#4275,(#4281,#4290),.PCURVE_S1.);
#4275 = B_SPLINE_CURVE_WITH_KNOTS('',4,(#4276,#4277,#4278,#4279,#4280),
  .UNSPECIFIED.,.F.,.F.,(5,5),(0.,1.),.PIECEWISE_BEZIER_KNOTS.);
#4276 = CARTESIAN_POINT('',(54.254495573338,25.621274560073,
    78.040848821366));
#4277 = CARTESIAN_POINT('',(54.246491601563,25.638223422246,
    78.160125724696));
#4278 = CARTESIAN_POINT('',(54.238487720502,25.655153809216,
    78.279396576695));
#4279 = CARTESIAN_POINT('',(54.230483915252,25.672065826036,
    78.398661414683));
#4280 = CARTESIAN_POINT('',(54.22248017095,25.688959576264,
    78.517920275581));
#4281 = PCURVE('',#446,#4282);
#4282 = DEFINITIONAL_REPRESENTATION('',(#4283),#4289);
#4283 = B_SPLINE_CURVE_WITH_KNOTS('',4,(#4284,#4285,#4286,#4287,#4288),
  .UNSPECIFIED.,.F.,.F.,(5,5),(0.,1.),.PIECEWISE_BEZIER_KNOTS.);
#4284 = CARTESIAN_POINT('',(0.441195999454,12.040848821366));
#4285 = CARTESIAN_POINT('',(0.441508394989,12.160125724696));
#4286 = CARTESIAN_POINT('',(0.441820511444,12.279396576695));
#4287 = CARTESIAN_POINT('',(0.44213235059,12.398661414683));
#4288 = CARTESIAN_POINT('',(0.442443914174,12.517920275581));
#4289 = ( GEOMETRIC_REPRESENTATION_CONTEXT(2) 
PARAMETRIC_REPRESENTATION_CONTEXT() REPRESENTATION_CONTEXT('2D SPACE',''
  ) );
#4290 = PCURVE('',#4291,#4298);
#4291 = B_SPLINE_SURFACE_WITH_KNOTS('',1,2,(
    (#4292,#4293,#4294)
    ,(#4295,#4296,#4297
    )),.UNSPECIFIED.,.F.,.F.,.F.,(2,2),(3,3),(41.,42.),(0.,1.),
  .PIECEWISE_BEZIER_KNOTS.);
#4292 = CARTESIAN_POINT('',(54.11134084642,25.577486105205,
    78.53005407253));
#4293 = CARTESIAN_POINT('',(73.52112888622,45.045177814217,
    76.407843678799));
#4294 = CARTESIAN_POINT('',(90.65690744688,62.548377479413,
    76.712135192076));
#4295 = CARTESIAN_POINT('',(54.155054970302,25.52051674981,
    78.051211036502));
#4296 = CARTESIAN_POINT('',(73.478924497678,45.100179644211,
    76.034699393759));
#4297 = CARTESIAN_POINT('',(90.617055291584,62.600313819357,
    76.473720558371));
#4298 = DEFINITIONAL_REPRESENTATION('',(#4299),#4305);
#4299 = B_SPLINE_CURVE_WITH_KNOTS('',4,(#4300,#4301,#4302,#4303,#4304),
  .UNSPECIFIED.,.F.,.F.,(5,5),(0.,1.),.PIECEWISE_BEZIER_KNOTS.);
#4300 = CARTESIAN_POINT('',(42.,2.573373759562E-03));
#4301 = CARTESIAN_POINT('',(41.750010499767,2.646198718251E-03));
#4302 = CARTESIAN_POINT('',(41.50001396912,2.718819351245E-03));
#4303 = CARTESIAN_POINT('',(41.250010454058,2.791236605489E-03));
#4304 = CARTESIAN_POINT('',(41.,2.863451412005E-03));
#4305 = ( GEOMETRIC_REPRESENTATION_CONTEXT(2) 
PARAMETRIC_REPRESENTATION_CONTEXT() REPRESENTATION_CONTEXT('2D SPACE',''
  ) );
#4306 = ORIENTED_EDGE('',*,*,#4307,.T.);
#4307 = EDGE_CURVE('',#4272,#4308,#4310,.T.);
#4308 = VERTEX_POINT('',#4309);
#4309 = CARTESIAN_POINT('',(54.038177935034,26.07441898608,
    79.035167290899));
#4310 = SURFACE_CURVE('',#4311,(#4317,#4326),.PCURVE_S1.);
#4311 = B_SPLINE_CURVE_WITH_KNOTS('',4,(#4312,#4313,#4314,#4315,#4316),
  .UNSPECIFIED.,.F.,.F.,(5,5),(0.,1.),.PIECEWISE_BEZIER_KNOTS.);
#4312 = CARTESIAN_POINT('',(54.22248017095,25.688959576264,
    78.517920275581));
#4313 = CARTESIAN_POINT('',(54.176625908858,25.785745583096,
    78.647173692472));
#4314 = CARTESIAN_POINT('',(54.130623925311,25.882248055836,
    78.776466566823));
#4315 = CARTESIAN_POINT('',(54.084474523023,25.978471181418,
    78.905798037757));
#4316 = CARTESIAN_POINT('',(54.038177935034,26.07441898608,
    79.035167290899));
#4317 = PCURVE('',#446,#4318);
#4318 = DEFINITIONAL_REPRESENTATION('',(#4319),#4325);
#4319 = B_SPLINE_CURVE_WITH_KNOTS('',4,(#4320,#4321,#4322,#4323,#4324),
  .UNSPECIFIED.,.F.,.F.,(5,5),(0.,1.),.PIECEWISE_BEZIER_KNOTS.);
#4320 = CARTESIAN_POINT('',(0.442443914174,12.517920275581));
#4321 = CARTESIAN_POINT('',(0.444228893513,12.647173692472));
#4322 = CARTESIAN_POINT('',(0.446010656433,12.776466566823));
#4323 = CARTESIAN_POINT('',(0.447789278999,12.905798037757));
#4324 = CARTESIAN_POINT('',(0.44956483488,13.035167290899));
#4325 = ( GEOMETRIC_REPRESENTATION_CONTEXT(2) 
PARAMETRIC_REPRESENTATION_CONTEXT() REPRESENTATION_CONTEXT('2D SPACE',''
  ) );
#4326 = PCURVE('',#4327,#4334);
#4327 = B_SPLINE_SURFACE_WITH_KNOTS('',1,2,(
    (#4328,#4329,#4330)
    ,(#4331,#4332,#4333
    )),.UNSPECIFIED.,.F.,.F.,.F.,(2,2),(3,3),(40.,41.),(0.,1.),
  .PIECEWISE_BEZIER_KNOTS.);
#4328 = CARTESIAN_POINT('',(53.862923122607,25.901230385942,
    79.054259607658));
#4329 = CARTESIAN_POINT('',(73.398287087425,45.205268363253,
    76.921418935889));
#4330 = CARTESIAN_POINT('',(90.586790368109,62.639755835537,
    77.117761995817));
#4331 = CARTESIAN_POINT('',(54.11134084642,25.577486105205,
    78.53005407253));
#4332 = CARTESIAN_POINT('',(73.52112888622,45.045177814217,
    76.407843678799));
#4333 = CARTESIAN_POINT('',(90.65690744688,62.548377479413,
    76.712135192076));
#4334 = DEFINITIONAL_REPRESENTATION('',(#4335),#4341);
#4335 = B_SPLINE_CURVE_WITH_KNOTS('',4,(#4336,#4337,#4338,#4339,#4340),
  .UNSPECIFIED.,.F.,.F.,(5,5),(0.,1.),.PIECEWISE_BEZIER_KNOTS.);
#4336 = CARTESIAN_POINT('',(41.,2.863451412005E-03));
#4337 = CARTESIAN_POINT('',(40.750061567148,3.277177355754E-03));
#4338 = CARTESIAN_POINT('',(40.500081218553,3.685609326387E-03));
#4339 = CARTESIAN_POINT('',(40.250060272675,4.088797067767E-03));
#4340 = CARTESIAN_POINT('',(40.,4.486787602535E-03));
#4341 = ( GEOMETRIC_REPRESENTATION_CONTEXT(2) 
PARAMETRIC_REPRESENTATION_CONTEXT() REPRESENTATION_CONTEXT('2D SPACE',''
  ) );
#4342 = ORIENTED_EDGE('',*,*,#4343,.T.);
#4343 = EDGE_CURVE('',#4308,#4344,#4346,.T.);
#4344 = VERTEX_POINT('',#4345);
#4345 = CARTESIAN_POINT('',(53.708842870542,26.746218377697,
    79.592340813207));
#4346 = SURFACE_CURVE('',#4347,(#4353,#4362),.PCURVE_S1.);
#4347 = B_SPLINE_CURVE_WITH_KNOTS('',4,(#4348,#4349,#4350,#4351,#4352),
  .UNSPECIFIED.,.F.,.F.,(5,5),(0.,1.),.PIECEWISE_BEZIER_KNOTS.);
#4348 = CARTESIAN_POINT('',(54.038177935034,26.07441898608,
    79.035167290899));
#4349 = CARTESIAN_POINT('',(53.956610001376,26.243465226962,
    79.174164014844));
#4350 = CARTESIAN_POINT('',(53.874529988091,26.411771225771,
    79.313363759554));
#4351 = CARTESIAN_POINT('',(53.791940319625,26.57935113042,
    79.452758538406));
#4352 = CARTESIAN_POINT('',(53.708842870542,26.746218377697,
    79.592340813207));
#4353 = PCURVE('',#446,#4354);
#4354 = DEFINITIONAL_REPRESENTATION('',(#4355),#4361);
#4355 = B_SPLINE_CURVE_WITH_KNOTS('',4,(#4356,#4357,#4358,#4359,#4360),
  .UNSPECIFIED.,.F.,.F.,(5,5),(0.,1.),.PIECEWISE_BEZIER_KNOTS.);
#4356 = CARTESIAN_POINT('',(0.44956483488,13.035167290899));
#4357 = CARTESIAN_POINT('',(0.452693109136,13.174164014844));
#4358 = CARTESIAN_POINT('',(0.455813980857,13.313363759554));
#4359 = CARTESIAN_POINT('',(0.458927726442,13.452758538406));
#4360 = CARTESIAN_POINT('',(0.462034612354,13.592340813207));
#4361 = ( GEOMETRIC_REPRESENTATION_CONTEXT(2) 
PARAMETRIC_REPRESENTATION_CONTEXT() REPRESENTATION_CONTEXT('2D SPACE',''
  ) );
#4362 = PCURVE('',#4363,#4370);
#4363 = B_SPLINE_SURFACE_WITH_KNOTS('',1,2,(
    (#4364,#4365,#4366)
    ,(#4367,#4368,#4369
    )),.UNSPECIFIED.,.F.,.F.,.F.,(2,2),(3,3),(39.,40.),(0.,1.),
  .PIECEWISE_BEZIER_KNOTS.);
#4364 = CARTESIAN_POINT('',(53.425414326117,26.471402950369,
    79.621811902299));
#4365 = CARTESIAN_POINT('',(73.121043301067,45.566579500097,
    77.566933341098));
#4366 = CARTESIAN_POINT('',(90.413551685595,62.865524882147,
    77.682900628505));
#4367 = CARTESIAN_POINT('',(53.862923122607,25.901230385942,
    79.054259607658));
#4368 = CARTESIAN_POINT('',(73.398287087425,45.205268363253,
    76.921418935889));
#4369 = CARTESIAN_POINT('',(90.586790368109,62.639755835537,
    77.117761995817));
#4370 = DEFINITIONAL_REPRESENTATION('',(#4371),#4377);
#4371 = B_SPLINE_CURVE_WITH_KNOTS('',4,(#4372,#4373,#4374,#4375,#4376),
  .UNSPECIFIED.,.F.,.F.,(5,5),(0.,1.),.PIECEWISE_BEZIER_KNOTS.);
#4372 = CARTESIAN_POINT('',(40.,4.486787602535E-03));
#4373 = CARTESIAN_POINT('',(39.750156627993,5.187989720145E-03));
#4374 = CARTESIAN_POINT('',(39.500205343943,5.873533507161E-03));
#4375 = CARTESIAN_POINT('',(39.25015146935,6.543605132699E-03));
#4376 = CARTESIAN_POINT('',(39.,7.198375496091E-03));
#4377 = ( GEOMETRIC_REPRESENTATION_CONTEXT(2) 
PARAMETRIC_REPRESENTATION_CONTEXT() REPRESENTATION_CONTEXT('2D SPACE',''
  ) );
#4378 = ORIENTED_EDGE('',*,*,#4379,.T.);
#4379 = EDGE_CURVE('',#4344,#4380,#4382,.T.);
#4380 = VERTEX_POINT('',#4381);
#4381 = CARTESIAN_POINT('',(53.242393142519,27.663108510387,
    80.193065349567));
#4382 = SURFACE_CURVE('',#4383,(#4389,#4398),.PCURVE_S1.);
#4383 = B_SPLINE_CURVE_WITH_KNOTS('',4,(#4384,#4385,#4386,#4387,#4388),
  .UNSPECIFIED.,.F.,.F.,(5,5),(0.,1.),.PIECEWISE_BEZIER_KNOTS.);
#4384 = CARTESIAN_POINT('',(53.708842870542,26.746218377697,
    79.592340813207));
#4385 = CARTESIAN_POINT('',(53.593764867568,26.97730549036,
    79.741908377643));
#4386 = CARTESIAN_POINT('',(53.477660063379,27.207132218738,
    79.891900298529));
#4387 = CARTESIAN_POINT('',(53.360534661455,27.435724910482,
    80.042293269764));
#4388 = CARTESIAN_POINT('',(53.242393142519,27.663108510387,
    80.193065349567));
#4389 = PCURVE('',#446,#4390);
#4390 = DEFINITIONAL_REPRESENTATION('',(#4391),#4397);
#4391 = B_SPLINE_CURVE_WITH_KNOTS('',4,(#4392,#4393,#4394,#4395,#4396),
  .UNSPECIFIED.,.F.,.F.,(5,5),(0.,1.),.PIECEWISE_BEZIER_KNOTS.);
#4392 = CARTESIAN_POINT('',(0.462034612354,13.592340813207));
#4393 = CARTESIAN_POINT('',(0.466337202027,13.741908377643));
#4394 = CARTESIAN_POINT('',(0.470628616525,13.891900298529));
#4395 = CARTESIAN_POINT('',(0.474909415072,14.042293269764));
#4396 = CARTESIAN_POINT('',(0.479180139705,14.193065349567));
#4397 = ( GEOMETRIC_REPRESENTATION_CONTEXT(2) 
PARAMETRIC_REPRESENTATION_CONTEXT() REPRESENTATION_CONTEXT('2D SPACE',''
  ) );
#4398 = PCURVE('',#4399,#4406);
#4399 = B_SPLINE_SURFACE_WITH_KNOTS('',1,2,(
    (#4400,#4401,#4402)
    ,(#4403,#4404,#4405
    )),.UNSPECIFIED.,.F.,.F.,.F.,(2,2),(3,3),(38.,39.),(0.,1.),
  .PIECEWISE_BEZIER_KNOTS.);
#4400 = CARTESIAN_POINT('',(52.818982728421,27.261719995378,
    80.233276156684));
#4401 = CARTESIAN_POINT('',(72.704272914335,46.109725242735,
    78.335587483935));
#4402 = CARTESIAN_POINT('',(90.147340578817,63.212457951032,
    78.39797633883));
#4403 = CARTESIAN_POINT('',(53.425414326117,26.471402950369,
    79.621811902299));
#4404 = CARTESIAN_POINT('',(73.121043301067,45.566579500097,
    77.566933341098));
#4405 = CARTESIAN_POINT('',(90.413551685595,62.865524882147,
    77.682900628505));
#4406 = DEFINITIONAL_REPRESENTATION('',(#4407),#4413);
#4407 = B_SPLINE_CURVE_WITH_KNOTS('',4,(#4408,#4409,#4410,#4411,#4412),
  .UNSPECIFIED.,.F.,.F.,(5,5),(0.,1.),.PIECEWISE_BEZIER_KNOTS.);
#4408 = CARTESIAN_POINT('',(39.,7.198375496091E-03));
#4409 = CARTESIAN_POINT('',(38.750266066777,8.105138178416E-03));
#4410 = CARTESIAN_POINT('',(38.50034702252,8.982973129581E-03));
#4411 = CARTESIAN_POINT('',(38.250254693673,9.832247940323E-03));
#4412 = CARTESIAN_POINT('',(38.,1.065329156306E-02));
#4413 = ( GEOMETRIC_REPRESENTATION_CONTEXT(2) 
PARAMETRIC_REPRESENTATION_CONTEXT() REPRESENTATION_CONTEXT('2D SPACE',''
  ) );
#4414 = ORIENTED_EDGE('',*,*,#4415,.T.);
#4415 = EDGE_CURVE('',#4380,#4416,#4418,.T.);
#4416 = VERTEX_POINT('',#4417);
#4417 = CARTESIAN_POINT('',(52.647808251868,28.778608136505,
    80.844391711627));
#4418 = SURFACE_CURVE('',#4419,(#4425,#4434),.PCURVE_S1.);
#4419 = B_SPLINE_CURVE_WITH_KNOTS('',4,(#4420,#4421,#4422,#4423,#4424),
  .UNSPECIFIED.,.F.,.F.,(5,5),(0.,1.),.PIECEWISE_BEZIER_KNOTS.);
#4420 = CARTESIAN_POINT('',(53.242393142519,27.663108510387,
    80.193065349567));
#4421 = CARTESIAN_POINT('',(53.096141824577,27.944594235846,
    80.355001388626));
#4422 = CARTESIAN_POINT('',(52.948287982379,28.224314343267,
    80.517563659678));
#4423 = CARTESIAN_POINT('',(52.798841383832,28.502306957046,
    80.680707726231));
#4424 = CARTESIAN_POINT('',(52.647808251868,28.778608136505,
    80.844391711627));
#4425 = PCURVE('',#446,#4426);
#4426 = DEFINITIONAL_REPRESENTATION('',(#4427),#4433);
#4427 = B_SPLINE_CURVE_WITH_KNOTS('',4,(#4428,#4429,#4430,#4431,#4432),
  .UNSPECIFIED.,.F.,.F.,(5,5),(0.,1.),.PIECEWISE_BEZIER_KNOTS.);
#4428 = CARTESIAN_POINT('',(0.479180139705,14.193065349567));
#4429 = CARTESIAN_POINT('',(0.484467011854,14.355001388626));
#4430 = CARTESIAN_POINT('',(0.489740085479,14.517563659678));
#4431 = CARTESIAN_POINT('',(0.495000243025,14.680707726231));
#4432 = CARTESIAN_POINT('',(0.500248347146,14.844391711627));
#4433 = ( GEOMETRIC_REPRESENTATION_CONTEXT(2) 
PARAMETRIC_REPRESENTATION_CONTEXT() REPRESENTATION_CONTEXT('2D SPACE',''
  ) );
#4434 = PCURVE('',#4435,#4442);
#4435 = B_SPLINE_SURFACE_WITH_KNOTS('',1,2,(
    (#4436,#4437,#4438)
    ,(#4439,#4440,#4441
    )),.UNSPECIFIED.,.F.,.F.,.F.,(2,2),(3,3),(37.,38.),(0.,1.),
  .PIECEWISE_BEZIER_KNOTS.);
#4436 = CARTESIAN_POINT('',(52.066917160348,28.241830925732,
    80.892431715524));
#4437 = CARTESIAN_POINT('',(72.166323696745,46.810794312399,
    79.219337191392));
#4438 = CARTESIAN_POINT('',(89.801134482523,63.663642519955,
    79.252195063727));
#4439 = CARTESIAN_POINT('',(52.818982728421,27.261719995378,
    80.233276156684));
#4440 = CARTESIAN_POINT('',(72.704272914335,46.109725242735,
    78.335587483935));
#4441 = CARTESIAN_POINT('',(90.147340578817,63.212457951032,
    78.39797633883));
#4442 = DEFINITIONAL_REPRESENTATION('',(#4443),#4449);
#4443 = B_SPLINE_CURVE_WITH_KNOTS('',4,(#4444,#4445,#4446,#4447,#4448),
  .UNSPECIFIED.,.F.,.F.,(5,5),(0.,1.),.PIECEWISE_BEZIER_KNOTS.);
#4444 = CARTESIAN_POINT('',(38.,1.065329156306E-02));
#4445 = CARTESIAN_POINT('',(37.750341626785,1.166968878728E-02));
#4446 = CARTESIAN_POINT('',(37.500443260117,1.264313758448E-02));
#4447 = CARTESIAN_POINT('',(37.250323659781,1.357417783478E-02));
#4448 = CARTESIAN_POINT('',(37.,1.446327906453E-02));
#4449 = ( GEOMETRIC_REPRESENTATION_CONTEXT(2) 
PARAMETRIC_REPRESENTATION_CONTEXT() REPRESENTATION_CONTEXT('2D SPACE',''
  ) );
#4450 = ORIENTED_EDGE('',*,*,#4451,.T.);
#4451 = EDGE_CURVE('',#4416,#4452,#4454,.T.);
#4452 = VERTEX_POINT('',#4453);
#4453 = CARTESIAN_POINT('',(51.935439906593,30.045134077063,
    81.556255692314));
#4454 = SURFACE_CURVE('',#4455,(#4461,#4470),.PCURVE_S1.);
#4455 = B_SPLINE_CURVE_WITH_KNOTS('',4,(#4456,#4457,#4458,#4459,#4460),
  .UNSPECIFIED.,.F.,.F.,(5,5),(0.,1.),.PIECEWISE_BEZIER_KNOTS.);
#4456 = CARTESIAN_POINT('',(52.647808251868,28.778608136505,
    80.844391711627));
#4457 = CARTESIAN_POINT('',(52.472943016956,29.098507949376,
    81.021297129858));
#4458 = CARTESIAN_POINT('',(52.295920276275,29.416196739306,
    81.19895378005));
#4459 = CARTESIAN_POINT('',(52.116750872552,29.731723434501,
    81.377294476338));
#4460 = CARTESIAN_POINT('',(51.935439906593,30.045134077063,
    81.556255692314));
#4461 = PCURVE('',#446,#4462);
#4462 = DEFINITIONAL_REPRESENTATION('',(#4463),#4469);
#4463 = B_SPLINE_CURVE_WITH_KNOTS('',4,(#4464,#4465,#4466,#4467,#4468),
  .UNSPECIFIED.,.F.,.F.,(5,5),(0.,1.),.PIECEWISE_BEZIER_KNOTS.);
#4464 = CARTESIAN_POINT('',(0.500248347146,14.844391711627));
#4465 = CARTESIAN_POINT('',(0.506324569946,15.021297129858));
#4466 = CARTESIAN_POINT('',(0.512385705227,15.19895378005));
#4467 = CARTESIAN_POINT('',(0.518432979368,15.377294476338));
#4468 = CARTESIAN_POINT('',(0.524467599333,15.556255692314));
#4469 = ( GEOMETRIC_REPRESENTATION_CONTEXT(2) 
PARAMETRIC_REPRESENTATION_CONTEXT() REPRESENTATION_CONTEXT('2D SPACE',''
  ) );
#4470 = PCURVE('',#4471,#4478);
#4471 = B_SPLINE_SURFACE_WITH_KNOTS('',1,2,(
    (#4472,#4473,#4474)
    ,(#4475,#4476,#4477
    )),.UNSPECIFIED.,.F.,.F.,.F.,(2,2),(3,3),(36.,37.),(0.,1.),
  .PIECEWISE_BEZIER_KNOTS.);
#4472 = CARTESIAN_POINT('',(51.194184820018,29.379197855348,
    81.606693408074));
#4473 = CARTESIAN_POINT('',(71.528214594036,47.642394285689,
    80.21169475512));
#4474 = CARTESIAN_POINT('',(89.390165578732,64.199227622824,
    80.234046305962));
#4475 = CARTESIAN_POINT('',(52.066917160348,28.241830925732,
    80.892431715524));
#4476 = CARTESIAN_POINT('',(72.166323696745,46.810794312399,
    79.219337191392));
#4477 = CARTESIAN_POINT('',(89.801134482523,63.663642519955,
    79.252195063727));
#4478 = DEFINITIONAL_REPRESENTATION('',(#4479),#4485);
#4479 = B_SPLINE_CURVE_WITH_KNOTS('',4,(#4480,#4481,#4482,#4483,#4484),
  .UNSPECIFIED.,.F.,.F.,(5,5),(0.,1.),.PIECEWISE_BEZIER_KNOTS.);
#4480 = CARTESIAN_POINT('',(37.,1.446327906453E-02));
#4481 = CARTESIAN_POINT('',(36.750363097433,1.549267502143E-02));
#4482 = CARTESIAN_POINT('',(36.500468315558,1.646603361735E-02));
#4483 = CARTESIAN_POINT('',(36.250339899893,1.738402224234E-02));
#4484 = CARTESIAN_POINT('',(36.,1.824719937168E-02));
#4485 = ( GEOMETRIC_REPRESENTATION_CONTEXT(2) 
PARAMETRIC_REPRESENTATION_CONTEXT() REPRESENTATION_CONTEXT('2D SPACE',''
  ) );
#4486 = ORIENTED_EDGE('',*,*,#4487,.T.);
#4487 = EDGE_CURVE('',#4452,#4488,#4490,.T.);
#4488 = VERTEX_POINT('',#4489);
#4489 = CARTESIAN_POINT('',(51.117265558529,31.416956597016,
    82.340607435617));
#4490 = SURFACE_CURVE('',#4491,(#4497,#4506),.PCURVE_S1.);
#4491 = B_SPLINE_CURVE_WITH_KNOTS('',4,(#4492,#4493,#4494,#4495,#4496),
  .UNSPECIFIED.,.F.,.F.,(5,5),(0.,1.),.PIECEWISE_BEZIER_KNOTS.);
#4492 = CARTESIAN_POINT('',(51.935439906593,30.045134077063,
    81.556255692314));
#4493 = CARTESIAN_POINT('',(51.734843620666,30.391880952165,
    81.751271812136));
#4494 = CARTESIAN_POINT('',(51.531611975608,30.73606187947,
    81.947059971896));
#4495 = CARTESIAN_POINT('',(51.325752698118,31.077735563719,
    82.143532850206));
#4496 = CARTESIAN_POINT('',(51.117265558529,31.416956597016,
    82.340607435617));
#4497 = PCURVE('',#446,#4498);
#4498 = DEFINITIONAL_REPRESENTATION('',(#4499),#4505);
#4499 = B_SPLINE_CURVE_WITH_KNOTS('',4,(#4500,#4501,#4502,#4503,#4504),
  .UNSPECIFIED.,.F.,.F.,(5,5),(0.,1.),.PIECEWISE_BEZIER_KNOTS.);
#4500 = CARTESIAN_POINT('',(0.524467599333,15.556255692314));
#4501 = CARTESIAN_POINT('',(0.531144097611,15.751271812136));
#4502 = CARTESIAN_POINT('',(0.537805572764,15.947059971896));
#4503 = CARTESIAN_POINT('',(0.544453599735,16.143532850206));
#4504 = CARTESIAN_POINT('',(0.551089733918,16.340607435617));
#4505 = ( GEOMETRIC_REPRESENTATION_CONTEXT(2) 
PARAMETRIC_REPRESENTATION_CONTEXT() REPRESENTATION_CONTEXT('2D SPACE',''
  ) );
#4506 = PCURVE('',#4507,#4514);
#4507 = B_SPLINE_SURFACE_WITH_KNOTS('',1,2,(
    (#4508,#4509,#4510)
    ,(#4511,#4512,#4513
    )),.UNSPECIFIED.,.F.,.F.,.F.,(2,2),(3,3),(35.,36.),(0.,1.),
  .PIECEWISE_BEZIER_KNOTS.);
#4508 = CARTESIAN_POINT('',(50.226294536134,30.640577031433,
    82.386850757683));
#4509 = CARTESIAN_POINT('',(70.812860935897,48.574661323531,
    81.307805299095));
#4510 = CARTESIAN_POINT('',(88.931261295839,64.797283327996,
    81.331412989897));
#4511 = CARTESIAN_POINT('',(51.194184820018,29.379197855348,
    81.606693408074));
#4512 = CARTESIAN_POINT('',(71.528214594036,47.642394285689,
    80.21169475512));
#4513 = CARTESIAN_POINT('',(89.390165578732,64.199227622824,
    80.234046305962));
#4514 = DEFINITIONAL_REPRESENTATION('',(#4515),#4521);
#4515 = B_SPLINE_CURVE_WITH_KNOTS('',4,(#4516,#4517,#4518,#4519,#4520),
  .UNSPECIFIED.,.F.,.F.,(5,5),(0.,1.),.PIECEWISE_BEZIER_KNOTS.);
#4516 = CARTESIAN_POINT('',(36.,1.824719937168E-02));
#4517 = CARTESIAN_POINT('',(35.750334305776,1.92021891889E-02));
#4518 = CARTESIAN_POINT('',(35.500427827321,2.009015398081E-02));
#4519 = CARTESIAN_POINT('',(35.250308000452,2.091182122168E-02));
#4520 = CARTESIAN_POINT('',(35.,2.166776599573E-02));
#4521 = ( GEOMETRIC_REPRESENTATION_CONTEXT(2) 
PARAMETRIC_REPRESENTATION_CONTEXT() REPRESENTATION_CONTEXT('2D SPACE',''
  ) );
#4522 = ORIENTED_EDGE('',*,*,#4523,.T.);
#4523 = EDGE_CURVE('',#4488,#4524,#4526,.T.);
#4524 = VERTEX_POINT('',#4525);
#4525 = CARTESIAN_POINT('',(50.207177097567,32.851778763007,
    83.209909567287));
#4526 = SURFACE_CURVE('',#4527,(#4533,#4542),.PCURVE_S1.);
#4527 = B_SPLINE_CURVE_WITH_KNOTS('',4,(#4528,#4529,#4530,#4531,#4532),
  .UNSPECIFIED.,.F.,.F.,(5,5),(0.,1.),.PIECEWISE_BEZIER_KNOTS.);
#4528 = CARTESIAN_POINT('',(51.117265558529,31.416956597016,
    82.340607435617));
#4529 = CARTESIAN_POINT('',(50.894255869271,31.779806686354,
    82.556999434373));
#4530 = CARTESIAN_POINT('',(50.668239695142,32.139850187543,
    82.774080779883));
#4531 = CARTESIAN_POINT('',(50.439216802181,32.497153869564,
    82.99174992458));
#4532 = CARTESIAN_POINT('',(50.207177097567,32.851778763007,
    83.209909567287));
#4533 = PCURVE('',#446,#4534);
#4534 = DEFINITIONAL_REPRESENTATION('',(#4535),#4541);
#4535 = B_SPLINE_CURVE_WITH_KNOTS('',4,(#4536,#4537,#4538,#4539,#4540),
  .UNSPECIFIED.,.F.,.F.,(5,5),(0.,1.),.PIECEWISE_BEZIER_KNOTS.);
#4536 = CARTESIAN_POINT('',(0.551089733918,16.340607435617));
#4537 = CARTESIAN_POINT('',(0.558188120058,16.556999434373));
#4538 = CARTESIAN_POINT('',(0.565272892413,16.774080779883));
#4539 = CARTESIAN_POINT('',(0.572345953396,16.99174992458));
#4540 = CARTESIAN_POINT('',(0.579409184471,17.209909567287));
#4541 = ( GEOMETRIC_REPRESENTATION_CONTEXT(2) 
PARAMETRIC_REPRESENTATION_CONTEXT() REPRESENTATION_CONTEXT('2D SPACE',''
  ) );
#4542 = PCURVE('',#4543,#4550);
#4543 = B_SPLINE_SURFACE_WITH_KNOTS('',1,2,(
    (#4544,#4545,#4546)
    ,(#4547,#4548,#4549
    )),.UNSPECIFIED.,.F.,.F.,.F.,(2,2),(3,3),(34.,35.),(0.,1.),
  .PIECEWISE_BEZIER_KNOTS.);
#4544 = CARTESIAN_POINT('',(49.188654125743,31.992856342139,
    83.245749445427));
#4545 = CARTESIAN_POINT('',(70.044327880013,49.576233101827,
    82.503522527937));
#4546 = CARTESIAN_POINT('',(88.442101267038,65.434769088909,
    82.531167523336));
#4547 = CARTESIAN_POINT('',(50.226294536134,30.640577031433,
    82.386850757683));
#4548 = CARTESIAN_POINT('',(70.812860935897,48.574661323531,
    81.307805299095));
#4549 = CARTESIAN_POINT('',(88.931261295839,64.797283327996,
    81.331412989897));
#4550 = DEFINITIONAL_REPRESENTATION('',(#4551),#4557);
#4551 = B_SPLINE_CURVE_WITH_KNOTS('',4,(#4552,#4553,#4554,#4555,#4556),
  .UNSPECIFIED.,.F.,.F.,(5,5),(0.,1.),.PIECEWISE_BEZIER_KNOTS.);
#4552 = CARTESIAN_POINT('',(35.,2.166776599573E-02));
#4553 = CARTESIAN_POINT('',(34.750270535446,2.247636747347E-02));
#4554 = CARTESIAN_POINT('',(34.500342099305,2.320977089956E-02));
#4555 = CARTESIAN_POINT('',(34.250243122109,2.386868028123E-02));
#4556 = CARTESIAN_POINT('',(34.,2.445360327218E-02));
#4557 = ( GEOMETRIC_REPRESENTATION_CONTEXT(2) 
PARAMETRIC_REPRESENTATION_CONTEXT() REPRESENTATION_CONTEXT('2D SPACE',''
  ) );
#4558 = ORIENTED_EDGE('',*,*,#4559,.T.);
#4559 = EDGE_CURVE('',#4524,#4560,#4562,.T.);
#4560 = VERTEX_POINT('',#4561);
#4561 = CARTESIAN_POINT('',(49.221350125385,34.31120359058,
    84.174821137455));
#4562 = SURFACE_CURVE('',#4563,(#4569,#4578),.PCURVE_S1.);
#4563 = B_SPLINE_CURVE_WITH_KNOTS('',4,(#4564,#4565,#4566,#4567,#4568),
  .UNSPECIFIED.,.F.,.F.,(5,5),(0.,1.),.PIECEWISE_BEZIER_KNOTS.);
#4564 = CARTESIAN_POINT('',(50.207177097567,32.851778763007,
    83.209909567287));
#4565 = CARTESIAN_POINT('',(49.965626798487,33.220938641118,83.450456644
    ));
#4566 = CARTESIAN_POINT('',(49.720815716778,33.58718282343,
    83.691529062377));
#4567 = CARTESIAN_POINT('',(49.472731385841,33.950583042741,
    83.93301878504));
#4568 = CARTESIAN_POINT('',(49.221350125385,34.31120359058,
    84.174821137455));
#4569 = PCURVE('',#446,#4570);
#4570 = DEFINITIONAL_REPRESENTATION('',(#4571),#4577);
#4571 = B_SPLINE_CURVE_WITH_KNOTS('',4,(#4572,#4573,#4574,#4575,#4576),
  .UNSPECIFIED.,.F.,.F.,(5,5),(0.,1.),.PIECEWISE_BEZIER_KNOTS.);
#4572 = CARTESIAN_POINT('',(0.579409184471,17.209909567287));
#4573 = CARTESIAN_POINT('',(0.586761915683,17.450456644));
#4574 = CARTESIAN_POINT('',(0.594103739875,17.691529062377));
#4575 = CARTESIAN_POINT('',(0.601436829456,17.93301878504));
#4576 = CARTESIAN_POINT('',(0.608763336083,18.174821137455));
#4577 = ( GEOMETRIC_REPRESENTATION_CONTEXT(2) 
PARAMETRIC_REPRESENTATION_CONTEXT() REPRESENTATION_CONTEXT('2D SPACE',''
  ) );
#4578 = PCURVE('',#4579,#4586);
#4579 = B_SPLINE_SURFACE_WITH_KNOTS('',1,2,(
    (#4580,#4581,#4582)
    ,(#4583,#4584,#4585
    )),.UNSPECIFIED.,.F.,.F.,.F.,(2,2),(3,3),(33.,34.),(0.,1.),
  .PIECEWISE_BEZIER_KNOTS.);
#4580 = CARTESIAN_POINT('',(48.106402356563,33.403274307537,
    84.195770030153));
#4581 = CARTESIAN_POINT('',(69.247050824619,50.6152647896,
    83.793523971452));
#4582 = CARTESIAN_POINT('',(87.940391501365,66.088609985336,
    83.818309682033));
#4583 = CARTESIAN_POINT('',(49.188654125743,31.992856342139,
    83.245749445427));
#4584 = CARTESIAN_POINT('',(70.044327880013,49.576233101827,
    82.503522527937));
#4585 = CARTESIAN_POINT('',(88.442101267038,65.434769088909,
    82.531167523336));
#4586 = DEFINITIONAL_REPRESENTATION('',(#4587),#4593);
#4587 = B_SPLINE_CURVE_WITH_KNOTS('',4,(#4588,#4589,#4590,#4591,#4592),
  .UNSPECIFIED.,.F.,.F.,(5,5),(0.,1.),.PIECEWISE_BEZIER_KNOTS.);
#4588 = CARTESIAN_POINT('',(34.,2.445360327218E-02));
#4589 = CARTESIAN_POINT('',(33.750189086993,2.506250045914E-02));
#4590 = CARTESIAN_POINT('',(33.500233767457,2.559120100073E-02));
#4591 = CARTESIAN_POINT('',(33.25016193441,2.604029408197E-02));
#4592 = CARTESIAN_POINT('',(33.,2.641013486422E-02));
#4593 = ( GEOMETRIC_REPRESENTATION_CONTEXT(2) 
PARAMETRIC_REPRESENTATION_CONTEXT() REPRESENTATION_CONTEXT('2D SPACE',''
  ) );
#4594 = ORIENTED_EDGE('',*,*,#4595,.T.);
#4595 = EDGE_CURVE('',#4560,#4596,#4598,.T.);
#4596 = VERTEX_POINT('',#4597);
#4597 = CARTESIAN_POINT('',(48.141517932138,35.810532685086,
    85.250337587953));
#4598 = SURFACE_CURVE('',#4599,(#4605,#4614),.PCURVE_S1.);
#4599 = B_SPLINE_CURVE_WITH_KNOTS('',4,(#4600,#4601,#4602,#4603,#4604),
  .UNSPECIFIED.,.F.,.F.,(5,5),(0.,1.),.PIECEWISE_BEZIER_KNOTS.);
#4600 = CARTESIAN_POINT('',(49.221350125385,34.31120359058,
    84.174821137455));
#4601 = CARTESIAN_POINT('',(48.956889377793,34.690587397892,
    84.443308194394));
#4602 = CARTESIAN_POINT('',(48.688785415112,35.066886559218,
    84.712135630944));
#4603 = CARTESIAN_POINT('',(48.41700913296,35.440178948627,
    84.981184429756));
#4604 = CARTESIAN_POINT('',(48.141517932138,35.810532685086,
    85.250337587953));
#4605 = PCURVE('',#446,#4606);
#4606 = DEFINITIONAL_REPRESENTATION('',(#4607),#4613);
#4607 = B_SPLINE_CURVE_WITH_KNOTS('',4,(#4608,#4609,#4610,#4611,#4612),
  .UNSPECIFIED.,.F.,.F.,(5,5),(0.,1.),.PIECEWISE_BEZIER_KNOTS.);
#4608 = CARTESIAN_POINT('',(0.608763336083,18.174821137455));
#4609 = CARTESIAN_POINT('',(0.61647104435,18.443308194394));
#4610 = CARTESIAN_POINT('',(0.624171300963,18.712135630944));
#4611 = CARTESIAN_POINT('',(0.631866666819,18.981184429756));
#4612 = CARTESIAN_POINT('',(0.639559688402,19.250337587953));
#4613 = ( GEOMETRIC_REPRESENTATION_CONTEXT(2) 
PARAMETRIC_REPRESENTATION_CONTEXT() REPRESENTATION_CONTEXT('2D SPACE',''
  ) );
#4614 = PCURVE('',#4615,#4622);
#4615 = B_SPLINE_SURFACE_WITH_KNOTS('',1,2,(
    (#4616,#4617,#4618)
    ,(#4619,#4620,#4621
    )),.UNSPECIFIED.,.F.,.F.,.F.,(2,2),(3,3),(32.,33.),(0.,1.),
  .PIECEWISE_BEZIER_KNOTS.);
#4616 = CARTESIAN_POINT('',(46.965775106101,34.889768681294,
    85.254051409862));
#4617 = CARTESIAN_POINT('',(68.422055725001,51.690419335892,
    85.185451821224));
#4618 = CARTESIAN_POINT('',(87.429362440322,66.754596023946,
    85.18475785701));
#4619 = CARTESIAN_POINT('',(48.106402356563,33.403274307537,
    84.195770030153));
#4620 = CARTESIAN_POINT('',(69.247050824619,50.6152647896,
    83.793523971452));
#4621 = CARTESIAN_POINT('',(87.940391501365,66.088609985336,
    83.818309682033));
#4622 = DEFINITIONAL_REPRESENTATION('',(#4623),#4629);
#4623 = B_SPLINE_CURVE_WITH_KNOTS('',4,(#4624,#4625,#4626,#4627,#4628),
  .UNSPECIFIED.,.F.,.F.,(5,5),(0.,1.),.PIECEWISE_BEZIER_KNOTS.);
#4624 = CARTESIAN_POINT('',(33.,2.641013486422E-02));
#4625 = CARTESIAN_POINT('',(32.750113652929,2.679921863915E-02));
#4626 = CARTESIAN_POINT('',(32.500131045524,2.710058020712E-02));
#4627 = CARTESIAN_POINT('',(32.250083128054,2.731464449056E-02));
#4628 = CARTESIAN_POINT('',(32.,2.744154540056E-02));
#4629 = ( GEOMETRIC_REPRESENTATION_CONTEXT(2) 
PARAMETRIC_REPRESENTATION_CONTEXT() REPRESENTATION_CONTEXT('2D SPACE',''
  ) );
#4630 = ORIENTED_EDGE('',*,*,#4631,.T.);
#4631 = EDGE_CURVE('',#4596,#4632,#4634,.T.);
#4632 = VERTEX_POINT('',#4633);
#4633 = CARTESIAN_POINT('',(46.999048037316,37.29731201556,
    86.362567047967));
#4634 = SURFACE_CURVE('',#4635,(#4641,#4650),.PCURVE_S1.);
#4635 = B_SPLINE_CURVE_WITH_KNOTS('',4,(#4636,#4637,#4638,#4639,#4640),
  .UNSPECIFIED.,.F.,.F.,(5,5),(0.,1.),.PIECEWISE_BEZIER_KNOTS.);
#4636 = CARTESIAN_POINT('',(48.141517932138,35.810532685086,
    85.250337587953));
#4637 = CARTESIAN_POINT('',(47.861697165681,36.18670682817,
    85.528356046325));
#4638 = CARTESIAN_POINT('',(47.57804437674,36.559848451437,
    85.806481511441));
#4639 = CARTESIAN_POINT('',(47.290514420352,36.930029715649,
    86.084592423049));
#4640 = CARTESIAN_POINT('',(46.999048037316,37.29731201556,
    86.362567047967));
#4641 = PCURVE('',#446,#4642);
#4642 = DEFINITIONAL_REPRESENTATION('',(#4643),#4649);
#4643 = B_SPLINE_CURVE_WITH_KNOTS('',4,(#4644,#4645,#4646,#4647,#4648),
  .UNSPECIFIED.,.F.,.F.,(5,5),(0.,1.),.PIECEWISE_BEZIER_KNOTS.);
#4644 = CARTESIAN_POINT('',(0.639559688402,19.250337587953));
#4645 = CARTESIAN_POINT('',(0.647373612001,19.528356046325));
#4646 = CARTESIAN_POINT('',(0.655185101755,19.806481511441));
#4647 = CARTESIAN_POINT('',(0.662996841482,20.084592423049));
#4648 = CARTESIAN_POINT('',(0.670811516784,20.362567047967));
#4649 = ( GEOMETRIC_REPRESENTATION_CONTEXT(2) 
PARAMETRIC_REPRESENTATION_CONTEXT() REPRESENTATION_CONTEXT('2D SPACE',''
  ) );
#4650 = PCURVE('',#4651,#4658);
#4651 = B_SPLINE_SURFACE_WITH_KNOTS('',1,2,(
    (#4652,#4653,#4654)
    ,(#4655,#4656,#4657
    )),.UNSPECIFIED.,.F.,.F.,.F.,(2,2),(3,3),(31.,32.),(0.,1.),
  .PIECEWISE_BEZIER_KNOTS.);
#4652 = CARTESIAN_POINT('',(45.806495658418,36.400571071727,
    86.34840982764));
#4653 = CARTESIAN_POINT('',(67.587873548741,52.777546713566,
    86.610624058818));
#4654 = CARTESIAN_POINT('',(86.916261340283,67.42328239635,
    86.578224949295));
#4655 = CARTESIAN_POINT('',(46.965775106101,34.889768681294,
    85.254051409862));
#4656 = CARTESIAN_POINT('',(68.422055725001,51.690419335892,
    85.185451821224));
#4657 = CARTESIAN_POINT('',(87.429362440322,66.754596023946,
    85.18475785701));
#4658 = DEFINITIONAL_REPRESENTATION('',(#4659),#4665);
#4659 = B_SPLINE_CURVE_WITH_KNOTS('',4,(#4660,#4661,#4662,#4663,#4664),
  .UNSPECIFIED.,.F.,.F.,(5,5),(0.,1.),.PIECEWISE_BEZIER_KNOTS.);
#4660 = CARTESIAN_POINT('',(32.,2.744154540056E-02));
#4661 = CARTESIAN_POINT('',(31.750022221502,2.757044066036E-02));
#4662 = CARTESIAN_POINT('',(31.500008584041,2.760941111104E-02));
#4663 = CARTESIAN_POINT('',(31.249990647739,2.755859838718E-02));
#4664 = CARTESIAN_POINT('',(31.,2.741783347646E-02));
#4665 = ( GEOMETRIC_REPRESENTATION_CONTEXT(2) 
PARAMETRIC_REPRESENTATION_CONTEXT() REPRESENTATION_CONTEXT('2D SPACE',''
  ) );
#4666 = ORIENTED_EDGE('',*,*,#4667,.T.);
#4667 = EDGE_CURVE('',#4632,#4668,#4670,.T.);
#4668 = VERTEX_POINT('',#4669);
#4669 = CARTESIAN_POINT('',(45.824019768552,38.731888828862,
    87.488174665255));
#4670 = SURFACE_CURVE('',#4671,(#4677,#4686),.PCURVE_S1.);
#4671 = B_SPLINE_CURVE_WITH_KNOTS('',4,(#4672,#4673,#4674,#4675,#4676),
  .UNSPECIFIED.,.F.,.F.,(5,5),(0.,1.),.PIECEWISE_BEZIER_KNOTS.);
#4672 = CARTESIAN_POINT('',(46.999048037316,37.29731201556,
    86.362567047967));
#4673 = CARTESIAN_POINT('',(46.711117146141,37.660139175334,
    86.644282597177));
#4674 = CARTESIAN_POINT('',(46.419343349437,38.020139027262,
    86.925866595802));
#4675 = CARTESIAN_POINT('',(46.123668211247,38.377372264428,
    87.207203322205));
#4676 = CARTESIAN_POINT('',(45.824019768552,38.731888828862,
    87.488174665256));
#4677 = PCURVE('',#446,#4678);
#4678 = DEFINITIONAL_REPRESENTATION('',(#4679),#4685);
#4679 = B_SPLINE_CURVE_WITH_KNOTS('',4,(#4680,#4681,#4682,#4683,#4684),
  .UNSPECIFIED.,.F.,.F.,(5,5),(0.,1.),.PIECEWISE_BEZIER_KNOTS.);
#4680 = CARTESIAN_POINT('',(0.670811516784,20.362567047967));
#4681 = CARTESIAN_POINT('',(0.67853139995,20.644282597177));
#4682 = CARTESIAN_POINT('',(0.686254186092,20.925866595802));
#4683 = CARTESIAN_POINT('',(0.693982497466,21.207203322205));
#4684 = CARTESIAN_POINT('',(0.701718976418,21.488174665256));
#4685 = ( GEOMETRIC_REPRESENTATION_CONTEXT(2) 
PARAMETRIC_REPRESENTATION_CONTEXT() REPRESENTATION_CONTEXT('2D SPACE',''
  ) );
#4686 = PCURVE('',#4687,#4694);
#4687 = B_SPLINE_SURFACE_WITH_KNOTS('',1,2,(
    (#4688,#4689,#4690)
    ,(#4691,#4692,#4693
    )),.UNSPECIFIED.,.F.,.F.,.F.,(2,2),(3,3),(30.,31.),(0.,1.),
  .PIECEWISE_BEZIER_KNOTS.);
#4688 = CARTESIAN_POINT('',(44.661407084682,37.892879555171,
    87.458100635913));
#4689 = CARTESIAN_POINT('',(66.768209375202,53.84575386173,
    88.037669961887));
#4690 = CARTESIAN_POINT('',(86.415524356431,68.075855538826,
    87.967390127887));
#4691 = CARTESIAN_POINT('',(45.806495658418,36.400571071727,
    86.34840982764));
#4692 = CARTESIAN_POINT('',(67.587873548741,52.777546713566,
    86.610624058818));
#4693 = CARTESIAN_POINT('',(86.916261340283,67.42328239635,
    86.578224949295));
#4694 = DEFINITIONAL_REPRESENTATION('',(#4695),#4701);
#4695 = B_SPLINE_CURVE_WITH_KNOTS('',4,(#4696,#4697,#4698,#4699,#4700),
  .UNSPECIFIED.,.F.,.F.,(5,5),(0.,1.),.PIECEWISE_BEZIER_KNOTS.);
#4696 = CARTESIAN_POINT('',(31.,2.741783347646E-02));
#4697 = CARTESIAN_POINT('',(30.749929276794,2.727877604635E-02));
#4698 = CARTESIAN_POINT('',(30.499885040082,2.705193469306E-02));
#4699 = CARTESIAN_POINT('',(30.249898057114,2.673714422175E-02));
#4700 = CARTESIAN_POINT('',(30.,2.63339370521E-02));
#4701 = ( GEOMETRIC_REPRESENTATION_CONTEXT(2) 
PARAMETRIC_REPRESENTATION_CONTEXT() REPRESENTATION_CONTEXT('2D SPACE',''
  ) );
#4702 = ORIENTED_EDGE('',*,*,#4703,.T.);
#4703 = EDGE_CURVE('',#4668,#4704,#4706,.T.);
#4704 = VERTEX_POINT('',#4705);
#4705 = CARTESIAN_POINT('',(44.644402729376,40.085874132134,
    88.605242882891));
#4706 = SURFACE_CURVE('',#4707,(#4713,#4722),.PCURVE_S1.);
#4707 = B_SPLINE_CURVE_WITH_KNOTS('',4,(#4708,#4709,#4710,#4711,#4712),
  .UNSPECIFIED.,.F.,.F.,(5,5),(0.,1.),.PIECEWISE_BEZIER_KNOTS.);
#4708 = CARTESIAN_POINT('',(45.824019768552,38.731888828862,
    87.488174665256));
#4709 = CARTESIAN_POINT('',(45.53474783981,39.074128853348,
    87.768049914755));
#4710 = CARTESIAN_POINT('',(45.241767525919,39.413843587407,
    88.047589895993));
#4711 = CARTESIAN_POINT('',(44.945012105485,39.75107973531,
    88.326690326523));
#4712 = CARTESIAN_POINT('',(44.644402729376,40.085874132134,
    88.605242882891));
#4713 = PCURVE('',#446,#4714);
#4714 = DEFINITIONAL_REPRESENTATION('',(#4715),#4721);
#4715 = B_SPLINE_CURVE_WITH_KNOTS('',4,(#4716,#4717,#4718,#4719,#4720),
  .UNSPECIFIED.,.F.,.F.,(5,5),(0.,1.),.PIECEWISE_BEZIER_KNOTS.);
#4716 = CARTESIAN_POINT('',(0.701718976418,21.488174665256));
#4717 = CARTESIAN_POINT('',(0.70918754915,21.768049914755));
#4718 = CARTESIAN_POINT('',(0.716663876068,22.047589895993));
#4719 = CARTESIAN_POINT('',(0.724150378318,22.326690326523));
#4720 = CARTESIAN_POINT('',(0.731649513178,22.605242882891));
#4721 = ( GEOMETRIC_REPRESENTATION_CONTEXT(2) 
PARAMETRIC_REPRESENTATION_CONTEXT() REPRESENTATION_CONTEXT('2D SPACE',''
  ) );
#4722 = PCURVE('',#4723,#4730);
#4723 = B_SPLINE_SURFACE_WITH_KNOTS('',1,2,(
    (#4724,#4725,#4726)
    ,(#4727,#4728,#4729
    )),.UNSPECIFIED.,.F.,.F.,.F.,(2,2),(3,3),(29.,30.),(0.,1.),
  .PIECEWISE_BEZIER_KNOTS.);
#4724 = CARTESIAN_POINT('',(43.556831564811,39.332390398886,
    88.563360497444));
#4725 = CARTESIAN_POINT('',(65.982767524772,54.869361610103,
    89.437843947987));
#4726 = CARTESIAN_POINT('',(85.939183978341,68.696634405662,
    89.322661824809));
#4727 = CARTESIAN_POINT('',(44.661407084682,37.892879555171,
    87.458100635913));
#4728 = CARTESIAN_POINT('',(66.768209375202,53.84575386173,
    88.037669961887));
#4729 = CARTESIAN_POINT('',(86.415524356431,68.075855538826,
    87.967390127887));
#4730 = DEFINITIONAL_REPRESENTATION('',(#4731),#4737);
#4731 = B_SPLINE_CURVE_WITH_KNOTS('',4,(#4732,#4733,#4734,#4735,#4736),
  .UNSPECIFIED.,.F.,.F.,(5,5),(0.,1.),.PIECEWISE_BEZIER_KNOTS.);
#4732 = CARTESIAN_POINT('',(30.,2.63339370521E-02));
#4733 = CARTESIAN_POINT('',(29.74984477466,2.594469252742E-02));
#4734 = CARTESIAN_POINT('',(29.4997732415,2.547304127224E-02));
#4735 = CARTESIAN_POINT('',(29.249814688282,2.491855356554E-02));
#4736 = CARTESIAN_POINT('',(29.,2.428052628016E-02));
#4737 = ( GEOMETRIC_REPRESENTATION_CONTEXT(2) 
PARAMETRIC_REPRESENTATION_CONTEXT() REPRESENTATION_CONTEXT('2D SPACE',''
  ) );
#4738 = ORIENTED_EDGE('',*,*,#4739,.T.);
#4739 = EDGE_CURVE('',#4704,#4740,#4742,.T.);
#4740 = VERTEX_POINT('',#4741);
#4741 = CARTESIAN_POINT('',(43.49048781892,41.334942473316,
    89.687451042793));
#4742 = SURFACE_CURVE('',#4743,(#4749,#4758),.PCURVE_S1.);
#4743 = B_SPLINE_CURVE_WITH_KNOTS('',4,(#4744,#4745,#4746,#4747,#4748),
  .UNSPECIFIED.,.F.,.F.,(5,5),(0.,1.),.PIECEWISE_BEZIER_KNOTS.);
#4744 = CARTESIAN_POINT('',(44.644402729376,40.085874132134,
    88.605242882891));
#4745 = CARTESIAN_POINT('',(44.361142724033,40.401346203766,
    88.87660056658));
#4746 = CARTESIAN_POINT('',(44.074450815443,40.714661313301,
    89.147481048594));
#4747 = CARTESIAN_POINT('',(43.784258665892,41.025851987705,
    89.417795681396));
#4748 = CARTESIAN_POINT('',(43.49048781892,41.334942473316,
    89.687451042793));
#4749 = PCURVE('',#446,#4750);
#4750 = DEFINITIONAL_REPRESENTATION('',(#4751),#4757);
#4751 = B_SPLINE_CURVE_WITH_KNOTS('',4,(#4752,#4753,#4754,#4755,#4756),
  .UNSPECIFIED.,.F.,.F.,(5,5),(0.,1.),.PIECEWISE_BEZIER_KNOTS.);
#4752 = CARTESIAN_POINT('',(0.731649513178,22.605242882891));
#4753 = CARTESIAN_POINT('',(0.738715842938,22.87660056658));
#4754 = CARTESIAN_POINT('',(0.74579363814,23.147481048594));
#4755 = CARTESIAN_POINT('',(0.752885002313,23.417795681396));
#4756 = CARTESIAN_POINT('',(0.75999208483,23.687451042793));
#4757 = ( GEOMETRIC_REPRESENTATION_CONTEXT(2) 
PARAMETRIC_REPRESENTATION_CONTEXT() REPRESENTATION_CONTEXT('2D SPACE',''
  ) );
#4758 = PCURVE('',#4759,#4766);
#4759 = B_SPLINE_SURFACE_WITH_KNOTS('',1,2,(
    (#4760,#4761,#4762)
    ,(#4763,#4764,#4765
    )),.UNSPECIFIED.,.F.,.F.,.F.,(2,2),(3,3),(28.,29.),(0.,1.),
  .PIECEWISE_BEZIER_KNOTS.);
#4760 = CARTESIAN_POINT('',(42.517447100046,40.686942605504,
    89.639176225916));
#4761 = CARTESIAN_POINT('',(65.249059089167,55.825549059651,
    90.779624451626));
#4762 = CARTESIAN_POINT('',(85.497518601278,69.272223931356,
    90.613373379925));
#4763 = CARTESIAN_POINT('',(43.556831564811,39.332390398886,
    88.563360497444));
#4764 = CARTESIAN_POINT('',(65.982767524772,54.869361610103,
    89.437843947987));
#4765 = CARTESIAN_POINT('',(85.939183978341,68.696634405662,
    89.322661824809));
#4766 = DEFINITIONAL_REPRESENTATION('',(#4767),#4773);
#4767 = B_SPLINE_CURVE_WITH_KNOTS('',4,(#4768,#4769,#4770,#4771,#4772),
  .UNSPECIFIED.,.F.,.F.,(5,5),(0.,1.),.PIECEWISE_BEZIER_KNOTS.);
#4768 = CARTESIAN_POINT('',(29.,2.428052628016E-02));
#4769 = CARTESIAN_POINT('',(28.749775674409,2.367932210413E-02));
#4770 = CARTESIAN_POINT('',(28.499682550494,2.300392152703E-02));
#4771 = CARTESIAN_POINT('',(28.249747653761,2.225372083247E-02));
#4772 = CARTESIAN_POINT('',(28.,2.142788794919E-02));
#4773 = ( GEOMETRIC_REPRESENTATION_CONTEXT(2) 
PARAMETRIC_REPRESENTATION_CONTEXT() REPRESENTATION_CONTEXT('2D SPACE',''
  ) );
#4774 = ORIENTED_EDGE('',*,*,#4775,.T.);
#4775 = EDGE_CURVE('',#4740,#2997,#4776,.T.);
#4776 = SURFACE_CURVE('',#4777,(#4783,#4792),.PCURVE_S1.);
#4777 = B_SPLINE_CURVE_WITH_KNOTS('',4,(#4778,#4779,#4780,#4781,#4782),
  .UNSPECIFIED.,.F.,.F.,(5,5),(0.,1.),.PIECEWISE_BEZIER_KNOTS.);
#4778 = CARTESIAN_POINT('',(43.49048781892,41.334942473316,
    89.687451042793));
#4779 = CARTESIAN_POINT('',(43.228805626198,41.610270937178,
    89.935510327591));
#4780 = CARTESIAN_POINT('',(42.96427102976,41.883946423029,
    90.183058289065));
#4781 = CARTESIAN_POINT('',(42.696826316191,42.155987426192,
    90.430030512991));
#4782 = CARTESIAN_POINT('',(42.426406871193,42.426406871193,
    90.676358577602));
#4783 = PCURVE('',#446,#4784);
#4784 = DEFINITIONAL_REPRESENTATION('',(#4785),#4791);
#4785 = B_SPLINE_CURVE_WITH_KNOTS('',4,(#4786,#4787,#4788,#4789,#4790),
  .UNSPECIFIED.,.F.,.F.,(5,5),(0.,1.),.PIECEWISE_BEZIER_KNOTS.);
#4786 = CARTESIAN_POINT('',(0.75999208483,23.687451042793));
#4787 = CARTESIAN_POINT('',(0.766322859159,23.935510327591));
#4788 = CARTESIAN_POINT('',(0.772666415639,24.183058289065));
#4789 = CARTESIAN_POINT('',(0.779024315953,24.430030512991));
#4790 = CARTESIAN_POINT('',(0.785398163397,24.676358577602));
#4791 = ( GEOMETRIC_REPRESENTATION_CONTEXT(2) 
PARAMETRIC_REPRESENTATION_CONTEXT() REPRESENTATION_CONTEXT('2D SPACE',''
  ) );
#4792 = PCURVE('',#3016,#4793);
#4793 = DEFINITIONAL_REPRESENTATION('',(#4794),#4800);
#4794 = B_SPLINE_CURVE_WITH_KNOTS('',4,(#4795,#4796,#4797,#4798,#4799),
  .UNSPECIFIED.,.F.,.F.,(5,5),(0.,1.),.PIECEWISE_BEZIER_KNOTS.);
#4795 = CARTESIAN_POINT('',(28.,2.142788794919E-02));
#4796 = CARTESIAN_POINT('',(27.756944133241,2.069226097345E-02));
#4797 = CARTESIAN_POINT('',(27.514043687415,1.989658593441E-02));
#4798 = CARTESIAN_POINT('',(27.271320495252,1.904025667315E-02));
#4799 = CARTESIAN_POINT('',(27.0287981809,1.812251294592E-02));
#4800 = ( GEOMETRIC_REPRESENTATION_CONTEXT(2) 
PARAMETRIC_REPRESENTATION_CONTEXT() REPRESENTATION_CONTEXT('2D SPACE',''
  ) );
#4801 = ORIENTED_EDGE('',*,*,#3032,.T.);
#4802 = ORIENTED_EDGE('',*,*,#3339,.F.);
#4803 = ORIENTED_EDGE('',*,*,#1570,.F.);
#4804 = ORIENTED_EDGE('',*,*,#4805,.T.);
#4805 = EDGE_CURVE('',#1535,#4806,#4808,.T.);
#4806 = VERTEX_POINT('',#4807);
#4807 = CARTESIAN_POINT('',(59.999982809824,4.541828699552E-02,
    90.705606337329));
#4808 = SURFACE_CURVE('',#4809,(#4815,#4824),.PCURVE_S1.);
#4809 = B_SPLINE_CURVE_WITH_KNOTS('',4,(#4810,#4811,#4812,#4813,#4814),
  .UNSPECIFIED.,.F.,.F.,(5,5),(0.,1.),.PIECEWISE_BEZIER_KNOTS.);
#4810 = CARTESIAN_POINT('',(60.,1.33226762955E-15,90.676358577602));
#4811 = CARTESIAN_POINT('',(60.,1.135330544848E-02,90.683671370968));
#4812 = CARTESIAN_POINT('',(59.99999713561,2.270745364809E-02,
    90.690983596257));
#4813 = CARTESIAN_POINT('',(59.999991405873,3.406244739545E-02,
    90.698295252551));
#4814 = CARTESIAN_POINT('',(59.999982809824,4.541828699551E-02,
    90.705606337329));
#4815 = PCURVE('',#446,#4816);
#4816 = DEFINITIONAL_REPRESENTATION('',(#4817),#4823);
#4817 = B_SPLINE_CURVE_WITH_KNOTS('',4,(#4818,#4819,#4820,#4821,#4822),
  .UNSPECIFIED.,.F.,.F.,(5,5),(0.,1.),.PIECEWISE_BEZIER_KNOTS.);
#4818 = CARTESIAN_POINT('',(0.,24.676358577602));
#4819 = CARTESIAN_POINT('',(1.892217574746E-04,24.683671370968));
#4820 = CARTESIAN_POINT('',(3.784575608014E-04,24.690983596257));
#4821 = CARTESIAN_POINT('',(5.677074746574E-04,24.698295252551));
#4822 = CARTESIAN_POINT('',(7.569715222164E-04,24.705606337329));
#4823 = ( GEOMETRIC_REPRESENTATION_CONTEXT(2) 
PARAMETRIC_REPRESENTATION_CONTEXT() REPRESENTATION_CONTEXT('2D SPACE',''
  ) );
#4824 = PCURVE('',#1554,#4825);
#4825 = DEFINITIONAL_REPRESENTATION('',(#4826),#4832);
#4826 = B_SPLINE_CURVE_WITH_KNOTS('',4,(#4827,#4828,#4829,#4830,#4831),
  .UNSPECIFIED.,.F.,.F.,(5,5),(0.,1.),.PIECEWISE_BEZIER_KNOTS.);
#4827 = CARTESIAN_POINT('',(27.0287981809,1.812251294592E-02));
#4828 = CARTESIAN_POINT('',(27.021598369648,1.809526769374E-02));
#4829 = CARTESIAN_POINT('',(27.014398733916,1.806796845291E-02));
#4830 = CARTESIAN_POINT('',(27.007199278236,1.80406148508E-02));
#4831 = CARTESIAN_POINT('',(27.,1.801320715881E-02));
#4832 = ( GEOMETRIC_REPRESENTATION_CONTEXT(2) 
PARAMETRIC_REPRESENTATION_CONTEXT() REPRESENTATION_CONTEXT('2D SPACE',''
  ) );
#4833 = ORIENTED_EDGE('',*,*,#4834,.T.);
#4834 = EDGE_CURVE('',#4806,#4835,#4837,.T.);
#4835 = VERTEX_POINT('',#4836);
#4836 = CARTESIAN_POINT('',(59.982479574296,1.449877277256,
    91.629614493071));
#4837 = SURFACE_CURVE('',#4838,(#4844,#4853),.PCURVE_S1.);
#4838 = B_SPLINE_CURVE_WITH_KNOTS('',4,(#4839,#4840,#4841,#4842,#4843),
  .UNSPECIFIED.,.F.,.F.,(5,5),(0.,1.),.PIECEWISE_BEZIER_KNOTS.);
#4839 = CARTESIAN_POINT('',(59.999982809824,4.541828699551E-02,
    90.705606337329));
#4840 = CARTESIAN_POINT('',(59.999717997231,0.395249865372,
    90.93745141234));
#4841 = CARTESIAN_POINT('',(59.996732948351,0.745907096239,
    91.16876902343));
#4842 = CARTESIAN_POINT('',(59.99099870916,1.097434459523,
    91.399508211982));
#4843 = CARTESIAN_POINT('',(59.982479574296,1.449877277256,
    91.629614493071));
#4844 = PCURVE('',#446,#4845);
#4845 = DEFINITIONAL_REPRESENTATION('',(#4846),#4852);
#4846 = B_SPLINE_CURVE_WITH_KNOTS('',4,(#4847,#4848,#4849,#4850,#4851),
  .UNSPECIFIED.,.F.,.F.,(5,5),(0.,1.),.PIECEWISE_BEZIER_KNOTS.);
#4847 = CARTESIAN_POINT('',(7.569715222168E-04,24.705606337329));
#4848 = CARTESIAN_POINT('',(6.587499498962E-03,24.93745141234));
#4849 = CARTESIAN_POINT('',(1.243182278689E-02,25.16876902343));
#4850 = CARTESIAN_POINT('',(1.829121091603E-02,25.399508211982));
#4851 = CARTESIAN_POINT('',(2.416697364266E-02,25.629614493071));
#4852 = ( GEOMETRIC_REPRESENTATION_CONTEXT(2) 
PARAMETRIC_REPRESENTATION_CONTEXT() REPRESENTATION_CONTEXT('2D SPACE',''
  ) );
#4853 = PCURVE('',#1509,#4854);
#4854 = DEFINITIONAL_REPRESENTATION('',(#4855),#4861);
#4855 = B_SPLINE_CURVE_WITH_KNOTS('',4,(#4856,#4857,#4858,#4859,#4860),
  .UNSPECIFIED.,.F.,.F.,(5,5),(0.,1.),.PIECEWISE_BEZIER_KNOTS.);
#4856 = CARTESIAN_POINT('',(27.,1.801320715881E-02));
#4857 = CARTESIAN_POINT('',(26.749709576186,1.716887715006E-02));
#4858 = CARTESIAN_POINT('',(26.49959940347,1.627308674509E-02));
#4859 = CARTESIAN_POINT('',(26.24968909151,1.53252301251E-02));
#4860 = CARTESIAN_POINT('',(26.,1.432458288502E-02));
#4861 = ( GEOMETRIC_REPRESENTATION_CONTEXT(2) 
PARAMETRIC_REPRESENTATION_CONTEXT() REPRESENTATION_CONTEXT('2D SPACE',''
  ) );
#4862 = ORIENTED_EDGE('',*,*,#4863,.T.);
#4863 = EDGE_CURVE('',#4835,#4864,#4866,.T.);
#4864 = VERTEX_POINT('',#4865);
#4865 = CARTESIAN_POINT('',(59.941208903376,2.655461391525,
    92.43054772672));
#4866 = SURFACE_CURVE('',#4867,(#4873,#4882),.PCURVE_S1.);
#4867 = B_SPLINE_CURVE_WITH_KNOTS('',4,(#4868,#4869,#4870,#4871,#4872),
  .UNSPECIFIED.,.F.,.F.,(5,5),(0.,1.),.PIECEWISE_BEZIER_KNOTS.);
#4868 = CARTESIAN_POINT('',(59.982479574296,1.449877277256,
    91.629614493071));
#4869 = CARTESIAN_POINT('',(59.975220038006,1.750209584067,
    91.830546113956));
#4870 = CARTESIAN_POINT('',(59.965937655722,2.051230802346,
    92.031034253329));
#4871 = CARTESIAN_POINT('',(59.954609554299,2.35297112787,92.23104637688
    ));
#4872 = CARTESIAN_POINT('',(59.941208903376,2.655461391525,
    92.43054772672));
#4873 = PCURVE('',#446,#4874);
#4874 = DEFINITIONAL_REPRESENTATION('',(#4875),#4881);
#4875 = B_SPLINE_CURVE_WITH_KNOTS('',4,(#4876,#4877,#4878,#4879,#4880),
  .UNSPECIFIED.,.F.,.F.,(5,5),(0.,1.),.PIECEWISE_BEZIER_KNOTS.);
#4876 = CARTESIAN_POINT('',(2.416697364266E-02,25.629614493071));
#4877 = CARTESIAN_POINT('',(2.917397416918E-02,25.830546113956));
#4878 = CARTESIAN_POINT('',(3.419326795033E-02,26.031034253329));
#4879 = CARTESIAN_POINT('',(3.922570168406E-02,26.23104637688));
#4880 = CARTESIAN_POINT('',(4.427215084965E-02,26.43054772672));
#4881 = ( GEOMETRIC_REPRESENTATION_CONTEXT(2) 
PARAMETRIC_REPRESENTATION_CONTEXT() REPRESENTATION_CONTEXT('2D SPACE',''
  ) );
#4882 = PCURVE('',#1452,#4883);
#4883 = DEFINITIONAL_REPRESENTATION('',(#4884),#4890);
#4884 = B_SPLINE_CURVE_WITH_KNOTS('',4,(#4885,#4886,#4887,#4888,#4889),
  .UNSPECIFIED.,.F.,.F.,(5,5),(0.,1.),.PIECEWISE_BEZIER_KNOTS.);
#4885 = CARTESIAN_POINT('',(26.,1.432458288502E-02));
#4886 = CARTESIAN_POINT('',(25.749724661306,1.347188656438E-02));
#4887 = CARTESIAN_POINT('',(25.499623003009,1.258078758719E-02));
#4888 = CARTESIAN_POINT('',(25.249709530139,1.165081838884E-02));
#4889 = CARTESIAN_POINT('',(25.,1.06814416027E-02));
#4890 = ( GEOMETRIC_REPRESENTATION_CONTEXT(2) 
PARAMETRIC_REPRESENTATION_CONTEXT() REPRESENTATION_CONTEXT('2D SPACE',''
  ) );
#4891 = ORIENTED_EDGE('',*,*,#4892,.T.);
#4892 = EDGE_CURVE('',#4864,#4893,#4895,.T.);
#4893 = VERTEX_POINT('',#4894);
#4894 = CARTESIAN_POINT('',(59.890023825487,3.631121890359,
    93.082514502408));
#4895 = SURFACE_CURVE('',#4896,(#4902,#4911),.PCURVE_S1.);
#4896 = B_SPLINE_CURVE_WITH_KNOTS('',4,(#4897,#4898,#4899,#4900,#4901),
  .UNSPECIFIED.,.F.,.F.,(5,5),(0.,1.),.PIECEWISE_BEZIER_KNOTS.);
#4897 = CARTESIAN_POINT('',(59.941208903376,2.655461391525,
    92.43054772672));
#4898 = CARTESIAN_POINT('',(59.930437800883,2.89859537445,
    92.594027040018));
#4899 = CARTESIAN_POINT('',(59.918326636076,3.14223824015,
    92.757192894545));
#4900 = CARTESIAN_POINT('',(59.904860804943,3.38640770009,
    92.920028124997));
#4901 = CARTESIAN_POINT('',(59.890023825487,3.631121890359,
    93.082514502408));
#4902 = PCURVE('',#446,#4903);
#4903 = DEFINITIONAL_REPRESENTATION('',(#4904),#4910);
#4904 = B_SPLINE_CURVE_WITH_KNOTS('',4,(#4905,#4906,#4907,#4908,#4909),
  .UNSPECIFIED.,.F.,.F.,(5,5),(0.,1.),.PIECEWISE_BEZIER_KNOTS.);
#4905 = CARTESIAN_POINT('',(4.427215084965E-02,26.43054772672));
#4906 = CARTESIAN_POINT('',(4.832835837988E-02,26.594027040018));
#4907 = CARTESIAN_POINT('',(5.239402747035E-02,26.757192894545));
#4908 = CARTESIAN_POINT('',(5.646964161792E-02,26.920028124997));
#4909 = CARTESIAN_POINT('',(6.055570094196E-02,27.082514502408));
#4910 = ( GEOMETRIC_REPRESENTATION_CONTEXT(2) 
PARAMETRIC_REPRESENTATION_CONTEXT() REPRESENTATION_CONTEXT('2D SPACE',''
  ) );
#4911 = PCURVE('',#1407,#4912);
#4912 = DEFINITIONAL_REPRESENTATION('',(#4913),#4919);
#4913 = B_SPLINE_CURVE_WITH_KNOTS('',4,(#4914,#4915,#4916,#4917,#4918),
  .UNSPECIFIED.,.F.,.F.,(5,5),(0.,1.),.PIECEWISE_BEZIER_KNOTS.);
#4914 = CARTESIAN_POINT('',(25.,1.06814416027E-02));
#4915 = CARTESIAN_POINT('',(24.749776610923,9.902281188994E-03));
#4916 = CARTESIAN_POINT('',(24.499696024436,9.097583156575E-03));
#4917 = CARTESIAN_POINT('',(24.249767251674,8.267052195711E-03));
#4918 = CARTESIAN_POINT('',(24.,7.410359555679E-03));
#4919 = ( GEOMETRIC_REPRESENTATION_CONTEXT(2) 
PARAMETRIC_REPRESENTATION_CONTEXT() REPRESENTATION_CONTEXT('2D SPACE',''
  ) );
#4920 = ORIENTED_EDGE('',*,*,#4921,.T.);
#4921 = EDGE_CURVE('',#4893,#4922,#4924,.T.);
#4922 = VERTEX_POINT('',#4923);
#4923 = CARTESIAN_POINT('',(59.842119209577,4.349800973241,
    93.564139095379));
#4924 = SURFACE_CURVE('',#4925,(#4931,#4940),.PCURVE_S1.);
#4925 = B_SPLINE_CURVE_WITH_KNOTS('',4,(#4926,#4927,#4928,#4929,#4930),
  .UNSPECIFIED.,.F.,.F.,(5,5),(0.,1.),.PIECEWISE_BEZIER_KNOTS.);
#4926 = CARTESIAN_POINT('',(59.890023825487,3.631121890359,
    93.082514502408));
#4927 = CARTESIAN_POINT('',(59.879159506101,3.810312886006,
    93.203185832316));
#4928 = CARTESIAN_POINT('',(59.867558688207,3.989817545976,
    93.323684834244));
#4929 = CARTESIAN_POINT('',(59.855214443725,4.169644095311,
    93.444004901901));
#4930 = CARTESIAN_POINT('',(59.842119209577,4.349800973241,
    93.564139095379));
#4931 = PCURVE('',#446,#4932);
#4932 = DEFINITIONAL_REPRESENTATION('',(#4933),#4939);
#4933 = B_SPLINE_CURVE_WITH_KNOTS('',4,(#4934,#4935,#4936,#4937,#4938),
  .UNSPECIFIED.,.F.,.F.,(5,5),(0.,1.),.PIECEWISE_BEZIER_KNOTS.);
#4934 = CARTESIAN_POINT('',(6.055570094196E-02,27.082514502408));
#4935 = CARTESIAN_POINT('',(6.354770168266E-02,27.203185832316));
#4936 = CARTESIAN_POINT('',(6.654566345129E-02,27.323684834244));
#4937 = CARTESIAN_POINT('',(6.954980145953E-02,27.444004901901));
#4938 = CARTESIAN_POINT('',(7.256033785613E-02,27.564139095379));
#4939 = ( GEOMETRIC_REPRESENTATION_CONTEXT(2) 
PARAMETRIC_REPRESENTATION_CONTEXT() REPRESENTATION_CONTEXT('2D SPACE',''
  ) );
#4940 = PCURVE('',#1365,#4941);
#4941 = DEFINITIONAL_REPRESENTATION('',(#4942),#4948);
#4942 = B_SPLINE_CURVE_WITH_KNOTS('',4,(#4943,#4944,#4945,#4946,#4947),
  .UNSPECIFIED.,.F.,.F.,(5,5),(0.,1.),.PIECEWISE_BEZIER_KNOTS.);
#4943 = CARTESIAN_POINT('',(24.,7.410359555679E-03));
#4944 = CARTESIAN_POINT('',(23.749860080375,6.783049766404E-03));
#4945 = CARTESIAN_POINT('',(23.499810687209,6.141636895571E-03));
#4946 = CARTESIAN_POINT('',(23.249855886558,5.485980936547E-03));
#4947 = CARTESIAN_POINT('',(23.,4.815930379044E-03));
#4948 = ( GEOMETRIC_REPRESENTATION_CONTEXT(2) 
PARAMETRIC_REPRESENTATION_CONTEXT() REPRESENTATION_CONTEXT('2D SPACE',''
  ) );
#4949 = ORIENTED_EDGE('',*,*,#4950,.T.);
#4950 = EDGE_CURVE('',#4922,#4951,#4953,.T.);
#4951 = VERTEX_POINT('',#4952);
#4952 = CARTESIAN_POINT('',(59.808478097169,4.790192866729,
    93.859583208786));
#4953 = SURFACE_CURVE('',#4954,(#4960,#4969),.PCURVE_S1.);
#4954 = B_SPLINE_CURVE_WITH_KNOTS('',4,(#4955,#4956,#4957,#4958,#4959),
  .UNSPECIFIED.,.F.,.F.,(5,5),(0.,1.),.PIECEWISE_BEZIER_KNOTS.);
#4955 = CARTESIAN_POINT('',(59.842119209577,4.349800973241,
    93.564139095379));
#4956 = CARTESIAN_POINT('',(59.83413135671,4.45969336749,93.638092392942
    ));
#4957 = CARTESIAN_POINT('',(59.825863161946,4.56972126,93.711985104593)
  );
#4958 = CARTESIAN_POINT('',(59.817312739691,4.679886969148,
    93.785815851653));
#4959 = CARTESIAN_POINT('',(59.808478097169,4.790192866729,
    93.859583208786));
#4960 = PCURVE('',#446,#4961);
#4961 = DEFINITIONAL_REPRESENTATION('',(#4962),#4968);
#4962 = B_SPLINE_CURVE_WITH_KNOTS('',4,(#4963,#4964,#4965,#4966,#4967),
  .UNSPECIFIED.,.F.,.F.,(5,5),(0.,1.),.PIECEWISE_BEZIER_KNOTS.);
#4963 = CARTESIAN_POINT('',(7.256033785613E-02,27.564139095379));
#4964 = CARTESIAN_POINT('',(7.439670989142E-02,27.638092392942));
#4965 = CARTESIAN_POINT('',(7.623567302023E-02,27.711985104593));
#4966 = CARTESIAN_POINT('',(7.807728456924E-02,27.785815851653));
#4967 = CARTESIAN_POINT('',(7.992160331953E-02,27.859583208786));
#4968 = ( GEOMETRIC_REPRESENTATION_CONTEXT(2) 
PARAMETRIC_REPRESENTATION_CONTEXT() REPRESENTATION_CONTEXT('2D SPACE',''
  ) );
#4969 = PCURVE('',#1329,#4970);
#4970 = DEFINITIONAL_REPRESENTATION('',(#4971),#4977);
#4971 = B_SPLINE_CURVE_WITH_KNOTS('',4,(#4972,#4973,#4974,#4975,#4976),
  .UNSPECIFIED.,.F.,.F.,(5,5),(0.,1.),.PIECEWISE_BEZIER_KNOTS.);
#4972 = CARTESIAN_POINT('',(23.,4.815930379044E-03));
#4973 = CARTESIAN_POINT('',(22.749950051273,4.407211817322E-03));
#4974 = CARTESIAN_POINT('',(22.499932797969,3.993090515962E-03));
#4975 = CARTESIAN_POINT('',(22.249949136103,3.573528058245E-03));
#4976 = CARTESIAN_POINT('',(22.,3.14848403647E-03));
#4977 = ( GEOMETRIC_REPRESENTATION_CONTEXT(2) 
PARAMETRIC_REPRESENTATION_CONTEXT() REPRESENTATION_CONTEXT('2D SPACE',''
  ) );
#4978 = ORIENTED_EDGE('',*,*,#4979,.T.);
#4979 = EDGE_CURVE('',#4951,#4980,#4982,.T.);
#4980 = VERTEX_POINT('',#4981);
#4981 = CARTESIAN_POINT('',(59.796408716058,4.93857314031,
    93.959151178634));
#4982 = SURFACE_CURVE('',#4983,(#4989,#4998),.PCURVE_S1.);
#4983 = B_SPLINE_CURVE_WITH_KNOTS('',4,(#4984,#4985,#4986,#4987,#4988),
  .UNSPECIFIED.,.F.,.F.,(5,5),(0.,1.),.PIECEWISE_BEZIER_KNOTS.);
#4984 = CARTESIAN_POINT('',(59.808478097169,4.790192866729,
    93.859583208786));
#4985 = CARTESIAN_POINT('',(59.805509160895,4.827261846001,
    93.884484469267));
#4986 = CARTESIAN_POINT('',(59.802508007258,4.864348146717,
    93.90937958183));
#4987 = CARTESIAN_POINT('',(59.799474553704,4.901451875572,
    93.934268500471));
#4988 = CARTESIAN_POINT('',(59.796408716058,4.93857314031,
    93.959151178634));
#4989 = PCURVE('',#446,#4990);
#4990 = DEFINITIONAL_REPRESENTATION('',(#4991),#4997);
#4991 = B_SPLINE_CURVE_WITH_KNOTS('',4,(#4992,#4993,#4994,#4995,#4996),
  .UNSPECIFIED.,.F.,.F.,(5,5),(0.,1.),.PIECEWISE_BEZIER_KNOTS.);
#4992 = CARTESIAN_POINT('',(7.992160331953E-02,27.859583208786));
#4993 = CARTESIAN_POINT('',(8.054139804516E-02,27.884484469267));
#4994 = CARTESIAN_POINT('',(8.116152340872E-02,27.90937958183));
#4995 = CARTESIAN_POINT('',(8.178198192754E-02,27.934268500471));
#4996 = CARTESIAN_POINT('',(8.24027761447E-02,27.959151178634));
#4997 = ( GEOMETRIC_REPRESENTATION_CONTEXT(2) 
PARAMETRIC_REPRESENTATION_CONTEXT() REPRESENTATION_CONTEXT('2D SPACE',''
  ) );
#4998 = PCURVE('',#1293,#4999);
#4999 = DEFINITIONAL_REPRESENTATION('',(#5000),#5006);
#5000 = B_SPLINE_CURVE_WITH_KNOTS('',4,(#5001,#5002,#5003,#5004,#5005),
  .UNSPECIFIED.,.F.,.F.,(5,5),(0.,1.),.PIECEWISE_BEZIER_KNOTS.);
#5001 = CARTESIAN_POINT('',(22.,3.14848403647E-03));
#5002 = CARTESIAN_POINT('',(21.749997392707,3.005645363486E-03));
#5003 = CARTESIAN_POINT('',(21.499996512805,2.862181897443E-03));
#5004 = CARTESIAN_POINT('',(21.249997376437,2.718091939395E-03));
#5005 = CARTESIAN_POINT('',(21.,2.573373759562E-03));
#5006 = ( GEOMETRIC_REPRESENTATION_CONTEXT(2) 
PARAMETRIC_REPRESENTATION_CONTEXT() REPRESENTATION_CONTEXT('2D SPACE',''
  ) );
#5007 = ORIENTED_EDGE('',*,*,#5008,.T.);
#5008 = EDGE_CURVE('',#4980,#5009,#5011,.T.);
#5009 = VERTEX_POINT('',#5010);
#5010 = CARTESIAN_POINT('',(59.805095934926,4.832235529682,
    93.819029679644));
#5011 = SURFACE_CURVE('',#5012,(#5018,#5027),.PCURVE_S1.);
#5012 = B_SPLINE_CURVE_WITH_KNOTS('',4,(#5013,#5014,#5015,#5016,#5017),
  .UNSPECIFIED.,.F.,.F.,(5,5),(0.,1.),.PIECEWISE_BEZIER_KNOTS.);
#5013 = CARTESIAN_POINT('',(59.796408716058,4.93857314031,
    93.959151178634));
#5014 = CARTESIAN_POINT('',(59.798605627255,4.91197286607,
    93.924122761735));
#5015 = CARTESIAN_POINT('',(59.800785776595,4.885383208442,
    93.889093036722));
#5016 = CARTESIAN_POINT('',(59.802949200521,4.858804113981,
    93.85406200794));
#5017 = CARTESIAN_POINT('',(59.805095934926,4.832235529682,
    93.819029679644));
#5018 = PCURVE('',#446,#5019);
#5019 = DEFINITIONAL_REPRESENTATION('',(#5020),#5026);
#5020 = B_SPLINE_CURVE_WITH_KNOTS('',4,(#5021,#5022,#5023,#5024,#5025),
  .UNSPECIFIED.,.F.,.F.,(5,5),(0.,1.),.PIECEWISE_BEZIER_KNOTS.);
#5021 = CARTESIAN_POINT('',(8.24027761447E-02,27.959151178634));
#5022 = CARTESIAN_POINT('',(8.195792878997E-02,27.924122761735));
#5023 = CARTESIAN_POINT('',(8.151328077271E-02,27.889093036722));
#5024 = CARTESIAN_POINT('',(8.106883092047E-02,27.85406200794));
#5025 = CARTESIAN_POINT('',(8.062457807071E-02,27.819029679644));
#5026 = ( GEOMETRIC_REPRESENTATION_CONTEXT(2) 
PARAMETRIC_REPRESENTATION_CONTEXT() REPRESENTATION_CONTEXT('2D SPACE',''
  ) );
#5027 = PCURVE('',#1257,#5028);
#5028 = DEFINITIONAL_REPRESENTATION('',(#5029),#5035);
#5029 = B_SPLINE_CURVE_WITH_KNOTS('',4,(#5030,#5031,#5032,#5033,#5034),
  .UNSPECIFIED.,.F.,.F.,(5,5),(0.,1.),.PIECEWISE_BEZIER_KNOTS.);
#5030 = CARTESIAN_POINT('',(21.,2.573373759562E-03));
#5031 = CARTESIAN_POINT('',(20.750001359102,2.677075594566E-03));
#5032 = CARTESIAN_POINT('',(20.500001807361,2.780448562614E-03));
#5033 = CARTESIAN_POINT('',(20.250001351956,2.883493432385E-03));
#5034 = CARTESIAN_POINT('',(20.,2.986210961797E-03));
#5035 = ( GEOMETRIC_REPRESENTATION_CONTEXT(2) 
PARAMETRIC_REPRESENTATION_CONTEXT() REPRESENTATION_CONTEXT('2D SPACE',''
  ) );
#5036 = ORIENTED_EDGE('',*,*,#5037,.T.);
#5037 = EDGE_CURVE('',#5009,#5038,#5040,.T.);
#5038 = VERTEX_POINT('',#5039);
#5039 = CARTESIAN_POINT('',(59.829975806204,4.513756199556,
    93.403933181067));
#5040 = SURFACE_CURVE('',#5041,(#5047,#5056),.PCURVE_S1.);
#5041 = B_SPLINE_CURVE_WITH_KNOTS('',4,(#5042,#5043,#5044,#5045,#5046),
  .UNSPECIFIED.,.F.,.F.,(5,5),(0.,1.),.PIECEWISE_BEZIER_KNOTS.);
#5042 = CARTESIAN_POINT('',(59.805095934926,4.832235529682,
    93.819029679644));
#5043 = CARTESIAN_POINT('',(59.811539960509,4.752482470074,
    93.715282658567));
#5044 = CARTESIAN_POINT('',(59.81783400852,4.672819083898,
    93.611517394539));
#5045 = CARTESIAN_POINT('',(59.823978997533,4.593244081015,
    93.507734151044));
#5046 = CARTESIAN_POINT('',(59.829975806204,4.513756199556,
    93.403933181067));
#5047 = PCURVE('',#446,#5048);
#5048 = DEFINITIONAL_REPRESENTATION('',(#5049),#5055);
#5049 = B_SPLINE_CURVE_WITH_KNOTS('',4,(#5050,#5051,#5052,#5053,#5054),
  .UNSPECIFIED.,.F.,.F.,(5,5),(0.,1.),.PIECEWISE_BEZIER_KNOTS.);
#5050 = CARTESIAN_POINT('',(8.062457807071E-02,27.819029679644));
#5051 = CARTESIAN_POINT('',(7.929102850673E-02,27.715282658567));
#5052 = CARTESIAN_POINT('',(7.795916995792E-02,27.611517394539));
#5053 = CARTESIAN_POINT('',(7.662897343567E-02,27.507734151044));
#5054 = CARTESIAN_POINT('',(7.530041061432E-02,27.403933181067));
#5055 = ( GEOMETRIC_REPRESENTATION_CONTEXT(2) 
PARAMETRIC_REPRESENTATION_CONTEXT() REPRESENTATION_CONTEXT('2D SPACE',''
  ) );
#5056 = PCURVE('',#1221,#5057);
#5057 = DEFINITIONAL_REPRESENTATION('',(#5058),#5064);
#5058 = B_SPLINE_CURVE_WITH_KNOTS('',4,(#5059,#5060,#5061,#5062,#5063),
  .UNSPECIFIED.,.F.,.F.,(5,5),(0.,1.),.PIECEWISE_BEZIER_KNOTS.);
#5059 = CARTESIAN_POINT('',(20.,2.986210961797E-03));
#5060 = CARTESIAN_POINT('',(19.75002561581,3.294546443793E-03));
#5061 = CARTESIAN_POINT('',(19.500033885679,3.599951812759E-03));
#5062 = CARTESIAN_POINT('',(19.250025215395,3.90244627859E-03));
#5063 = CARTESIAN_POINT('',(19.,4.202048283891E-03));
#5064 = ( GEOMETRIC_REPRESENTATION_CONTEXT(2) 
PARAMETRIC_REPRESENTATION_CONTEXT() REPRESENTATION_CONTEXT('2D SPACE',''
  ) );
#5065 = ORIENTED_EDGE('',*,*,#5066,.T.);
#5066 = EDGE_CURVE('',#5038,#5067,#5069,.T.);
#5067 = VERTEX_POINT('',#5068);
#5068 = CARTESIAN_POINT('',(59.867518176203,3.985005322701,
    92.729291223171));
#5069 = SURFACE_CURVE('',#5070,(#5076,#5085),.PCURVE_S1.);
#5070 = B_SPLINE_CURVE_WITH_KNOTS('',4,(#5071,#5072,#5073,#5074,#5075),
  .UNSPECIFIED.,.F.,.F.,(5,5),(0.,1.),.PIECEWISE_BEZIER_KNOTS.);
#5071 = CARTESIAN_POINT('',(59.829975806204,4.513756199556,
    93.403933181067));
#5072 = CARTESIAN_POINT('',(59.839973962984,4.381230327136,
    93.235369569068));
#5073 = CARTESIAN_POINT('',(59.849561223304,4.248933350278,
    93.066740201038));
#5074 = CARTESIAN_POINT('',(59.858741434575,4.116860037171,
    92.89804685745));
#5075 = CARTESIAN_POINT('',(59.867518176203,3.985005322701,
    92.729291223171));
#5076 = PCURVE('',#446,#5077);
#5077 = DEFINITIONAL_REPRESENTATION('',(#5078),#5084);
#5078 = B_SPLINE_CURVE_WITH_KNOTS('',4,(#5079,#5080,#5081,#5082,#5083),
  .UNSPECIFIED.,.F.,.F.,(5,5),(0.,1.),.PIECEWISE_BEZIER_KNOTS.);
#5079 = CARTESIAN_POINT('',(7.530041061432E-02,27.403933181067));
#5080 = CARTESIAN_POINT('',(7.308536923022E-02,27.235369569068));
#5081 = CARTESIAN_POINT('',(7.087464715062E-02,27.066740201038));
#5082 = CARTESIAN_POINT('',(6.866812363114E-02,26.89804685745));
#5083 = CARTESIAN_POINT('',(6.646568199857E-02,26.729291223171));
#5084 = ( GEOMETRIC_REPRESENTATION_CONTEXT(2) 
PARAMETRIC_REPRESENTATION_CONTEXT() REPRESENTATION_CONTEXT('2D SPACE',''
  ) );
#5085 = PCURVE('',#1185,#5086);
#5086 = DEFINITIONAL_REPRESENTATION('',(#5087),#5093);
#5087 = B_SPLINE_CURVE_WITH_KNOTS('',4,(#5088,#5089,#5090,#5091,#5092),
  .UNSPECIFIED.,.F.,.F.,(5,5),(0.,1.),.PIECEWISE_BEZIER_KNOTS.);
#5088 = CARTESIAN_POINT('',(19.,4.202048283891E-03));
#5089 = CARTESIAN_POINT('',(18.750071847982,4.701558604242E-03));
#5090 = CARTESIAN_POINT('',(18.50009452931,5.193078769962E-03));
#5091 = CARTESIAN_POINT('',(18.250069965078,5.676688703808E-03));
#5092 = CARTESIAN_POINT('',(18.,6.152463241525E-03));
#5093 = ( GEOMETRIC_REPRESENTATION_CONTEXT(2) 
PARAMETRIC_REPRESENTATION_CONTEXT() REPRESENTATION_CONTEXT('2D SPACE',''
  ) );
#5094 = ORIENTED_EDGE('',*,*,#5095,.T.);
#5095 = EDGE_CURVE('',#5067,#5096,#5098,.T.);
#5096 = VERTEX_POINT('',#5097);
#5097 = CARTESIAN_POINT('',(59.911920137664,3.249896216524,
    91.819643200838));
#5098 = SURFACE_CURVE('',#5099,(#5105,#5114),.PCURVE_S1.);
#5099 = B_SPLINE_CURVE_WITH_KNOTS('',4,(#5100,#5101,#5102,#5103,#5104),
  .UNSPECIFIED.,.F.,.F.,(5,5),(0.,1.),.PIECEWISE_BEZIER_KNOTS.);
#5100 = CARTESIAN_POINT('',(59.867518176203,3.985005322701,
    92.729291223171));
#5101 = CARTESIAN_POINT('',(59.879791101474,3.800626754232,
    92.502087379098));
#5102 = CARTESIAN_POINT('',(59.891276306176,3.616657426112,
    92.274741056188));
#5103 = CARTESIAN_POINT('',(59.901983160494,3.433084645622,
    92.047257903212));
#5104 = CARTESIAN_POINT('',(59.911920137664,3.249896216524,
    91.819643200838));
#5105 = PCURVE('',#446,#5106);
#5106 = DEFINITIONAL_REPRESENTATION('',(#5107),#5113);
#5107 = B_SPLINE_CURVE_WITH_KNOTS('',4,(#5108,#5109,#5110,#5111,#5112),
  .UNSPECIFIED.,.F.,.F.,(5,5),(0.,1.),.PIECEWISE_BEZIER_KNOTS.);
#5108 = CARTESIAN_POINT('',(6.646568199857E-02,26.729291223171));
#5109 = CARTESIAN_POINT('',(6.338590561756E-02,26.502087379098));
#5110 = CARTESIAN_POINT('',(6.031380680471E-02,26.274741056188));
#5111 = CARTESIAN_POINT('',(5.724908626053E-02,26.047257903212));
#5112 = CARTESIAN_POINT('',(5.419145718311E-02,25.819643200838));
#5113 = ( GEOMETRIC_REPRESENTATION_CONTEXT(2) 
PARAMETRIC_REPRESENTATION_CONTEXT() REPRESENTATION_CONTEXT('2D SPACE',''
  ) );
#5114 = PCURVE('',#1149,#5115);
#5115 = DEFINITIONAL_REPRESENTATION('',(#5116),#5122);
#5116 = B_SPLINE_CURVE_WITH_KNOTS('',4,(#5117,#5118,#5119,#5120,#5121),
  .UNSPECIFIED.,.F.,.F.,(5,5),(0.,1.),.PIECEWISE_BEZIER_KNOTS.);
#5117 = CARTESIAN_POINT('',(18.,6.152463241524E-03));
#5118 = CARTESIAN_POINT('',(17.750118025634,6.817760864979E-03));
#5119 = CARTESIAN_POINT('',(17.500154362028,7.467803069467E-03));
#5120 = CARTESIAN_POINT('',(17.250113574886,8.102784146428E-03));
#5121 = CARTESIAN_POINT('',(17.,8.722881527673E-03));
#5122 = ( GEOMETRIC_REPRESENTATION_CONTEXT(2) 
PARAMETRIC_REPRESENTATION_CONTEXT() REPRESENTATION_CONTEXT('2D SPACE',''
  ) );
#5123 = ORIENTED_EDGE('',*,*,#5124,.T.);
#5124 = EDGE_CURVE('',#5096,#5125,#5127,.T.);
#5125 = VERTEX_POINT('',#5126);
#5126 = CARTESIAN_POINT('',(59.95531275166,2.315269498501,
    90.707105178392));
#5127 = SURFACE_CURVE('',#5128,(#5134,#5143),.PCURVE_S1.);
#5128 = B_SPLINE_CURVE_WITH_KNOTS('',4,(#5129,#5130,#5131,#5132,#5133),
  .UNSPECIFIED.,.F.,.F.,(5,5),(0.,1.),.PIECEWISE_BEZIER_KNOTS.);
#5129 = CARTESIAN_POINT('',(59.911920137664,3.249896216524,
    91.819643200838));
#5130 = CARTESIAN_POINT('',(59.924642962691,3.015350610699,
    91.54185303809));
#5131 = CARTESIAN_POINT('',(59.936104910468,2.781413348235,
    91.263825148135));
#5132 = CARTESIAN_POINT('',(59.946323154885,2.548060578107,
    90.985572008528));
#5133 = CARTESIAN_POINT('',(59.95531275166,2.315269498501,
    90.707105178392));
#5134 = PCURVE('',#446,#5135);
#5135 = DEFINITIONAL_REPRESENTATION('',(#5136),#5142);
#5136 = B_SPLINE_CURVE_WITH_KNOTS('',4,(#5137,#5138,#5139,#5140,#5141),
  .UNSPECIFIED.,.F.,.F.,(5,5),(0.,1.),.PIECEWISE_BEZIER_KNOTS.);
#5137 = CARTESIAN_POINT('',(5.419145718311E-02,25.819643200838));
#5138 = CARTESIAN_POINT('',(5.027661677595E-02,25.54185303809));
#5139 = CARTESIAN_POINT('',(4.637303877176E-02,25.263825148135));
#5140 = CARTESIAN_POINT('',(4.248015088468E-02,24.985572008528));
#5141 = CARTESIAN_POINT('',(3.859740773947E-02,24.707105178392));
#5142 = ( GEOMETRIC_REPRESENTATION_CONTEXT(2) 
PARAMETRIC_REPRESENTATION_CONTEXT() REPRESENTATION_CONTEXT('2D SPACE',''
  ) );
#5143 = PCURVE('',#1110,#5144);
#5144 = DEFINITIONAL_REPRESENTATION('',(#5145),#5151);
#5145 = B_SPLINE_CURVE_WITH_KNOTS('',4,(#5146,#5147,#5148,#5149,#5150),
  .UNSPECIFIED.,.F.,.F.,(5,5),(0.,1.),.PIECEWISE_BEZIER_KNOTS.);
#5146 = CARTESIAN_POINT('',(17.,8.722881527673E-03));
#5147 = CARTESIAN_POINT('',(16.75015246433,9.51682422739E-03));
#5148 = CARTESIAN_POINT('',(16.50019801772,1.028644168805E-02));
#5149 = CARTESIAN_POINT('',(16.25014467899,1.103209105707E-02));
#5150 = CARTESIAN_POINT('',(16.,1.175408998135E-02));
#5151 = ( GEOMETRIC_REPRESENTATION_CONTEXT(2) 
PARAMETRIC_REPRESENTATION_CONTEXT() REPRESENTATION_CONTEXT('2D SPACE',''
  ) );
#5152 = ORIENTED_EDGE('',*,*,#5153,.T.);
#5153 = EDGE_CURVE('',#5125,#5154,#5156,.T.);
#5154 = VERTEX_POINT('',#5155);
#5155 = CARTESIAN_POINT('',(59.98816507085,1.19165910917,89.42962054945)
  );
#5156 = SURFACE_CURVE('',#5157,(#5163,#5172),.PCURVE_S1.);
#5157 = B_SPLINE_CURVE_WITH_KNOTS('',4,(#5158,#5159,#5160,#5161,#5162),
  .UNSPECIFIED.,.F.,.F.,(5,5),(0.,1.),.PIECEWISE_BEZIER_KNOTS.);
#5158 = CARTESIAN_POINT('',(59.95531275166,2.315269498501,
    90.707105178392));
#5159 = CARTESIAN_POINT('',(59.966205106905,2.033205330252,
    90.388217677067));
#5160 = CARTESIAN_POINT('',(59.975294633569,1.751940646003,
    90.068993146627));
#5161 = CARTESIAN_POINT('',(59.982607303124,1.471437348776,
    89.749453911314));
#5162 = CARTESIAN_POINT('',(59.98816507085,1.19165910917,89.42962054945)
  );
#5163 = PCURVE('',#446,#5164);
#5164 = DEFINITIONAL_REPRESENTATION('',(#5165),#5171);
#5165 = B_SPLINE_CURVE_WITH_KNOTS('',4,(#5166,#5167,#5168,#5169,#5170),
  .UNSPECIFIED.,.F.,.F.,(5,5),(0.,1.),.PIECEWISE_BEZIER_KNOTS.);
#5166 = CARTESIAN_POINT('',(3.859740773947E-02,24.707105178392));
#5167 = CARTESIAN_POINT('',(3.389283436134E-02,24.388217677067));
#5168 = CARTESIAN_POINT('',(2.920273519012E-02,24.068993146627));
#5169 = CARTESIAN_POINT('',(2.452618171485E-02,23.749453911314));
#5170 = CARTESIAN_POINT('',(1.986229110784E-02,23.42962054945));
#5171 = ( GEOMETRIC_REPRESENTATION_CONTEXT(2) 
PARAMETRIC_REPRESENTATION_CONTEXT() REPRESENTATION_CONTEXT('2D SPACE',''
  ) );
#5172 = PCURVE('',#1065,#5173);
#5173 = DEFINITIONAL_REPRESENTATION('',(#5174),#5180);
#5174 = B_SPLINE_CURVE_WITH_KNOTS('',4,(#5175,#5176,#5177,#5178,#5179),
  .UNSPECIFIED.,.F.,.F.,(5,5),(0.,1.),.PIECEWISE_BEZIER_KNOTS.);
#5175 = CARTESIAN_POINT('',(16.,1.175408998135E-02));
#5176 = CARTESIAN_POINT('',(15.750170127666,1.262890883782E-02));
#5177 = CARTESIAN_POINT('',(15.500219019414,1.34690840276E-02));
#5178 = CARTESIAN_POINT('',(15.250158588818,1.427515997824E-02));
#5179 = CARTESIAN_POINT('',(15.,1.504760675598E-02));
#5180 = ( GEOMETRIC_REPRESENTATION_CONTEXT(2) 
PARAMETRIC_REPRESENTATION_CONTEXT() REPRESENTATION_CONTEXT('2D SPACE',''
  ) );
#5181 = ORIENTED_EDGE('',*,*,#5182,.T.);
#5182 = EDGE_CURVE('',#5154,#954,#5183,.T.);
#5183 = SURFACE_CURVE('',#5184,(#5190,#5199),.PCURVE_S1.);
#5184 = B_SPLINE_CURVE_WITH_KNOTS('',4,(#5185,#5186,#5187,#5188,#5189),
  .UNSPECIFIED.,.F.,.F.,(5,5),(0.,1.),.PIECEWISE_BEZIER_KNOTS.);
#5185 = CARTESIAN_POINT('',(59.98816507085,1.19165910917,89.42962054945)
  );
#5186 = CARTESIAN_POINT('',(59.994106281868,0.892578319584,
    89.108851451292));
#5187 = CARTESIAN_POINT('',(59.998042569427,0.594302456731,
    88.787725383189));
#5188 = CARTESIAN_POINT('',(60.000000000001,0.296789696477,
    88.466269203314));
#5189 = CARTESIAN_POINT('',(60.,-1.665334536938E-16,88.144507823605));
#5190 = PCURVE('',#446,#5191);
#5191 = DEFINITIONAL_REPRESENTATION('',(#5192),#5198);
#5192 = B_SPLINE_CURVE_WITH_KNOTS('',4,(#5193,#5194,#5195,#5196,#5197),
  .UNSPECIFIED.,.F.,.F.,(5,5),(0.,1.),.PIECEWISE_BEZIER_KNOTS.);
#5193 = CARTESIAN_POINT('',(1.986229110784E-02,23.42962054945));
#5194 = CARTESIAN_POINT('',(1.487662786521E-02,23.108851451292));
#5195 = CARTESIAN_POINT('',(9.905041015393E-03,22.787725383189));
#5196 = CARTESIAN_POINT('',(4.946494941283E-03,22.466269203314));
#5197 = CARTESIAN_POINT('',(0.,22.144507823605));
#5198 = ( GEOMETRIC_REPRESENTATION_CONTEXT(2) 
PARAMETRIC_REPRESENTATION_CONTEXT() REPRESENTATION_CONTEXT('2D SPACE',''
  ) );
#5199 = PCURVE('',#1014,#5200);
#5200 = DEFINITIONAL_REPRESENTATION('',(#5201),#5207);
#5201 = B_SPLINE_CURVE_WITH_KNOTS('',4,(#5202,#5203,#5204,#5205,#5206),
  .UNSPECIFIED.,.F.,.F.,(5,5),(0.,1.),.PIECEWISE_BEZIER_KNOTS.);
#5202 = CARTESIAN_POINT('',(15.,1.504760675598E-02));
#5203 = CARTESIAN_POINT('',(14.770700090639,1.587334642939E-02));
#5204 = CARTESIAN_POINT('',(14.54129666318,1.666072204083E-02));
#5205 = CARTESIAN_POINT('',(14.311802009322,1.741028777252E-02));
#5206 = CARTESIAN_POINT('',(14.08222770181,1.812251296208E-02));
#5207 = ( GEOMETRIC_REPRESENTATION_CONTEXT(2) 
PARAMETRIC_REPRESENTATION_CONTEXT() REPRESENTATION_CONTEXT('2D SPACE',''
  ) );
#5208 = ORIENTED_EDGE('',*,*,#953,.F.);
#5209 = ORIENTED_EDGE('',*,*,#5210,.T.);
#5210 = EDGE_CURVE('',#891,#5211,#5213,.T.);
#5211 = VERTEX_POINT('',#5212);
#5212 = CARTESIAN_POINT('',(59.999977354361,5.212941755004E-02,
    81.556255692314));
#5213 = SURFACE_CURVE('',#5214,(#5220,#5229),.PCURVE_S1.);
#5214 = B_SPLINE_CURVE_WITH_KNOTS('',4,(#5215,#5216,#5217,#5218,#5219),
  .UNSPECIFIED.,.F.,.F.,(5,5),(0.,1.),.PIECEWISE_BEZIER_KNOTS.);
#5215 = CARTESIAN_POINT('',(60.,-1.110223024625E-16,81.53049782486));
#5216 = CARTESIAN_POINT('',(60.,1.314900749627E-02,81.536992969968));
#5217 = CARTESIAN_POINT('',(59.999996214579,2.603619555332E-02,
    81.543360087801));
#5218 = CARTESIAN_POINT('',(59.999988646356,3.913254358351E-02,
    81.549831821216));
#5219 = CARTESIAN_POINT('',(59.999977354361,5.212941755004E-02,
    81.556255692314));
#5220 = PCURVE('',#446,#5221);
#5221 = DEFINITIONAL_REPRESENTATION('',(#5222),#5228);
#5222 = B_SPLINE_CURVE_WITH_KNOTS('',4,(#5223,#5224,#5225,#5226,#5227),
  .UNSPECIFIED.,.F.,.F.,(5,5),(0.,1.),.PIECEWISE_BEZIER_KNOTS.);
#5223 = CARTESIAN_POINT('',(0.,15.53049782486));
#5224 = CARTESIAN_POINT('',(2.191501249378E-04,15.536992969968));
#5225 = CARTESIAN_POINT('',(4.339365925024E-04,15.543360087801));
#5226 = CARTESIAN_POINT('',(6.52209087275E-04,15.549831821216));
#5227 = CARTESIAN_POINT('',(8.688237351402E-04,15.556255692314));
#5228 = ( GEOMETRIC_REPRESENTATION_CONTEXT(2) 
PARAMETRIC_REPRESENTATION_CONTEXT() REPRESENTATION_CONTEXT('2D SPACE',''
  ) );
#5229 = PCURVE('',#928,#5230);
#5230 = DEFINITIONAL_REPRESENTATION('',(#5231),#5237);
#5231 = B_SPLINE_CURVE_WITH_KNOTS('',4,(#5232,#5233,#5234,#5235,#5236),
  .UNSPECIFIED.,.F.,.F.,(5,5),(0.,1.),.PIECEWISE_BEZIER_KNOTS.);
#5232 = CARTESIAN_POINT('',(36.036036507655,1.812251299547E-02));
#5233 = CARTESIAN_POINT('',(36.026948190826,1.815406750855E-02));
#5234 = CARTESIAN_POINT('',(36.018039875449,1.818492488546E-02));
#5235 = CARTESIAN_POINT('',(36.00898603219,1.821621534766E-02));
#5236 = CARTESIAN_POINT('',(36.,1.824719937168E-02));
#5237 = ( GEOMETRIC_REPRESENTATION_CONTEXT(2) 
PARAMETRIC_REPRESENTATION_CONTEXT() REPRESENTATION_CONTEXT('2D SPACE',''
  ) );
#5238 = ORIENTED_EDGE('',*,*,#5239,.T.);
#5239 = EDGE_CURVE('',#5211,#5240,#5242,.T.);
#5240 = VERTEX_POINT('',#5241);
#5241 = CARTESIAN_POINT('',(59.97732884419,1.649249743344,
    82.340607435617));
#5242 = SURFACE_CURVE('',#5243,(#5249,#5258),.PCURVE_S1.);
#5243 = B_SPLINE_CURVE_WITH_KNOTS('',4,(#5244,#5245,#5246,#5247,#5248),
  .UNSPECIFIED.,.F.,.F.,(5,5),(0.,1.),.PIECEWISE_BEZIER_KNOTS.);
#5244 = CARTESIAN_POINT('',(59.999977354361,5.212941755004E-02,
    81.556255692314));
#5245 = CARTESIAN_POINT('',(59.999629312394,0.452719163034,
    81.751271812136));
#5246 = CARTESIAN_POINT('',(59.995716008574,0.852404412107,
    81.947059971896));
#5247 = CARTESIAN_POINT('',(59.988273486787,1.251232141217,
    82.143532850206));
#5248 = CARTESIAN_POINT('',(59.97732884419,1.649249743344,
    82.340607435617));
#5249 = PCURVE('',#446,#5250);
#5250 = DEFINITIONAL_REPRESENTATION('',(#5251),#5257);
#5251 = B_SPLINE_CURVE_WITH_KNOTS('',4,(#5252,#5253,#5254,#5255,#5256),
  .UNSPECIFIED.,.F.,.F.,(5,5),(0.,1.),.PIECEWISE_BEZIER_KNOTS.);
#5252 = CARTESIAN_POINT('',(8.6882373514E-04,15.556255692314));
#5253 = CARTESIAN_POINT('',(7.545322013095E-03,15.751271812136));
#5254 = CARTESIAN_POINT('',(1.420679716566E-02,15.947059971896));
#5255 = CARTESIAN_POINT('',(2.085482413698E-02,16.143532850206));
#5256 = CARTESIAN_POINT('',(2.749095831963E-02,16.340607435617));
#5257 = ( GEOMETRIC_REPRESENTATION_CONTEXT(2) 
PARAMETRIC_REPRESENTATION_CONTEXT() REPRESENTATION_CONTEXT('2D SPACE',''
  ) );
#5258 = PCURVE('',#5259,#5266);
#5259 = B_SPLINE_SURFACE_WITH_KNOTS('',1,2,(
    (#5260,#5261,#5262)
    ,(#5263,#5264,#5265
    )),.UNSPECIFIED.,.F.,.F.,.F.,(2,2),(3,3),(35.,36.),(0.,1.),
  .PIECEWISE_BEZIER_KNOTS.);
#5260 = CARTESIAN_POINT('',(58.817535521968,1.422370827768,
    82.386850757683));
#5261 = CARTESIAN_POINT('',(85.613067146907,6.660460218455,
    81.307805299095));
#5262 = CARTESIAN_POINT('',(109.41537313678,11.650462810343,
    81.331412989897));
#5263 = CARTESIAN_POINT('',(59.025063507846,-0.153960724469,
    81.606693408074));
#5264 = CARTESIAN_POINT('',(85.766448068625,5.495416451503,
    80.21169475512));
#5265 = CARTESIAN_POINT('',(109.51376805109,10.903079235339,
    80.234046305962));
#5266 = DEFINITIONAL_REPRESENTATION('',(#5267),#5273);
#5267 = B_SPLINE_CURVE_WITH_KNOTS('',4,(#5268,#5269,#5270,#5271,#5272),
  .UNSPECIFIED.,.F.,.F.,(5,5),(0.,1.),.PIECEWISE_BEZIER_KNOTS.);
#5268 = CARTESIAN_POINT('',(36.,1.824719937168E-02));
#5269 = CARTESIAN_POINT('',(35.750334305776,1.92021891889E-02));
#5270 = CARTESIAN_POINT('',(35.500427827321,2.009015398081E-02));
#5271 = CARTESIAN_POINT('',(35.250308000452,2.091182122168E-02));
#5272 = CARTESIAN_POINT('',(35.,2.166776599573E-02));
#5273 = ( GEOMETRIC_REPRESENTATION_CONTEXT(2) 
PARAMETRIC_REPRESENTATION_CONTEXT() REPRESENTATION_CONTEXT('2D SPACE',''
  ) );
#5274 = ORIENTED_EDGE('',*,*,#5275,.T.);
#5275 = EDGE_CURVE('',#5240,#5276,#5278,.T.);
#5276 = VERTEX_POINT('',#5277);
#5277 = CARTESIAN_POINT('',(59.906580200301,3.346886419487,
    83.209909567287));
#5278 = SURFACE_CURVE('',#5279,(#5285,#5294),.PCURVE_S1.);
#5279 = B_SPLINE_CURVE_WITH_KNOTS('',4,(#5280,#5281,#5282,#5283,#5284),
  .UNSPECIFIED.,.F.,.F.,(5,5),(0.,1.),.PIECEWISE_BEZIER_KNOTS.);
#5280 = CARTESIAN_POINT('',(59.97732884419,1.649249743344,
    82.340607435617));
#5281 = CARTESIAN_POINT('',(59.965621832667,2.074991983247,
    82.556999434445));
#5282 = CARTESIAN_POINT('',(59.949907834819,2.499806888386,
    82.774080779725));
#5283 = CARTESIAN_POINT('',(59.930220032444,2.923752400957,
    82.991749924742));
#5284 = CARTESIAN_POINT('',(59.906580200301,3.346886419487,
    83.209909567287));
#5285 = PCURVE('',#446,#5286);
#5286 = DEFINITIONAL_REPRESENTATION('',(#5287),#5293);
#5287 = B_SPLINE_CURVE_WITH_KNOTS('',4,(#5288,#5289,#5290,#5291,#5292),
  .UNSPECIFIED.,.F.,.F.,(5,5),(0.,1.),.PIECEWISE_BEZIER_KNOTS.);
#5288 = CARTESIAN_POINT('',(2.749095831963E-02,16.340607435617));
#5289 = CARTESIAN_POINT('',(3.458934446165E-02,16.556999434445));
#5290 = CARTESIAN_POINT('',(4.167411681041E-02,16.774080779725));
#5291 = CARTESIAN_POINT('',(4.874717780326E-02,16.991749924742));
#5292 = CARTESIAN_POINT('',(5.581040887261E-02,17.209909567287));
#5293 = ( GEOMETRIC_REPRESENTATION_CONTEXT(2) 
PARAMETRIC_REPRESENTATION_CONTEXT() REPRESENTATION_CONTEXT('2D SPACE',''
  ) );
#5294 = PCURVE('',#5295,#5302);
#5295 = B_SPLINE_SURFACE_WITH_KNOTS('',1,2,(
    (#5296,#5297,#5298)
    ,(#5299,#5300,#5301
    )),.UNSPECIFIED.,.F.,.F.,.F.,(2,2),(3,3),(34.,35.),(0.,1.),
  .PIECEWISE_BEZIER_KNOTS.);
#5296 = CARTESIAN_POINT('',(58.595052221929,3.112299269047,
    83.245749445427));
#5297 = CARTESIAN_POINT('',(85.448283886011,7.912113350114,
    82.503522527937));
#5298 = CARTESIAN_POINT('',(109.31049100578,12.447121688245,
    82.531167523336));
#5299 = CARTESIAN_POINT('',(58.817535521968,1.422370827768,
    82.386850757683));
#5300 = CARTESIAN_POINT('',(85.613067146907,6.660460218455,
    81.307805299095));
#5301 = CARTESIAN_POINT('',(109.41537313678,11.650462810343,
    81.331412989897));
#5302 = DEFINITIONAL_REPRESENTATION('',(#5303),#5309);
#5303 = B_SPLINE_CURVE_WITH_KNOTS('',4,(#5304,#5305,#5306,#5307,#5308),
  .UNSPECIFIED.,.F.,.F.,(5,5),(0.,1.),.PIECEWISE_BEZIER_KNOTS.);
#5304 = CARTESIAN_POINT('',(35.,2.166776599573E-02));
#5305 = CARTESIAN_POINT('',(34.750270535363,2.247636747374E-02));
#5306 = CARTESIAN_POINT('',(34.500342099476,2.320977089917E-02));
#5307 = CARTESIAN_POINT('',(34.250243121924,2.386868028166E-02));
#5308 = CARTESIAN_POINT('',(34.,2.445360327218E-02));
#5309 = ( GEOMETRIC_REPRESENTATION_CONTEXT(2) 
PARAMETRIC_REPRESENTATION_CONTEXT() REPRESENTATION_CONTEXT('2D SPACE',''
  ) );
#5310 = ORIENTED_EDGE('',*,*,#5311,.T.);
#5311 = EDGE_CURVE('',#5276,#5312,#5314,.T.);
#5312 = VERTEX_POINT('',#5313);
#5313 = CARTESIAN_POINT('',(59.782541412442,5.10369888117,
    84.174821137455));
#5314 = SURFACE_CURVE('',#5315,(#5321,#5330),.PCURVE_S1.);
#5315 = B_SPLINE_CURVE_WITH_KNOTS('',4,(#5316,#5317,#5318,#5319,#5320),
  .UNSPECIFIED.,.F.,.F.,(5,5),(0.,1.),.PIECEWISE_BEZIER_KNOTS.);
#5316 = CARTESIAN_POINT('',(59.906580200301,3.346886419487,
    83.209909567287));
#5317 = CARTESIAN_POINT('',(59.881971444061,3.787363401531,
    83.450456644002));
#5318 = CARTESIAN_POINT('',(59.853080919329,4.226945708257,
    83.691529062378));
#5319 = CARTESIAN_POINT('',(59.819933696112,4.665701695388,
    83.933018785041));
#5320 = CARTESIAN_POINT('',(59.782541412442,5.10369888117,
    84.174821137455));
#5321 = PCURVE('',#446,#5322);
#5322 = DEFINITIONAL_REPRESENTATION('',(#5323),#5329);
#5323 = B_SPLINE_CURVE_WITH_KNOTS('',4,(#5324,#5325,#5326,#5327,#5328),
  .UNSPECIFIED.,.F.,.F.,(5,5),(0.,1.),.PIECEWISE_BEZIER_KNOTS.);
#5324 = CARTESIAN_POINT('',(5.581040887261E-02,17.209909567287));
#5325 = CARTESIAN_POINT('',(6.316314008462E-02,17.450456644002));
#5326 = CARTESIAN_POINT('',(7.050496427683E-02,17.691529062378));
#5327 = CARTESIAN_POINT('',(7.783805385818E-02,17.933018785041));
#5328 = CARTESIAN_POINT('',(8.516456048425E-02,18.174821137455));
#5329 = ( GEOMETRIC_REPRESENTATION_CONTEXT(2) 
PARAMETRIC_REPRESENTATION_CONTEXT() REPRESENTATION_CONTEXT('2D SPACE',''
  ) );
#5330 = PCURVE('',#5331,#5338);
#5331 = B_SPLINE_SURFACE_WITH_KNOTS('',1,2,(
    (#5332,#5333,#5334)
    ,(#5335,#5336,#5337
    )),.UNSPECIFIED.,.F.,.F.,.F.,(2,2),(3,3),(33.,34.),(0.,1.),
  .PIECEWISE_BEZIER_KNOTS.);
#5332 = CARTESIAN_POINT('',(58.363003679228,4.874882941625,
    84.195770030153));
#5333 = CARTESIAN_POINT('',(85.277337546072,9.21057971476,
    83.793523971452));
#5334 = CARTESIAN_POINT('',(109.20291805159,13.26421939742,
    83.818309682033));
#5335 = CARTESIAN_POINT('',(58.595052221929,3.112299269047,
    83.245749445427));
#5336 = CARTESIAN_POINT('',(85.448283886011,7.912113350114,
    82.503522527937));
#5337 = CARTESIAN_POINT('',(109.31049100578,12.447121688245,
    82.531167523336));
#5338 = DEFINITIONAL_REPRESENTATION('',(#5339),#5345);
#5339 = B_SPLINE_CURVE_WITH_KNOTS('',4,(#5340,#5341,#5342,#5343,#5344),
  .UNSPECIFIED.,.F.,.F.,(5,5),(0.,1.),.PIECEWISE_BEZIER_KNOTS.);
#5340 = CARTESIAN_POINT('',(34.,2.445360327218E-02));
#5341 = CARTESIAN_POINT('',(33.750189086992,2.506250045914E-02));
#5342 = CARTESIAN_POINT('',(33.500233767455,2.559120100073E-02));
#5343 = CARTESIAN_POINT('',(33.250161934409,2.604029408197E-02));
#5344 = CARTESIAN_POINT('',(33.,2.641013486422E-02));
#5345 = ( GEOMETRIC_REPRESENTATION_CONTEXT(2) 
PARAMETRIC_REPRESENTATION_CONTEXT() REPRESENTATION_CONTEXT('2D SPACE',''
  ) );
#5346 = ORIENTED_EDGE('',*,*,#5347,.T.);
#5347 = EDGE_CURVE('',#5312,#5348,#5350,.T.);
#5348 = VERTEX_POINT('',#5349);
#5349 = CARTESIAN_POINT('',(59.597043848519,6.942072062269,
    85.250337587953));
#5350 = SURFACE_CURVE('',#5351,(#5357,#5366),.PCURVE_S1.);
#5351 = B_SPLINE_CURVE_WITH_KNOTS('',4,(#5352,#5353,#5354,#5355,#5356),
  .UNSPECIFIED.,.F.,.F.,(5,5),(0.,1.),.PIECEWISE_BEZIER_KNOTS.);
#5352 = CARTESIAN_POINT('',(59.782541412442,5.10369888117,
    84.174821137455));
#5353 = CARTESIAN_POINT('',(59.743203590379,5.564485269883,
    84.443308194394));
#5354 = CARTESIAN_POINT('',(59.699168328505,6.024421884356,
    84.712135630945));
#5355 = CARTESIAN_POINT('',(59.65044935872,6.483590717698,
    84.981184429757));
#5356 = CARTESIAN_POINT('',(59.597043848519,6.942072062269,
    85.250337587953));
#5357 = PCURVE('',#446,#5358);
#5358 = DEFINITIONAL_REPRESENTATION('',(#5359),#5365);
#5359 = B_SPLINE_CURVE_WITH_KNOTS('',4,(#5360,#5361,#5362,#5363,#5364),
  .UNSPECIFIED.,.F.,.F.,(5,5),(0.,1.),.PIECEWISE_BEZIER_KNOTS.);
#5360 = CARTESIAN_POINT('',(8.516456048425E-02,18.174821137455));
#5361 = CARTESIAN_POINT('',(9.287226875203E-02,18.443308194394));
#5362 = CARTESIAN_POINT('',(0.100572525365,18.712135630945));
#5363 = CARTESIAN_POINT('',(0.108267891221,18.981184429757));
#5364 = CARTESIAN_POINT('',(0.115960912803,19.250337587953));
#5365 = ( GEOMETRIC_REPRESENTATION_CONTEXT(2) 
PARAMETRIC_REPRESENTATION_CONTEXT() REPRESENTATION_CONTEXT('2D SPACE',''
  ) );
#5366 = PCURVE('',#5367,#5374);
#5367 = B_SPLINE_SURFACE_WITH_KNOTS('',1,2,(
    (#5368,#5369,#5370)
    ,(#5371,#5372,#5373
    )),.UNSPECIFIED.,.F.,.F.,.F.,(2,2),(3,3),(32.,33.),(0.,1.),
  .PIECEWISE_BEZIER_KNOTS.);
#5368 = CARTESIAN_POINT('',(58.118438690957,6.732538457113,
    85.254051409862));
#5369 = CARTESIAN_POINT('',(85.100448104951,10.554188414653,
    85.185451821224));
#5370 = CARTESIAN_POINT('',(109.09334692196,14.096494755944,
    85.18475785701));
#5371 = CARTESIAN_POINT('',(58.363003679228,4.874882941625,
    84.195770030153));
#5372 = CARTESIAN_POINT('',(85.277337546072,9.21057971476,
    83.793523971452));
#5373 = CARTESIAN_POINT('',(109.20291805159,13.26421939742,
    83.818309682033));
#5374 = DEFINITIONAL_REPRESENTATION('',(#5375),#5381);
#5375 = B_SPLINE_CURVE_WITH_KNOTS('',4,(#5376,#5377,#5378,#5379,#5380),
  .UNSPECIFIED.,.F.,.F.,(5,5),(0.,1.),.PIECEWISE_BEZIER_KNOTS.);
#5376 = CARTESIAN_POINT('',(33.,2.641013486422E-02));
#5377 = CARTESIAN_POINT('',(32.750113652928,2.679921863915E-02));
#5378 = CARTESIAN_POINT('',(32.500131045523,2.710058020712E-02));
#5379 = CARTESIAN_POINT('',(32.250083128054,2.731464449056E-02));
#5380 = CARTESIAN_POINT('',(32.,2.744154540056E-02));
#5381 = ( GEOMETRIC_REPRESENTATION_CONTEXT(2) 
PARAMETRIC_REPRESENTATION_CONTEXT() REPRESENTATION_CONTEXT('2D SPACE',''
  ) );
#5382 = ORIENTED_EDGE('',*,*,#5383,.T.);
#5383 = EDGE_CURVE('',#5348,#5384,#5386,.T.);
#5384 = VERTEX_POINT('',#5385);
#5385 = CARTESIAN_POINT('',(59.351025561781,8.800895679691,
    86.362567047967));
#5386 = SURFACE_CURVE('',#5387,(#5396,#5408),.PCURVE_S1.);
#5387 = B_SPLINE_CURVE_WITH_KNOTS('',4,(#5388,#5389,#5390,#5391,#5392,
    #5393,#5394,#5395),.UNSPECIFIED.,.F.,.F.,(5,3,5),(0.,0.450007934329,
    1.),.UNSPECIFIED.);
#5388 = CARTESIAN_POINT('',(59.597043848519,6.942072062269,
    85.250337587953));
#5389 = CARTESIAN_POINT('',(59.572633249173,7.151634790299,
    85.375448098197));
#5390 = CARTESIAN_POINT('',(59.547243549902,7.361053696198,
    85.500580286893));
#5391 = CARTESIAN_POINT('',(59.520874476253,7.570336527819,
    85.625723058695));
#5392 = CARTESIAN_POINT('',(59.460099003314,8.035115926141,
    85.903812108187));
#5393 = CARTESIAN_POINT('',(59.425208564094,8.290549088758,
    86.056758138694));
#5394 = CARTESIAN_POINT('',(59.388851893668,8.545804417116,
    86.209683212137));
#5395 = CARTESIAN_POINT('',(59.351025561781,8.800895679691,
    86.362567047967));
#5396 = PCURVE('',#446,#5397);
#5397 = DEFINITIONAL_REPRESENTATION('',(#5398),#5407);
#5398 = B_SPLINE_CURVE_WITH_KNOTS('',4,(#5399,#5400,#5401,#5402,#5403,
    #5404,#5405,#5406),.UNSPECIFIED.,.F.,.F.,(5,3,5),(0.,0.450007934329,
    1.),.UNSPECIFIED.);
#5399 = CARTESIAN_POINT('',(0.115960912803,19.250337587953));
#5400 = CARTESIAN_POINT('',(0.119477240367,19.375448098197));
#5401 = CARTESIAN_POINT('',(0.122993075053,19.500580286893));
#5402 = CARTESIAN_POINT('',(0.126508661547,19.625723058695));
#5403 = CARTESIAN_POINT('',(0.134320930161,19.903812108187));
#5404 = CARTESIAN_POINT('',(0.13861761049,20.056758138694));
#5405 = CARTESIAN_POINT('',(0.142914731839,20.209683212137));
#5406 = CARTESIAN_POINT('',(0.147212741185,20.362567047967));
#5407 = ( GEOMETRIC_REPRESENTATION_CONTEXT(2) 
PARAMETRIC_REPRESENTATION_CONTEXT() REPRESENTATION_CONTEXT('2D SPACE',''
  ) );
#5408 = PCURVE('',#5409,#5416);
#5409 = B_SPLINE_SURFACE_WITH_KNOTS('',1,2,(
    (#5410,#5411,#5412)
    ,(#5413,#5414,#5415
    )),.UNSPECIFIED.,.F.,.F.,.F.,(2,2),(3,3),(31.,32.),(0.,1.),
  .PIECEWISE_BEZIER_KNOTS.);
#5410 = CARTESIAN_POINT('',(57.869874434395,8.620571431167,
    86.34840982764));
#5411 = CARTESIAN_POINT('',(84.921588837763,11.912759428997,
    86.610624058818));
#5412 = CARTESIAN_POINT('',(108.98333152082,14.93214469163,
    86.578224949295));
#5413 = CARTESIAN_POINT('',(58.118438690957,6.732538457113,
    85.254051409862));
#5414 = CARTESIAN_POINT('',(85.100448104951,10.554188414653,
    85.185451821224));
#5415 = CARTESIAN_POINT('',(109.09334692196,14.096494755944,
    85.18475785701));
#5416 = DEFINITIONAL_REPRESENTATION('',(#5417),#5426);
#5417 = B_SPLINE_CURVE_WITH_KNOTS('',4,(#5418,#5419,#5420,#5421,#5422,
    #5423,#5424,#5425),.UNSPECIFIED.,.F.,.F.,(5,3,5),(0.,0.450007934329,
    1.),.UNSPECIFIED.);
#5418 = CARTESIAN_POINT('',(32.,2.744154540056E-02));
#5419 = CARTESIAN_POINT('',(31.88750801799,2.749954928928E-02));
#5420 = CARTESIAN_POINT('',(31.775008769952,2.753934276397E-02));
#5421 = CARTESIAN_POINT('',(31.662505139234,2.756093872942E-02));
#5422 = CARTESIAN_POINT('',(31.412498126649,2.756849109268E-02));
#5423 = CARTESIAN_POINT('',(31.274994001781,2.754546289099E-02));
#5424 = CARTESIAN_POINT('',(31.13749287065,2.74952530593E-02));
#5425 = CARTESIAN_POINT('',(31.,2.741783347646E-02));
#5426 = ( GEOMETRIC_REPRESENTATION_CONTEXT(2) 
PARAMETRIC_REPRESENTATION_CONTEXT() REPRESENTATION_CONTEXT('2D SPACE',''
  ) );
#5427 = ORIENTED_EDGE('',*,*,#5428,.T.);
#5428 = EDGE_CURVE('',#5384,#5429,#5431,.T.);
#5429 = VERTEX_POINT('',#5430);
#5430 = CARTESIAN_POINT('',(59.050709637518,10.630789778074,
    87.488174665256));
#5431 = SURFACE_CURVE('',#5432,(#5438,#5447),.PCURVE_S1.);
#5432 = B_SPLINE_CURVE_WITH_KNOTS('',4,(#5433,#5434,#5435,#5436,#5437),
  .UNSPECIFIED.,.F.,.F.,(5,5),(0.,1.),.PIECEWISE_BEZIER_KNOTS.);
#5433 = CARTESIAN_POINT('',(59.351025561781,8.800895679691,
    86.362567047967));
#5434 = CARTESIAN_POINT('',(59.283083675376,9.259078662825,
    86.644282597176));
#5435 = CARTESIAN_POINT('',(59.210400081236,9.716734578305,
    86.925866595801));
#5436 = CARTESIAN_POINT('',(59.132954518879,10.173945205863,
    87.207203322204));
#5437 = CARTESIAN_POINT('',(59.050709637518,10.630789778074,
    87.488174665256));
#5438 = PCURVE('',#446,#5439);
#5439 = DEFINITIONAL_REPRESENTATION('',(#5440),#5446);
#5440 = B_SPLINE_CURVE_WITH_KNOTS('',4,(#5441,#5442,#5443,#5444,#5445),
  .UNSPECIFIED.,.F.,.F.,(5,5),(0.,1.),.PIECEWISE_BEZIER_KNOTS.);
#5441 = CARTESIAN_POINT('',(0.147212741185,20.362567047967));
#5442 = CARTESIAN_POINT('',(0.154932624352,20.644282597176));
#5443 = CARTESIAN_POINT('',(0.162655410494,20.925866595801));
#5444 = CARTESIAN_POINT('',(0.170383721868,21.207203322204));
#5445 = CARTESIAN_POINT('',(0.17812020082,21.488174665256));
#5446 = ( GEOMETRIC_REPRESENTATION_CONTEXT(2) 
PARAMETRIC_REPRESENTATION_CONTEXT() REPRESENTATION_CONTEXT('2D SPACE',''
  ) );
#5447 = PCURVE('',#5448,#5455);
#5448 = B_SPLINE_SURFACE_WITH_KNOTS('',1,2,(
    (#5449,#5450,#5451)
    ,(#5452,#5453,#5454
    )),.UNSPECIFIED.,.F.,.F.,.F.,(2,2),(3,3),(30.,31.),(0.,1.),
  .PIECEWISE_BEZIER_KNOTS.);
#5449 = CARTESIAN_POINT('',(57.624352881678,10.485492774981,
    87.458100635913));
#5450 = CARTESIAN_POINT('',(84.745842414989,13.247686042581,
    88.037669961887));
#5451 = CARTESIAN_POINT('',(108.87596714343,15.747658102768,
    87.967390127887));
#5452 = CARTESIAN_POINT('',(57.869874434395,8.620571431167,
    86.34840982764));
#5453 = CARTESIAN_POINT('',(84.921588837763,11.912759428997,
    86.610624058818));
#5454 = CARTESIAN_POINT('',(108.98333152082,14.93214469163,
    86.578224949295));
#5455 = DEFINITIONAL_REPRESENTATION('',(#5456),#5462);
#5456 = B_SPLINE_CURVE_WITH_KNOTS('',4,(#5457,#5458,#5459,#5460,#5461),
  .UNSPECIFIED.,.F.,.F.,(5,5),(0.,1.),.PIECEWISE_BEZIER_KNOTS.);
#5457 = CARTESIAN_POINT('',(31.,2.741783347646E-02));
#5458 = CARTESIAN_POINT('',(30.749929276795,2.727877604635E-02));
#5459 = CARTESIAN_POINT('',(30.499885040082,2.705193469306E-02));
#5460 = CARTESIAN_POINT('',(30.249898057115,2.673714422175E-02));
#5461 = CARTESIAN_POINT('',(30.,2.63339370521E-02));
#5462 = ( GEOMETRIC_REPRESENTATION_CONTEXT(2) 
PARAMETRIC_REPRESENTATION_CONTEXT() REPRESENTATION_CONTEXT('2D SPACE',''
  ) );
#5463 = ORIENTED_EDGE('',*,*,#5464,.T.);
#5464 = EDGE_CURVE('',#5429,#5465,#5467,.T.);
#5465 = VERTEX_POINT('',#5466);
#5466 = CARTESIAN_POINT('',(58.70612396649,12.393183966645,
    88.605242882891));
#5467 = SURFACE_CURVE('',#5468,(#5474,#5483),.PCURVE_S1.);
#5468 = B_SPLINE_CURVE_WITH_KNOTS('',4,(#5469,#5470,#5471,#5472,#5473),
  .UNSPECIFIED.,.F.,.F.,(5,5),(0.,1.),.PIECEWISE_BEZIER_KNOTS.);
#5469 = CARTESIAN_POINT('',(59.050709637518,10.630789778074,
    87.488174665256));
#5470 = CARTESIAN_POINT('',(58.971312810868,11.071814297839,
    87.768049914754));
#5471 = CARTESIAN_POINT('',(58.88744178326,11.512506044519,
    88.047589895991));
#5472 = CARTESIAN_POINT('',(58.799062124404,11.952938825895,
    88.326690326522));
#5473 = CARTESIAN_POINT('',(58.70612396649,12.393183966645,
    88.605242882891));
#5474 = PCURVE('',#446,#5475);
#5475 = DEFINITIONAL_REPRESENTATION('',(#5476),#5482);
#5476 = B_SPLINE_CURVE_WITH_KNOTS('',4,(#5477,#5478,#5479,#5480,#5481),
  .UNSPECIFIED.,.F.,.F.,(5,5),(0.,1.),.PIECEWISE_BEZIER_KNOTS.);
#5477 = CARTESIAN_POINT('',(0.17812020082,21.488174665256));
#5478 = CARTESIAN_POINT('',(0.185588773551,21.768049914754));
#5479 = CARTESIAN_POINT('',(0.193065100469,22.047589895991));
#5480 = CARTESIAN_POINT('',(0.200551602719,22.326690326522));
#5481 = CARTESIAN_POINT('',(0.20805073758,22.605242882891));
#5482 = ( GEOMETRIC_REPRESENTATION_CONTEXT(2) 
PARAMETRIC_REPRESENTATION_CONTEXT() REPRESENTATION_CONTEXT('2D SPACE',''
  ) );
#5483 = PCURVE('',#5484,#5491);
#5484 = B_SPLINE_SURFACE_WITH_KNOTS('',1,2,(
    (#5485,#5486,#5487)
    ,(#5488,#5489,#5490
    )),.UNSPECIFIED.,.F.,.F.,.F.,(2,2),(3,3),(29.,30.),(0.,1.),
  .PIECEWISE_BEZIER_KNOTS.);
#5485 = CARTESIAN_POINT('',(57.387517842929,12.284433494597,
    88.563360497444));
#5486 = CARTESIAN_POINT('',(84.577433693507,14.526877281398,
    89.437843947987));
#5487 = CARTESIAN_POINT('',(108.77383370857,16.523438560625,
    89.322661824809));
#5488 = CARTESIAN_POINT('',(57.624352881678,10.485492774981,
    87.458100635913));
#5489 = CARTESIAN_POINT('',(84.745842414989,13.247686042581,
    88.037669961887));
#5490 = CARTESIAN_POINT('',(108.87596714343,15.747658102768,
    87.967390127887));
#5491 = DEFINITIONAL_REPRESENTATION('',(#5492),#5498);
#5492 = B_SPLINE_CURVE_WITH_KNOTS('',4,(#5493,#5494,#5495,#5496,#5497),
  .UNSPECIFIED.,.F.,.F.,(5,5),(0.,1.),.PIECEWISE_BEZIER_KNOTS.);
#5493 = CARTESIAN_POINT('',(30.,2.63339370521E-02));
#5494 = CARTESIAN_POINT('',(29.749844774661,2.594469252742E-02));
#5495 = CARTESIAN_POINT('',(29.499773241502,2.547304127224E-02));
#5496 = CARTESIAN_POINT('',(29.249814688284,2.491855356555E-02));
#5497 = CARTESIAN_POINT('',(29.,2.428052628016E-02));
#5498 = ( GEOMETRIC_REPRESENTATION_CONTEXT(2) 
PARAMETRIC_REPRESENTATION_CONTEXT() REPRESENTATION_CONTEXT('2D SPACE',''
  ) );
#5499 = ORIENTED_EDGE('',*,*,#5500,.T.);
#5500 = EDGE_CURVE('',#5465,#5501,#5503,.T.);
#5501 = VERTEX_POINT('',#5502);
#5502 = CARTESIAN_POINT('',(58.331338510821,14.051866336401,
    89.687451042793));
#5503 = SURFACE_CURVE('',#5504,(#5510,#5519),.PCURVE_S1.);
#5504 = B_SPLINE_CURVE_WITH_KNOTS('',4,(#5505,#5506,#5507,#5508,#5509),
  .UNSPECIFIED.,.F.,.F.,(5,5),(0.,1.),.PIECEWISE_BEZIER_KNOTS.);
#5505 = CARTESIAN_POINT('',(58.70612396649,12.393183966645,
    88.605242882891));
#5506 = CARTESIAN_POINT('',(58.618549641844,12.80802079734,
    88.876600566453));
#5507 = CARTESIAN_POINT('',(58.526924720885,13.222705596021,
    89.14748104908));
#5508 = CARTESIAN_POINT('',(58.43120628444,13.637300700072,
    89.417795681244));
#5509 = CARTESIAN_POINT('',(58.331338510821,14.051866336401,
    89.687451042793));
#5510 = PCURVE('',#446,#5511);
#5511 = DEFINITIONAL_REPRESENTATION('',(#5512),#5518);
#5512 = B_SPLINE_CURVE_WITH_KNOTS('',4,(#5513,#5514,#5515,#5516,#5517),
  .UNSPECIFIED.,.F.,.F.,(5,5),(0.,1.),.PIECEWISE_BEZIER_KNOTS.);
#5513 = CARTESIAN_POINT('',(0.20805073758,22.605242882891));
#5514 = CARTESIAN_POINT('',(0.215117067336,22.876600566453));
#5515 = CARTESIAN_POINT('',(0.222194862533,23.14748104908));
#5516 = CARTESIAN_POINT('',(0.229286226711,23.417795681244));
#5517 = CARTESIAN_POINT('',(0.236393309232,23.687451042793));
#5518 = ( GEOMETRIC_REPRESENTATION_CONTEXT(2) 
PARAMETRIC_REPRESENTATION_CONTEXT() REPRESENTATION_CONTEXT('2D SPACE',''
  ) );
#5519 = PCURVE('',#5520,#5527);
#5520 = B_SPLINE_SURFACE_WITH_KNOTS('',1,2,(
    (#5521,#5522,#5523)
    ,(#5524,#5525,#5526
    )),.UNSPECIFIED.,.F.,.F.,.F.,(2,2),(3,3),(28.,29.),(0.,1.),
  .PIECEWISE_BEZIER_KNOTS.);
#5521 = CARTESIAN_POINT('',(57.164660595453,13.977202348663,
    89.639176225916));
#5522 = CARTESIAN_POINT('',(84.420117274076,15.721814121289,
    90.779624451626));
#5523 = CARTESIAN_POINT('',(108.67913503491,17.24274640056,
    90.613373379925));
#5524 = CARTESIAN_POINT('',(57.387517842929,12.284433494597,
    88.563360497444));
#5525 = CARTESIAN_POINT('',(84.577433693507,14.526877281398,
    89.437843947987));
#5526 = CARTESIAN_POINT('',(108.77383370857,16.523438560625,
    89.322661824809));
#5527 = DEFINITIONAL_REPRESENTATION('',(#5528),#5534);
#5528 = B_SPLINE_CURVE_WITH_KNOTS('',4,(#5529,#5530,#5531,#5532,#5533),
  .UNSPECIFIED.,.F.,.F.,(5,5),(0.,1.),.PIECEWISE_BEZIER_KNOTS.);
#5529 = CARTESIAN_POINT('',(29.,2.428052628016E-02));
#5530 = CARTESIAN_POINT('',(28.749775674526,2.367932210441E-02));
#5531 = CARTESIAN_POINT('',(28.499682550336,2.300392153037E-02));
#5532 = CARTESIAN_POINT('',(28.249747653902,2.225372083293E-02));
#5533 = CARTESIAN_POINT('',(28.,2.142788794919E-02));
#5534 = ( GEOMETRIC_REPRESENTATION_CONTEXT(2) 
PARAMETRIC_REPRESENTATION_CONTEXT() REPRESENTATION_CONTEXT('2D SPACE',''
  ) );
#5535 = ORIENTED_EDGE('',*,*,#5536,.T.);
#5536 = EDGE_CURVE('',#5501,#5537,#5539,.T.);
#5537 = VERTEX_POINT('',#5538);
#5538 = CARTESIAN_POINT('',(57.943777855239,15.573008953401,
    90.705606337329));
#5539 = SURFACE_CURVE('',#5540,(#5546,#5555),.PCURVE_S1.);
#5540 = B_SPLINE_CURVE_WITH_KNOTS('',4,(#5541,#5542,#5543,#5544,#5545),
  .UNSPECIFIED.,.F.,.F.,(5,5),(0.,1.),.PIECEWISE_BEZIER_KNOTS.);
#5541 = CARTESIAN_POINT('',(58.331338510821,14.051866336401,
    89.687451042793));
#5542 = CARTESIAN_POINT('',(58.239738365554,14.432111846377,
    89.942874516477));
#5543 = CARTESIAN_POINT('',(58.144642828805,14.812351715824,
    90.197755854384));
#5544 = CARTESIAN_POINT('',(58.046007433461,15.192634936508,
    90.45202474066));
#5545 = CARTESIAN_POINT('',(57.943777855239,15.573008953401,
    90.705606337329));
#5546 = PCURVE('',#446,#5547);
#5547 = DEFINITIONAL_REPRESENTATION('',(#5548),#5554);
#5548 = B_SPLINE_CURVE_WITH_KNOTS('',4,(#5549,#5550,#5551,#5552,#5553),
  .UNSPECIFIED.,.F.,.F.,(5,5),(0.,1.),.PIECEWISE_BEZIER_KNOTS.);
#5549 = CARTESIAN_POINT('',(0.236393309232,23.687451042793));
#5550 = CARTESIAN_POINT('',(0.242912026609,23.942874516477));
#5551 = CARTESIAN_POINT('',(0.249444296342,24.197755854384));
#5552 = CARTESIAN_POINT('',(0.255991823301,24.45202474066));
#5553 = CARTESIAN_POINT('',(0.262556359321,24.705606337329));
#5554 = ( GEOMETRIC_REPRESENTATION_CONTEXT(2) 
PARAMETRIC_REPRESENTATION_CONTEXT() REPRESENTATION_CONTEXT('2D SPACE',''
  ) );
#5555 = PCURVE('',#5556,#5563);
#5556 = B_SPLINE_SURFACE_WITH_KNOTS('',1,2,(
    (#5557,#5558,#5559)
    ,(#5560,#5561,#5562
    )),.UNSPECIFIED.,.F.,.F.,.F.,(2,2),(3,3),(27.,28.),(0.,1.),
  .PIECEWISE_BEZIER_KNOTS.);
#5557 = CARTESIAN_POINT('',(56.960635173223,15.526929288666,
    90.656648791298));
#5558 = CARTESIAN_POINT('',(84.277150490371,16.807754656599,
    92.029944435698));
#5559 = CARTESIAN_POINT('',(108.59369780786,17.891706569358,
    91.808754134346));
#5560 = CARTESIAN_POINT('',(57.164660595453,13.977202348663,
    89.639176225916));
#5561 = CARTESIAN_POINT('',(84.420117274076,15.721814121289,
    90.779624451626));
#5562 = CARTESIAN_POINT('',(108.67913503491,17.24274640056,
    90.613373379925));
#5563 = DEFINITIONAL_REPRESENTATION('',(#5564),#5570);
#5564 = B_SPLINE_CURVE_WITH_KNOTS('',4,(#5565,#5566,#5567,#5568,#5569),
  .UNSPECIFIED.,.F.,.F.,(5,5),(0.,1.),.PIECEWISE_BEZIER_KNOTS.);
#5565 = CARTESIAN_POINT('',(28.,2.142788794919E-02));
#5566 = CARTESIAN_POINT('',(27.749728481894,2.067042225855E-02));
#5567 = CARTESIAN_POINT('',(27.499621752086,1.984929017035E-02));
#5568 = CARTESIAN_POINT('',(27.249703638448,1.896383028894E-02));
#5569 = CARTESIAN_POINT('',(27.,1.801320715881E-02));
#5570 = ( GEOMETRIC_REPRESENTATION_CONTEXT(2) 
PARAMETRIC_REPRESENTATION_CONTEXT() REPRESENTATION_CONTEXT('2D SPACE',''
  ) );
#5571 = ORIENTED_EDGE('',*,*,#5572,.T.);
#5572 = EDGE_CURVE('',#5537,#5573,#5575,.T.);
#5573 = VERTEX_POINT('',#5574);
#5574 = CARTESIAN_POINT('',(57.563370293254,16.925081993352,
    91.629614493071));
#5575 = SURFACE_CURVE('',#5576,(#5582,#5591),.PCURVE_S1.);
#5576 = B_SPLINE_CURVE_WITH_KNOTS('',4,(#5577,#5578,#5579,#5580,#5581),
  .UNSPECIFIED.,.F.,.F.,(5,5),(0.,1.),.PIECEWISE_BEZIER_KNOTS.);
#5577 = CARTESIAN_POINT('',(57.943777855239,15.573008953401,
    90.705606337329));
#5578 = CARTESIAN_POINT('',(57.852978990854,15.910851771264,
    90.93745141234));
#5579 = CARTESIAN_POINT('',(57.759338885397,16.248788059233,
    91.16876902343));
#5580 = CARTESIAN_POINT('',(57.662818059176,16.586853287764,
    91.399508211982));
#5581 = CARTESIAN_POINT('',(57.563370293254,16.925081993352,
    91.629614493071));
#5582 = PCURVE('',#446,#5583);
#5583 = DEFINITIONAL_REPRESENTATION('',(#5584),#5590);
#5584 = B_SPLINE_CURVE_WITH_KNOTS('',4,(#5585,#5586,#5587,#5588,#5589),
  .UNSPECIFIED.,.F.,.F.,(5,5),(0.,1.),.PIECEWISE_BEZIER_KNOTS.);
#5585 = CARTESIAN_POINT('',(0.262556359321,24.705606337329));
#5586 = CARTESIAN_POINT('',(0.268386887298,24.93745141234));
#5587 = CARTESIAN_POINT('',(0.274231210586,25.16876902343));
#5588 = CARTESIAN_POINT('',(0.280090598715,25.399508211982));
#5589 = CARTESIAN_POINT('',(0.285966361442,25.629614493071));
#5590 = ( GEOMETRIC_REPRESENTATION_CONTEXT(2) 
PARAMETRIC_REPRESENTATION_CONTEXT() REPRESENTATION_CONTEXT('2D SPACE',''
  ) );
#5591 = PCURVE('',#5592,#5599);
#5592 = B_SPLINE_SURFACE_WITH_KNOTS('',1,2,(
    (#5593,#5594,#5595)
    ,(#5596,#5597,#5598
    )),.UNSPECIFIED.,.F.,.F.,.F.,(2,2),(3,3),(26.,27.),(0.,1.),
  .PIECEWISE_BEZIER_KNOTS.);
#5593 = CARTESIAN_POINT('',(56.779815945757,16.900387679354,
    91.58499215802));
#5594 = CARTESIAN_POINT('',(84.151318380395,17.763544423457,
    93.155768308041));
#5595 = CARTESIAN_POINT('',(108.51900927872,18.459022271684,
    92.879064221958));
#5596 = CARTESIAN_POINT('',(56.960635173223,15.526929288666,
    90.656648791298));
#5597 = CARTESIAN_POINT('',(84.277150490371,16.807754656599,
    92.029944435698));
#5598 = CARTESIAN_POINT('',(108.59369780786,17.891706569358,
    91.808754134346));
#5599 = DEFINITIONAL_REPRESENTATION('',(#5600),#5606);
#5600 = B_SPLINE_CURVE_WITH_KNOTS('',4,(#5601,#5602,#5603,#5604,#5605),
  .UNSPECIFIED.,.F.,.F.,(5,5),(0.,1.),.PIECEWISE_BEZIER_KNOTS.);
#5601 = CARTESIAN_POINT('',(27.,1.801320715881E-02));
#5602 = CARTESIAN_POINT('',(26.749709576186,1.716887715006E-02));
#5603 = CARTESIAN_POINT('',(26.49959940347,1.627308674509E-02));
#5604 = CARTESIAN_POINT('',(26.24968909151,1.53252301251E-02));
#5605 = CARTESIAN_POINT('',(26.,1.432458288502E-02));
#5606 = ( GEOMETRIC_REPRESENTATION_CONTEXT(2) 
PARAMETRIC_REPRESENTATION_CONTEXT() REPRESENTATION_CONTEXT('2D SPACE',''
  ) );
#5607 = ORIENTED_EDGE('',*,*,#5608,.T.);
#5608 = EDGE_CURVE('',#5573,#5609,#5611,.T.);
#5609 = VERTEX_POINT('',#5610);
#5610 = CARTESIAN_POINT('',(57.211477757098,18.07890518945,
    92.43054772672));
#5611 = SURFACE_CURVE('',#5612,(#5618,#5627),.PCURVE_S1.);
#5612 = B_SPLINE_CURVE_WITH_KNOTS('',4,(#5613,#5614,#5615,#5616,#5617),
  .UNSPECIFIED.,.F.,.F.,(5,5),(0.,1.),.PIECEWISE_BEZIER_KNOTS.);
#5613 = CARTESIAN_POINT('',(57.563370293254,16.925081993352,
    91.629614493071));
#5614 = CARTESIAN_POINT('',(57.478626398808,17.2133018187,
    91.830546113942));
#5615 = CARTESIAN_POINT('',(57.391750281744,17.50166353043,
    92.031034253353));
#5616 = CARTESIAN_POINT('',(57.302712033122,17.79019037521,
    92.231046376846));
#5617 = CARTESIAN_POINT('',(57.211477757098,18.07890518945,
    92.43054772672));
#5618 = PCURVE('',#446,#5619);
#5619 = DEFINITIONAL_REPRESENTATION('',(#5620),#5626);
#5620 = B_SPLINE_CURVE_WITH_KNOTS('',4,(#5621,#5622,#5623,#5624,#5625),
  .UNSPECIFIED.,.F.,.F.,(5,5),(0.,1.),.PIECEWISE_BEZIER_KNOTS.);
#5621 = CARTESIAN_POINT('',(0.285966361442,25.629614493071));
#5622 = CARTESIAN_POINT('',(0.290973361968,25.830546113942));
#5623 = CARTESIAN_POINT('',(0.29599265575,26.031034253353));
#5624 = CARTESIAN_POINT('',(0.301025089482,26.231046376846));
#5625 = CARTESIAN_POINT('',(0.306071538649,26.43054772672));
#5626 = ( GEOMETRIC_REPRESENTATION_CONTEXT(2) 
PARAMETRIC_REPRESENTATION_CONTEXT() REPRESENTATION_CONTEXT('2D SPACE',''
  ) );
#5627 = PCURVE('',#5628,#5635);
#5628 = B_SPLINE_SURFACE_WITH_KNOTS('',1,2,(
    (#5629,#5630,#5631)
    ,(#5632,#5633,#5634
    )),.UNSPECIFIED.,.F.,.F.,.F.,(2,2),(3,3),(25.,26.),(0.,1.),
  .PIECEWISE_BEZIER_KNOTS.);
#5629 = CARTESIAN_POINT('',(56.626074016829,18.068173568304,
    92.393782373458));
#5630 = CARTESIAN_POINT('',(84.044980117148,18.571263723861,
    94.125781762074));
#5631 = CARTESIAN_POINT('',(108.45627149495,18.935563050821,
    93.796769632324));
#5632 = CARTESIAN_POINT('',(56.779815945757,16.900387679354,
    91.58499215802));
#5633 = CARTESIAN_POINT('',(84.151318380395,17.763544423457,
    93.155768308041));
#5634 = CARTESIAN_POINT('',(108.51900927872,18.459022271684,
    92.879064221958));
#5635 = DEFINITIONAL_REPRESENTATION('',(#5636),#5642);
#5636 = B_SPLINE_CURVE_WITH_KNOTS('',4,(#5637,#5638,#5639,#5640,#5641),
  .UNSPECIFIED.,.F.,.F.,(5,5),(0.,1.),.PIECEWISE_BEZIER_KNOTS.);
#5637 = CARTESIAN_POINT('',(26.,1.432458288502E-02));
#5638 = CARTESIAN_POINT('',(25.749724661322,1.347188656444E-02));
#5639 = CARTESIAN_POINT('',(25.499623002979,1.258078758709E-02));
#5640 = CARTESIAN_POINT('',(25.249709530182,1.165081838901E-02));
#5641 = CARTESIAN_POINT('',(25.,1.06814416027E-02));
#5642 = ( GEOMETRIC_REPRESENTATION_CONTEXT(2) 
PARAMETRIC_REPRESENTATION_CONTEXT() REPRESENTATION_CONTEXT('2D SPACE',''
  ) );
#5643 = ORIENTED_EDGE('',*,*,#5644,.T.);
#5644 = EDGE_CURVE('',#5609,#5645,#5647,.T.);
#5645 = VERTEX_POINT('',#5646);
#5646 = CARTESIAN_POINT('',(56.909517249791,19.008073189981,
    93.082514502408));
#5647 = SURFACE_CURVE('',#5648,(#5654,#5663),.PCURVE_S1.);
#5648 = B_SPLINE_CURVE_WITH_KNOTS('',4,(#5649,#5650,#5651,#5652,#5653),
  .UNSPECIFIED.,.F.,.F.,(5,5),(0.,1.),.PIECEWISE_BEZIER_KNOTS.);
#5649 = CARTESIAN_POINT('',(57.211477757098,18.07890518945,
    92.43054772672));
#5650 = CARTESIAN_POINT('',(57.13814596573,18.310966816343,
    92.594027040018));
#5651 = CARTESIAN_POINT('',(57.063388065011,18.543173152603,
    92.757192894544));
#5652 = CARTESIAN_POINT('',(56.987185364481,18.775537526397,
    92.920028124997));
#5653 = CARTESIAN_POINT('',(56.909517249791,19.008073189981,
    93.082514502408));
#5654 = PCURVE('',#446,#5655);
#5655 = DEFINITIONAL_REPRESENTATION('',(#5656),#5662);
#5656 = B_SPLINE_CURVE_WITH_KNOTS('',4,(#5657,#5658,#5659,#5660,#5661),
  .UNSPECIFIED.,.F.,.F.,(5,5),(0.,1.),.PIECEWISE_BEZIER_KNOTS.);
#5657 = CARTESIAN_POINT('',(0.306071538649,26.43054772672));
#5658 = CARTESIAN_POINT('',(0.310127746179,26.594027040018));
#5659 = CARTESIAN_POINT('',(0.314193415269,26.757192894544));
#5660 = CARTESIAN_POINT('',(0.318269029417,26.920028124997));
#5661 = CARTESIAN_POINT('',(0.322355088741,27.082514502408));
#5662 = ( GEOMETRIC_REPRESENTATION_CONTEXT(2) 
PARAMETRIC_REPRESENTATION_CONTEXT() REPRESENTATION_CONTEXT('2D SPACE',''
  ) );
#5663 = PCURVE('',#5664,#5671);
#5664 = B_SPLINE_SURFACE_WITH_KNOTS('',1,2,(
    (#5665,#5666,#5667)
    ,(#5668,#5669,#5670
    )),.UNSPECIFIED.,.F.,.F.,.F.,(2,2),(3,3),(24.,25.),(0.,1.),
  .PIECEWISE_BEZIER_KNOTS.);
#5665 = CARTESIAN_POINT('',(56.502744757413,19.00495229773,
    93.055116681825));
#5666 = CARTESIAN_POINT('',(83.960105941632,19.215947091596,
    94.911999925291));
#5667 = CARTESIAN_POINT('',(108.40645003599,19.313994602628,
    94.53765495926));
#5668 = CARTESIAN_POINT('',(56.626074016829,18.068173568304,
    92.393782373458));
#5669 = CARTESIAN_POINT('',(84.044980117148,18.571263723861,
    94.125781762074));
#5670 = CARTESIAN_POINT('',(108.45627149495,18.935563050821,
    93.796769632324));
#5671 = DEFINITIONAL_REPRESENTATION('',(#5672),#5678);
#5672 = B_SPLINE_CURVE_WITH_KNOTS('',4,(#5673,#5674,#5675,#5676,#5677),
  .UNSPECIFIED.,.F.,.F.,(5,5),(0.,1.),.PIECEWISE_BEZIER_KNOTS.);
#5673 = CARTESIAN_POINT('',(25.,1.06814416027E-02));
#5674 = CARTESIAN_POINT('',(24.749776610924,9.902281188995E-03));
#5675 = CARTESIAN_POINT('',(24.499696024438,9.097583156582E-03));
#5676 = CARTESIAN_POINT('',(24.249767251674,8.26705219571E-03));
#5677 = CARTESIAN_POINT('',(24.,7.410359555679E-03));
#5678 = ( GEOMETRIC_REPRESENTATION_CONTEXT(2) 
PARAMETRIC_REPRESENTATION_CONTEXT() REPRESENTATION_CONTEXT('2D SPACE',''
  ) );
#5679 = ORIENTED_EDGE('',*,*,#5680,.T.);
#5680 = EDGE_CURVE('',#5645,#5681,#5683,.T.);
#5681 = VERTEX_POINT('',#5682);
#5682 = CARTESIAN_POINT('',(56.677237110119,19.689865250004,
    93.564139095379));
#5683 = SURFACE_CURVE('',#5684,(#5690,#5699),.PCURVE_S1.);
#5684 = B_SPLINE_CURVE_WITH_KNOTS('',4,(#5685,#5686,#5687,#5688,#5689),
  .UNSPECIFIED.,.F.,.F.,(5,5),(0.,1.),.PIECEWISE_BEZIER_KNOTS.);
#5685 = CARTESIAN_POINT('',(56.909517249791,19.008073189981,
    93.082514502408));
#5686 = CARTESIAN_POINT('',(56.852645080728,19.178346507746,
    93.203185832316));
#5687 = CARTESIAN_POINT('',(56.794980326433,19.34873218214,
    93.323684834243));
#5688 = CARTESIAN_POINT('',(56.736514166098,19.519236364827,
    93.444004901902));
#5689 = CARTESIAN_POINT('',(56.677237110119,19.689865250004,
    93.564139095379));
#5690 = PCURVE('',#446,#5691);
#5691 = DEFINITIONAL_REPRESENTATION('',(#5692),#5698);
#5692 = B_SPLINE_CURVE_WITH_KNOTS('',4,(#5693,#5694,#5695,#5696,#5697),
  .UNSPECIFIED.,.F.,.F.,(5,5),(0.,1.),.PIECEWISE_BEZIER_KNOTS.);
#5693 = CARTESIAN_POINT('',(0.322355088741,27.082514502408));
#5694 = CARTESIAN_POINT('',(0.325347089482,27.203185832316));
#5695 = CARTESIAN_POINT('',(0.32834505125,27.323684834243));
#5696 = CARTESIAN_POINT('',(0.331349189259,27.444004901902));
#5697 = CARTESIAN_POINT('',(0.334359725655,27.564139095379));
#5698 = ( GEOMETRIC_REPRESENTATION_CONTEXT(2) 
PARAMETRIC_REPRESENTATION_CONTEXT() REPRESENTATION_CONTEXT('2D SPACE',''
  ) );
#5699 = PCURVE('',#5700,#5707);
#5700 = B_SPLINE_SURFACE_WITH_KNOTS('',1,2,(
    (#5701,#5702,#5703)
    ,(#5704,#5705,#5706
    )),.UNSPECIFIED.,.F.,.F.,.F.,(2,2),(3,3),(23.,24.),(0.,1.),
  .PIECEWISE_BEZIER_KNOTS.);
#5701 = CARTESIAN_POINT('',(56.412568414298,19.689909626823,
    93.545452900572));
#5702 = CARTESIAN_POINT('',(83.898284802581,19.685525262798,
    95.491163798516));
#5703 = CARTESIAN_POINT('',(108.37030275044,19.588560495484,
    95.081801976765));
#5704 = CARTESIAN_POINT('',(56.502744757413,19.00495229773,
    93.055116681825));
#5705 = CARTESIAN_POINT('',(83.960105941632,19.215947091596,
    94.911999925291));
#5706 = CARTESIAN_POINT('',(108.40645003599,19.313994602628,
    94.53765495926));
#5707 = DEFINITIONAL_REPRESENTATION('',(#5708),#5714);
#5708 = B_SPLINE_CURVE_WITH_KNOTS('',4,(#5709,#5710,#5711,#5712,#5713),
  .UNSPECIFIED.,.F.,.F.,(5,5),(0.,1.),.PIECEWISE_BEZIER_KNOTS.);
#5709 = CARTESIAN_POINT('',(24.,7.410359555679E-03));
#5710 = CARTESIAN_POINT('',(23.749860080374,6.783049766403E-03));
#5711 = CARTESIAN_POINT('',(23.499810687211,6.141636895574E-03));
#5712 = CARTESIAN_POINT('',(23.249855886557,5.485980936543E-03));
#5713 = CARTESIAN_POINT('',(23.,4.815930379044E-03));
#5714 = ( GEOMETRIC_REPRESENTATION_CONTEXT(2) 
PARAMETRIC_REPRESENTATION_CONTEXT() REPRESENTATION_CONTEXT('2D SPACE',''
  ) );
#5715 = ORIENTED_EDGE('',*,*,#5716,.T.);
#5716 = EDGE_CURVE('',#5681,#5717,#5719,.T.);
#5717 = VERTEX_POINT('',#5718);
#5718 = CARTESIAN_POINT('',(56.530760481476,20.106544193024,
    93.859583208786));
#5719 = SURFACE_CURVE('',#5720,(#5726,#5735),.PCURVE_S1.);
#5720 = B_SPLINE_CURVE_WITH_KNOTS('',4,(#5721,#5722,#5723,#5724,#5725),
  .UNSPECIFIED.,.F.,.F.,(5,5),(0.,1.),.PIECEWISE_BEZIER_KNOTS.);
#5721 = CARTESIAN_POINT('',(56.677237110119,19.689865250004,
    93.564139095379));
#5722 = CARTESIAN_POINT('',(56.641079192195,19.793945743271,
    93.638092392942));
#5723 = CARTESIAN_POINT('',(56.604615415262,19.898084559985,
    93.711985104593));
#5724 = CARTESIAN_POINT('',(56.567843357935,20.002283451499,
    93.785815851653));
#5725 = CARTESIAN_POINT('',(56.530760481476,20.106544193024,
    93.859583208786));
#5726 = PCURVE('',#446,#5727);
#5727 = DEFINITIONAL_REPRESENTATION('',(#5728),#5734);
#5728 = B_SPLINE_CURVE_WITH_KNOTS('',4,(#5729,#5730,#5731,#5732,#5733),
  .UNSPECIFIED.,.F.,.F.,(5,5),(0.,1.),.PIECEWISE_BEZIER_KNOTS.);
#5729 = CARTESIAN_POINT('',(0.334359725655,27.564139095379));
#5730 = CARTESIAN_POINT('',(0.336196097691,27.638092392942));
#5731 = CARTESIAN_POINT('',(0.338035060819,27.711985104593));
#5732 = CARTESIAN_POINT('',(0.339876672368,27.785815851653));
#5733 = CARTESIAN_POINT('',(0.341720991119,27.859583208786));
#5734 = ( GEOMETRIC_REPRESENTATION_CONTEXT(2) 
PARAMETRIC_REPRESENTATION_CONTEXT() REPRESENTATION_CONTEXT('2D SPACE',''
  ) );
#5735 = PCURVE('',#5736,#5743);
#5736 = B_SPLINE_SURFACE_WITH_KNOTS('',1,2,(
    (#5737,#5738,#5739)
    ,(#5740,#5741,#5742
    )),.UNSPECIFIED.,.F.,.F.,.F.,(2,2),(3,3),(22.,23.),(0.,1.),
  .PIECEWISE_BEZIER_KNOTS.);
#5737 = CARTESIAN_POINT('',(56.357604255353,20.107403863182,
    93.847020703413));
#5738 = CARTESIAN_POINT('',(83.860700307514,19.971007845777,
    95.845855171677));
#5739 = CARTESIAN_POINT('',(108.34838530319,19.755040035559,
    95.414388594775));
#5740 = CARTESIAN_POINT('',(56.412568414298,19.689909626823,
    93.545452900572));
#5741 = CARTESIAN_POINT('',(83.898284802581,19.685525262798,
    95.491163798516));
#5742 = CARTESIAN_POINT('',(108.37030275044,19.588560495484,
    95.081801976765));
#5743 = DEFINITIONAL_REPRESENTATION('',(#5744),#5750);
#5744 = B_SPLINE_CURVE_WITH_KNOTS('',4,(#5745,#5746,#5747,#5748,#5749),
  .UNSPECIFIED.,.F.,.F.,(5,5),(0.,1.),.PIECEWISE_BEZIER_KNOTS.);
#5745 = CARTESIAN_POINT('',(23.,4.815930379044E-03));
#5746 = CARTESIAN_POINT('',(22.749950051273,4.407211817322E-03));
#5747 = CARTESIAN_POINT('',(22.499932797969,3.993090515963E-03));
#5748 = CARTESIAN_POINT('',(22.249949136103,3.573528058245E-03));
#5749 = CARTESIAN_POINT('',(22.,3.148484036471E-03));
#5750 = ( GEOMETRIC_REPRESENTATION_CONTEXT(2) 
PARAMETRIC_REPRESENTATION_CONTEXT() REPRESENTATION_CONTEXT('2D SPACE',''
  ) );
#5751 = ORIENTED_EDGE('',*,*,#5752,.T.);
#5752 = EDGE_CURVE('',#5717,#5753,#5755,.T.);
#5753 = VERTEX_POINT('',#5754);
#5754 = CARTESIAN_POINT('',(56.480698713833,20.246744745693,
    93.959151178634));
#5755 = SURFACE_CURVE('',#5756,(#5762,#5771),.PCURVE_S1.);
#5756 = B_SPLINE_CURVE_WITH_KNOTS('',4,(#5757,#5758,#5759,#5760,#5761),
  .UNSPECIFIED.,.F.,.F.,(5,5),(0.,1.),.PIECEWISE_BEZIER_KNOTS.);
#5757 = CARTESIAN_POINT('',(56.530760481476,20.106544193024,
    93.859583208786));
#5758 = CARTESIAN_POINT('',(56.518298551435,20.141581660205,
    93.884484469267));
#5759 = CARTESIAN_POINT('',(56.50580101869,20.17662752015,93.90937958183
    ));
#5760 = CARTESIAN_POINT('',(56.493267775887,20.21168185455,
    93.934268500471));
#5761 = CARTESIAN_POINT('',(56.480698713833,20.246744745693,
    93.959151178634));
#5762 = PCURVE('',#446,#5763);
#5763 = DEFINITIONAL_REPRESENTATION('',(#5764),#5770);
#5764 = B_SPLINE_CURVE_WITH_KNOTS('',4,(#5765,#5766,#5767,#5768,#5769),
  .UNSPECIFIED.,.F.,.F.,(5,5),(0.,1.),.PIECEWISE_BEZIER_KNOTS.);
#5765 = CARTESIAN_POINT('',(0.341720991119,27.859583208786));
#5766 = CARTESIAN_POINT('',(0.342340785844,27.884484469267));
#5767 = CARTESIAN_POINT('',(0.342960911208,27.90937958183));
#5768 = CARTESIAN_POINT('',(0.343581369727,27.934268500471));
#5769 = CARTESIAN_POINT('',(0.344202163944,27.959151178634));
#5770 = ( GEOMETRIC_REPRESENTATION_CONTEXT(2) 
PARAMETRIC_REPRESENTATION_CONTEXT() REPRESENTATION_CONTEXT('2D SPACE',''
  ) );
#5771 = PCURVE('',#5772,#5779);
#5772 = B_SPLINE_SURFACE_WITH_KNOTS('',1,2,(
    (#5773,#5774,#5775)
    ,(#5776,#5777,#5778
    )),.UNSPECIFIED.,.F.,.F.,.F.,(2,2),(3,3),(21.,22.),(0.,1.),
  .PIECEWISE_BEZIER_KNOTS.);
#5773 = CARTESIAN_POINT('',(56.339137058206,20.247676151855,
    93.948788963498));
#5774 = CARTESIAN_POINT('',(83.848088645755,20.066802927449,
    95.965300606241));
#5775 = CARTESIAN_POINT('',(108.3410406939,19.810827881762,
    95.526279441629));
#5776 = CARTESIAN_POINT('',(56.357604255353,20.107403863182,
    93.847020703413));
#5777 = CARTESIAN_POINT('',(83.860700307514,19.971007845777,
    95.845855171677));
#5778 = CARTESIAN_POINT('',(108.34838530319,19.755040035559,
    95.414388594775));
#5779 = DEFINITIONAL_REPRESENTATION('',(#5780),#5786);
#5780 = B_SPLINE_CURVE_WITH_KNOTS('',4,(#5781,#5782,#5783,#5784,#5785),
  .UNSPECIFIED.,.F.,.F.,(5,5),(0.,1.),.PIECEWISE_BEZIER_KNOTS.);
#5781 = CARTESIAN_POINT('',(22.,3.14848403647E-03));
#5782 = CARTESIAN_POINT('',(21.749997392707,3.005645363486E-03));
#5783 = CARTESIAN_POINT('',(21.499996512805,2.862181897444E-03));
#5784 = CARTESIAN_POINT('',(21.249997376437,2.718091939395E-03));
#5785 = CARTESIAN_POINT('',(21.,2.573373759562E-03));
#5786 = ( GEOMETRIC_REPRESENTATION_CONTEXT(2) 
PARAMETRIC_REPRESENTATION_CONTEXT() REPRESENTATION_CONTEXT('2D SPACE',''
  ) );
#5787 = ORIENTED_EDGE('',*,*,#5788,.T.);
#5788 = EDGE_CURVE('',#5753,#5789,#5791,.T.);
#5789 = VERTEX_POINT('',#5790);
#5790 = CARTESIAN_POINT('',(56.516612121738,20.146278918973,
    93.819029679644));
#5791 = SURFACE_CURVE('',#5792,(#5798,#5807),.PCURVE_S1.);
#5792 = B_SPLINE_CURVE_WITH_KNOTS('',4,(#5793,#5794,#5795,#5796,#5797),
  .UNSPECIFIED.,.F.,.F.,(5,5),(0.,1.),.PIECEWISE_BEZIER_KNOTS.);
#5793 = CARTESIAN_POINT('',(56.480698713833,20.246744745693,
    93.959151178634));
#5794 = CARTESIAN_POINT('',(56.489705424675,20.221619456277,
    93.924122761735));
#5795 = CARTESIAN_POINT('',(56.498693197024,20.196500083432,
    93.889093036722));
#5796 = CARTESIAN_POINT('',(56.507662079916,20.171386584967,
    93.85406200794));
#5797 = CARTESIAN_POINT('',(56.516612121738,20.146278918973,
    93.819029679644));
#5798 = PCURVE('',#446,#5799);
#5799 = DEFINITIONAL_REPRESENTATION('',(#5800),#5806);
#5800 = B_SPLINE_CURVE_WITH_KNOTS('',4,(#5801,#5802,#5803,#5804,#5805),
  .UNSPECIFIED.,.F.,.F.,(5,5),(0.,1.),.PIECEWISE_BEZIER_KNOTS.);
#5801 = CARTESIAN_POINT('',(0.344202163944,27.959151178634));
#5802 = CARTESIAN_POINT('',(0.343757316589,27.924122761735));
#5803 = CARTESIAN_POINT('',(0.343312668572,27.889093036722));
#5804 = CARTESIAN_POINT('',(0.34286821872,27.85406200794));
#5805 = CARTESIAN_POINT('',(0.34242396587,27.819029679644));
#5806 = ( GEOMETRIC_REPRESENTATION_CONTEXT(2) 
PARAMETRIC_REPRESENTATION_CONTEXT() REPRESENTATION_CONTEXT('2D SPACE',''
  ) );
#5807 = PCURVE('',#5808,#5815);
#5808 = B_SPLINE_SURFACE_WITH_KNOTS('',1,2,(
    (#5809,#5810,#5811)
    ,(#5812,#5813,#5814
    )),.UNSPECIFIED.,.F.,.F.,.F.,(2,2),(3,3),(20.,21.),(0.,1.),
  .PIECEWISE_BEZIER_KNOTS.);
#5809 = CARTESIAN_POINT('',(56.352377464876,20.147105278443,
    93.806999004157));
#5810 = CARTESIAN_POINT('',(83.855714557049,20.008878380376,
    95.825010575971));
#5811 = CARTESIAN_POINT('',(108.34512483766,19.779805730053,
    95.404987424349));
#5812 = CARTESIAN_POINT('',(56.339137058206,20.247676151855,
    93.948788963498));
#5813 = CARTESIAN_POINT('',(83.848088645755,20.066802927449,
    95.965300606241));
#5814 = CARTESIAN_POINT('',(108.3410406939,19.810827881762,
    95.526279441629));
#5815 = DEFINITIONAL_REPRESENTATION('',(#5816),#5822);
#5816 = B_SPLINE_CURVE_WITH_KNOTS('',4,(#5817,#5818,#5819,#5820,#5821),
  .UNSPECIFIED.,.F.,.F.,(5,5),(0.,1.),.PIECEWISE_BEZIER_KNOTS.);
#5817 = CARTESIAN_POINT('',(21.,2.573373759562E-03));
#5818 = CARTESIAN_POINT('',(20.750001359102,2.677075594566E-03));
#5819 = CARTESIAN_POINT('',(20.500001807361,2.780448562614E-03));
#5820 = CARTESIAN_POINT('',(20.250001351956,2.883493432385E-03));
#5821 = CARTESIAN_POINT('',(20.,2.986210961797E-03));
#5822 = ( GEOMETRIC_REPRESENTATION_CONTEXT(2) 
PARAMETRIC_REPRESENTATION_CONTEXT() REPRESENTATION_CONTEXT('2D SPACE',''
  ) );
#5823 = ORIENTED_EDGE('',*,*,#5824,.T.);
#5824 = EDGE_CURVE('',#5789,#5825,#5827,.T.);
#5825 = VERTEX_POINT('',#5826);
#5826 = CARTESIAN_POINT('',(56.623072748068,19.845090893392,
    93.403933181067));
#5827 = SURFACE_CURVE('',#5828,(#5834,#5843),.PCURVE_S1.);
#5828 = B_SPLINE_CURVE_WITH_KNOTS('',4,(#5829,#5830,#5831,#5832,#5833),
  .UNSPECIFIED.,.F.,.F.,(5,5),(0.,1.),.PIECEWISE_BEZIER_KNOTS.);
#5829 = CARTESIAN_POINT('',(56.516612121738,20.146278918973,
    93.819029679644));
#5830 = CARTESIAN_POINT('',(56.543478183206,20.070911215521,
    93.715282658567));
#5831 = CARTESIAN_POINT('',(56.570176168271,19.9955913129,
    93.611517394539));
#5832 = CARTESIAN_POINT('',(56.596707298121,19.920318202676,
    93.507734151044));
#5833 = CARTESIAN_POINT('',(56.623072748068,19.845090893392,
    93.403933181067));
#5834 = PCURVE('',#446,#5835);
#5835 = DEFINITIONAL_REPRESENTATION('',(#5836),#5842);
#5836 = B_SPLINE_CURVE_WITH_KNOTS('',4,(#5837,#5838,#5839,#5840,#5841),
  .UNSPECIFIED.,.F.,.F.,(5,5),(0.,1.),.PIECEWISE_BEZIER_KNOTS.);
#5837 = CARTESIAN_POINT('',(0.34242396587,27.819029679644));
#5838 = CARTESIAN_POINT('',(0.341090416306,27.715282658567));
#5839 = CARTESIAN_POINT('',(0.339758557757,27.611517394539));
#5840 = CARTESIAN_POINT('',(0.338428361235,27.507734151044));
#5841 = CARTESIAN_POINT('',(0.337099798413,27.403933181067));
#5842 = ( GEOMETRIC_REPRESENTATION_CONTEXT(2) 
PARAMETRIC_REPRESENTATION_CONTEXT() REPRESENTATION_CONTEXT('2D SPACE',''
  ) );
#5843 = PCURVE('',#5844,#5851);
#5844 = B_SPLINE_SURFACE_WITH_KNOTS('',1,2,(
    (#5845,#5846,#5847)
    ,(#5848,#5849,#5850
    )),.UNSPECIFIED.,.F.,.F.,.F.,(2,2),(3,3),(19.,20.),(0.,1.),
  .PIECEWISE_BEZIER_KNOTS.);
#5845 = CARTESIAN_POINT('',(56.392125906446,19.845185889909,
    93.386987543867));
#5846 = CARTESIAN_POINT('',(83.878715251251,19.834170762794,
    95.408353648613));
#5847 = CARTESIAN_POINT('',(108.35749352252,19.685856241166,
    95.044363061895));
#5848 = CARTESIAN_POINT('',(56.352377464876,20.147105278443,
    93.806999004157));
#5849 = CARTESIAN_POINT('',(83.855714557049,20.008878380376,
    95.825010575971));
#5850 = CARTESIAN_POINT('',(108.34512483766,19.779805730053,
    95.404987424349));
#5851 = DEFINITIONAL_REPRESENTATION('',(#5852),#5858);
#5852 = B_SPLINE_CURVE_WITH_KNOTS('',4,(#5853,#5854,#5855,#5856,#5857),
  .UNSPECIFIED.,.F.,.F.,(5,5),(0.,1.),.PIECEWISE_BEZIER_KNOTS.);
#5853 = CARTESIAN_POINT('',(20.,2.986210961797E-03));
#5854 = CARTESIAN_POINT('',(19.75002561581,3.294546443793E-03));
#5855 = CARTESIAN_POINT('',(19.500033885679,3.599951812758E-03));
#5856 = CARTESIAN_POINT('',(19.250025215395,3.90244627859E-03));
#5857 = CARTESIAN_POINT('',(19.,4.202048283891E-03));
#5858 = ( GEOMETRIC_REPRESENTATION_CONTEXT(2) 
PARAMETRIC_REPRESENTATION_CONTEXT() REPRESENTATION_CONTEXT('2D SPACE',''
  ) );
#5859 = ORIENTED_EDGE('',*,*,#5860,.T.);
#5860 = EDGE_CURVE('',#5825,#5861,#5863,.T.);
#5861 = VERTEX_POINT('',#5862);
#5862 = CARTESIAN_POINT('',(56.796186689875,19.344073446119,
    92.729291223171));
#5863 = SURFACE_CURVE('',#5864,(#5870,#5879),.PCURVE_S1.);
#5864 = B_SPLINE_CURVE_WITH_KNOTS('',4,(#5865,#5866,#5867,#5868,#5869),
  .UNSPECIFIED.,.F.,.F.,(5,5),(0.,1.),.PIECEWISE_BEZIER_KNOTS.);
#5865 = CARTESIAN_POINT('',(56.623072748068,19.845090893392,
    93.403933181067));
#5866 = CARTESIAN_POINT('',(56.667030445668,19.71966844396,
    93.235369569068));
#5867 = CARTESIAN_POINT('',(56.710532005235,19.594360742835,
    93.066740201038));
#5868 = CARTESIAN_POINT('',(56.753582497174,19.469163732256,
    92.898046857449));
#5869 = CARTESIAN_POINT('',(56.796186689875,19.344073446119,
    92.729291223171));
#5870 = PCURVE('',#446,#5871);
#5871 = DEFINITIONAL_REPRESENTATION('',(#5872),#5878);
#5872 = B_SPLINE_CURVE_WITH_KNOTS('',4,(#5873,#5874,#5875,#5876,#5877),
  .UNSPECIFIED.,.F.,.F.,(5,5),(0.,1.),.PIECEWISE_BEZIER_KNOTS.);
#5873 = CARTESIAN_POINT('',(0.337099798413,27.403933181067));
#5874 = CARTESIAN_POINT('',(0.334884757029,27.235369569068));
#5875 = CARTESIAN_POINT('',(0.33267403495,27.066740201038));
#5876 = CARTESIAN_POINT('',(0.33046751143,26.898046857449));
#5877 = CARTESIAN_POINT('',(0.328265069798,26.729291223171));
#5878 = ( GEOMETRIC_REPRESENTATION_CONTEXT(2) 
PARAMETRIC_REPRESENTATION_CONTEXT() REPRESENTATION_CONTEXT('2D SPACE',''
  ) );
#5879 = PCURVE('',#5880,#5887);
#5880 = B_SPLINE_SURFACE_WITH_KNOTS('',1,2,(
    (#5881,#5882,#5883)
    ,(#5884,#5885,#5886
    )),.UNSPECIFIED.,.F.,.F.,.F.,(2,2),(3,3),(18.,19.),(0.,1.),
  .PIECEWISE_BEZIER_KNOTS.);
#5881 = CARTESIAN_POINT('',(56.458419205069,19.34163829425,
    92.704481728364));
#5882 = CARTESIAN_POINT('',(83.917418339664,19.540191619807,
    94.727772443209));
#5883 = CARTESIAN_POINT('',(108.37846669675,19.526549166757,
    94.45404195739));
#5884 = CARTESIAN_POINT('',(56.392125906446,19.845185889909,
    93.386987543867));
#5885 = CARTESIAN_POINT('',(83.878715251251,19.834170762794,
    95.408353648613));
#5886 = CARTESIAN_POINT('',(108.35749352252,19.685856241166,
    95.044363061895));
#5887 = DEFINITIONAL_REPRESENTATION('',(#5888),#5894);
#5888 = B_SPLINE_CURVE_WITH_KNOTS('',4,(#5889,#5890,#5891,#5892,#5893),
  .UNSPECIFIED.,.F.,.F.,(5,5),(0.,1.),.PIECEWISE_BEZIER_KNOTS.);
#5889 = CARTESIAN_POINT('',(19.,4.202048283891E-03));
#5890 = CARTESIAN_POINT('',(18.750071847982,4.701558604242E-03));
#5891 = CARTESIAN_POINT('',(18.50009452931,5.193078769962E-03));
#5892 = CARTESIAN_POINT('',(18.250069965077,5.676688703809E-03));
#5893 = CARTESIAN_POINT('',(18.,6.152463241524E-03));
#5894 = ( GEOMETRIC_REPRESENTATION_CONTEXT(2) 
PARAMETRIC_REPRESENTATION_CONTEXT() REPRESENTATION_CONTEXT('2D SPACE',''
  ) );
#5895 = ORIENTED_EDGE('',*,*,#5896,.T.);
#5896 = EDGE_CURVE('',#5861,#5897,#5899,.T.);
#5897 = VERTEX_POINT('',#5898);
#5898 = CARTESIAN_POINT('',(57.029335928095,18.645504648589,
    91.819643200838));
#5899 = SURFACE_CURVE('',#5900,(#5906,#5915),.PCURVE_S1.);
#5900 = B_SPLINE_CURVE_WITH_KNOTS('',4,(#5901,#5902,#5903,#5904,#5905),
  .UNSPECIFIED.,.F.,.F.,(5,5),(0.,1.),.PIECEWISE_BEZIER_KNOTS.);
#5901 = CARTESIAN_POINT('',(56.796186689875,19.344073446119,
    92.729291223171));
#5902 = CARTESIAN_POINT('',(56.855762110388,19.169153891818,
    92.502087379096));
#5903 = CARTESIAN_POINT('',(56.91447073206,18.994425756259,
    92.27474105619));
#5904 = CARTESIAN_POINT('',(56.972324890919,18.819879204384,
    92.047257903206));
#5905 = CARTESIAN_POINT('',(57.029335928095,18.645504648589,
    91.819643200838));
#5906 = PCURVE('',#446,#5907);
#5907 = DEFINITIONAL_REPRESENTATION('',(#5908),#5914);
#5908 = B_SPLINE_CURVE_WITH_KNOTS('',4,(#5909,#5910,#5911,#5912,#5913),
  .UNSPECIFIED.,.F.,.F.,(5,5),(0.,1.),.PIECEWISE_BEZIER_KNOTS.);
#5909 = CARTESIAN_POINT('',(0.328265069798,26.729291223171));
#5910 = CARTESIAN_POINT('',(0.325185293417,26.502087379096));
#5911 = CARTESIAN_POINT('',(0.322113194604,26.27474105619));
#5912 = CARTESIAN_POINT('',(0.31904847406,26.047257903206));
#5913 = CARTESIAN_POINT('',(0.315990844982,25.819643200838));
#5914 = ( GEOMETRIC_REPRESENTATION_CONTEXT(2) 
PARAMETRIC_REPRESENTATION_CONTEXT() REPRESENTATION_CONTEXT('2D SPACE',''
  ) );
#5915 = PCURVE('',#5916,#5923);
#5916 = B_SPLINE_SURFACE_WITH_KNOTS('',1,2,(
    (#5917,#5918,#5919)
    ,(#5920,#5921,#5922
    )),.UNSPECIFIED.,.F.,.F.,.F.,(2,2),(3,3),(17.,18.),(0.,1.),
  .PIECEWISE_BEZIER_KNOTS.);
#5917 = CARTESIAN_POINT('',(56.551181700902,18.63703718502,
    91.784589289813));
#5918 = CARTESIAN_POINT('',(83.97224298143,19.12375712164,
    93.803372332438));
#5919 = CARTESIAN_POINT('',(108.40848855942,19.298510479901,
    93.649695089254));
#5920 = CARTESIAN_POINT('',(56.458419205069,19.34163829425,
    92.704481728364));
#5921 = CARTESIAN_POINT('',(83.917418339664,19.540191619807,
    94.727772443209));
#5922 = CARTESIAN_POINT('',(108.37846669675,19.526549166757,
    94.45404195739));
#5923 = DEFINITIONAL_REPRESENTATION('',(#5924),#5930);
#5924 = B_SPLINE_CURVE_WITH_KNOTS('',4,(#5925,#5926,#5927,#5928,#5929),
  .UNSPECIFIED.,.F.,.F.,(5,5),(0.,1.),.PIECEWISE_BEZIER_KNOTS.);
#5925 = CARTESIAN_POINT('',(18.,6.152463241524E-03));
#5926 = CARTESIAN_POINT('',(17.750118025632,6.817760864985E-03));
#5927 = CARTESIAN_POINT('',(17.50015436203,7.467803069462E-03));
#5928 = CARTESIAN_POINT('',(17.25011357488,8.102784146444E-03));
#5929 = CARTESIAN_POINT('',(17.,8.722881527673E-03));
#5930 = ( GEOMETRIC_REPRESENTATION_CONTEXT(2) 
PARAMETRIC_REPRESENTATION_CONTEXT() REPRESENTATION_CONTEXT('2D SPACE',''
  ) );
#5931 = ORIENTED_EDGE('',*,*,#5932,.T.);
#5932 = EDGE_CURVE('',#5897,#5933,#5935,.T.);
#5933 = VERTEX_POINT('',#5934);
#5934 = CARTESIAN_POINT('',(57.313149169309,17.753955398629,
    90.707105178392));
#5935 = SURFACE_CURVE('',#5936,(#5942,#5951),.PCURVE_S1.);
#5936 = B_SPLINE_CURVE_WITH_KNOTS('',4,(#5937,#5938,#5939,#5940,#5941),
  .UNSPECIFIED.,.F.,.F.,(5,5),(0.,1.),.PIECEWISE_BEZIER_KNOTS.);
#5937 = CARTESIAN_POINT('',(57.029335928095,18.645504648589,
    91.819643200838));
#5938 = CARTESIAN_POINT('',(57.102330103105,18.422243899904,
    91.541853038089));
#5939 = CARTESIAN_POINT('',(57.173948913367,18.199244426737,
    91.263825148135));
#5940 = CARTESIAN_POINT('',(57.244215120685,17.976487635696,
    90.985572008527));
#5941 = CARTESIAN_POINT('',(57.313149169309,17.753955398629,
    90.707105178392));
#5942 = PCURVE('',#446,#5943);
#5943 = DEFINITIONAL_REPRESENTATION('',(#5944),#5950);
#5944 = B_SPLINE_CURVE_WITH_KNOTS('',4,(#5945,#5946,#5947,#5948,#5949),
  .UNSPECIFIED.,.F.,.F.,(5,5),(0.,1.),.PIECEWISE_BEZIER_KNOTS.);
#5945 = CARTESIAN_POINT('',(0.315990844982,25.819643200838));
#5946 = CARTESIAN_POINT('',(0.312076004575,25.541853038089));
#5947 = CARTESIAN_POINT('',(0.308172426571,25.263825148135));
#5948 = CARTESIAN_POINT('',(0.304279538684,24.985572008527));
#5949 = CARTESIAN_POINT('',(0.300396795539,24.707105178392));
#5950 = ( GEOMETRIC_REPRESENTATION_CONTEXT(2) 
PARAMETRIC_REPRESENTATION_CONTEXT() REPRESENTATION_CONTEXT('2D SPACE',''
  ) );
#5951 = PCURVE('',#5952,#5959);
#5952 = B_SPLINE_SURFACE_WITH_KNOTS('',1,2,(
    (#5953,#5954,#5955)
    ,(#5956,#5957,#5958
    )),.UNSPECIFIED.,.F.,.F.,.F.,(2,2),(3,3),(16.,17.),(0.,1.),
  .PIECEWISE_BEZIER_KNOTS.);
#5953 = CARTESIAN_POINT('',(56.670058558874,17.734077802173,
    90.66032608884));
#5954 = CARTESIAN_POINT('',(84.043543281112,18.58217757709,
    92.662053493107));
#5955 = CARTESIAN_POINT('',(108.44801609696,18.99826902401,
    92.652480546588));
#5956 = CARTESIAN_POINT('',(56.551181700902,18.63703718502,
    91.784589289813));
#5957 = CARTESIAN_POINT('',(83.97224298143,19.12375712164,
    93.803372332438));
#5958 = CARTESIAN_POINT('',(108.40848855942,19.298510479901,
    93.649695089254));
#5959 = DEFINITIONAL_REPRESENTATION('',(#5960),#5966);
#5960 = B_SPLINE_CURVE_WITH_KNOTS('',4,(#5961,#5962,#5963,#5964,#5965),
  .UNSPECIFIED.,.F.,.F.,(5,5),(0.,1.),.PIECEWISE_BEZIER_KNOTS.);
#5961 = CARTESIAN_POINT('',(17.,8.722881527673E-03));
#5962 = CARTESIAN_POINT('',(16.75015246433,9.516824227393E-03));
#5963 = CARTESIAN_POINT('',(16.500198017719,1.028644168805E-02));
#5964 = CARTESIAN_POINT('',(16.250144678989,1.103209105707E-02));
#5965 = CARTESIAN_POINT('',(16.,1.175408998135E-02));
#5966 = ( GEOMETRIC_REPRESENTATION_CONTEXT(2) 
PARAMETRIC_REPRESENTATION_CONTEXT() REPRESENTATION_CONTEXT('2D SPACE',''
  ) );
#5967 = ORIENTED_EDGE('',*,*,#5968,.T.);
#5968 = EDGE_CURVE('',#5933,#5969,#5971,.T.);
#5969 = VERTEX_POINT('',#5970);
#5970 = CARTESIAN_POINT('',(57.635693840902,16.67713391077,
    89.42962054945));
#5971 = SURFACE_CURVE('',#5972,(#5978,#5987),.PCURVE_S1.);
#5972 = B_SPLINE_CURVE_WITH_KNOTS('',4,(#5973,#5974,#5975,#5976,#5977),
  .UNSPECIFIED.,.F.,.F.,(5,5),(0.,1.),.PIECEWISE_BEZIER_KNOTS.);
#5973 = CARTESIAN_POINT('',(57.313149169309,17.753955398629,
    90.707105178392));
#5974 = CARTESIAN_POINT('',(57.39667395523,17.484321482845,
    90.388217677084));
#5975 = CARTESIAN_POINT('',(57.478250420677,17.214993202975,
    90.068993146596));
#5976 = CARTESIAN_POINT('',(57.557913512699,16.945940481922,
    89.749453911336));
#5977 = CARTESIAN_POINT('',(57.635693840902,16.67713391077,
    89.42962054945));
#5978 = PCURVE('',#446,#5979);
#5979 = DEFINITIONAL_REPRESENTATION('',(#5980),#5986);
#5980 = B_SPLINE_CURVE_WITH_KNOTS('',4,(#5981,#5982,#5983,#5984,#5985),
  .UNSPECIFIED.,.F.,.F.,(5,5),(0.,1.),.PIECEWISE_BEZIER_KNOTS.);
#5981 = CARTESIAN_POINT('',(0.300396795539,24.707105178392));
#5982 = CARTESIAN_POINT('',(0.295692222161,24.388217677084));
#5983 = CARTESIAN_POINT('',(0.291002122992,24.068993146596));
#5984 = CARTESIAN_POINT('',(0.286325569514,23.749453911336));
#5985 = CARTESIAN_POINT('',(0.281661678907,23.42962054945));
#5986 = ( GEOMETRIC_REPRESENTATION_CONTEXT(2) 
PARAMETRIC_REPRESENTATION_CONTEXT() REPRESENTATION_CONTEXT('2D SPACE',''
  ) );
#5987 = PCURVE('',#5988,#5995);
#5988 = B_SPLINE_SURFACE_WITH_KNOTS('',1,2,(
    (#5989,#5990,#5991)
    ,(#5992,#5993,#5994
    )),.UNSPECIFIED.,.F.,.F.,.F.,(2,2),(3,3),(15.,16.),(0.,1.),
  .PIECEWISE_BEZIER_KNOTS.);
#5989 = CARTESIAN_POINT('',(56.814245152643,16.63887188955,
    89.370877068045));
#5990 = CARTESIAN_POINT('',(84.131444262837,17.914503333641,
    91.336443824057));
#5991 = CARTESIAN_POINT('',(108.49739960618,18.623164030776,
    91.488342166972));
#5992 = CARTESIAN_POINT('',(56.670058558874,17.734077802173,
    90.66032608884));
#5993 = CARTESIAN_POINT('',(84.043543281112,18.58217757709,
    92.662053493107));
#5994 = CARTESIAN_POINT('',(108.44801609696,18.99826902401,
    92.652480546588));
#5995 = DEFINITIONAL_REPRESENTATION('',(#5996),#6002);
#5996 = B_SPLINE_CURVE_WITH_KNOTS('',4,(#5997,#5998,#5999,#6000,#6001),
  .UNSPECIFIED.,.F.,.F.,(5,5),(0.,1.),.PIECEWISE_BEZIER_KNOTS.);
#5997 = CARTESIAN_POINT('',(16.,1.175408998135E-02));
#5998 = CARTESIAN_POINT('',(15.750170127679,1.262890883777E-02));
#5999 = CARTESIAN_POINT('',(15.500219019413,1.346908402589E-02));
#6000 = CARTESIAN_POINT('',(15.250158588835,1.427515997819E-02));
#6001 = CARTESIAN_POINT('',(15.,1.504760675598E-02));
#6002 = ( GEOMETRIC_REPRESENTATION_CONTEXT(2) 
PARAMETRIC_REPRESENTATION_CONTEXT() REPRESENTATION_CONTEXT('2D SPACE',''
  ) );
#6003 = ORIENTED_EDGE('',*,*,#6004,.T.);
#6004 = EDGE_CURVE('',#5969,#6005,#6007,.T.);
#6005 = VERTEX_POINT('',#6006);
#6006 = CARTESIAN_POINT('',(57.982961566812,15.426476199756,
    88.02925176068));
#6007 = SURFACE_CURVE('',#6008,(#6014,#6023),.PCURVE_S1.);
#6008 = B_SPLINE_CURVE_WITH_KNOTS('',4,(#6009,#6010,#6011,#6012,#6013),
  .UNSPECIFIED.,.F.,.F.,(5,5),(0.,1.),.PIECEWISE_BEZIER_KNOTS.);
#6009 = CARTESIAN_POINT('',(57.635693840902,16.67713391077,
    89.42962054945));
#6010 = CARTESIAN_POINT('',(57.726285319804,16.364052372269,
    89.080129936019));
#6011 = CARTESIAN_POINT('',(57.814330552745,16.051277801601,
    88.730215567524));
#6012 = CARTESIAN_POINT('',(57.899876097429,15.738766674624,
    88.379912172317));
#6013 = CARTESIAN_POINT('',(57.982961566812,15.426476199756,
    88.02925176068));
#6014 = PCURVE('',#446,#6015);
#6015 = DEFINITIONAL_REPRESENTATION('',(#6016),#6022);
#6016 = B_SPLINE_CURVE_WITH_KNOTS('',4,(#6017,#6018,#6019,#6020,#6021),
  .UNSPECIFIED.,.F.,.F.,(5,5),(0.,1.),.PIECEWISE_BEZIER_KNOTS.);
#6017 = CARTESIAN_POINT('',(0.281661678907,23.42962054945));
#6018 = CARTESIAN_POINT('',(0.276229601706,23.080129936019));
#6019 = CARTESIAN_POINT('',(0.270814234508,22.730215567524));
#6020 = CARTESIAN_POINT('',(0.265414238018,22.379912172317));
#6021 = CARTESIAN_POINT('',(0.260028337291,22.02925176068));
#6022 = ( GEOMETRIC_REPRESENTATION_CONTEXT(2) 
PARAMETRIC_REPRESENTATION_CONTEXT() REPRESENTATION_CONTEXT('2D SPACE',''
  ) );
#6023 = PCURVE('',#6024,#6031);
#6024 = B_SPLINE_SURFACE_WITH_KNOTS('',1,2,(
    (#6025,#6026,#6027)
    ,(#6028,#6029,#6030
    )),.UNSPECIFIED.,.F.,.F.,.F.,(2,2),(3,3),(14.,15.),(0.,1.),
  .PIECEWISE_BEZIER_KNOTS.);
#6025 = CARTESIAN_POINT('',(56.982346900663,15.362012345672,
    87.959812804482));
#6026 = CARTESIAN_POINT('',(84.23570209701,17.122586460938,
    89.863746384998));
#6027 = CARTESIAN_POINT('',(108.55677686393,18.172148981018,
    90.187211617259));
#6028 = CARTESIAN_POINT('',(56.814245152643,16.63887188955,
    89.370877068045));
#6029 = CARTESIAN_POINT('',(84.131444262837,17.914503333641,
    91.336443824057));
#6030 = CARTESIAN_POINT('',(108.49739960618,18.623164030776,
    91.488342166972));
#6031 = DEFINITIONAL_REPRESENTATION('',(#6032),#6038);
#6032 = B_SPLINE_CURVE_WITH_KNOTS('',4,(#6033,#6034,#6035,#6036,#6037),
  .UNSPECIFIED.,.F.,.F.,(5,5),(0.,1.),.PIECEWISE_BEZIER_KNOTS.);
#6033 = CARTESIAN_POINT('',(15.,1.504760675598E-02));
#6034 = CARTESIAN_POINT('',(14.750168683821,1.594728277418E-02));
#6035 = CARTESIAN_POINT('',(14.500214481859,1.680141691851E-02));
#6036 = CARTESIAN_POINT('',(14.250153292353,1.761072609592E-02));
#6037 = CARTESIAN_POINT('',(14.,1.837580736269E-02));
#6038 = ( GEOMETRIC_REPRESENTATION_CONTEXT(2) 
PARAMETRIC_REPRESENTATION_CONTEXT() REPRESENTATION_CONTEXT('2D SPACE',''
  ) );
#6039 = ORIENTED_EDGE('',*,*,#6040,.T.);
#6040 = EDGE_CURVE('',#6005,#6041,#6043,.T.);
#6041 = VERTEX_POINT('',#6042);
#6042 = CARTESIAN_POINT('',(58.339621314047,14.01743860103,
    86.550682861005));
#6043 = SURFACE_CURVE('',#6044,(#6050,#6059),.PCURVE_S1.);
#6044 = B_SPLINE_CURVE_WITH_KNOTS('',4,(#6045,#6046,#6047,#6048,#6049),
  .UNSPECIFIED.,.F.,.F.,(5,5),(0.,1.),.PIECEWISE_BEZIER_KNOTS.);
#6045 = CARTESIAN_POINT('',(57.982961566812,15.426476199756,
    88.02925176068));
#6046 = CARTESIAN_POINT('',(58.076766394643,15.073895243709,
    87.66028307392));
#6047 = CARTESIAN_POINT('',(58.167443015863,14.721567087407,
    87.290833395909));
#6048 = CARTESIAN_POINT('',(58.255046317946,14.369433953787,
    86.920951569476));
#6049 = CARTESIAN_POINT('',(58.339621314047,14.01743860103,
    86.550682861005));
#6050 = PCURVE('',#446,#6051);
#6051 = DEFINITIONAL_REPRESENTATION('',(#6052),#6058);
#6052 = B_SPLINE_CURVE_WITH_KNOTS('',4,(#6053,#6054,#6055,#6056,#6057),
  .UNSPECIFIED.,.F.,.F.,(5,5),(0.,1.),.PIECEWISE_BEZIER_KNOTS.);
#6053 = CARTESIAN_POINT('',(0.260028337291,22.02925176068));
#6054 = CARTESIAN_POINT('',(0.253947568966,21.66028307392));
#6055 = CARTESIAN_POINT('',(0.247884276938,21.290833395909));
#6056 = CARTESIAN_POINT('',(0.241836696883,20.920951569476));
#6057 = CARTESIAN_POINT('',(0.235803141217,20.550682861005));
#6058 = ( GEOMETRIC_REPRESENTATION_CONTEXT(2) 
PARAMETRIC_REPRESENTATION_CONTEXT() REPRESENTATION_CONTEXT('2D SPACE',''
  ) );
#6059 = PCURVE('',#6060,#6067);
#6060 = B_SPLINE_SURFACE_WITH_KNOTS('',1,2,(
    (#6061,#6062,#6063)
    ,(#6064,#6065,#6066
    )),.UNSPECIFIED.,.F.,.F.,.F.,(2,2),(3,3),(13.,14.),(0.,1.),
  .PIECEWISE_BEZIER_KNOTS.);
#6061 = CARTESIAN_POINT('',(57.172287213955,13.91927242981,
    86.473422977206));
#6062 = CARTESIAN_POINT('',(84.355606237999,16.211824088884,
    88.284594664473));
#6063 = CARTESIAN_POINT('',(108.62599393657,17.646393116856,
    88.782166444134));
#6064 = CARTESIAN_POINT('',(56.982346900663,15.362012345672,
    87.959812804482));
#6065 = CARTESIAN_POINT('',(84.23570209701,17.122586460938,
    89.863746384998));
#6066 = CARTESIAN_POINT('',(108.55677686393,18.172148981018,
    90.187211617259));
#6067 = DEFINITIONAL_REPRESENTATION('',(#6068),#6074);
#6068 = B_SPLINE_CURVE_WITH_KNOTS('',4,(#6069,#6070,#6071,#6072,#6073),
  .UNSPECIFIED.,.F.,.F.,(5,5),(0.,1.),.PIECEWISE_BEZIER_KNOTS.);
#6069 = CARTESIAN_POINT('',(14.,1.837580736269E-02));
#6070 = CARTESIAN_POINT('',(13.750147349688,1.923959638669E-02));
#6071 = CARTESIAN_POINT('',(13.500183544814,2.004707922466E-02));
#6072 = CARTESIAN_POINT('',(13.250128263034,2.07990856338E-02));
#6073 = CARTESIAN_POINT('',(13.,2.149627377863E-02));
#6074 = ( GEOMETRIC_REPRESENTATION_CONTEXT(2) 
PARAMETRIC_REPRESENTATION_CONTEXT() REPRESENTATION_CONTEXT('2D SPACE',''
  ) );
#6075 = ORIENTED_EDGE('',*,*,#6076,.T.);
#6076 = EDGE_CURVE('',#6041,#6077,#6079,.T.);
#6077 = VERTEX_POINT('',#6078);
#6078 = CARTESIAN_POINT('',(58.689942274437,12.469590042307,
    85.039961738058));
#6079 = SURFACE_CURVE('',#6080,(#6086,#6095),.PCURVE_S1.);
#6080 = B_SPLINE_CURVE_WITH_KNOTS('',4,(#6081,#6082,#6083,#6084,#6085),
  .UNSPECIFIED.,.F.,.F.,(5,5),(0.,1.),.PIECEWISE_BEZIER_KNOTS.);
#6081 = CARTESIAN_POINT('',(58.339621314047,14.01743860103,
    86.550682861005));
#6082 = CARTESIAN_POINT('',(58.432630817097,13.630339406877,
    86.173680829463));
#6083 = CARTESIAN_POINT('',(58.521984553685,13.243379186609,
    85.796184874122));
#6084 = CARTESIAN_POINT('',(58.607740104963,12.856486529273,
    85.4182586341));
#6085 = CARTESIAN_POINT('',(58.689942274437,12.469590042307,
    85.039961738058));
#6086 = PCURVE('',#446,#6087);
#6087 = DEFINITIONAL_REPRESENTATION('',(#6088),#6094);
#6088 = B_SPLINE_CURVE_WITH_KNOTS('',4,(#6089,#6090,#6091,#6092,#6093),
  .UNSPECIFIED.,.F.,.F.,(5,5),(0.,1.),.PIECEWISE_BEZIER_KNOTS.);
#6089 = CARTESIAN_POINT('',(0.235803141217,20.550682861005));
#6090 = CARTESIAN_POINT('',(0.229167870273,20.173680829463));
#6091 = CARTESIAN_POINT('',(0.222549085797,19.796184874122));
#6092 = CARTESIAN_POINT('',(0.215944628802,19.4182586341));
#6093 = CARTESIAN_POINT('',(0.209352417735,19.039961738058));
#6094 = ( GEOMETRIC_REPRESENTATION_CONTEXT(2) 
PARAMETRIC_REPRESENTATION_CONTEXT() REPRESENTATION_CONTEXT('2D SPACE',''
  ) );
#6095 = PCURVE('',#6096,#6103);
#6096 = B_SPLINE_SURFACE_WITH_KNOTS('',1,2,(
    (#6097,#6098,#6099)
    ,(#6100,#6101,#6102
    )),.UNSPECIFIED.,.F.,.F.,.F.,(2,2),(3,3),(12.,13.),(0.,1.),
  .PIECEWISE_BEZIER_KNOTS.);
#6097 = CARTESIAN_POINT('',(57.381262574135,12.331946978267,
    84.959215502296));
#6098 = CARTESIAN_POINT('',(84.489923832003,15.191580671817,
    86.641955762793));
#6099 = CARTESIAN_POINT('',(108.70455446148,17.04966668668,
    87.308575522958));
#6100 = CARTESIAN_POINT('',(57.172287213955,13.91927242981,
    86.473422977206));
#6101 = CARTESIAN_POINT('',(84.355606237999,16.211824088884,
    88.284594664473));
#6102 = CARTESIAN_POINT('',(108.62599393657,17.646393116856,
    88.782166444134));
#6103 = DEFINITIONAL_REPRESENTATION('',(#6104),#6110);
#6104 = B_SPLINE_CURVE_WITH_KNOTS('',4,(#6105,#6106,#6107,#6108,#6109),
  .UNSPECIFIED.,.F.,.F.,(5,5),(0.,1.),.PIECEWISE_BEZIER_KNOTS.);
#6105 = CARTESIAN_POINT('',(13.,2.149627377863E-02));
#6106 = CARTESIAN_POINT('',(12.750106513351,2.226299119953E-02));
#6107 = CARTESIAN_POINT('',(12.500126846578,2.296346654818E-02));
#6108 = CARTESIAN_POINT('',(12.250084052677,2.359854484427E-02));
#6109 = CARTESIAN_POINT('',(12.,2.41688474982E-02));
#6110 = ( GEOMETRIC_REPRESENTATION_CONTEXT(2) 
PARAMETRIC_REPRESENTATION_CONTEXT() REPRESENTATION_CONTEXT('2D SPACE',''
  ) );
#6111 = ORIENTED_EDGE('',*,*,#6112,.T.);
#6112 = EDGE_CURVE('',#6077,#6113,#6115,.T.);
#6113 = VERTEX_POINT('',#6114);
#6114 = CARTESIAN_POINT('',(59.018775494059,10.806671049954,
    83.543365853814));
#6115 = SURFACE_CURVE('',#6116,(#6122,#6131),.PCURVE_S1.);
#6116 = B_SPLINE_CURVE_WITH_KNOTS('',4,(#6117,#6118,#6119,#6120,#6121),
  .UNSPECIFIED.,.F.,.F.,(5,5),(0.,1.),.PIECEWISE_BEZIER_KNOTS.);
#6117 = CARTESIAN_POINT('',(58.689942274437,12.469590042307,
    85.039961738058));
#6118 = CARTESIAN_POINT('',(58.778243893665,12.053985606424,
    84.666413908216));
#6119 = CARTESIAN_POINT('',(58.862450319934,11.638352970328,
    84.292413899891));
#6120 = CARTESIAN_POINT('',(58.942614849964,11.222609310175,
    83.91803977692));
#6121 = CARTESIAN_POINT('',(59.018775494059,10.806671049954,
    83.543365853814));
#6122 = PCURVE('',#446,#6123);
#6123 = DEFINITIONAL_REPRESENTATION('',(#6124),#6130);
#6124 = B_SPLINE_CURVE_WITH_KNOTS('',4,(#6125,#6126,#6127,#6128,#6129),
  .UNSPECIFIED.,.F.,.F.,(5,5),(0.,1.),.PIECEWISE_BEZIER_KNOTS.);
#6125 = CARTESIAN_POINT('',(0.209352417735,19.039961738058));
#6126 = CARTESIAN_POINT('',(0.202271060695,18.666413908216));
#6127 = CARTESIAN_POINT('',(0.195203428424,18.292413899891));
#6128 = CARTESIAN_POINT('',(0.188147041035,17.91803977692));
#6129 = CARTESIAN_POINT('',(0.18109948275,17.543365853814));
#6130 = ( GEOMETRIC_REPRESENTATION_CONTEXT(2) 
PARAMETRIC_REPRESENTATION_CONTEXT() REPRESENTATION_CONTEXT('2D SPACE',''
  ) );
#6131 = PCURVE('',#6132,#6139);
#6132 = B_SPLINE_SURFACE_WITH_KNOTS('',1,2,(
    (#6133,#6134,#6135)
    ,(#6136,#6137,#6138
    )),.UNSPECIFIED.,.F.,.F.,.F.,(2,2),(3,3),(11.,12.),(0.,1.),
  .PIECEWISE_BEZIER_KNOTS.);
#6133 = CARTESIAN_POINT('',(57.605732231032,10.626930658704,
    83.464505093504));
#6134 = CARTESIAN_POINT('',(84.636873720633,14.075385450892,
    84.980050506975));
#6135 = CARTESIAN_POINT('',(108.79159030245,16.388563839642,
    85.803230313802));
#6136 = CARTESIAN_POINT('',(57.381262574135,12.331946978267,
    84.959215502296));
#6137 = CARTESIAN_POINT('',(84.489923832003,15.191580671817,
    86.641955762793));
#6138 = CARTESIAN_POINT('',(108.70455446148,17.04966668668,
    87.308575522958));
#6139 = DEFINITIONAL_REPRESENTATION('',(#6140),#6146);
#6140 = B_SPLINE_CURVE_WITH_KNOTS('',4,(#6141,#6142,#6143,#6144,#6145),
  .UNSPECIFIED.,.F.,.F.,(5,5),(0.,1.),.PIECEWISE_BEZIER_KNOTS.);
#6141 = CARTESIAN_POINT('',(12.,2.41688474982E-02));
#6142 = CARTESIAN_POINT('',(11.750047436279,2.478146694747E-02));
#6143 = CARTESIAN_POINT('',(11.500046119644,2.53193768341E-02));
#6144 = CARTESIAN_POINT('',(11.250021985475,2.578332019097E-02));
#6145 = CARTESIAN_POINT('',(11.,2.617377082057E-02));
#6146 = ( GEOMETRIC_REPRESENTATION_CONTEXT(2) 
PARAMETRIC_REPRESENTATION_CONTEXT() REPRESENTATION_CONTEXT('2D SPACE',''
  ) );
#6147 = ORIENTED_EDGE('',*,*,#6148,.T.);
#6148 = EDGE_CURVE('',#6113,#6149,#6151,.T.);
#6149 = VERTEX_POINT('',#6150);
#6150 = CARTESIAN_POINT('',(59.312521554749,9.056753657766,
    82.106183854218));
#6151 = SURFACE_CURVE('',#6152,(#6158,#6167),.PCURVE_S1.);
#6152 = B_SPLINE_CURVE_WITH_KNOTS('',4,(#6153,#6154,#6155,#6156,#6157),
  .UNSPECIFIED.,.F.,.F.,(5,5),(0.,1.),.PIECEWISE_BEZIER_KNOTS.);
#6153 = CARTESIAN_POINT('',(59.018775494059,10.806671049954,
    83.543365853814));
#6154 = CARTESIAN_POINT('',(59.098800357396,10.369629020876,
    83.184507788661));
#6155 = CARTESIAN_POINT('',(59.174407723697,9.932355908438,
    82.825297835606));
#6156 = CARTESIAN_POINT('',(59.245639753241,9.494761407946,
    82.465827060881));
#6157 = CARTESIAN_POINT('',(59.312521554749,9.056753657766,
    82.106183854218));
#6158 = PCURVE('',#446,#6159);
#6159 = DEFINITIONAL_REPRESENTATION('',(#6160),#6166);
#6160 = B_SPLINE_CURVE_WITH_KNOTS('',4,(#6161,#6162,#6163,#6164,#6165),
  .UNSPECIFIED.,.F.,.F.,(5,5),(0.,1.),.PIECEWISE_BEZIER_KNOTS.);
#6161 = CARTESIAN_POINT('',(0.18109948275,17.543365853814));
#6162 = CARTESIAN_POINT('',(0.173694347259,17.184507788661));
#6163 = CARTESIAN_POINT('',(0.166298683665,16.825297835606));
#6164 = CARTESIAN_POINT('',(0.158909804348,16.465827060881));
#6165 = CARTESIAN_POINT('',(0.15152506098,16.106183854218));
#6166 = ( GEOMETRIC_REPRESENTATION_CONTEXT(2) 
PARAMETRIC_REPRESENTATION_CONTEXT() REPRESENTATION_CONTEXT('2D SPACE',''
  ) );
#6167 = PCURVE('',#6168,#6175);
#6168 = B_SPLINE_SURFACE_WITH_KNOTS('',1,2,(
    (#6169,#6170,#6171)
    ,(#6172,#6173,#6174
    )),.UNSPECIFIED.,.F.,.F.,.F.,(2,2),(3,3),(10.,11.),(0.,1.),
  .PIECEWISE_BEZIER_KNOTS.);
#6169 = CARTESIAN_POINT('',(57.841430678157,8.836623209599,
    82.034934207004));
#6170 = CARTESIAN_POINT('',(84.794114096736,12.881026217424,
    83.343201516549));
#6171 = CARTESIAN_POINT('',(108.88584344339,15.672640156709,
    84.303429998749));
#6172 = CARTESIAN_POINT('',(57.605732231032,10.626930658704,
    83.464505093504));
#6173 = CARTESIAN_POINT('',(84.636873720633,14.075385450892,
    84.980050506975));
#6174 = CARTESIAN_POINT('',(108.79159030245,16.388563839642,
    85.803230313802));
#6175 = DEFINITIONAL_REPRESENTATION('',(#6176),#6182);
#6176 = B_SPLINE_CURVE_WITH_KNOTS('',4,(#6177,#6178,#6179,#6180,#6181),
  .UNSPECIFIED.,.F.,.F.,(5,5),(0.,1.),.PIECEWISE_BEZIER_KNOTS.);
#6177 = CARTESIAN_POINT('',(11.,2.617377082057E-02));
#6178 = CARTESIAN_POINT('',(10.749971975803,2.658403203415E-02));
#6179 = CARTESIAN_POINT('',(10.499943832463,2.691316918968E-02));
#6180 = CARTESIAN_POINT('',(10.249943901587,2.716171258369E-02));
#6181 = CARTESIAN_POINT('',(10.,2.732989079256E-02));
#6182 = ( GEOMETRIC_REPRESENTATION_CONTEXT(2) 
PARAMETRIC_REPRESENTATION_CONTEXT() REPRESENTATION_CONTEXT('2D SPACE',''
  ) );
#6183 = ORIENTED_EDGE('',*,*,#6184,.T.);
#6184 = EDGE_CURVE('',#6149,#6185,#6187,.T.);
#6185 = VERTEX_POINT('',#6186);
#6186 = CARTESIAN_POINT('',(59.561238208051,7.242851863997,
    80.766127470028));
#6187 = SURFACE_CURVE('',#6188,(#6194,#6203),.PCURVE_S1.);
#6188 = B_SPLINE_CURVE_WITH_KNOTS('',4,(#6189,#6190,#6191,#6192,#6193),
  .UNSPECIFIED.,.F.,.F.,(5,5),(0.,1.),.PIECEWISE_BEZIER_KNOTS.);
#6189 = CARTESIAN_POINT('',(59.312521554749,9.056753657766,
    82.106183854218));
#6190 = CARTESIAN_POINT('',(59.381648662205,8.604041438143,
    81.771366567443));
#6191 = CARTESIAN_POINT('',(59.446129271745,8.150883116315,
    81.436349440202));
#6192 = CARTESIAN_POINT('',(59.505989715455,7.69718514182,
    81.101235658327));
#6193 = CARTESIAN_POINT('',(59.561238208051,7.242851863997,
    80.766127470028));
#6194 = PCURVE('',#446,#6195);
#6195 = DEFINITIONAL_REPRESENTATION('',(#6196),#6202);
#6196 = B_SPLINE_CURVE_WITH_KNOTS('',4,(#6197,#6198,#6199,#6200,#6201),
  .UNSPECIFIED.,.F.,.F.,(5,5),(0.,1.),.PIECEWISE_BEZIER_KNOTS.);
#6197 = CARTESIAN_POINT('',(0.15152506098,16.106183854218));
#6198 = CARTESIAN_POINT('',(0.143892402517,15.771366567443));
#6199 = CARTESIAN_POINT('',(0.13626408329,15.436349440202));
#6200 = CARTESIAN_POINT('',(0.12863731247,15.101235658327));
#6201 = CARTESIAN_POINT('',(0.121009309905,14.766127470028));
#6202 = ( GEOMETRIC_REPRESENTATION_CONTEXT(2) 
PARAMETRIC_REPRESENTATION_CONTEXT() REPRESENTATION_CONTEXT('2D SPACE',''
  ) );
#6203 = PCURVE('',#6204,#6211);
#6204 = B_SPLINE_SURFACE_WITH_KNOTS('',1,2,(
    (#6205,#6206,#6207)
    ,(#6208,#6209,#6210
  )),.UNSPECIFIED.,.F.,.F.,.F.,(2,2),(3,3),(9.,10.),(0.,1.),
  .PIECEWISE_BEZIER_KNOTS.);
#6205 = CARTESIAN_POINT('',(58.084710160958,6.988732077571,
    80.707706764192));
#6206 = CARTESIAN_POINT('',(84.959358975271,11.625866751679,
    81.769320764642));
#6207 = CARTESIAN_POINT('',(108.98595564708,14.912212473843,
    82.842968858058));
#6208 = CARTESIAN_POINT('',(57.841430678157,8.836623209599,
    82.034934207004));
#6209 = CARTESIAN_POINT('',(84.794114096736,12.881026217424,
    83.343201516549));
#6210 = CARTESIAN_POINT('',(108.88584344339,15.672640156709,
    84.303429998749));
#6211 = DEFINITIONAL_REPRESENTATION('',(#6212),#6218);
#6212 = B_SPLINE_CURVE_WITH_KNOTS('',4,(#6213,#6214,#6215,#6216,#6217),
  .UNSPECIFIED.,.F.,.F.,(5,5),(0.,1.),.PIECEWISE_BEZIER_KNOTS.);
#6213 = CARTESIAN_POINT('',(10.,2.732989079256E-02));
#6214 = CARTESIAN_POINT('',(9.749881629281,2.75037149548E-02));
#6215 = CARTESIAN_POINT('',(9.499821505128,2.759168938267E-02));
#6216 = CARTESIAN_POINT('',(9.24985058867,2.759405995115E-02));
#6217 = CARTESIAN_POINT('',(9.,2.751075151195E-02));
#6218 = ( GEOMETRIC_REPRESENTATION_CONTEXT(2) 
PARAMETRIC_REPRESENTATION_CONTEXT() REPRESENTATION_CONTEXT('2D SPACE',''
  ) );
#6219 = ORIENTED_EDGE('',*,*,#6220,.T.);
#6220 = EDGE_CURVE('',#6185,#6221,#6223,.T.);
#6221 = VERTEX_POINT('',#6222);
#6222 = CARTESIAN_POINT('',(59.762463687234,5.333660472141,
    79.577276522821));
#6223 = SURFACE_CURVE('',#6224,(#6230,#6239),.PCURVE_S1.);
#6224 = B_SPLINE_CURVE_WITH_KNOTS('',4,(#6225,#6226,#6227,#6228,#6229),
  .UNSPECIFIED.,.F.,.F.,(5,5),(0.,1.),.PIECEWISE_BEZIER_KNOTS.);
#6225 = CARTESIAN_POINT('',(59.561238208051,7.242851863997,
    80.766127470028));
#6226 = CARTESIAN_POINT('',(59.619143664634,6.766669172724,
    80.468796472768));
#6227 = CARTESIAN_POINT('',(59.671980654529,6.289807193392,
    80.171459342611));
#6228 = CARTESIAN_POINT('',(59.71975780792,5.812170226378,
    79.874243208607));
#6229 = CARTESIAN_POINT('',(59.762463687234,5.333660472141,
    79.577276522821));
#6230 = PCURVE('',#446,#6231);
#6231 = DEFINITIONAL_REPRESENTATION('',(#6232),#6238);
#6232 = B_SPLINE_CURVE_WITH_KNOTS('',4,(#6233,#6234,#6235,#6236,#6237),
  .UNSPECIFIED.,.F.,.F.,(5,5),(0.,1.),.PIECEWISE_BEZIER_KNOTS.);
#6233 = CARTESIAN_POINT('',(0.121009309905,14.766127470028));
#6234 = CARTESIAN_POINT('',(0.113014467864,14.468796472768));
#6235 = CARTESIAN_POINT('',(0.105018583926,14.171459342611));
#6236 = CARTESIAN_POINT('',(9.701869760606E-02,13.874243208607));
#6237 = CARTESIAN_POINT('',(8.901183636383E-02,13.577276522821));
#6238 = ( GEOMETRIC_REPRESENTATION_CONTEXT(2) 
PARAMETRIC_REPRESENTATION_CONTEXT() REPRESENTATION_CONTEXT('2D SPACE',''
  ) );
#6239 = PCURVE('',#6240,#6247);
#6240 = B_SPLINE_SURFACE_WITH_KNOTS('',1,2,(
    (#6241,#6242,#6243)
    ,(#6244,#6245,#6246
  )),.UNSPECIFIED.,.F.,.F.,.F.,(2,2),(3,3),(8.,9.),(0.,1.),
  .PIECEWISE_BEZIER_KNOTS.);
#6241 = CARTESIAN_POINT('',(58.339113765671,5.056344850773,
    79.536553820928));
#6242 = CARTESIAN_POINT('',(85.135388268759,10.288791521707,
    80.296835066466));
#6243 = CARTESIAN_POINT('',(109.09386763554,14.092539543663,
    81.455137690848));
#6244 = CARTESIAN_POINT('',(58.084710160958,6.988732077571,
    80.707706764192));
#6245 = CARTESIAN_POINT('',(84.959358975271,11.625866751679,
    81.769320764642));
#6246 = CARTESIAN_POINT('',(108.98595564708,14.912212473843,
    82.842968858058));
#6247 = DEFINITIONAL_REPRESENTATION('',(#6248),#6254);
#6248 = B_SPLINE_CURVE_WITH_KNOTS('',4,(#6249,#6250,#6251,#6252,#6253),
  .UNSPECIFIED.,.F.,.F.,(5,5),(0.,1.),.PIECEWISE_BEZIER_KNOTS.);
#6249 = CARTESIAN_POINT('',(9.,2.751075151195E-02));
#6250 = CARTESIAN_POINT('',(8.749759649582,2.742343667343E-02));
#6251 = CARTESIAN_POINT('',(8.499653920906,2.724200727109E-02));
#6252 = CARTESIAN_POINT('',(8.249720944814,2.696639628896E-02));
#6253 = CARTESIAN_POINT('',(8.,2.659618327825E-02));
#6254 = ( GEOMETRIC_REPRESENTATION_CONTEXT(2) 
PARAMETRIC_REPRESENTATION_CONTEXT() REPRESENTATION_CONTEXT('2D SPACE',''
  ) );
#6255 = ORIENTED_EDGE('',*,*,#6256,.T.);
#6256 = EDGE_CURVE('',#6221,#6257,#6259,.T.);
#6257 = VERTEX_POINT('',#6258);
#6258 = CARTESIAN_POINT('',(59.902644590119,3.416602275631,
    78.623624719067));
#6259 = SURFACE_CURVE('',#6260,(#6266,#6275),.PCURVE_S1.);
#6260 = B_SPLINE_CURVE_WITH_KNOTS('',4,(#6261,#6262,#6263,#6264,#6265),
  .UNSPECIFIED.,.F.,.F.,(5,5),(0.,1.),.PIECEWISE_BEZIER_KNOTS.);
#6261 = CARTESIAN_POINT('',(59.762463687234,5.333660472141,
    79.577276522821));
#6262 = CARTESIAN_POINT('',(59.805120515037,4.855700329022,
    79.338356543475));
#6263 = CARTESIAN_POINT('',(59.842712904462,4.376923197094,
    79.099681712499));
#6264 = CARTESIAN_POINT('',(59.875230390807,3.897250271984,
    78.861390477614));
#6265 = CARTESIAN_POINT('',(59.902644590119,3.416602275631,
    78.623624719067));
#6266 = PCURVE('',#446,#6267);
#6267 = DEFINITIONAL_REPRESENTATION('',(#6268),#6274);
#6268 = B_SPLINE_CURVE_WITH_KNOTS('',4,(#6269,#6270,#6271,#6272,#6273),
  .UNSPECIFIED.,.F.,.F.,(5,5),(0.,1.),.PIECEWISE_BEZIER_KNOTS.);
#6269 = CARTESIAN_POINT('',(8.901183636383E-02,13.577276522821));
#6270 = CARTESIAN_POINT('',(8.101417171567E-02,13.338356543475));
#6271 = CARTESIAN_POINT('',(7.301044739068E-02,13.099681712499));
#6272 = CARTESIAN_POINT('',(6.499800915805E-02,12.861390477614));
#6273 = CARTESIAN_POINT('',(5.697418984853E-02,12.623624719067));
#6274 = ( GEOMETRIC_REPRESENTATION_CONTEXT(2) 
PARAMETRIC_REPRESENTATION_CONTEXT() REPRESENTATION_CONTEXT('2D SPACE',''
  ) );
#6275 = PCURVE('',#6276,#6283);
#6276 = B_SPLINE_SURFACE_WITH_KNOTS('',1,2,(
    (#6277,#6278,#6279)
    ,(#6280,#6281,#6282
  )),.UNSPECIFIED.,.F.,.F.,.F.,(2,2),(3,3),(7.,8.),(0.,1.),
  .PIECEWISE_BEZIER_KNOTS.);
#6277 = CARTESIAN_POINT('',(58.592246100227,3.13361387951,
    78.603436681754));
#6278 = CARTESIAN_POINT('',(85.316219695619,8.915240467426,
    79.004906631609));
#6279 = CARTESIAN_POINT('',(109.20667606646,13.235674440583,
    80.196995068474));
#6280 = CARTESIAN_POINT('',(58.339113765671,5.056344850773,
    79.536553820928));
#6281 = CARTESIAN_POINT('',(85.135388268759,10.288791521707,
    80.296835066466));
#6282 = CARTESIAN_POINT('',(109.09386763554,14.092539543663,
    81.455137690848));
#6283 = DEFINITIONAL_REPRESENTATION('',(#6284),#6290);
#6284 = B_SPLINE_CURVE_WITH_KNOTS('',4,(#6285,#6286,#6287,#6288,#6289),
  .UNSPECIFIED.,.F.,.F.,(5,5),(0.,1.),.PIECEWISE_BEZIER_KNOTS.);
#6285 = CARTESIAN_POINT('',(8.,2.659618327825E-02));
#6286 = CARTESIAN_POINT('',(7.749612888637,2.62263954902E-02));
#6287 = CARTESIAN_POINT('',(7.499455210223,2.576226439808E-02));
#6288 = CARTESIAN_POINT('',(7.24956935862,2.520343280396E-02));
#6289 = CARTESIAN_POINT('',(7.,2.454923379051E-02));
#6290 = ( GEOMETRIC_REPRESENTATION_CONTEXT(2) 
PARAMETRIC_REPRESENTATION_CONTEXT() REPRESENTATION_CONTEXT('2D SPACE',''
  ) );
#6291 = ORIENTED_EDGE('',*,*,#6292,.T.);
#6292 = EDGE_CURVE('',#6257,#6293,#6295,.T.);
#6293 = VERTEX_POINT('',#6294);
#6294 = CARTESIAN_POINT('',(59.979829400334,1.555655844594,
    77.918253687576));
#6295 = SURFACE_CURVE('',#6296,(#6302,#6311),.PCURVE_S1.);
#6296 = B_SPLINE_CURVE_WITH_KNOTS('',4,(#6297,#6298,#6299,#6300,#6301),
  .UNSPECIFIED.,.F.,.F.,(5,5),(0.,1.),.PIECEWISE_BEZIER_KNOTS.);
#6297 = CARTESIAN_POINT('',(59.902644590119,3.416602275631,
    78.623624719067));
#6298 = CARTESIAN_POINT('',(59.929106272749,2.952654574976,
    78.446410657735));
#6299 = CARTESIAN_POINT('',(59.950808356709,2.487882172639,
    78.269686338198));
#6300 = CARTESIAN_POINT('',(59.967728114461,2.022232732236,
    78.093587414351));
#6301 = CARTESIAN_POINT('',(59.979829400334,1.555655844594,
    77.918253687576));
#6302 = PCURVE('',#446,#6303);
#6303 = DEFINITIONAL_REPRESENTATION('',(#6304),#6310);
#6304 = B_SPLINE_CURVE_WITH_KNOTS('',4,(#6305,#6306,#6307,#6308,#6309),
  .UNSPECIFIED.,.F.,.F.,(5,5),(0.,1.),.PIECEWISE_BEZIER_KNOTS.);
#6305 = CARTESIAN_POINT('',(5.697418984853E-02,12.623624719067));
#6306 = CARTESIAN_POINT('',(4.922916116358E-02,12.446410657735));
#6307 = CARTESIAN_POINT('',(4.147492655982E-02,12.269686338198));
#6308 = CARTESIAN_POINT('',(3.370939976252E-02,12.093587414351));
#6309 = CARTESIAN_POINT('',(2.593050321836E-02,11.918253687576));
#6310 = ( GEOMETRIC_REPRESENTATION_CONTEXT(2) 
PARAMETRIC_REPRESENTATION_CONTEXT() REPRESENTATION_CONTEXT('2D SPACE',''
  ) );
#6311 = PCURVE('',#6312,#6319);
#6312 = B_SPLINE_SURFACE_WITH_KNOTS('',1,2,(
    (#6313,#6314,#6315)
    ,(#6316,#6317,#6318
  )),.UNSPECIFIED.,.F.,.F.,.F.,(2,2),(3,3),(6.,7.),(0.,1.),
  .PIECEWISE_BEZIER_KNOTS.);
#6313 = CARTESIAN_POINT('',(58.835354526975,1.287022047203,
    77.91763068507));
#6314 = CARTESIAN_POINT('',(85.495541516036,7.553156012492,
    77.919515872288));
#6315 = CARTESIAN_POINT('',(109.32030272842,12.372594255664,
    79.095124364617));
#6316 = CARTESIAN_POINT('',(58.592246100227,3.13361387951,
    78.603436681754));
#6317 = CARTESIAN_POINT('',(85.316219695619,8.915240467426,
    79.004906631609));
#6318 = CARTESIAN_POINT('',(109.20667606646,13.235674440583,
    80.196995068474));
#6319 = DEFINITIONAL_REPRESENTATION('',(#6320),#6326);
#6320 = B_SPLINE_CURVE_WITH_KNOTS('',4,(#6321,#6322,#6323,#6324,#6325),
  .UNSPECIFIED.,.F.,.F.,(5,5),(0.,1.),.PIECEWISE_BEZIER_KNOTS.);
#6321 = CARTESIAN_POINT('',(7.,2.454923379051E-02));
#6322 = CARTESIAN_POINT('',(6.749455484056,2.391776516824E-02));
#6323 = CARTESIAN_POINT('',(6.499243291496,2.319755516952E-02));
#6324 = CARTESIAN_POINT('',(6.249408679512,2.238810054868E-02));
#6325 = CARTESIAN_POINT('',(6.,2.148867464684E-02));
#6326 = ( GEOMETRIC_REPRESENTATION_CONTEXT(2) 
PARAMETRIC_REPRESENTATION_CONTEXT() REPRESENTATION_CONTEXT('2D SPACE',''
  ) );
#6327 = ORIENTED_EDGE('',*,*,#6328,.T.);
#6328 = EDGE_CURVE('',#6293,#431,#6329,.T.);
#6329 = SURFACE_CURVE('',#6330,(#6336,#6345),.PCURVE_S1.);
#6330 = B_SPLINE_CURVE_WITH_KNOTS('',4,(#6331,#6332,#6333,#6334,#6335),
  .UNSPECIFIED.,.F.,.F.,(5,5),(0.,1.),.PIECEWISE_BEZIER_KNOTS.);
#6331 = CARTESIAN_POINT('',(59.979829400334,1.555655844594,
    77.918253687576));
#6332 = CARTESIAN_POINT('',(59.989893996083,1.167605532517,
    77.814420600668));
#6333 = CARTESIAN_POINT('',(59.996623571222,0.778990606532,
    77.711112187734));
#6334 = CARTESIAN_POINT('',(59.999999999998,0.389793784221,
    77.60841223138));
#6335 = CARTESIAN_POINT('',(60.,4.996003610813E-16,77.506406529642));
#6336 = PCURVE('',#446,#6337);
#6337 = DEFINITIONAL_REPRESENTATION('',(#6338),#6344);
#6338 = B_SPLINE_CURVE_WITH_KNOTS('',4,(#6339,#6340,#6341,#6342,#6343),
  .UNSPECIFIED.,.F.,.F.,(5,5),(0.,1.),.PIECEWISE_BEZIER_KNOTS.);
#6339 = CARTESIAN_POINT('',(2.593050321836E-02,11.918253687576));
#6340 = CARTESIAN_POINT('',(1.946082306161E-02,11.814420600668));
#6341 = CARTESIAN_POINT('',(1.298317688208E-02,11.711112187734));
#6342 = CARTESIAN_POINT('',(6.49656307035E-03,11.60841223138));
#6343 = CARTESIAN_POINT('',(0.,11.506406529642));
#6344 = ( GEOMETRIC_REPRESENTATION_CONTEXT(2) 
PARAMETRIC_REPRESENTATION_CONTEXT() REPRESENTATION_CONTEXT('2D SPACE',''
  ) );
#6345 = PCURVE('',#478,#6346);
#6346 = DEFINITIONAL_REPRESENTATION('',(#6347),#6353);
#6347 = B_SPLINE_CURVE_WITH_KNOTS('',4,(#6348,#6349,#6350,#6351,#6352),
  .UNSPECIFIED.,.F.,.F.,(5,5),(0.,1.),.PIECEWISE_BEZIER_KNOTS.);
#6348 = CARTESIAN_POINT('',(6.,2.148867464684E-02));
#6349 = CARTESIAN_POINT('',(5.775389223071,2.074062537321E-02));
#6350 = CARTESIAN_POINT('',(5.551119867228,1.993048971867E-02));
#6351 = CARTESIAN_POINT('',(5.327224184798,1.905792595589E-02));
#6352 = CARTESIAN_POINT('',(5.103736428354,1.812251291713E-02));
#6353 = ( GEOMETRIC_REPRESENTATION_CONTEXT(2) 
PARAMETRIC_REPRESENTATION_CONTEXT() REPRESENTATION_CONTEXT('2D SPACE',''
  ) );
#6354 = FACE_BOUND('',#6355,.T.);
#6355 = EDGE_LOOP('',(#6356,#6394,#6430,#6466,#6502,#6538,#6574,#6610,
    #6646,#6682,#6718,#6754,#6790,#6826,#6862,#6898,#6934,#6970,#7006,
    #7042,#7078,#7114,#7150,#7186,#7222,#7258,#7294,#7330,#7366,#7402,
    #7438,#7474,#7510,#7546,#7582,#7618,#7654,#7690,#7726,#7762,#7798,
    #7834));
#6356 = ORIENTED_EDGE('',*,*,#6357,.T.);
#6357 = EDGE_CURVE('',#6358,#6360,#6362,.T.);
#6358 = VERTEX_POINT('',#6359);
#6359 = CARTESIAN_POINT('',(58.862639622752,11.627108696577,
    77.35101931048));
#6360 = VERTEX_POINT('',#6361);
#6361 = CARTESIAN_POINT('',(58.984782549015,10.990697322981,
    77.637769601386));
#6362 = SURFACE_CURVE('',#6363,(#6369,#6378),.PCURVE_S1.);
#6363 = B_SPLINE_CURVE_WITH_KNOTS('',4,(#6364,#6365,#6366,#6367,#6368),
  .UNSPECIFIED.,.F.,.F.,(5,5),(0.,1.),.PIECEWISE_BEZIER_KNOTS.);
#6364 = CARTESIAN_POINT('',(58.862639622752,11.627108696577,
    77.351019310481));
#6365 = CARTESIAN_POINT('',(58.894002064818,11.468335249694,
    77.422408050987));
#6366 = CARTESIAN_POINT('',(58.92481481771,11.309340998128,
    77.493991164859));
#6367 = CARTESIAN_POINT('',(58.955075712378,11.150127725598,
    77.565775925939));
#6368 = CARTESIAN_POINT('',(58.984782549015,10.990697322981,
    77.637769601386));
#6369 = PCURVE('',#446,#6370);
#6370 = DEFINITIONAL_REPRESENTATION('',(#6371),#6377);
#6371 = B_SPLINE_CURVE_WITH_KNOTS('',4,(#6372,#6373,#6374,#6375,#6376),
  .UNSPECIFIED.,.F.,.F.,(5,5),(0.,1.),.PIECEWISE_BEZIER_KNOTS.);
#6372 = CARTESIAN_POINT('',(0.195018969532,11.351019310481));
#6373 = CARTESIAN_POINT('',(0.192321614335,11.422408050987));
#6374 = CARTESIAN_POINT('',(0.18962242418,11.493991164859));
#6375 = CARTESIAN_POINT('',(0.186921382904,11.565775925939));
#6376 = CARTESIAN_POINT('',(0.184218475548,11.637769601386));
#6377 = ( GEOMETRIC_REPRESENTATION_CONTEXT(2) 
PARAMETRIC_REPRESENTATION_CONTEXT() REPRESENTATION_CONTEXT('2D SPACE',''
  ) );
#6378 = PCURVE('',#6379,#6386);
#6379 = B_SPLINE_SURFACE_WITH_KNOTS('',1,2,(
    (#6380,#6381,#6382)
    ,(#6383,#6384,#6385
  )),.UNSPECIFIED.,.F.,.F.,.F.,(2,2),(3,3),(1.,2.),(0.,1.),
  .PIECEWISE_BEZIER_KNOTS.);
#6380 = CARTESIAN_POINT('',(58.810081957223,10.887769425136,
    77.651169122698));
#6381 = CARTESIAN_POINT('',(82.519216886493,24.85653591252,
    75.828602975567));
#6382 = CARTESIAN_POINT('',(103.63922173986,37.23663755462,
    76.417606452633));
#6383 = CARTESIAN_POINT('',(58.574087275706,11.457510985901,
    77.369829758116));
#6384 = CARTESIAN_POINT('',(82.29417715019,25.399829895975,
    75.817065819741));
#6385 = CARTESIAN_POINT('',(103.48478354647,37.609484335655,
    76.557348497402));
#6386 = DEFINITIONAL_REPRESENTATION('',(#6387),#6393);
#6387 = B_SPLINE_CURVE_WITH_KNOTS('',4,(#6388,#6389,#6390,#6391,#6392),
  .UNSPECIFIED.,.F.,.F.,(5,5),(0.,1.),.PIECEWISE_BEZIER_KNOTS.);
#6388 = CARTESIAN_POINT('',(2.,6.084420221006E-03));
#6389 = CARTESIAN_POINT('',(1.749721288983,5.500821056195E-03));
#6390 = CARTESIAN_POINT('',(1.4996247021,4.906395921027E-03));
#6391 = CARTESIAN_POINT('',(1.249715740162,4.301124730434E-03));
#6392 = CARTESIAN_POINT('',(1.,3.684987884686E-03));
#6393 = ( GEOMETRIC_REPRESENTATION_CONTEXT(2) 
PARAMETRIC_REPRESENTATION_CONTEXT() REPRESENTATION_CONTEXT('2D SPACE',''
  ) );
#6394 = ORIENTED_EDGE('',*,*,#6395,.T.);
#6395 = EDGE_CURVE('',#6360,#6396,#6398,.T.);
#6396 = VERTEX_POINT('',#6397);
#6397 = CARTESIAN_POINT('',(59.037092282521,10.706154063207,
    78.040848821366));
#6398 = SURFACE_CURVE('',#6399,(#6405,#6414),.PCURVE_S1.);
#6399 = B_SPLINE_CURVE_WITH_KNOTS('',4,(#6400,#6401,#6402,#6403,#6404),
  .UNSPECIFIED.,.F.,.F.,(5,5),(0.,1.),.PIECEWISE_BEZIER_KNOTS.);
#6400 = CARTESIAN_POINT('',(58.984782549015,10.990697322981,
    77.637769601386));
#6401 = CARTESIAN_POINT('',(58.998030391376,10.919598913308,
    77.738449213604));
#6402 = CARTESIAN_POINT('',(59.011164724257,10.848475150054,
    77.839188336691));
#6403 = CARTESIAN_POINT('',(59.024185401088,10.777326656629,
    77.939987898437));
#6404 = CARTESIAN_POINT('',(59.037092282521,10.706154063207,
    78.040848821366));
#6405 = PCURVE('',#446,#6406);
#6406 = DEFINITIONAL_REPRESENTATION('',(#6407),#6413);
#6407 = B_SPLINE_CURVE_WITH_KNOTS('',4,(#6408,#6409,#6410,#6411,#6412),
  .UNSPECIFIED.,.F.,.F.,(5,5),(0.,1.),.PIECEWISE_BEZIER_KNOTS.);
#6408 = CARTESIAN_POINT('',(0.184218475548,11.637769601386));
#6409 = CARTESIAN_POINT('',(0.183013106865,11.738449213604));
#6410 = CARTESIAN_POINT('',(0.181807669313,11.839188336691));
#6411 = CARTESIAN_POINT('',(0.180602168884,11.939987898437));
#6412 = CARTESIAN_POINT('',(0.179396611654,12.040848821366));
#6413 = ( GEOMETRIC_REPRESENTATION_CONTEXT(2) 
PARAMETRIC_REPRESENTATION_CONTEXT() REPRESENTATION_CONTEXT('2D SPACE',''
  ) );
#6414 = PCURVE('',#6415,#6422);
#6415 = B_SPLINE_SURFACE_WITH_KNOTS('',1,2,(
    (#6416,#6417,#6418)
    ,(#6419,#6420,#6421
  )),.UNSPECIFIED.,.F.,.F.,.F.,(2,2),(3,3),(0.,1.),(0.,1.),
  .PIECEWISE_BEZIER_KNOTS.);
#6416 = CARTESIAN_POINT('',(58.914961995628,10.634566613996,
    78.051211036502));
#6417 = CARTESIAN_POINT('',(82.647976289718,24.545683214971,
    76.034699393759));
#6418 = CARTESIAN_POINT('',(103.73150745425,37.013840131348,
    76.473720558371));
#6419 = CARTESIAN_POINT('',(58.810081957223,10.887769425136,
    77.651169122698));
#6420 = CARTESIAN_POINT('',(82.519216886493,24.85653591252,
    75.828602975567));
#6421 = CARTESIAN_POINT('',(103.63922173986,37.23663755462,
    76.417606452633));
#6422 = DEFINITIONAL_REPRESENTATION('',(#6423),#6429);
#6423 = B_SPLINE_CURVE_WITH_KNOTS('',4,(#6424,#6425,#6426,#6427,#6428),
  .UNSPECIFIED.,.F.,.F.,(5,5),(0.,1.),.PIECEWISE_BEZIER_KNOTS.);
#6424 = CARTESIAN_POINT('',(1.,3.684987884686E-03));
#6425 = CARTESIAN_POINT('',(0.749925626525,3.410220028905E-03));
#6426 = CARTESIAN_POINT('',(0.499900368698,3.133360177624E-03));
#6427 = CARTESIAN_POINT('',(0.249924926642,2.854410604209E-03));
#6428 = CARTESIAN_POINT('',(0.,2.573373759562E-03));
#6429 = ( GEOMETRIC_REPRESENTATION_CONTEXT(2) 
PARAMETRIC_REPRESENTATION_CONTEXT() REPRESENTATION_CONTEXT('2D SPACE',''
  ) );
#6430 = ORIENTED_EDGE('',*,*,#6431,.T.);
#6431 = EDGE_CURVE('',#6396,#6432,#6434,.T.);
#6432 = VERTEX_POINT('',#6433);
#6433 = CARTESIAN_POINT('',(59.023685949773,10.779818964274,
    78.517920275581));
#6434 = SURFACE_CURVE('',#6435,(#6441,#6450),.PCURVE_S1.);
#6435 = B_SPLINE_CURVE_WITH_KNOTS('',4,(#6436,#6437,#6438,#6439,#6440),
  .UNSPECIFIED.,.F.,.F.,(5,5),(0.,1.),.PIECEWISE_BEZIER_KNOTS.);
#6436 = CARTESIAN_POINT('',(59.037092282521,10.706154063207,
    78.040848821366));
#6437 = CARTESIAN_POINT('',(59.033747727794,10.724596987238,
    78.160125724696));
#6438 = CARTESIAN_POINT('',(59.030398478955,10.743022042115,
    78.279396576695));
#6439 = CARTESIAN_POINT('',(59.027044548799,10.761429333168,
    78.398661414683));
#6440 = CARTESIAN_POINT('',(59.023685949773,10.779818964274,
    78.517920275581));
#6441 = PCURVE('',#446,#6442);
#6442 = DEFINITIONAL_REPRESENTATION('',(#6443),#6449);
#6443 = B_SPLINE_CURVE_WITH_KNOTS('',4,(#6444,#6445,#6446,#6447,#6448),
  .UNSPECIFIED.,.F.,.F.,(5,5),(0.,1.),.PIECEWISE_BEZIER_KNOTS.);
#6444 = CARTESIAN_POINT('',(0.179396611654,12.040848821366));
#6445 = CARTESIAN_POINT('',(0.179709007189,12.160125724696));
#6446 = CARTESIAN_POINT('',(0.180021123645,12.279396576695));
#6447 = CARTESIAN_POINT('',(0.180332962791,12.398661414683));
#6448 = CARTESIAN_POINT('',(0.180644526374,12.517920275581));
#6449 = ( GEOMETRIC_REPRESENTATION_CONTEXT(2) 
PARAMETRIC_REPRESENTATION_CONTEXT() REPRESENTATION_CONTEXT('2D SPACE',''
  ) );
#6450 = PCURVE('',#6451,#6458);
#6451 = B_SPLINE_SURFACE_WITH_KNOTS('',1,2,(
    (#6452,#6453,#6454)
    ,(#6455,#6456,#6457
    )),.UNSPECIFIED.,.F.,.F.,.F.,(2,2),(3,3),(41.,42.),(0.,1.),
  .PIECEWISE_BEZIER_KNOTS.);
#6452 = CARTESIAN_POINT('',(58.88748214856,10.700908833479,
    78.53005407253));
#6453 = CARTESIAN_POINT('',(82.674507077476,24.481632227345,
    76.407843678799));
#6454 = CARTESIAN_POINT('',(103.75655956637,36.953358982494,
    76.712135192076));
#6455 = CARTESIAN_POINT('',(58.914961995628,10.634566613996,
    78.051211036502));
#6456 = CARTESIAN_POINT('',(82.647976289718,24.545683214971,
    76.034699393759));
#6457 = CARTESIAN_POINT('',(103.73150745425,37.013840131348,
    76.473720558371));
#6458 = DEFINITIONAL_REPRESENTATION('',(#6459),#6465);
#6459 = B_SPLINE_CURVE_WITH_KNOTS('',4,(#6460,#6461,#6462,#6463,#6464),
  .UNSPECIFIED.,.F.,.F.,(5,5),(0.,1.),.PIECEWISE_BEZIER_KNOTS.);
#6460 = CARTESIAN_POINT('',(42.,2.573373759562E-03));
#6461 = CARTESIAN_POINT('',(41.750010499767,2.646198718251E-03));
#6462 = CARTESIAN_POINT('',(41.50001396912,2.718819351246E-03));
#6463 = CARTESIAN_POINT('',(41.250010454058,2.791236605489E-03));
#6464 = CARTESIAN_POINT('',(41.,2.863451412005E-03));
#6465 = ( GEOMETRIC_REPRESENTATION_CONTEXT(2) 
PARAMETRIC_REPRESENTATION_CONTEXT() REPRESENTATION_CONTEXT('2D SPACE',''
  ) );
#6466 = ORIENTED_EDGE('',*,*,#6467,.T.);
#6467 = EDGE_CURVE('',#6432,#6468,#6470,.T.);
#6468 = VERTEX_POINT('',#6469);
#6469 = CARTESIAN_POINT('',(58.945427896633,11.199845091911,
    79.035167290899));
#6470 = SURFACE_CURVE('',#6471,(#6477,#6486),.PCURVE_S1.);
#6471 = B_SPLINE_CURVE_WITH_KNOTS('',4,(#6472,#6473,#6474,#6475,#6476),
  .UNSPECIFIED.,.F.,.F.,(5,5),(0.,1.),.PIECEWISE_BEZIER_KNOTS.);
#6472 = CARTESIAN_POINT('',(59.023685949773,10.779818964274,
    78.517920275581));
#6473 = CARTESIAN_POINT('',(59.004444195641,10.885175024225,
    78.647173692472));
#6474 = CARTESIAN_POINT('',(58.984986369517,10.990295444399,
    78.776466566823));
#6475 = CARTESIAN_POINT('',(58.965313847459,11.095184190718,
    78.905798037757));
#6476 = CARTESIAN_POINT('',(58.945427896633,11.199845091911,
    79.035167290899));
#6477 = PCURVE('',#446,#6478);
#6478 = DEFINITIONAL_REPRESENTATION('',(#6479),#6485);
#6479 = B_SPLINE_CURVE_WITH_KNOTS('',4,(#6480,#6481,#6482,#6483,#6484),
  .UNSPECIFIED.,.F.,.F.,(5,5),(0.,1.),.PIECEWISE_BEZIER_KNOTS.);
#6480 = CARTESIAN_POINT('',(0.180644526374,12.517920275581));
#6481 = CARTESIAN_POINT('',(0.182429505714,12.647173692472));
#6482 = CARTESIAN_POINT('',(0.184211268634,12.776466566823));
#6483 = CARTESIAN_POINT('',(0.185989891199,12.905798037757));
#6484 = CARTESIAN_POINT('',(0.187765447081,13.035167290899));
#6485 = ( GEOMETRIC_REPRESENTATION_CONTEXT(2) 
PARAMETRIC_REPRESENTATION_CONTEXT() REPRESENTATION_CONTEXT('2D SPACE',''
  ) );
#6486 = PCURVE('',#6487,#6494);
#6487 = B_SPLINE_SURFACE_WITH_KNOTS('',1,2,(
    (#6488,#6489,#6490)
    ,(#6491,#6492,#6493
    )),.UNSPECIFIED.,.F.,.F.,.F.,(2,2),(3,3),(40.,41.),(0.,1.),
  .PIECEWISE_BEZIER_KNOTS.);
#6488 = CARTESIAN_POINT('',(58.731320239018,11.077917033421,
    79.054259607658));
#6489 = CARTESIAN_POINT('',(82.597285494503,24.668061620267,
    76.921418935889));
#6490 = CARTESIAN_POINT('',(103.71248212799,37.059771332011,
    77.117761995817));
#6491 = CARTESIAN_POINT('',(58.88748214856,10.700908833479,
    78.53005407253));
#6492 = CARTESIAN_POINT('',(82.674507077476,24.481632227345,
    76.407843678799));
#6493 = CARTESIAN_POINT('',(103.75655956637,36.953358982494,
    76.712135192076));
#6494 = DEFINITIONAL_REPRESENTATION('',(#6495),#6501);
#6495 = B_SPLINE_CURVE_WITH_KNOTS('',4,(#6496,#6497,#6498,#6499,#6500),
  .UNSPECIFIED.,.F.,.F.,(5,5),(0.,1.),.PIECEWISE_BEZIER_KNOTS.);
#6496 = CARTESIAN_POINT('',(41.,2.863451412005E-03));
#6497 = CARTESIAN_POINT('',(40.750061567148,3.277177355754E-03));
#6498 = CARTESIAN_POINT('',(40.500081218553,3.685609326386E-03));
#6499 = CARTESIAN_POINT('',(40.250060272675,4.088797067767E-03));
#6500 = CARTESIAN_POINT('',(40.,4.486787602535E-03));
#6501 = ( GEOMETRIC_REPRESENTATION_CONTEXT(2) 
PARAMETRIC_REPRESENTATION_CONTEXT() REPRESENTATION_CONTEXT('2D SPACE',''
  ) );
#6502 = ORIENTED_EDGE('',*,*,#6503,.T.);
#6503 = EDGE_CURVE('',#6468,#6504,#6506,.T.);
#6504 = VERTEX_POINT('',#6505);
#6505 = CARTESIAN_POINT('',(58.801189129377,11.93399166127,
    79.592340813207));
#6506 = SURFACE_CURVE('',#6507,(#6513,#6522),.PCURVE_S1.);
#6507 = B_SPLINE_CURVE_WITH_KNOTS('',4,(#6508,#6509,#6510,#6511,#6512),
  .UNSPECIFIED.,.F.,.F.,(5,5),(0.,1.),.PIECEWISE_BEZIER_KNOTS.);
#6508 = CARTESIAN_POINT('',(58.945427896633,11.199845091911,
    79.035167290899));
#6509 = CARTESIAN_POINT('',(58.91039170956,11.384242556516,
    79.174164014844));
#6510 = CARTESIAN_POINT('',(58.874669302802,11.568057538146,
    79.313363759554));
#6511 = CARTESIAN_POINT('',(58.838266679946,11.751303075141,
    79.452758538406));
#6512 = CARTESIAN_POINT('',(58.801189129377,11.93399166127,
    79.592340813207));
#6513 = PCURVE('',#446,#6514);
#6514 = DEFINITIONAL_REPRESENTATION('',(#6515),#6521);
#6515 = B_SPLINE_CURVE_WITH_KNOTS('',4,(#6516,#6517,#6518,#6519,#6520),
  .UNSPECIFIED.,.F.,.F.,(5,5),(0.,1.),.PIECEWISE_BEZIER_KNOTS.);
#6516 = CARTESIAN_POINT('',(0.187765447081,13.035167290899));
#6517 = CARTESIAN_POINT('',(0.190893721337,13.174164014844));
#6518 = CARTESIAN_POINT('',(0.194014593058,13.313363759554));
#6519 = CARTESIAN_POINT('',(0.197128338643,13.452758538406));
#6520 = CARTESIAN_POINT('',(0.200235224555,13.592340813207));
#6521 = ( GEOMETRIC_REPRESENTATION_CONTEXT(2) 
PARAMETRIC_REPRESENTATION_CONTEXT() REPRESENTATION_CONTEXT('2D SPACE',''
  ) );
#6522 = PCURVE('',#6523,#6530);
#6523 = B_SPLINE_SURFACE_WITH_KNOTS('',1,2,(
    (#6524,#6525,#6526)
    ,(#6527,#6528,#6529
    )),.UNSPECIFIED.,.F.,.F.,.F.,(2,2),(3,3),(39.,40.),(0.,1.),
  .PIECEWISE_BEZIER_KNOTS.);
#6524 = CARTESIAN_POINT('',(58.456290711929,11.741897047774,
    79.621811902299));
#6525 = CARTESIAN_POINT('',(82.423002764505,25.088817350715,
    77.566933341098));
#6526 = CARTESIAN_POINT('',(103.6035797395,37.322684955291,
    77.682900628505));
#6527 = CARTESIAN_POINT('',(58.731320239018,11.077917033421,
    79.054259607658));
#6528 = CARTESIAN_POINT('',(82.597285494503,24.668061620267,
    76.921418935889));
#6529 = CARTESIAN_POINT('',(103.71248212799,37.059771332011,
    77.117761995817));
#6530 = DEFINITIONAL_REPRESENTATION('',(#6531),#6537);
#6531 = B_SPLINE_CURVE_WITH_KNOTS('',4,(#6532,#6533,#6534,#6535,#6536),
  .UNSPECIFIED.,.F.,.F.,(5,5),(0.,1.),.PIECEWISE_BEZIER_KNOTS.);
#6532 = CARTESIAN_POINT('',(40.,4.486787602535E-03));
#6533 = CARTESIAN_POINT('',(39.750156627993,5.187989720145E-03));
#6534 = CARTESIAN_POINT('',(39.500205343943,5.87353350716E-03));
#6535 = CARTESIAN_POINT('',(39.25015146935,6.543605132699E-03));
#6536 = CARTESIAN_POINT('',(39.,7.198375496091E-03));
#6537 = ( GEOMETRIC_REPRESENTATION_CONTEXT(2) 
PARAMETRIC_REPRESENTATION_CONTEXT() REPRESENTATION_CONTEXT('2D SPACE',''
  ) );
#6538 = ORIENTED_EDGE('',*,*,#6539,.T.);
#6539 = EDGE_CURVE('',#6504,#6540,#6542,.T.);
#6540 = VERTEX_POINT('',#6541);
#6541 = CARTESIAN_POINT('',(58.587941919021,12.9403655935,
    80.193065349567));
#6542 = SURFACE_CURVE('',#6543,(#6549,#6558),.PCURVE_S1.);
#6543 = B_SPLINE_CURVE_WITH_KNOTS('',4,(#6544,#6545,#6546,#6547,#6548),
  .UNSPECIFIED.,.F.,.F.,(5,5),(0.,1.),.PIECEWISE_BEZIER_KNOTS.);
#6544 = CARTESIAN_POINT('',(58.801189129377,11.93399166127,
    79.592340813207));
#6545 = CARTESIAN_POINT('',(58.749842060102,12.186989050355,
    79.741908377643));
#6546 = CARTESIAN_POINT('',(58.697176965557,12.43903475742,
    79.891900298529));
#6547 = CARTESIAN_POINT('',(58.643206657119,12.690152626759,
    80.042293269764));
#6548 = CARTESIAN_POINT('',(58.587941919021,12.9403655935,
    80.193065349567));
#6549 = PCURVE('',#446,#6550);
#6550 = DEFINITIONAL_REPRESENTATION('',(#6551),#6557);
#6551 = B_SPLINE_CURVE_WITH_KNOTS('',4,(#6552,#6553,#6554,#6555,#6556),
  .UNSPECIFIED.,.F.,.F.,(5,5),(0.,1.),.PIECEWISE_BEZIER_KNOTS.);
#6552 = CARTESIAN_POINT('',(0.200235224555,13.592340813207));
#6553 = CARTESIAN_POINT('',(0.204537814227,13.741908377643));
#6554 = CARTESIAN_POINT('',(0.208829228726,13.891900298529));
#6555 = CARTESIAN_POINT('',(0.213110027273,14.042293269764));
#6556 = CARTESIAN_POINT('',(0.217380751906,14.193065349567));
#6557 = ( GEOMETRIC_REPRESENTATION_CONTEXT(2) 
PARAMETRIC_REPRESENTATION_CONTEXT() REPRESENTATION_CONTEXT('2D SPACE',''
  ) );
#6558 = PCURVE('',#6559,#6566);
#6559 = B_SPLINE_SURFACE_WITH_KNOTS('',1,2,(
    (#6560,#6561,#6562)
    ,(#6563,#6564,#6565
    )),.UNSPECIFIED.,.F.,.F.,.F.,(2,2),(3,3),(38.,39.),(0.,1.),
  .PIECEWISE_BEZIER_KNOTS.);
#6560 = CARTESIAN_POINT('',(58.075071872754,12.66224073954,
    80.233276156684));
#6561 = CARTESIAN_POINT('',(82.161009946789,25.72132396449,
    78.335587483935));
#6562 = CARTESIAN_POINT('',(103.43623244182,37.726697070972,
    78.39797633883));
#6563 = CARTESIAN_POINT('',(58.456290711929,11.741897047774,
    79.621811902299));
#6564 = CARTESIAN_POINT('',(82.423002764505,25.088817350715,
    77.566933341098));
#6565 = CARTESIAN_POINT('',(103.6035797395,37.322684955291,
    77.682900628505));
#6566 = DEFINITIONAL_REPRESENTATION('',(#6567),#6573);
#6567 = B_SPLINE_CURVE_WITH_KNOTS('',4,(#6568,#6569,#6570,#6571,#6572),
  .UNSPECIFIED.,.F.,.F.,(5,5),(0.,1.),.PIECEWISE_BEZIER_KNOTS.);
#6568 = CARTESIAN_POINT('',(39.,7.198375496091E-03));
#6569 = CARTESIAN_POINT('',(38.750266066777,8.105138178416E-03));
#6570 = CARTESIAN_POINT('',(38.50034702252,8.98297312958E-03));
#6571 = CARTESIAN_POINT('',(38.250254693673,9.832247940323E-03));
#6572 = CARTESIAN_POINT('',(38.,1.065329156306E-02));
#6573 = ( GEOMETRIC_REPRESENTATION_CONTEXT(2) 
PARAMETRIC_REPRESENTATION_CONTEXT() REPRESENTATION_CONTEXT('2D SPACE',''
  ) );
#6574 = ORIENTED_EDGE('',*,*,#6575,.T.);
#6575 = EDGE_CURVE('',#6540,#6576,#6578,.T.);
#6576 = VERTEX_POINT('',#6577);
#6577 = CARTESIAN_POINT('',(58.302329565264,14.171745385214,
    80.844391711627));
#6578 = SURFACE_CURVE('',#6579,(#6585,#6594),.PCURVE_S1.);
#6579 = B_SPLINE_CURVE_WITH_KNOTS('',4,(#6580,#6581,#6582,#6583,#6584),
  .UNSPECIFIED.,.F.,.F.,(5,5),(0.,1.),.PIECEWISE_BEZIER_KNOTS.);
#6580 = CARTESIAN_POINT('',(58.587941919021,12.9403655935,
    80.193065349567));
#6581 = CARTESIAN_POINT('',(58.519527860565,13.250112551907,
    80.355001388626));
#6582 = CARTESIAN_POINT('',(58.449108906968,13.55856881805,
    80.517563659678));
#6583 = CARTESIAN_POINT('',(58.376704360625,13.865768689147,
    80.680707726231));
#6584 = CARTESIAN_POINT('',(58.302329565264,14.171745385214,
    80.844391711627));
#6585 = PCURVE('',#446,#6586);
#6586 = DEFINITIONAL_REPRESENTATION('',(#6587),#6593);
#6587 = B_SPLINE_CURVE_WITH_KNOTS('',4,(#6588,#6589,#6590,#6591,#6592),
  .UNSPECIFIED.,.F.,.F.,(5,5),(0.,1.),.PIECEWISE_BEZIER_KNOTS.);
#6588 = CARTESIAN_POINT('',(0.217380751906,14.193065349567));
#6589 = CARTESIAN_POINT('',(0.222667624055,14.355001388626));
#6590 = CARTESIAN_POINT('',(0.22794069768,14.517563659678));
#6591 = CARTESIAN_POINT('',(0.233200855225,14.680707726231));
#6592 = CARTESIAN_POINT('',(0.238448959347,14.844391711627));
#6593 = ( GEOMETRIC_REPRESENTATION_CONTEXT(2) 
PARAMETRIC_REPRESENTATION_CONTEXT() REPRESENTATION_CONTEXT('2D SPACE',''
  ) );
#6594 = PCURVE('',#6595,#6602);
#6595 = B_SPLINE_SURFACE_WITH_KNOTS('',1,2,(
    (#6596,#6597,#6598)
    ,(#6599,#6600,#6601
    )),.UNSPECIFIED.,.F.,.F.,.F.,(2,2),(3,3),(37.,38.),(0.,1.),
  .PIECEWISE_BEZIER_KNOTS.);
#6596 = CARTESIAN_POINT('',(57.602303692578,13.80360409198,
    80.892431715524));
#6597 = CARTESIAN_POINT('',(81.822840931448,26.5377361877,
    79.219337191392));
#6598 = CARTESIAN_POINT('',(103.21859819149,38.252112629769,
    79.252195063727));
#6599 = CARTESIAN_POINT('',(58.075071872754,12.66224073954,
    80.233276156684));
#6600 = CARTESIAN_POINT('',(82.161009946789,25.72132396449,
    78.335587483935));
#6601 = CARTESIAN_POINT('',(103.43623244182,37.726697070972,
    78.39797633883));
#6602 = DEFINITIONAL_REPRESENTATION('',(#6603),#6609);
#6603 = B_SPLINE_CURVE_WITH_KNOTS('',4,(#6604,#6605,#6606,#6607,#6608),
  .UNSPECIFIED.,.F.,.F.,(5,5),(0.,1.),.PIECEWISE_BEZIER_KNOTS.);
#6604 = CARTESIAN_POINT('',(38.,1.065329156306E-02));
#6605 = CARTESIAN_POINT('',(37.750341626785,1.166968878728E-02));
#6606 = CARTESIAN_POINT('',(37.500443260117,1.264313758448E-02));
#6607 = CARTESIAN_POINT('',(37.250323659781,1.357417783478E-02));
#6608 = CARTESIAN_POINT('',(37.,1.446327906453E-02));
#6609 = ( GEOMETRIC_REPRESENTATION_CONTEXT(2) 
PARAMETRIC_REPRESENTATION_CONTEXT() REPRESENTATION_CONTEXT('2D SPACE',''
  ) );
#6610 = ORIENTED_EDGE('',*,*,#6611,.T.);
#6611 = EDGE_CURVE('',#6576,#6612,#6614,.T.);
#6612 = VERTEX_POINT('',#6613);
#6613 = CARTESIAN_POINT('',(57.942035617264,15.57948999575,
    81.556255692314));
#6614 = SURFACE_CURVE('',#6615,(#6621,#6630),.PCURVE_S1.);
#6615 = B_SPLINE_CURVE_WITH_KNOTS('',4,(#6616,#6617,#6618,#6619,#6620),
  .UNSPECIFIED.,.F.,.F.,(5,5),(0.,1.),.PIECEWISE_BEZIER_KNOTS.);
#6616 = CARTESIAN_POINT('',(58.302329565264,14.171745385214,
    80.844391711627));
#6617 = CARTESIAN_POINT('',(58.216218882838,14.526003329413,
    81.021297129858));
#6618 = CARTESIAN_POINT('',(58.127451955023,14.878683993032,
    81.19895378005));
#6619 = CARTESIAN_POINT('',(58.036051918641,15.229831830788,
    81.377294476338));
#6620 = CARTESIAN_POINT('',(57.942035617264,15.57948999575,
    81.556255692314));
#6621 = PCURVE('',#446,#6622);
#6622 = DEFINITIONAL_REPRESENTATION('',(#6623),#6629);
#6623 = B_SPLINE_CURVE_WITH_KNOTS('',4,(#6624,#6625,#6626,#6627,#6628),
  .UNSPECIFIED.,.F.,.F.,(5,5),(0.,1.),.PIECEWISE_BEZIER_KNOTS.);
#6624 = CARTESIAN_POINT('',(0.238448959347,14.844391711627));
#6625 = CARTESIAN_POINT('',(0.244525182147,15.021297129858));
#6626 = CARTESIAN_POINT('',(0.250586317428,15.19895378005));
#6627 = CARTESIAN_POINT('',(0.256633591569,15.377294476338));
#6628 = CARTESIAN_POINT('',(0.262668211534,15.556255692314));
#6629 = ( GEOMETRIC_REPRESENTATION_CONTEXT(2) 
PARAMETRIC_REPRESENTATION_CONTEXT() REPRESENTATION_CONTEXT('2D SPACE',''
  ) );
#6630 = PCURVE('',#6631,#6638);
#6631 = B_SPLINE_SURFACE_WITH_KNOTS('',1,2,(
    (#6632,#6633,#6634)
    ,(#6635,#6636,#6637
    )),.UNSPECIFIED.,.F.,.F.,.F.,(2,2),(3,3),(36.,37.),(0.,1.),
  .PIECEWISE_BEZIER_KNOTS.);
#6632 = CARTESIAN_POINT('',(57.053681208271,15.128095934218,
    81.606693408074));
#6633 = CARTESIAN_POINT('',(81.421708780146,27.506154867677,
    80.21169475512));
#6634 = CARTESIAN_POINT('',(102.96025233841,38.875814692053,
    80.234046305962));
#6635 = CARTESIAN_POINT('',(57.602303692578,13.80360409198,
    80.892431715524));
#6636 = CARTESIAN_POINT('',(81.822840931448,26.5377361877,
    79.219337191392));
#6637 = CARTESIAN_POINT('',(103.21859819149,38.252112629769,
    79.252195063727));
#6638 = DEFINITIONAL_REPRESENTATION('',(#6639),#6645);
#6639 = B_SPLINE_CURVE_WITH_KNOTS('',4,(#6640,#6641,#6642,#6643,#6644),
  .UNSPECIFIED.,.F.,.F.,(5,5),(0.,1.),.PIECEWISE_BEZIER_KNOTS.);
#6640 = CARTESIAN_POINT('',(37.,1.446327906453E-02));
#6641 = CARTESIAN_POINT('',(36.750363097433,1.549267502143E-02));
#6642 = CARTESIAN_POINT('',(36.500468315558,1.646603361735E-02));
#6643 = CARTESIAN_POINT('',(36.250339899893,1.738402224234E-02));
#6644 = CARTESIAN_POINT('',(36.,1.824719937168E-02));
#6645 = ( GEOMETRIC_REPRESENTATION_CONTEXT(2) 
PARAMETRIC_REPRESENTATION_CONTEXT() REPRESENTATION_CONTEXT('2D SPACE',''
  ) );
#6646 = ORIENTED_EDGE('',*,*,#6647,.T.);
#6647 = EDGE_CURVE('',#6612,#6648,#6650,.T.);
#6648 = VERTEX_POINT('',#6649);
#6649 = CARTESIAN_POINT('',(57.506793678727,17.11632790035,
    82.340607435617));
#6650 = SURFACE_CURVE('',#6651,(#6657,#6666),.PCURVE_S1.);
#6651 = B_SPLINE_CURVE_WITH_KNOTS('',4,(#6652,#6653,#6654,#6655,#6656),
  .UNSPECIFIED.,.F.,.F.,(5,5),(0.,1.),.PIECEWISE_BEZIER_KNOTS.);
#6652 = CARTESIAN_POINT('',(57.942035617264,15.57948999575,
    81.556255692314));
#6653 = CARTESIAN_POINT('',(57.838019179136,15.966339896769,
    81.751271812136));
#6654 = CARTESIAN_POINT('',(57.730793063404,16.351393363679,
    81.947059971896));
#6655 = CARTESIAN_POINT('',(57.620379927388,16.734705101084,
    82.143532850206));
#6656 = CARTESIAN_POINT('',(57.506793678727,17.11632790035,
    82.340607435617));
#6657 = PCURVE('',#446,#6658);
#6658 = DEFINITIONAL_REPRESENTATION('',(#6659),#6665);
#6659 = B_SPLINE_CURVE_WITH_KNOTS('',4,(#6660,#6661,#6662,#6663,#6664),
  .UNSPECIFIED.,.F.,.F.,(5,5),(0.,1.),.PIECEWISE_BEZIER_KNOTS.);
#6660 = CARTESIAN_POINT('',(0.262668211534,15.556255692314));
#6661 = CARTESIAN_POINT('',(0.269344709812,15.751271812136));
#6662 = CARTESIAN_POINT('',(0.276006184965,15.947059971896));
#6663 = CARTESIAN_POINT('',(0.282654211936,16.143532850206));
#6664 = CARTESIAN_POINT('',(0.289290346119,16.340607435617));
#6665 = ( GEOMETRIC_REPRESENTATION_CONTEXT(2) 
PARAMETRIC_REPRESENTATION_CONTEXT() REPRESENTATION_CONTEXT('2D SPACE',''
  ) );
#6666 = PCURVE('',#6667,#6674);
#6667 = B_SPLINE_SURFACE_WITH_KNOTS('',1,2,(
    (#6668,#6669,#6670)
    ,(#6671,#6672,#6673
    )),.UNSPECIFIED.,.F.,.F.,.F.,(2,2),(3,3),(35.,36.),(0.,1.),
  .PIECEWISE_BEZIER_KNOTS.);
#6668 = CARTESIAN_POINT('',(56.445239939919,16.597003096181,
    82.386850757683));
#6669 = CARTESIAN_POINT('',(80.972018671334,28.591802827237,
    81.307805299095));
#6670 = CARTESIAN_POINT('',(102.6717730463,39.57226531153,
    81.331412989897));
#6671 = CARTESIAN_POINT('',(57.053681208271,15.128095934218,
    81.606693408074));
#6672 = CARTESIAN_POINT('',(81.421708780146,27.506154867677,
    80.21169475512));
#6673 = CARTESIAN_POINT('',(102.96025233841,38.875814692053,
    80.234046305962));
#6674 = DEFINITIONAL_REPRESENTATION('',(#6675),#6681);
#6675 = B_SPLINE_CURVE_WITH_KNOTS('',4,(#6676,#6677,#6678,#6679,#6680),
  .UNSPECIFIED.,.F.,.F.,(5,5),(0.,1.),.PIECEWISE_BEZIER_KNOTS.);
#6676 = CARTESIAN_POINT('',(36.,1.824719937168E-02));
#6677 = CARTESIAN_POINT('',(35.750334305776,1.92021891889E-02));
#6678 = CARTESIAN_POINT('',(35.500427827321,2.009015398081E-02));
#6679 = CARTESIAN_POINT('',(35.250308000452,2.091182122168E-02));
#6680 = CARTESIAN_POINT('',(35.,2.166776599573E-02));
#6681 = ( GEOMETRIC_REPRESENTATION_CONTEXT(2) 
PARAMETRIC_REPRESENTATION_CONTEXT() REPRESENTATION_CONTEXT('2D SPACE',''
  ) );
#6682 = ORIENTED_EDGE('',*,*,#6683,.T.);
#6683 = EDGE_CURVE('',#6648,#6684,#6686,.T.);
#6684 = VERTEX_POINT('',#6685);
#6685 = CARTESIAN_POINT('',(56.99907503297,18.737807913038,
    83.209909567287));
#6686 = SURFACE_CURVE('',#6687,(#6693,#6702),.PCURVE_S1.);
#6687 = B_SPLINE_CURVE_WITH_KNOTS('',4,(#6688,#6689,#6690,#6691,#6692),
  .UNSPECIFIED.,.F.,.F.,(5,5),(0.,1.),.PIECEWISE_BEZIER_KNOTS.);
#6688 = CARTESIAN_POINT('',(57.506793678727,17.11632790035,
    82.340607435617));
#6689 = CARTESIAN_POINT('',(57.385295373957,17.524533327671,
    82.556999434445));
#6690 = CARTESIAN_POINT('',(57.260166629509,17.930805934019,
    82.774080779725));
#6691 = CARTESIAN_POINT('',(57.131424499993,18.33521027534,
    82.991749924742));
#6692 = CARTESIAN_POINT('',(56.99907503297,18.737807913038,
    83.209909567287));
#6693 = PCURVE('',#446,#6694);
#6694 = DEFINITIONAL_REPRESENTATION('',(#6695),#6701);
#6695 = B_SPLINE_CURVE_WITH_KNOTS('',4,(#6696,#6697,#6698,#6699,#6700),
  .UNSPECIFIED.,.F.,.F.,(5,5),(0.,1.),.PIECEWISE_BEZIER_KNOTS.);
#6696 = CARTESIAN_POINT('',(0.289290346119,16.340607435617));
#6697 = CARTESIAN_POINT('',(0.296388732261,16.556999434445));
#6698 = CARTESIAN_POINT('',(0.30347350461,16.774080779725));
#6699 = CARTESIAN_POINT('',(0.310546565602,16.991749924742));
#6700 = CARTESIAN_POINT('',(0.317609796672,17.209909567287));
#6701 = ( GEOMETRIC_REPRESENTATION_CONTEXT(2) 
PARAMETRIC_REPRESENTATION_CONTEXT() REPRESENTATION_CONTEXT('2D SPACE',''
  ) );
#6702 = PCURVE('',#6703,#6710);
#6703 = B_SPLINE_SURFACE_WITH_KNOTS('',1,2,(
    (#6704,#6705,#6706)
    ,(#6707,#6708,#6709
    )),.UNSPECIFIED.,.F.,.F.,.F.,(2,2),(3,3),(34.,35.),(0.,1.),
  .PIECEWISE_BEZIER_KNOTS.);
#6704 = CARTESIAN_POINT('',(55.79295190903,18.171765706925,
    83.245749445427));
#6705 = CARTESIAN_POINT('',(80.488898595559,29.758157866428,
    82.503522527937));
#6706 = CARTESIAN_POINT('',(102.3642741972,40.314633203444,
    82.531167523336));
#6707 = CARTESIAN_POINT('',(56.445239939919,16.597003096181,
    82.386850757683));
#6708 = CARTESIAN_POINT('',(80.972018671334,28.591802827237,
    81.307805299095));
#6709 = CARTESIAN_POINT('',(102.6717730463,39.57226531153,
    81.331412989897));
#6710 = DEFINITIONAL_REPRESENTATION('',(#6711),#6717);
#6711 = B_SPLINE_CURVE_WITH_KNOTS('',4,(#6712,#6713,#6714,#6715,#6716),
  .UNSPECIFIED.,.F.,.F.,(5,5),(0.,1.),.PIECEWISE_BEZIER_KNOTS.);
#6712 = CARTESIAN_POINT('',(35.,2.166776599573E-02));
#6713 = CARTESIAN_POINT('',(34.750270535363,2.247636747374E-02));
#6714 = CARTESIAN_POINT('',(34.500342099476,2.320977089917E-02));
#6715 = CARTESIAN_POINT('',(34.250243121924,2.386868028166E-02));
#6716 = CARTESIAN_POINT('',(34.,2.445360327218E-02));
#6717 = ( GEOMETRIC_REPRESENTATION_CONTEXT(2) 
PARAMETRIC_REPRESENTATION_CONTEXT() REPRESENTATION_CONTEXT('2D SPACE',''
  ) );
#6718 = ORIENTED_EDGE('',*,*,#6719,.T.);
#6719 = EDGE_CURVE('',#6684,#6720,#6722,.T.);
#6720 = VERTEX_POINT('',#6721);
#6721 = CARTESIAN_POINT('',(56.424566240558,20.402654841095,
    84.174821137455));
#6722 = SURFACE_CURVE('',#6723,(#6729,#6738),.PCURVE_S1.);
#6723 = B_SPLINE_CURVE_WITH_KNOTS('',4,(#6724,#6725,#6726,#6727,#6728),
  .UNSPECIFIED.,.F.,.F.,(5,5),(0.,1.),.PIECEWISE_BEZIER_KNOTS.);
#6724 = CARTESIAN_POINT('',(56.99907503297,18.737807913038,
    83.209909567287));
#6725 = CARTESIAN_POINT('',(56.861300967937,19.156906790922,
    83.450456643906));
#6726 = CARTESIAN_POINT('',(56.719622590935,19.574033276123,
    83.69152906267));
#6727 = CARTESIAN_POINT('',(56.574046426585,19.989259882262,
    83.933018784809));
#6728 = CARTESIAN_POINT('',(56.424566240558,20.402654841095,
    84.174821137455));
#6729 = PCURVE('',#446,#6730);
#6730 = DEFINITIONAL_REPRESENTATION('',(#6731),#6737);
#6731 = B_SPLINE_CURVE_WITH_KNOTS('',4,(#6732,#6733,#6734,#6735,#6736),
  .UNSPECIFIED.,.F.,.F.,(5,5),(0.,1.),.PIECEWISE_BEZIER_KNOTS.);
#6732 = CARTESIAN_POINT('',(0.317609796672,17.209909567287));
#6733 = CARTESIAN_POINT('',(0.324962527881,17.450456643906));
#6734 = CARTESIAN_POINT('',(0.332304352078,17.69152906267));
#6735 = CARTESIAN_POINT('',(0.33963744165,17.933018784809));
#6736 = CARTESIAN_POINT('',(0.346963948283,18.174821137455));
#6737 = ( GEOMETRIC_REPRESENTATION_CONTEXT(2) 
PARAMETRIC_REPRESENTATION_CONTEXT() REPRESENTATION_CONTEXT('2D SPACE',''
  ) );
#6738 = PCURVE('',#6739,#6746);
#6739 = B_SPLINE_SURFACE_WITH_KNOTS('',1,2,(
    (#6740,#6741,#6742)
    ,(#6743,#6744,#6745
    )),.UNSPECIFIED.,.F.,.F.,.F.,(2,2),(3,3),(33.,34.),(0.,1.),
  .PIECEWISE_BEZIER_KNOTS.);
#6740 = CARTESIAN_POINT('',(55.112620005632,19.814232215025,
    84.195770030153));
#6741 = CARTESIAN_POINT('',(79.987709286307,30.96813589414,
    83.793523971452));
#6742 = CARTESIAN_POINT('',(102.04888625369,41.076047054056,
    83.818309682033));
#6743 = CARTESIAN_POINT('',(55.79295190903,18.171765706925,
    83.245749445427));
#6744 = CARTESIAN_POINT('',(80.488898595559,29.758157866428,
    82.503522527937));
#6745 = CARTESIAN_POINT('',(102.3642741972,40.314633203444,
    82.531167523336));
#6746 = DEFINITIONAL_REPRESENTATION('',(#6747),#6753);
#6747 = B_SPLINE_CURVE_WITH_KNOTS('',4,(#6748,#6749,#6750,#6751,#6752),
  .UNSPECIFIED.,.F.,.F.,(5,5),(0.,1.),.PIECEWISE_BEZIER_KNOTS.);
#6748 = CARTESIAN_POINT('',(34.,2.445360327218E-02));
#6749 = CARTESIAN_POINT('',(33.750189087091,2.50625004589E-02));
#6750 = CARTESIAN_POINT('',(33.500233767269,2.559120100054E-02));
#6751 = CARTESIAN_POINT('',(33.250161934649,2.604029408161E-02));
#6752 = CARTESIAN_POINT('',(33.,2.641013486422E-02));
#6753 = ( GEOMETRIC_REPRESENTATION_CONTEXT(2) 
PARAMETRIC_REPRESENTATION_CONTEXT() REPRESENTATION_CONTEXT('2D SPACE',''
  ) );
#6754 = ORIENTED_EDGE('',*,*,#6755,.T.);
#6755 = EDGE_CURVE('',#6720,#6756,#6758,.T.);
#6756 = VERTEX_POINT('',#6757);
#6757 = CARTESIAN_POINT('',(55.769583361577,22.130376672712,
    85.250337587953));
#6758 = SURFACE_CURVE('',#6759,(#6765,#6774),.PCURVE_S1.);
#6759 = B_SPLINE_CURVE_WITH_KNOTS('',4,(#6760,#6761,#6762,#6763,#6764),
  .UNSPECIFIED.,.F.,.F.,(5,5),(0.,1.),.PIECEWISE_BEZIER_KNOTS.);
#6760 = CARTESIAN_POINT('',(56.424566240558,20.402654841095,
    84.174821137455));
#6761 = CARTESIAN_POINT('',(56.267308529155,20.837558936812,
    84.443308194394));
#6762 = CARTESIAN_POINT('',(56.105733377078,21.270426426757,
    84.712135630944));
#6763 = CARTESIAN_POINT('',(55.939832826946,21.701340064272,
    84.981184429756));
#6764 = CARTESIAN_POINT('',(55.769583361577,22.130376672712,
    85.250337587953));
#6765 = PCURVE('',#446,#6766);
#6766 = DEFINITIONAL_REPRESENTATION('',(#6767),#6773);
#6767 = B_SPLINE_CURVE_WITH_KNOTS('',4,(#6768,#6769,#6770,#6771,#6772),
  .UNSPECIFIED.,.F.,.F.,(5,5),(0.,1.),.PIECEWISE_BEZIER_KNOTS.);
#6768 = CARTESIAN_POINT('',(0.346963948283,18.174821137455));
#6769 = CARTESIAN_POINT('',(0.354671656551,18.443308194394));
#6770 = CARTESIAN_POINT('',(0.362371913164,18.712135630944));
#6771 = CARTESIAN_POINT('',(0.37006727902,18.981184429756));
#6772 = CARTESIAN_POINT('',(0.377760300602,19.250337587953));
#6773 = ( GEOMETRIC_REPRESENTATION_CONTEXT(2) 
PARAMETRIC_REPRESENTATION_CONTEXT() REPRESENTATION_CONTEXT('2D SPACE',''
  ) );
#6774 = PCURVE('',#6775,#6782);
#6775 = B_SPLINE_SURFACE_WITH_KNOTS('',1,2,(
    (#6776,#6777,#6778)
    ,(#6779,#6780,#6781
    )),.UNSPECIFIED.,.F.,.F.,.F.,(2,2),(3,3),(32.,33.),(0.,1.),
  .PIECEWISE_BEZIER_KNOTS.);
#6776 = CARTESIAN_POINT('',(54.395591740607,21.545291577053,
    85.254051409862));
#6777 = CARTESIAN_POINT('',(79.469095686032,32.220179881554,
    85.185451821224));
#6778 = CARTESIAN_POINT('',(101.72763995621,41.851604222296,
    85.18475785701));
#6779 = CARTESIAN_POINT('',(55.112620005632,19.814232215025,
    84.195770030153));
#6780 = CARTESIAN_POINT('',(79.987709286307,30.96813589414,
    83.793523971452));
#6781 = CARTESIAN_POINT('',(102.04888625369,41.076047054056,
    83.818309682033));
#6782 = DEFINITIONAL_REPRESENTATION('',(#6783),#6789);
#6783 = B_SPLINE_CURVE_WITH_KNOTS('',4,(#6784,#6785,#6786,#6787,#6788),
  .UNSPECIFIED.,.F.,.F.,(5,5),(0.,1.),.PIECEWISE_BEZIER_KNOTS.);
#6784 = CARTESIAN_POINT('',(33.,2.641013486422E-02));
#6785 = CARTESIAN_POINT('',(32.750113652929,2.679921863915E-02));
#6786 = CARTESIAN_POINT('',(32.500131045524,2.710058020712E-02));
#6787 = CARTESIAN_POINT('',(32.250083128054,2.731464449056E-02));
#6788 = CARTESIAN_POINT('',(32.,2.744154540056E-02));
#6789 = ( GEOMETRIC_REPRESENTATION_CONTEXT(2) 
PARAMETRIC_REPRESENTATION_CONTEXT() REPRESENTATION_CONTEXT('2D SPACE',''
  ) );
#6790 = ORIENTED_EDGE('',*,*,#6791,.T.);
#6791 = EDGE_CURVE('',#6756,#6792,#6794,.T.);
#6792 = VERTEX_POINT('',#6793);
#6793 = CARTESIAN_POINT('',(55.050848991002,23.862188193245,
    86.362567047967));
#6794 = SURFACE_CURVE('',#6795,(#6801,#6810),.PCURVE_S1.);
#6795 = B_SPLINE_CURVE_WITH_KNOTS('',4,(#6796,#6797,#6798,#6799,#6800),
  .UNSPECIFIED.,.F.,.F.,(5,5),(0.,1.),.PIECEWISE_BEZIER_KNOTS.);
#6796 = CARTESIAN_POINT('',(55.769583361577,22.130376672712,
    85.250337587953));
#6797 = CARTESIAN_POINT('',(55.596658289029,22.566155936272,
    85.528356046325));
#6798 = CARTESIAN_POINT('',(55.419246893114,22.999997811024,
    85.806481511441));
#6799 = CARTESIAN_POINT('',(55.237324243726,23.431983683286,
    86.084592423049));
#6800 = CARTESIAN_POINT('',(55.050848991002,23.862188193245,
    86.362567047967));
#6801 = PCURVE('',#446,#6802);
#6802 = DEFINITIONAL_REPRESENTATION('',(#6803),#6809);
#6803 = B_SPLINE_CURVE_WITH_KNOTS('',4,(#6804,#6805,#6806,#6807,#6808),
  .UNSPECIFIED.,.F.,.F.,(5,5),(0.,1.),.PIECEWISE_BEZIER_KNOTS.);
#6804 = CARTESIAN_POINT('',(0.377760300602,19.250337587953));
#6805 = CARTESIAN_POINT('',(0.385574224202,19.528356046325));
#6806 = CARTESIAN_POINT('',(0.393385713956,19.806481511441));
#6807 = CARTESIAN_POINT('',(0.401197453683,20.084592423049));
#6808 = CARTESIAN_POINT('',(0.409012128985,20.362567047967));
#6809 = ( GEOMETRIC_REPRESENTATION_CONTEXT(2) 
PARAMETRIC_REPRESENTATION_CONTEXT() REPRESENTATION_CONTEXT('2D SPACE',''
  ) );
#6810 = PCURVE('',#6811,#6818);
#6811 = B_SPLINE_SURFACE_WITH_KNOTS('',1,2,(
    (#6812,#6813,#6814)
    ,(#6815,#6816,#6817
    )),.UNSPECIFIED.,.F.,.F.,.F.,(2,2),(3,3),(31.,32.),(0.,1.),
  .PIECEWISE_BEZIER_KNOTS.);
#6812 = CARTESIAN_POINT('',(53.666838214235,23.304658224047,
    86.34840982764));
#6813 = CARTESIAN_POINT('',(78.944706847947,33.486166526416,
    86.610624058818));
#6814 = CARTESIAN_POINT('',(101.40509112057,42.630305995843,
    86.578224949295));
#6815 = CARTESIAN_POINT('',(54.395591740607,21.545291577053,
    85.254051409862));
#6816 = CARTESIAN_POINT('',(79.469095686032,32.220179881554,
    85.185451821224));
#6817 = CARTESIAN_POINT('',(101.72763995621,41.851604222296,
    85.18475785701));
#6818 = DEFINITIONAL_REPRESENTATION('',(#6819),#6825);
#6819 = B_SPLINE_CURVE_WITH_KNOTS('',4,(#6820,#6821,#6822,#6823,#6824),
  .UNSPECIFIED.,.F.,.F.,(5,5),(0.,1.),.PIECEWISE_BEZIER_KNOTS.);
#6820 = CARTESIAN_POINT('',(32.,2.744154540056E-02));
#6821 = CARTESIAN_POINT('',(31.750022221502,2.757044066036E-02));
#6822 = CARTESIAN_POINT('',(31.500008584041,2.760941111103E-02));
#6823 = CARTESIAN_POINT('',(31.249990647739,2.755859838718E-02));
#6824 = CARTESIAN_POINT('',(31.,2.741783347646E-02));
#6825 = ( GEOMETRIC_REPRESENTATION_CONTEXT(2) 
PARAMETRIC_REPRESENTATION_CONTEXT() REPRESENTATION_CONTEXT('2D SPACE',''
  ) );
#6826 = ORIENTED_EDGE('',*,*,#6827,.T.);
#6827 = EDGE_CURVE('',#6792,#6828,#6830,.T.);
#6828 = VERTEX_POINT('',#6829);
#6829 = CARTESIAN_POINT('',(54.287154640528,25.5520026815,
    87.488174665255));
#6830 = SURFACE_CURVE('',#6831,(#6837,#6846),.PCURVE_S1.);
#6831 = B_SPLINE_CURVE_WITH_KNOTS('',4,(#6832,#6833,#6834,#6835,#6836),
  .UNSPECIFIED.,.F.,.F.,(5,5),(0.,1.),.PIECEWISE_BEZIER_KNOTS.);
#6832 = CARTESIAN_POINT('',(55.050848991002,23.862188193245,
    86.362567047967));
#6833 = CARTESIAN_POINT('',(54.866635686059,24.287174315659,
    86.644282597177));
#6834 = CARTESIAN_POINT('',(54.677978658302,24.710424085546,
    86.925866595802));
#6835 = CARTESIAN_POINT('',(54.484837171454,25.132011252261,
    87.207203322205));
#6836 = CARTESIAN_POINT('',(54.287154640528,25.5520026815,
    87.488174665256));
#6837 = PCURVE('',#446,#6838);
#6838 = DEFINITIONAL_REPRESENTATION('',(#6839),#6845);
#6839 = B_SPLINE_CURVE_WITH_KNOTS('',4,(#6840,#6841,#6842,#6843,#6844),
  .UNSPECIFIED.,.F.,.F.,(5,5),(0.,1.),.PIECEWISE_BEZIER_KNOTS.);
#6840 = CARTESIAN_POINT('',(0.409012128985,20.362567047967));
#6841 = CARTESIAN_POINT('',(0.416732012151,20.644282597177));
#6842 = CARTESIAN_POINT('',(0.424454798293,20.925866595802));
#6843 = CARTESIAN_POINT('',(0.432183109667,21.207203322205));
#6844 = CARTESIAN_POINT('',(0.439919588619,21.488174665256));
#6845 = ( GEOMETRIC_REPRESENTATION_CONTEXT(2) 
PARAMETRIC_REPRESENTATION_CONTEXT() REPRESENTATION_CONTEXT('2D SPACE',''
  ) );
#6846 = PCURVE('',#6847,#6854);
#6847 = B_SPLINE_SURFACE_WITH_KNOTS('',1,2,(
    (#6848,#6849,#6850)
    ,(#6851,#6852,#6853
    )),.UNSPECIFIED.,.F.,.F.,.F.,(2,2),(3,3),(30.,31.),(0.,1.),
  .PIECEWISE_BEZIER_KNOTS.);
#6848 = CARTESIAN_POINT('',(52.947005444158,25.042488260208,
    87.458100635913));
#6849 = CARTESIAN_POINT('',(78.429444407902,34.730120097354,
    88.037669961887));
#6850 = CARTESIAN_POINT('',(101.09031469328,43.390243515711,
    87.967390127887));
#6851 = CARTESIAN_POINT('',(53.666838214235,23.304658224047,
    86.34840982764));
#6852 = CARTESIAN_POINT('',(78.944706847947,33.486166526416,
    86.610624058818));
#6853 = CARTESIAN_POINT('',(101.40509112057,42.630305995843,
    86.578224949295));
#6854 = DEFINITIONAL_REPRESENTATION('',(#6855),#6861);
#6855 = B_SPLINE_CURVE_WITH_KNOTS('',4,(#6856,#6857,#6858,#6859,#6860),
  .UNSPECIFIED.,.F.,.F.,(5,5),(0.,1.),.PIECEWISE_BEZIER_KNOTS.);
#6856 = CARTESIAN_POINT('',(31.,2.741783347646E-02));
#6857 = CARTESIAN_POINT('',(30.749929276794,2.727877604635E-02));
#6858 = CARTESIAN_POINT('',(30.499885040082,2.705193469306E-02));
#6859 = CARTESIAN_POINT('',(30.249898057114,2.673714422175E-02));
#6860 = CARTESIAN_POINT('',(30.,2.63339370521E-02));
#6861 = ( GEOMETRIC_REPRESENTATION_CONTEXT(2) 
PARAMETRIC_REPRESENTATION_CONTEXT() REPRESENTATION_CONTEXT('2D SPACE',''
  ) );
#6862 = ORIENTED_EDGE('',*,*,#6863,.T.);
#6863 = EDGE_CURVE('',#6828,#6864,#6866,.T.);
#6864 = VERTEX_POINT('',#6865);
#6865 = CARTESIAN_POINT('',(53.498169260533,27.165159410012,
    88.605242882891));
#6866 = SURFACE_CURVE('',#6867,(#6873,#6882),.PCURVE_S1.);
#6867 = B_SPLINE_CURVE_WITH_KNOTS('',4,(#6868,#6869,#6870,#6871,#6872),
  .UNSPECIFIED.,.F.,.F.,(5,5),(0.,1.),.PIECEWISE_BEZIER_KNOTS.);
#6868 = CARTESIAN_POINT('',(54.287154640528,25.5520026815,
    87.488174665256));
#6869 = CARTESIAN_POINT('',(54.096317650069,25.957450244311,
    87.768049914755));
#6870 = CARTESIAN_POINT('',(53.901245041364,26.361418364586,
    88.047589895993));
#6871 = CARTESIAN_POINT('',(53.70188445445,26.763969423949,
    88.326690326523));
#6872 = CARTESIAN_POINT('',(53.498169260533,27.165159410012,
    88.605242882891));
#6873 = PCURVE('',#446,#6874);
#6874 = DEFINITIONAL_REPRESENTATION('',(#6875),#6881);
#6875 = B_SPLINE_CURVE_WITH_KNOTS('',4,(#6876,#6877,#6878,#6879,#6880),
  .UNSPECIFIED.,.F.,.F.,(5,5),(0.,1.),.PIECEWISE_BEZIER_KNOTS.);
#6876 = CARTESIAN_POINT('',(0.439919588619,21.488174665256));
#6877 = CARTESIAN_POINT('',(0.44738816135,21.768049914755));
#6878 = CARTESIAN_POINT('',(0.454864488269,22.047589895993));
#6879 = CARTESIAN_POINT('',(0.462350990518,22.326690326523));
#6880 = CARTESIAN_POINT('',(0.469850125379,22.605242882891));
#6881 = ( GEOMETRIC_REPRESENTATION_CONTEXT(2) 
PARAMETRIC_REPRESENTATION_CONTEXT() REPRESENTATION_CONTEXT('2D SPACE',''
  ) );
#6882 = PCURVE('',#6883,#6890);
#6883 = B_SPLINE_SURFACE_WITH_KNOTS('',1,2,(
    (#6884,#6885,#6886)
    ,(#6887,#6888,#6889
    )),.UNSPECIFIED.,.F.,.F.,.F.,(2,2),(3,3),(29.,30.),(0.,1.),
  .PIECEWISE_BEZIER_KNOTS.);
#6884 = CARTESIAN_POINT('',(52.252640244413,26.718834142673,
    88.563360497444));
#6885 = CARTESIAN_POINT('',(77.935695019516,35.922136567209,
    89.437843947987));
#6886 = CARTESIAN_POINT('',(100.79087461351,44.113155817403,
    89.322661824809));
#6887 = CARTESIAN_POINT('',(52.947005444158,25.042488260208,
    87.458100635913));
#6888 = CARTESIAN_POINT('',(78.429444407902,34.730120097354,
    88.037669961887));
#6889 = CARTESIAN_POINT('',(101.09031469328,43.390243515711,
    87.967390127887));
#6890 = DEFINITIONAL_REPRESENTATION('',(#6891),#6897);
#6891 = B_SPLINE_CURVE_WITH_KNOTS('',4,(#6892,#6893,#6894,#6895,#6896),
  .UNSPECIFIED.,.F.,.F.,(5,5),(0.,1.),.PIECEWISE_BEZIER_KNOTS.);
#6892 = CARTESIAN_POINT('',(30.,2.63339370521E-02));
#6893 = CARTESIAN_POINT('',(29.74984477466,2.594469252742E-02));
#6894 = CARTESIAN_POINT('',(29.4997732415,2.547304127224E-02));
#6895 = CARTESIAN_POINT('',(29.249814688282,2.491855356555E-02));
#6896 = CARTESIAN_POINT('',(29.,2.428052628016E-02));
#6897 = ( GEOMETRIC_REPRESENTATION_CONTEXT(2) 
PARAMETRIC_REPRESENTATION_CONTEXT() REPRESENTATION_CONTEXT('2D SPACE',''
  ) );
#6898 = ORIENTED_EDGE('',*,*,#6899,.T.);
#6899 = EDGE_CURVE('',#6864,#6900,#6902,.T.);
#6900 = VERTEX_POINT('',#6901);
#6901 = CARTESIAN_POINT('',(52.706855722516,28.670321934814,
    89.687451042793));
#6902 = SURFACE_CURVE('',#6903,(#6909,#6918),.PCURVE_S1.);
#6903 = B_SPLINE_CURVE_WITH_KNOTS('',4,(#6904,#6905,#6906,#6907,#6908),
  .UNSPECIFIED.,.F.,.F.,(5,5),(0.,1.),.PIECEWISE_BEZIER_KNOTS.);
#6904 = CARTESIAN_POINT('',(53.498169260533,27.165159410012,
    88.605242882891));
#6905 = CARTESIAN_POINT('',(53.306211286244,27.543195115395,
    88.876600566453));
#6906 = CARTESIAN_POINT('',(53.110380085145,27.920035597661,
    89.14748104908));
#6907 = CARTESIAN_POINT('',(52.910618066396,28.295729961797,
    89.417795681244));
#6908 = CARTESIAN_POINT('',(52.706855722516,28.670321934814,
    89.687451042793));
#6909 = PCURVE('',#446,#6910);
#6910 = DEFINITIONAL_REPRESENTATION('',(#6911),#6917);
#6911 = B_SPLINE_CURVE_WITH_KNOTS('',4,(#6912,#6913,#6914,#6915,#6916),
  .UNSPECIFIED.,.F.,.F.,(5,5),(0.,1.),.PIECEWISE_BEZIER_KNOTS.);
#6912 = CARTESIAN_POINT('',(0.469850125379,22.605242882891));
#6913 = CARTESIAN_POINT('',(0.476916455136,22.876600566453));
#6914 = CARTESIAN_POINT('',(0.483994250333,23.14748104908));
#6915 = CARTESIAN_POINT('',(0.49108561451,23.417795681244));
#6916 = CARTESIAN_POINT('',(0.498192697031,23.687451042793));
#6917 = ( GEOMETRIC_REPRESENTATION_CONTEXT(2) 
PARAMETRIC_REPRESENTATION_CONTEXT() REPRESENTATION_CONTEXT('2D SPACE',''
  ) );
#6918 = PCURVE('',#6919,#6926);
#6919 = B_SPLINE_SURFACE_WITH_KNOTS('',1,2,(
    (#6920,#6921,#6922)
    ,(#6923,#6924,#6925
    )),.UNSPECIFIED.,.F.,.F.,.F.,(2,2),(3,3),(28.,29.),(0.,1.),
  .PIECEWISE_BEZIER_KNOTS.);
#6920 = CARTESIAN_POINT('',(51.599255855112,28.296243596766,
    89.639176225916));
#6921 = CARTESIAN_POINT('',(77.47446661523,37.035640436188,
    90.779624451626));
#6922 = CARTESIAN_POINT('',(100.51323215064,44.783444016759,
    90.613373379925));
#6923 = CARTESIAN_POINT('',(52.252640244413,26.718834142673,
    88.563360497444));
#6924 = CARTESIAN_POINT('',(77.935695019516,35.922136567209,
    89.437843947987));
#6925 = CARTESIAN_POINT('',(100.79087461351,44.113155817403,
    89.322661824809));
#6926 = DEFINITIONAL_REPRESENTATION('',(#6927),#6933);
#6927 = B_SPLINE_CURVE_WITH_KNOTS('',4,(#6928,#6929,#6930,#6931,#6932),
  .UNSPECIFIED.,.F.,.F.,(5,5),(0.,1.),.PIECEWISE_BEZIER_KNOTS.);
#6928 = CARTESIAN_POINT('',(29.,2.428052628016E-02));
#6929 = CARTESIAN_POINT('',(28.749775674526,2.367932210441E-02));
#6930 = CARTESIAN_POINT('',(28.499682550336,2.300392153037E-02));
#6931 = CARTESIAN_POINT('',(28.249747653902,2.225372083293E-02));
#6932 = CARTESIAN_POINT('',(28.,2.142788794919E-02));
#6933 = ( GEOMETRIC_REPRESENTATION_CONTEXT(2) 
PARAMETRIC_REPRESENTATION_CONTEXT() REPRESENTATION_CONTEXT('2D SPACE',''
  ) );
#6934 = ORIENTED_EDGE('',*,*,#6935,.T.);
#6935 = EDGE_CURVE('',#6900,#6936,#6938,.T.);
#6936 = VERTEX_POINT('',#6937);
#6937 = CARTESIAN_POINT('',(51.93880019644,30.039324795247,
    90.705606337329));
#6938 = SURFACE_CURVE('',#6939,(#6945,#6954),.PCURVE_S1.);
#6939 = B_SPLINE_CURVE_WITH_KNOTS('',4,(#6940,#6941,#6942,#6943,#6944),
  .UNSPECIFIED.,.F.,.F.,(5,5),(0.,1.),.PIECEWISE_BEZIER_KNOTS.);
#6940 = CARTESIAN_POINT('',(52.706855722516,28.670321934814,
    89.687451042793));
#6941 = CARTESIAN_POINT('',(52.519961996775,29.013903030991,
    89.942874516395));
#6942 = CARTESIAN_POINT('',(52.329693442082,29.356574005152,
    90.197755854665));
#6943 = CARTESIAN_POINT('',(52.135994426164,29.698370670366,
    90.452024740562));
#6944 = CARTESIAN_POINT('',(51.93880019644,30.039324795247,
    90.705606337329));
#6945 = PCURVE('',#446,#6946);
#6946 = DEFINITIONAL_REPRESENTATION('',(#6947),#6953);
#6947 = B_SPLINE_CURVE_WITH_KNOTS('',4,(#6948,#6949,#6950,#6951,#6952),
  .UNSPECIFIED.,.F.,.F.,(5,5),(0.,1.),.PIECEWISE_BEZIER_KNOTS.);
#6948 = CARTESIAN_POINT('',(0.498192697031,23.687451042793));
#6949 = CARTESIAN_POINT('',(0.504711414406,23.942874516395));
#6950 = CARTESIAN_POINT('',(0.511243684135,24.197755854665));
#6951 = CARTESIAN_POINT('',(0.517791211098,24.452024740562));
#6952 = CARTESIAN_POINT('',(0.524355747121,24.705606337329));
#6953 = ( GEOMETRIC_REPRESENTATION_CONTEXT(2) 
PARAMETRIC_REPRESENTATION_CONTEXT() REPRESENTATION_CONTEXT('2D SPACE',''
  ) );
#6954 = PCURVE('',#6955,#6962);
#6955 = B_SPLINE_SURFACE_WITH_KNOTS('',1,2,(
    (#6956,#6957,#6958)
    ,(#6959,#6960,#6961
    )),.UNSPECIFIED.,.F.,.F.,.F.,(2,2),(3,3),(27.,28.),(0.,1.),
  .PIECEWISE_BEZIER_KNOTS.);
#6956 = CARTESIAN_POINT('',(51.001083583779,29.740359206854,
    90.656648791298));
#6957 = CARTESIAN_POINT('',(77.055309214161,38.047575918619,
    92.029944435698));
#6958 = CARTESIAN_POINT('',(100.2627428753,45.38817862251,
    91.808754134346));
#6959 = CARTESIAN_POINT('',(51.599255855112,28.296243596766,
    89.639176225916));
#6960 = CARTESIAN_POINT('',(77.47446661523,37.035640436188,
    90.779624451626));
#6961 = CARTESIAN_POINT('',(100.51323215064,44.783444016759,
    90.613373379925));
#6962 = DEFINITIONAL_REPRESENTATION('',(#6963),#6969);
#6963 = B_SPLINE_CURVE_WITH_KNOTS('',4,(#6964,#6965,#6966,#6967,#6968),
  .UNSPECIFIED.,.F.,.F.,(5,5),(0.,1.),.PIECEWISE_BEZIER_KNOTS.);
#6964 = CARTESIAN_POINT('',(28.,2.142788794919E-02));
#6965 = CARTESIAN_POINT('',(27.749728481974,2.067042225879E-02));
#6966 = CARTESIAN_POINT('',(27.499621752003,1.984929017327E-02));
#6967 = CARTESIAN_POINT('',(27.249703638544,1.89638302893E-02));
#6968 = CARTESIAN_POINT('',(27.,1.801320715881E-02));
#6969 = ( GEOMETRIC_REPRESENTATION_CONTEXT(2) 
PARAMETRIC_REPRESENTATION_CONTEXT() REPRESENTATION_CONTEXT('2D SPACE',''
  ) );
#6970 = ORIENTED_EDGE('',*,*,#6971,.T.);
#6971 = EDGE_CURVE('',#6936,#6972,#6974,.T.);
#6972 = VERTEX_POINT('',#6973);
#6973 = CARTESIAN_POINT('',(51.221412454694,31.246870341622,
    91.629614493071));
#6974 = SURFACE_CURVE('',#6975,(#6981,#6990),.PCURVE_S1.);
#6975 = B_SPLINE_CURVE_WITH_KNOTS('',4,(#6976,#6977,#6978,#6979,#6980),
  .UNSPECIFIED.,.F.,.F.,(5,5),(0.,1.),.PIECEWISE_BEZIER_KNOTS.);
#6976 = CARTESIAN_POINT('',(51.93880019644,30.039324795247,
    90.705606337329));
#6977 = CARTESIAN_POINT('',(51.763655072818,30.342155422871,
    90.93745141234));
#6978 = CARTESIAN_POINT('',(51.585741329223,30.644340968382,
    91.16876902343));
#6979 = CARTESIAN_POINT('',(51.405011650771,30.945905475515,
    91.399508211982));
#6980 = CARTESIAN_POINT('',(51.221412454694,31.246870341622,
    91.629614493071));
#6981 = PCURVE('',#446,#6982);
#6982 = DEFINITIONAL_REPRESENTATION('',(#6983),#6989);
#6983 = B_SPLINE_CURVE_WITH_KNOTS('',4,(#6984,#6985,#6986,#6987,#6988),
  .UNSPECIFIED.,.F.,.F.,(5,5),(0.,1.),.PIECEWISE_BEZIER_KNOTS.);
#6984 = CARTESIAN_POINT('',(0.524355747121,24.705606337329));
#6985 = CARTESIAN_POINT('',(0.530186275097,24.93745141234));
#6986 = CARTESIAN_POINT('',(0.536030598385,25.16876902343));
#6987 = CARTESIAN_POINT('',(0.541889986514,25.399508211982));
#6988 = CARTESIAN_POINT('',(0.547765749241,25.629614493071));
#6989 = ( GEOMETRIC_REPRESENTATION_CONTEXT(2) 
PARAMETRIC_REPRESENTATION_CONTEXT() REPRESENTATION_CONTEXT('2D SPACE',''
  ) );
#6990 = PCURVE('',#6991,#6998);
#6991 = B_SPLINE_SURFACE_WITH_KNOTS('',1,2,(
    (#6992,#6993,#6994)
    ,(#6995,#6996,#6997
    )),.UNSPECIFIED.,.F.,.F.,.F.,(2,2),(3,3),(26.,27.),(0.,1.),
  .PIECEWISE_BEZIER_KNOTS.);
#6992 = CARTESIAN_POINT('',(50.470948432913,31.020218677963,
    91.58499215802));
#6993 = CARTESIAN_POINT('',(76.686388134582,38.938230192383,
    93.155768308041));
#6994 = CARTESIAN_POINT('',(100.04376718774,45.916832697257,
    92.879064221958));
#6995 = CARTESIAN_POINT('',(51.001083583779,29.740359206854,
    90.656648791298));
#6996 = CARTESIAN_POINT('',(77.055309214161,38.047575918619,
    92.029944435698));
#6997 = CARTESIAN_POINT('',(100.2627428753,45.38817862251,
    91.808754134346));
#6998 = DEFINITIONAL_REPRESENTATION('',(#6999),#7005);
#6999 = B_SPLINE_CURVE_WITH_KNOTS('',4,(#7000,#7001,#7002,#7003,#7004),
  .UNSPECIFIED.,.F.,.F.,(5,5),(0.,1.),.PIECEWISE_BEZIER_KNOTS.);
#7000 = CARTESIAN_POINT('',(27.,1.801320715881E-02));
#7001 = CARTESIAN_POINT('',(26.749709576186,1.716887715006E-02));
#7002 = CARTESIAN_POINT('',(26.49959940347,1.627308674509E-02));
#7003 = CARTESIAN_POINT('',(26.24968909151,1.53252301251E-02));
#7004 = CARTESIAN_POINT('',(26.,1.432458288502E-02));
#7005 = ( GEOMETRIC_REPRESENTATION_CONTEXT(2) 
PARAMETRIC_REPRESENTATION_CONTEXT() REPRESENTATION_CONTEXT('2D SPACE',''
  ) );
#7006 = ORIENTED_EDGE('',*,*,#7007,.T.);
#7007 = EDGE_CURVE('',#6972,#7008,#7010,.T.);
#7008 = VERTEX_POINT('',#7009);
#7009 = CARTESIAN_POINT('',(50.582878948111,32.270301475517,
    92.43054772672));
#7010 = SURFACE_CURVE('',#7011,(#7017,#7026),.PCURVE_S1.);
#7011 = B_SPLINE_CURVE_WITH_KNOTS('',4,(#7012,#7013,#7014,#7015,#7016),
  .UNSPECIFIED.,.F.,.F.,(5,5),(0.,1.),.PIECEWISE_BEZIER_KNOTS.);
#7012 = CARTESIAN_POINT('',(51.221412454694,31.246870341622,
    91.629614493071));
#7013 = CARTESIAN_POINT('',(51.064959358413,31.503335980798,
    91.830546113992));
#7014 = CARTESIAN_POINT('',(50.90640997039,31.759386811743,
    92.03103425332));
#7015 = CARTESIAN_POINT('',(50.74572938408,32.015037548234,
    92.231046376862));
#7016 = CARTESIAN_POINT('',(50.582878948111,32.270301475517,
    92.43054772672));
#7017 = PCURVE('',#446,#7018);
#7018 = DEFINITIONAL_REPRESENTATION('',(#7019),#7025);
#7019 = B_SPLINE_CURVE_WITH_KNOTS('',4,(#7020,#7021,#7022,#7023,#7024),
  .UNSPECIFIED.,.F.,.F.,(5,5),(0.,1.),.PIECEWISE_BEZIER_KNOTS.);
#7020 = CARTESIAN_POINT('',(0.547765749241,25.629614493071));
#7021 = CARTESIAN_POINT('',(0.552772749768,25.830546113992));
#7022 = CARTESIAN_POINT('',(0.55779204355,26.03103425332));
#7023 = CARTESIAN_POINT('',(0.562824477282,26.231046376862));
#7024 = CARTESIAN_POINT('',(0.567870926448,26.43054772672));
#7025 = ( GEOMETRIC_REPRESENTATION_CONTEXT(2) 
PARAMETRIC_REPRESENTATION_CONTEXT() REPRESENTATION_CONTEXT('2D SPACE',''
  ) );
#7026 = PCURVE('',#7027,#7034);
#7027 = B_SPLINE_SURFACE_WITH_KNOTS('',1,2,(
    (#7028,#7029,#7030)
    ,(#7031,#7032,#7033
    )),.UNSPECIFIED.,.F.,.F.,.F.,(2,2),(3,3),(25.,26.),(0.,1.),
  .PIECEWISE_BEZIER_KNOTS.);
#7028 = CARTESIAN_POINT('',(50.020199904517,32.108421888439,
    92.393782373458));
#7029 = CARTESIAN_POINT('',(76.374620121747,39.690904757283,
    94.125781762074));
#7030 = CARTESIAN_POINT('',(99.859829312702,46.360898009816,
    93.796769632324));
#7031 = CARTESIAN_POINT('',(50.470948432913,31.020218677963,
    91.58499215802));
#7032 = CARTESIAN_POINT('',(76.686388134582,38.938230192383,
    93.155768308041));
#7033 = CARTESIAN_POINT('',(100.04376718774,45.916832697257,
    92.879064221958));
#7034 = DEFINITIONAL_REPRESENTATION('',(#7035),#7041);
#7035 = B_SPLINE_CURVE_WITH_KNOTS('',4,(#7036,#7037,#7038,#7039,#7040),
  .UNSPECIFIED.,.F.,.F.,(5,5),(0.,1.),.PIECEWISE_BEZIER_KNOTS.);
#7036 = CARTESIAN_POINT('',(26.,1.432458288502E-02));
#7037 = CARTESIAN_POINT('',(25.749724661261,1.347188656423E-02));
#7038 = CARTESIAN_POINT('',(25.499623002995,1.258078758663E-02));
#7039 = CARTESIAN_POINT('',(25.249709530161,1.165081838893E-02));
#7040 = CARTESIAN_POINT('',(25.,1.06814416027E-02));
#7041 = ( GEOMETRIC_REPRESENTATION_CONTEXT(2) 
PARAMETRIC_REPRESENTATION_CONTEXT() REPRESENTATION_CONTEXT('2D SPACE',''
  ) );
#7042 = ORIENTED_EDGE('',*,*,#7043,.T.);
#7043 = EDGE_CURVE('',#7008,#7044,#7046,.T.);
#7044 = VERTEX_POINT('',#7045);
#7045 = CARTESIAN_POINT('',(50.050721120947,33.089655714032,
    93.082514502408));
#7046 = SURFACE_CURVE('',#7047,(#7053,#7062),.PCURVE_S1.);
#7047 = B_SPLINE_CURVE_WITH_KNOTS('',4,(#7048,#7049,#7050,#7051,#7052),
  .UNSPECIFIED.,.F.,.F.,(5,5),(0.,1.),.PIECEWISE_BEZIER_KNOTS.);
#7048 = CARTESIAN_POINT('',(50.582878948111,32.270301475517,
    92.43054772672));
#7049 = CARTESIAN_POINT('',(50.451983908263,32.475476130007,
    92.594027040018));
#7050 = CARTESIAN_POINT('',(50.319673899021,32.680421458751,
    92.757192894545));
#7051 = CARTESIAN_POINT('',(50.185927417207,32.885145498321,
    92.920028124997));
#7052 = CARTESIAN_POINT('',(50.050721120947,33.089655714032,
    93.082514502408));
#7053 = PCURVE('',#446,#7054);
#7054 = DEFINITIONAL_REPRESENTATION('',(#7055),#7061);
#7055 = B_SPLINE_CURVE_WITH_KNOTS('',4,(#7056,#7057,#7058,#7059,#7060),
  .UNSPECIFIED.,.F.,.F.,(5,5),(0.,1.),.PIECEWISE_BEZIER_KNOTS.);
#7056 = CARTESIAN_POINT('',(0.567870926448,26.43054772672));
#7057 = CARTESIAN_POINT('',(0.571927133978,26.594027040018));
#7058 = CARTESIAN_POINT('',(0.575992803069,26.757192894545));
#7059 = CARTESIAN_POINT('',(0.580068417216,26.920028124997));
#7060 = CARTESIAN_POINT('',(0.58415447654,27.082514502408));
#7061 = ( GEOMETRIC_REPRESENTATION_CONTEXT(2) 
PARAMETRIC_REPRESENTATION_CONTEXT() REPRESENTATION_CONTEXT('2D SPACE',''
  ) );
#7062 = PCURVE('',#7063,#7070);
#7063 = B_SPLINE_SURFACE_WITH_KNOTS('',1,2,(
    (#7064,#7065,#7066)
    ,(#7067,#7068,#7069
    )),.UNSPECIFIED.,.F.,.F.,.F.,(2,2),(3,3),(24.,25.),(0.,1.),
  .PIECEWISE_BEZIER_KNOTS.);
#7064 = CARTESIAN_POINT('',(49.658616811487,32.981360695555,
    93.055116681825));
#7065 = CARTESIAN_POINT('',(76.125781630001,40.291654018897,
    94.911999925291));
#7066 = CARTESIAN_POINT('',(99.713760185912,46.713540076756,
    94.53765495926));
#7067 = CARTESIAN_POINT('',(50.020199904517,32.108421888439,
    92.393782373458));
#7068 = CARTESIAN_POINT('',(76.374620121747,39.690904757283,
    94.125781762074));
#7069 = CARTESIAN_POINT('',(99.859829312702,46.360898009816,
    93.796769632324));
#7070 = DEFINITIONAL_REPRESENTATION('',(#7071),#7077);
#7071 = B_SPLINE_CURVE_WITH_KNOTS('',4,(#7072,#7073,#7074,#7075,#7076),
  .UNSPECIFIED.,.F.,.F.,(5,5),(0.,1.),.PIECEWISE_BEZIER_KNOTS.);
#7072 = CARTESIAN_POINT('',(25.,1.06814416027E-02));
#7073 = CARTESIAN_POINT('',(24.749776610923,9.902281188994E-03));
#7074 = CARTESIAN_POINT('',(24.499696024436,9.097583156576E-03));
#7075 = CARTESIAN_POINT('',(24.249767251674,8.267052195711E-03));
#7076 = CARTESIAN_POINT('',(24.,7.410359555679E-03));
#7077 = ( GEOMETRIC_REPRESENTATION_CONTEXT(2) 
PARAMETRIC_REPRESENTATION_CONTEXT() REPRESENTATION_CONTEXT('2D SPACE',''
  ) );
#7078 = ORIENTED_EDGE('',*,*,#7079,.T.);
#7079 = EDGE_CURVE('',#7044,#7080,#7082,.T.);
#7080 = VERTEX_POINT('',#7081);
#7081 = CARTESIAN_POINT('',(49.64989496517,33.688097749021,
    93.564139095379));
#7082 = SURFACE_CURVE('',#7083,(#7089,#7098),.PCURVE_S1.);
#7083 = B_SPLINE_CURVE_WITH_KNOTS('',4,(#7084,#7085,#7086,#7087,#7088),
  .UNSPECIFIED.,.F.,.F.,(5,5),(0.,1.),.PIECEWISE_BEZIER_KNOTS.);
#7084 = CARTESIAN_POINT('',(50.050721120947,33.089655714032,
    93.082514502408));
#7085 = CARTESIAN_POINT('',(49.951716846541,33.239407508699,
    93.203185832316));
#7086 = CARTESIAN_POINT('',(49.851917913555,33.389062695384,
    93.323684834244));
#7087 = CARTESIAN_POINT('',(49.751314209575,33.538624933141,
    93.444004901901));
#7088 = CARTESIAN_POINT('',(49.64989496517,33.688097749021,
    93.564139095379));
#7089 = PCURVE('',#446,#7090);
#7090 = DEFINITIONAL_REPRESENTATION('',(#7091),#7097);
#7091 = B_SPLINE_CURVE_WITH_KNOTS('',4,(#7092,#7093,#7094,#7095,#7096),
  .UNSPECIFIED.,.F.,.F.,(5,5),(0.,1.),.PIECEWISE_BEZIER_KNOTS.);
#7092 = CARTESIAN_POINT('',(0.58415447654,27.082514502408));
#7093 = CARTESIAN_POINT('',(0.587146477281,27.203185832316));
#7094 = CARTESIAN_POINT('',(0.59014443905,27.323684834244));
#7095 = CARTESIAN_POINT('',(0.593148577058,27.444004901901));
#7096 = CARTESIAN_POINT('',(0.596159113454,27.564139095379));
#7097 = ( GEOMETRIC_REPRESENTATION_CONTEXT(2) 
PARAMETRIC_REPRESENTATION_CONTEXT() REPRESENTATION_CONTEXT('2D SPACE',''
  ) );
#7098 = PCURVE('',#7099,#7106);
#7099 = B_SPLINE_SURFACE_WITH_KNOTS('',1,2,(
    (#7100,#7101,#7102)
    ,(#7103,#7104,#7105
    )),.UNSPECIFIED.,.F.,.F.,.F.,(2,2),(3,3),(23.,24.),(0.,1.),
  .PIECEWISE_BEZIER_KNOTS.);
#7100 = CARTESIAN_POINT('',(49.3942331509,33.619639314615,
    93.545452900572));
#7101 = CARTESIAN_POINT('',(75.94453122131,40.729231213746,
    95.491163798516));
#7102 = CARTESIAN_POINT('',(99.607781707046,46.969394757755,
    95.081801976765));
#7103 = CARTESIAN_POINT('',(49.658616811487,32.981360695555,
    93.055116681825));
#7104 = CARTESIAN_POINT('',(76.125781630001,40.291654018897,
    94.911999925291));
#7105 = CARTESIAN_POINT('',(99.713760185912,46.713540076756,
    94.53765495926));
#7106 = DEFINITIONAL_REPRESENTATION('',(#7107),#7113);
#7107 = B_SPLINE_CURVE_WITH_KNOTS('',4,(#7108,#7109,#7110,#7111,#7112),
  .UNSPECIFIED.,.F.,.F.,(5,5),(0.,1.),.PIECEWISE_BEZIER_KNOTS.);
#7108 = CARTESIAN_POINT('',(24.,7.410359555679E-03));
#7109 = CARTESIAN_POINT('',(23.749860080375,6.783049766404E-03));
#7110 = CARTESIAN_POINT('',(23.499810687209,6.141636895571E-03));
#7111 = CARTESIAN_POINT('',(23.249855886558,5.485980936546E-03));
#7112 = CARTESIAN_POINT('',(23.,4.815930379044E-03));
#7113 = ( GEOMETRIC_REPRESENTATION_CONTEXT(2) 
PARAMETRIC_REPRESENTATION_CONTEXT() REPRESENTATION_CONTEXT('2D SPACE',''
  ) );
#7114 = ORIENTED_EDGE('',*,*,#7115,.T.);
#7115 = EDGE_CURVE('',#7080,#7116,#7118,.T.);
#7116 = VERTEX_POINT('',#7117);
#7117 = CARTESIAN_POINT('',(49.400564960469,34.052667760199,
    93.859583208786));
#7118 = SURFACE_CURVE('',#7119,(#7125,#7134),.PCURVE_S1.);
#7119 = B_SPLINE_CURVE_WITH_KNOTS('',4,(#7120,#7121,#7122,#7123,#7124),
  .UNSPECIFIED.,.F.,.F.,(5,5),(0.,1.),.PIECEWISE_BEZIER_KNOTS.);
#7120 = CARTESIAN_POINT('',(49.64989496517,33.688097749021,
    93.564139095379));
#7121 = CARTESIAN_POINT('',(49.588031084541,33.77927342769,
    93.638092392942));
#7122 = CARTESIAN_POINT('',(49.525856671577,33.870426280347,
    93.711985104593));
#7123 = CARTESIAN_POINT('',(49.463368934117,33.961557371967,
    93.785815851653));
#7124 = CARTESIAN_POINT('',(49.400564960469,34.052667760199,
    93.859583208786));
#7125 = PCURVE('',#446,#7126);
#7126 = DEFINITIONAL_REPRESENTATION('',(#7127),#7133);
#7127 = B_SPLINE_CURVE_WITH_KNOTS('',4,(#7128,#7129,#7130,#7131,#7132),
  .UNSPECIFIED.,.F.,.F.,(5,5),(0.,1.),.PIECEWISE_BEZIER_KNOTS.);
#7128 = CARTESIAN_POINT('',(0.596159113454,27.564139095379));
#7129 = CARTESIAN_POINT('',(0.59799548549,27.638092392942));
#7130 = CARTESIAN_POINT('',(0.599834448619,27.711985104593));
#7131 = CARTESIAN_POINT('',(0.601676060168,27.785815851653));
#7132 = CARTESIAN_POINT('',(0.603520378918,27.859583208786));
#7133 = ( GEOMETRIC_REPRESENTATION_CONTEXT(2) 
PARAMETRIC_REPRESENTATION_CONTEXT() REPRESENTATION_CONTEXT('2D SPACE',''
  ) );
#7134 = PCURVE('',#7135,#7142);
#7135 = B_SPLINE_SURFACE_WITH_KNOTS('',1,2,(
    (#7136,#7137,#7138)
    ,(#7139,#7140,#7141
    )),.UNSPECIFIED.,.F.,.F.,.F.,(2,2),(3,3),(22.,23.),(0.,1.),
  .PIECEWISE_BEZIER_KNOTS.);
#7136 = CARTESIAN_POINT('',(49.233086390664,34.008682008708,
    93.847020703413));
#7137 = CARTESIAN_POINT('',(75.834339057336,40.995258630477,
    95.845855171677));
#7138 = CARTESIAN_POINT('',(99.543523003111,47.124528992294,
    95.414388594775));
#7139 = CARTESIAN_POINT('',(49.3942331509,33.619639314615,
    93.545452900572));
#7140 = CARTESIAN_POINT('',(75.94453122131,40.729231213746,
    95.491163798516));
#7141 = CARTESIAN_POINT('',(99.607781707046,46.969394757755,
    95.081801976765));
#7142 = DEFINITIONAL_REPRESENTATION('',(#7143),#7149);
#7143 = B_SPLINE_CURVE_WITH_KNOTS('',4,(#7144,#7145,#7146,#7147,#7148),
  .UNSPECIFIED.,.F.,.F.,(5,5),(0.,1.),.PIECEWISE_BEZIER_KNOTS.);
#7144 = CARTESIAN_POINT('',(23.,4.815930379044E-03));
#7145 = CARTESIAN_POINT('',(22.749950051273,4.407211817322E-03));
#7146 = CARTESIAN_POINT('',(22.499932797969,3.993090515962E-03));
#7147 = CARTESIAN_POINT('',(22.249949136103,3.573528058245E-03));
#7148 = CARTESIAN_POINT('',(22.,3.14848403647E-03));
#7149 = ( GEOMETRIC_REPRESENTATION_CONTEXT(2) 
PARAMETRIC_REPRESENTATION_CONTEXT() REPRESENTATION_CONTEXT('2D SPACE',''
  ) );
#7150 = ORIENTED_EDGE('',*,*,#7151,.T.);
#7151 = EDGE_CURVE('',#7116,#7152,#7154,.T.);
#7152 = VERTEX_POINT('',#7153);
#7153 = CARTESIAN_POINT('',(49.315922433028,34.175134155985,
    93.959151178634));
#7154 = SURFACE_CURVE('',#7155,(#7161,#7170),.PCURVE_S1.);
#7155 = B_SPLINE_CURVE_WITH_KNOTS('',4,(#7156,#7157,#7158,#7159,#7160),
  .UNSPECIFIED.,.F.,.F.,(5,5),(0.,1.),.PIECEWISE_BEZIER_KNOTS.);
#7156 = CARTESIAN_POINT('',(49.400564960469,34.052667760199,
    93.859583208786));
#7157 = CARTESIAN_POINT('',(49.379459296598,34.083285969804,
    93.884484469267));
#7158 = CARTESIAN_POINT('',(49.358317070949,34.113903071538,
    93.90937958183));
#7159 = CARTESIAN_POINT('',(49.337138158683,34.144519116524,
    93.934268500471));
#7160 = CARTESIAN_POINT('',(49.315922433028,34.175134155985,
    93.959151178634));
#7161 = PCURVE('',#446,#7162);
#7162 = DEFINITIONAL_REPRESENTATION('',(#7163),#7169);
#7163 = B_SPLINE_CURVE_WITH_KNOTS('',4,(#7164,#7165,#7166,#7167,#7168),
  .UNSPECIFIED.,.F.,.F.,(5,5),(0.,1.),.PIECEWISE_BEZIER_KNOTS.);
#7164 = CARTESIAN_POINT('',(0.603520378918,27.859583208786));
#7165 = CARTESIAN_POINT('',(0.604140173643,27.884484469267));
#7166 = CARTESIAN_POINT('',(0.604760299007,27.90937958183));
#7167 = CARTESIAN_POINT('',(0.605380757526,27.934268500471));
#7168 = CARTESIAN_POINT('',(0.606001551743,27.959151178634));
#7169 = ( GEOMETRIC_REPRESENTATION_CONTEXT(2) 
PARAMETRIC_REPRESENTATION_CONTEXT() REPRESENTATION_CONTEXT('2D SPACE',''
  ) );
#7170 = PCURVE('',#7171,#7178);
#7171 = B_SPLINE_SURFACE_WITH_KNOTS('',1,2,(
    (#7172,#7173,#7174)
    ,(#7175,#7176,#7177
    )),.UNSPECIFIED.,.F.,.F.,.F.,(2,2),(3,3),(21.,22.),(0.,1.),
  .PIECEWISE_BEZIER_KNOTS.);
#7172 = CARTESIAN_POINT('',(49.178943308193,34.139394972719,
    93.948788963498));
#7173 = CARTESIAN_POINT('',(75.797363535967,41.084525435642,
    95.965300606241));
#7174 = CARTESIAN_POINT('',(99.521989698234,47.176514988972,
    95.526279441629));
#7175 = CARTESIAN_POINT('',(49.233086390664,34.008682008708,
    93.847020703413));
#7176 = CARTESIAN_POINT('',(75.834339057336,40.995258630477,
    95.845855171677));
#7177 = CARTESIAN_POINT('',(99.543523003111,47.124528992294,
    95.414388594775));
#7178 = DEFINITIONAL_REPRESENTATION('',(#7179),#7185);
#7179 = B_SPLINE_CURVE_WITH_KNOTS('',4,(#7180,#7181,#7182,#7183,#7184),
  .UNSPECIFIED.,.F.,.F.,(5,5),(0.,1.),.PIECEWISE_BEZIER_KNOTS.);
#7180 = CARTESIAN_POINT('',(22.,3.148484036471E-03));
#7181 = CARTESIAN_POINT('',(21.749997392707,3.005645363486E-03));
#7182 = CARTESIAN_POINT('',(21.499996512805,2.862181897443E-03));
#7183 = CARTESIAN_POINT('',(21.249997376437,2.718091939395E-03));
#7184 = CARTESIAN_POINT('',(21.,2.573373759562E-03));
#7185 = ( GEOMETRIC_REPRESENTATION_CONTEXT(2) 
PARAMETRIC_REPRESENTATION_CONTEXT() REPRESENTATION_CONTEXT('2D SPACE',''
  ) );
#7186 = ORIENTED_EDGE('',*,*,#7187,.T.);
#7187 = EDGE_CURVE('',#7152,#7188,#7190,.T.);
#7188 = VERTEX_POINT('',#7189);
#7189 = CARTESIAN_POINT('',(49.37661459057,34.087386693237,
    93.819029679644));
#7190 = SURFACE_CURVE('',#7191,(#7197,#7206),.PCURVE_S1.);
#7191 = B_SPLINE_CURVE_WITH_KNOTS('',4,(#7192,#7193,#7194,#7195,#7196),
  .UNSPECIFIED.,.F.,.F.,(5,5),(0.,1.),.PIECEWISE_BEZIER_KNOTS.);
#7192 = CARTESIAN_POINT('',(49.315922433028,34.175134155985,
    93.959151178634));
#7193 = CARTESIAN_POINT('',(49.331125151055,34.153196098344,
    93.924122761735));
#7194 = CARTESIAN_POINT('',(49.346308044581,34.13125885403,
    93.889093036722));
#7195 = CARTESIAN_POINT('',(49.361471171891,34.10932239498,
    93.85406200794));
#7196 = CARTESIAN_POINT('',(49.37661459057,34.087386693237,
    93.819029679644));
#7197 = PCURVE('',#446,#7198);
#7198 = DEFINITIONAL_REPRESENTATION('',(#7199),#7205);
#7199 = B_SPLINE_CURVE_WITH_KNOTS('',4,(#7200,#7201,#7202,#7203,#7204),
  .UNSPECIFIED.,.F.,.F.,(5,5),(0.,1.),.PIECEWISE_BEZIER_KNOTS.);
#7200 = CARTESIAN_POINT('',(0.606001551743,27.959151178634));
#7201 = CARTESIAN_POINT('',(0.605556704388,27.924122761735));
#7202 = CARTESIAN_POINT('',(0.605112056371,27.889093036722));
#7203 = CARTESIAN_POINT('',(0.604667606519,27.85406200794));
#7204 = CARTESIAN_POINT('',(0.604223353669,27.819029679644));
#7205 = ( GEOMETRIC_REPRESENTATION_CONTEXT(2) 
PARAMETRIC_REPRESENTATION_CONTEXT() REPRESENTATION_CONTEXT('2D SPACE',''
  ) );
#7206 = PCURVE('',#7207,#7214);
#7207 = B_SPLINE_SURFACE_WITH_KNOTS('',1,2,(
    (#7208,#7209,#7210)
    ,(#7211,#7212,#7213
    )),.UNSPECIFIED.,.F.,.F.,.F.,(2,2),(3,3),(20.,21.),(0.,1.),
  .PIECEWISE_BEZIER_KNOTS.);
#7208 = CARTESIAN_POINT('',(49.217762216367,34.045677838129,
    93.806999004157));
#7209 = CARTESIAN_POINT('',(75.819721576597,41.030548350727,
    95.825010575971));
#7210 = CARTESIAN_POINT('',(99.533963801845,47.147606945636,
    95.404987424349));
#7211 = CARTESIAN_POINT('',(49.178943308193,34.139394972719,
    93.948788963498));
#7212 = CARTESIAN_POINT('',(75.797363535967,41.084525435642,
    95.965300606241));
#7213 = CARTESIAN_POINT('',(99.521989698234,47.176514988972,
    95.526279441629));
#7214 = DEFINITIONAL_REPRESENTATION('',(#7215),#7221);
#7215 = B_SPLINE_CURVE_WITH_KNOTS('',4,(#7216,#7217,#7218,#7219,#7220),
  .UNSPECIFIED.,.F.,.F.,(5,5),(0.,1.),.PIECEWISE_BEZIER_KNOTS.);
#7216 = CARTESIAN_POINT('',(21.,2.573373759562E-03));
#7217 = CARTESIAN_POINT('',(20.750001359102,2.677075594566E-03));
#7218 = CARTESIAN_POINT('',(20.500001807361,2.780448562615E-03));
#7219 = CARTESIAN_POINT('',(20.250001351956,2.883493432385E-03));
#7220 = CARTESIAN_POINT('',(20.,2.986210961797E-03));
#7221 = ( GEOMETRIC_REPRESENTATION_CONTEXT(2) 
PARAMETRIC_REPRESENTATION_CONTEXT() REPRESENTATION_CONTEXT('2D SPACE',''
  ) );
#7222 = ORIENTED_EDGE('',*,*,#7223,.T.);
#7223 = EDGE_CURVE('',#7188,#7224,#7226,.T.);
#7224 = VERTEX_POINT('',#7225);
#7225 = CARTESIAN_POINT('',(49.557400856203,33.824015438407,
    93.403933181067));
#7226 = SURFACE_CURVE('',#7227,(#7233,#7242),.PCURVE_S1.);
#7227 = B_SPLINE_CURVE_WITH_KNOTS('',4,(#7228,#7229,#7230,#7231,#7232),
  .UNSPECIFIED.,.F.,.F.,(5,5),(0.,1.),.PIECEWISE_BEZIER_KNOTS.);
#7228 = CARTESIAN_POINT('',(49.37661459057,34.087386693237,
    93.819029679644));
#7229 = CARTESIAN_POINT('',(49.422071810233,34.021540530379,
    93.715282658567));
#7230 = CARTESIAN_POINT('',(49.46735430879,33.955697038205,
    93.611517394539));
#7231 = CARTESIAN_POINT('',(49.512463526823,33.889855558708,
    93.507734151044));
#7232 = CARTESIAN_POINT('',(49.557400856203,33.824015438407,
    93.403933181067));
#7233 = PCURVE('',#446,#7234);
#7234 = DEFINITIONAL_REPRESENTATION('',(#7235),#7241);
#7235 = B_SPLINE_CURVE_WITH_KNOTS('',4,(#7236,#7237,#7238,#7239,#7240),
  .UNSPECIFIED.,.F.,.F.,(5,5),(0.,1.),.PIECEWISE_BEZIER_KNOTS.);
#7236 = CARTESIAN_POINT('',(0.604223353669,27.819029679644));
#7237 = CARTESIAN_POINT('',(0.602889804105,27.715282658567));
#7238 = CARTESIAN_POINT('',(0.601557945556,27.611517394539));
#7239 = CARTESIAN_POINT('',(0.600227749034,27.507734151044));
#7240 = CARTESIAN_POINT('',(0.598899186213,27.403933181067));
#7241 = ( GEOMETRIC_REPRESENTATION_CONTEXT(2) 
PARAMETRIC_REPRESENTATION_CONTEXT() REPRESENTATION_CONTEXT('2D SPACE',''
  ) );
#7242 = PCURVE('',#7243,#7250);
#7243 = B_SPLINE_SURFACE_WITH_KNOTS('',1,2,(
    (#7244,#7245,#7246)
    ,(#7247,#7248,#7249
    )),.UNSPECIFIED.,.F.,.F.,.F.,(2,2),(3,3),(19.,20.),(0.,1.),
  .PIECEWISE_BEZIER_KNOTS.);
#7244 = CARTESIAN_POINT('',(49.334298750473,33.764333756978,
    93.386987543867));
#7245 = CARTESIAN_POINT('',(75.887156199904,40.867746768565,
    95.408353648613));
#7246 = CARTESIAN_POINT('',(99.570226950989,47.060059959157,
    95.044363061895));
#7247 = CARTESIAN_POINT('',(49.217762216367,34.045677838129,
    93.806999004157));
#7248 = CARTESIAN_POINT('',(75.819721576597,41.030548350727,
    95.825010575971));
#7249 = CARTESIAN_POINT('',(99.533963801845,47.147606945636,
    95.404987424349));
#7250 = DEFINITIONAL_REPRESENTATION('',(#7251),#7257);
#7251 = B_SPLINE_CURVE_WITH_KNOTS('',4,(#7252,#7253,#7254,#7255,#7256),
  .UNSPECIFIED.,.F.,.F.,(5,5),(0.,1.),.PIECEWISE_BEZIER_KNOTS.);
#7252 = CARTESIAN_POINT('',(20.,2.986210961797E-03));
#7253 = CARTESIAN_POINT('',(19.75002561581,3.294546443793E-03));
#7254 = CARTESIAN_POINT('',(19.500033885679,3.599951812759E-03));
#7255 = CARTESIAN_POINT('',(19.250025215395,3.90244627859E-03));
#7256 = CARTESIAN_POINT('',(19.,4.202048283891E-03));
#7257 = ( GEOMETRIC_REPRESENTATION_CONTEXT(2) 
PARAMETRIC_REPRESENTATION_CONTEXT() REPRESENTATION_CONTEXT('2D SPACE',''
  ) );
#7258 = ORIENTED_EDGE('',*,*,#7259,.T.);
#7259 = EDGE_CURVE('',#7224,#7260,#7262,.T.);
#7260 = VERTEX_POINT('',#7261);
#7261 = CARTESIAN_POINT('',(49.854288940768,33.384874931777,
    92.729291223171));
#7262 = SURFACE_CURVE('',#7263,(#7269,#7278),.PCURVE_S1.);
#7263 = B_SPLINE_CURVE_WITH_KNOTS('',4,(#7264,#7265,#7266,#7267,#7268),
  .UNSPECIFIED.,.F.,.F.,(5,5),(0.,1.),.PIECEWISE_BEZIER_KNOTS.);
#7264 = CARTESIAN_POINT('',(49.557400856203,33.824015438407,
    93.403933181067));
#7265 = CARTESIAN_POINT('',(49.632322450176,33.714243744622,
    93.235369569068));
#7266 = CARTESIAN_POINT('',(49.706773749595,33.60446483198,
    93.066740201038));
#7267 = CARTESIAN_POINT('',(49.78076070232,33.494676093302,
    92.89804685745));
#7268 = CARTESIAN_POINT('',(49.854288940768,33.384874931777,
    92.729291223171));
#7269 = PCURVE('',#446,#7270);
#7270 = DEFINITIONAL_REPRESENTATION('',(#7271),#7277);
#7271 = B_SPLINE_CURVE_WITH_KNOTS('',4,(#7272,#7273,#7274,#7275,#7276),
  .UNSPECIFIED.,.F.,.F.,(5,5),(0.,1.),.PIECEWISE_BEZIER_KNOTS.);
#7272 = CARTESIAN_POINT('',(0.598899186213,27.403933181067));
#7273 = CARTESIAN_POINT('',(0.596684144829,27.235369569068));
#7274 = CARTESIAN_POINT('',(0.594473422749,27.066740201038));
#7275 = CARTESIAN_POINT('',(0.592266899229,26.89804685745));
#7276 = CARTESIAN_POINT('',(0.590064457597,26.729291223171));
#7277 = ( GEOMETRIC_REPRESENTATION_CONTEXT(2) 
PARAMETRIC_REPRESENTATION_CONTEXT() REPRESENTATION_CONTEXT('2D SPACE',''
  ) );
#7278 = PCURVE('',#7279,#7286);
#7279 = B_SPLINE_SURFACE_WITH_KNOTS('',1,2,(
    (#7280,#7281,#7282)
    ,(#7283,#7284,#7285
    )),.UNSPECIFIED.,.F.,.F.,.F.,(2,2),(3,3),(18.,19.),(0.,1.),
  .PIECEWISE_BEZIER_KNOTS.);
#7280 = CARTESIAN_POINT('',(49.528660867595,33.295102097812,
    92.704481728364));
#7281 = CARTESIAN_POINT('',(76.000627913627,40.59380181835,
    94.727772443209));
#7282 = CARTESIAN_POINT('',(99.631717186513,46.911609398602,
    94.45404195739));
#7283 = CARTESIAN_POINT('',(49.334298750473,33.764333756978,
    93.386987543867));
#7284 = CARTESIAN_POINT('',(75.887156199904,40.867746768565,
    95.408353648613));
#7285 = CARTESIAN_POINT('',(99.570226950989,47.060059959157,
    95.044363061895));
#7286 = DEFINITIONAL_REPRESENTATION('',(#7287),#7293);
#7287 = B_SPLINE_CURVE_WITH_KNOTS('',4,(#7288,#7289,#7290,#7291,#7292),
  .UNSPECIFIED.,.F.,.F.,(5,5),(0.,1.),.PIECEWISE_BEZIER_KNOTS.);
#7288 = CARTESIAN_POINT('',(19.,4.202048283891E-03));
#7289 = CARTESIAN_POINT('',(18.750071847982,4.701558604242E-03));
#7290 = CARTESIAN_POINT('',(18.50009452931,5.193078769962E-03));
#7291 = CARTESIAN_POINT('',(18.250069965078,5.676688703808E-03));
#7292 = CARTESIAN_POINT('',(18.,6.152463241525E-03));
#7293 = ( GEOMETRIC_REPRESENTATION_CONTEXT(2) 
PARAMETRIC_REPRESENTATION_CONTEXT() REPRESENTATION_CONTEXT('2D SPACE',''
  ) );
#7294 = ORIENTED_EDGE('',*,*,#7295,.T.);
#7295 = EDGE_CURVE('',#7260,#7296,#7298,.T.);
#7296 = VERTEX_POINT('',#7297);
#7297 = CARTESIAN_POINT('',(50.260296720459,32.770452752005,
    91.819643200838));
#7298 = SURFACE_CURVE('',#7299,(#7305,#7314),.PCURVE_S1.);
#7299 = B_SPLINE_CURVE_WITH_KNOTS('',4,(#7300,#7301,#7302,#7303,#7304),
  .UNSPECIFIED.,.F.,.F.,(5,5),(0.,1.),.PIECEWISE_BEZIER_KNOTS.);
#7300 = CARTESIAN_POINT('',(49.854288940768,33.384874931777,
    92.729291223171));
#7301 = CARTESIAN_POINT('',(49.957106890067,33.231334870204,
    92.502087379097));
#7302 = CARTESIAN_POINT('',(50.059038033165,33.077755360888,
    92.27474105619));
#7303 = CARTESIAN_POINT('',(50.160096831246,32.924130096694,
    92.047257903207));
#7304 = CARTESIAN_POINT('',(50.260296720459,32.770452752005,
    91.819643200838));
#7305 = PCURVE('',#446,#7306);
#7306 = DEFINITIONAL_REPRESENTATION('',(#7307),#7313);
#7307 = B_SPLINE_CURVE_WITH_KNOTS('',4,(#7308,#7309,#7310,#7311,#7312),
  .UNSPECIFIED.,.F.,.F.,(5,5),(0.,1.),.PIECEWISE_BEZIER_KNOTS.);
#7308 = CARTESIAN_POINT('',(0.590064457597,26.729291223171));
#7309 = CARTESIAN_POINT('',(0.586984681216,26.502087379097));
#7310 = CARTESIAN_POINT('',(0.583912582403,26.27474105619));
#7311 = CARTESIAN_POINT('',(0.580847861859,26.047257903207));
#7312 = CARTESIAN_POINT('',(0.577790232781,25.819643200838));
#7313 = ( GEOMETRIC_REPRESENTATION_CONTEXT(2) 
PARAMETRIC_REPRESENTATION_CONTEXT() REPRESENTATION_CONTEXT('2D SPACE',''
  ) );
#7314 = PCURVE('',#7315,#7322);
#7315 = B_SPLINE_SURFACE_WITH_KNOTS('',1,2,(
    (#7316,#7317,#7318)
    ,(#7319,#7320,#7321
    )),.UNSPECIFIED.,.F.,.F.,.F.,(2,2),(3,3),(17.,18.),(0.,1.),
  .PIECEWISE_BEZIER_KNOTS.);
#7316 = CARTESIAN_POINT('',(49.8006267443,32.638518389767,
    91.784589289813));
#7317 = CARTESIAN_POINT('',(76.161365630188,40.205746643042,
    93.803372332438));
#7318 = CARTESIAN_POINT('',(99.719736834199,46.699111171404,
    93.649695089254));
#7319 = CARTESIAN_POINT('',(49.528660867595,33.295102097812,
    92.704481728364));
#7320 = CARTESIAN_POINT('',(76.000627913627,40.59380181835,
    94.727772443209));
#7321 = CARTESIAN_POINT('',(99.631717186513,46.911609398602,
    94.45404195739));
#7322 = DEFINITIONAL_REPRESENTATION('',(#7323),#7329);
#7323 = B_SPLINE_CURVE_WITH_KNOTS('',4,(#7324,#7325,#7326,#7327,#7328),
  .UNSPECIFIED.,.F.,.F.,(5,5),(0.,1.),.PIECEWISE_BEZIER_KNOTS.);
#7324 = CARTESIAN_POINT('',(18.,6.152463241524E-03));
#7325 = CARTESIAN_POINT('',(17.750118025633,6.817760864984E-03));
#7326 = CARTESIAN_POINT('',(17.50015436203,7.467803069462E-03));
#7327 = CARTESIAN_POINT('',(17.250113574881,8.102784146441E-03));
#7328 = CARTESIAN_POINT('',(17.,8.722881527673E-03));
#7329 = ( GEOMETRIC_REPRESENTATION_CONTEXT(2) 
PARAMETRIC_REPRESENTATION_CONTEXT() REPRESENTATION_CONTEXT('2D SPACE',''
  ) );
#7330 = ORIENTED_EDGE('',*,*,#7331,.T.);
#7331 = EDGE_CURVE('',#7296,#7332,#7334,.T.);
#7332 = VERTEX_POINT('',#7333);
#7333 = CARTESIAN_POINT('',(50.765189185528,31.982738578139,
    90.707105178392));
#7334 = SURFACE_CURVE('',#7335,(#7341,#7350),.PCURVE_S1.);
#7335 = B_SPLINE_CURVE_WITH_KNOTS('',4,(#7336,#7337,#7338,#7339,#7340),
  .UNSPECIFIED.,.F.,.F.,(5,5),(0.,1.),.PIECEWISE_BEZIER_KNOTS.);
#7336 = CARTESIAN_POINT('',(50.260296720459,32.770452752005,
    91.819643200838));
#7337 = CARTESIAN_POINT('',(50.388587813053,32.573691711528,
    91.54185303809));
#7338 = CARTESIAN_POINT('',(50.515482782237,32.376827073231,
    91.263825148135));
#7339 = CARTESIAN_POINT('',(50.641008426548,32.179846768465,
    90.985572008528));
#7340 = CARTESIAN_POINT('',(50.765189185528,31.982738578139,
    90.707105178392));
#7341 = PCURVE('',#446,#7342);
#7342 = DEFINITIONAL_REPRESENTATION('',(#7343),#7349);
#7343 = B_SPLINE_CURVE_WITH_KNOTS('',4,(#7344,#7345,#7346,#7347,#7348),
  .UNSPECIFIED.,.F.,.F.,(5,5),(0.,1.),.PIECEWISE_BEZIER_KNOTS.);
#7344 = CARTESIAN_POINT('',(0.577790232781,25.819643200838));
#7345 = CARTESIAN_POINT('',(0.573875392374,25.54185303809));
#7346 = CARTESIAN_POINT('',(0.56997181437,25.263825148135));
#7347 = CARTESIAN_POINT('',(0.566078926483,24.985572008528));
#7348 = CARTESIAN_POINT('',(0.562196183338,24.707105178392));
#7349 = ( GEOMETRIC_REPRESENTATION_CONTEXT(2) 
PARAMETRIC_REPRESENTATION_CONTEXT() REPRESENTATION_CONTEXT('2D SPACE',''
  ) );
#7350 = PCURVE('',#7351,#7358);
#7351 = B_SPLINE_SURFACE_WITH_KNOTS('',1,2,(
    (#7352,#7353,#7354)
    ,(#7355,#7356,#7357
    )),.UNSPECIFIED.,.F.,.F.,.F.,(2,2),(3,3),(16.,17.),(0.,1.),
  .PIECEWISE_BEZIER_KNOTS.);
#7352 = CARTESIAN_POINT('',(50.149156056798,31.797094196651,
    90.66032608884));
#7353 = CARTESIAN_POINT('',(76.370407531641,39.70107484945,
    92.662053493107));
#7354 = CARTESIAN_POINT('',(99.835625710479,46.419330674559,
    92.652480546588));
#7355 = CARTESIAN_POINT('',(49.8006267443,32.638518389767,
    91.784589289813));
#7356 = CARTESIAN_POINT('',(76.161365630188,40.205746643042,
    93.803372332438));
#7357 = CARTESIAN_POINT('',(99.719736834199,46.699111171404,
    93.649695089254));
#7358 = DEFINITIONAL_REPRESENTATION('',(#7359),#7365);
#7359 = B_SPLINE_CURVE_WITH_KNOTS('',4,(#7360,#7361,#7362,#7363,#7364),
  .UNSPECIFIED.,.F.,.F.,(5,5),(0.,1.),.PIECEWISE_BEZIER_KNOTS.);
#7360 = CARTESIAN_POINT('',(17.,8.722881527673E-03));
#7361 = CARTESIAN_POINT('',(16.75015246433,9.51682422739E-03));
#7362 = CARTESIAN_POINT('',(16.50019801772,1.028644168805E-02));
#7363 = CARTESIAN_POINT('',(16.25014467899,1.103209105707E-02));
#7364 = CARTESIAN_POINT('',(16.,1.175408998135E-02));
#7365 = ( GEOMETRIC_REPRESENTATION_CONTEXT(2) 
PARAMETRIC_REPRESENTATION_CONTEXT() REPRESENTATION_CONTEXT('2D SPACE',''
  ) );
#7366 = ORIENTED_EDGE('',*,*,#7367,.T.);
#7367 = EDGE_CURVE('',#7332,#7368,#7370,.T.);
#7368 = VERTEX_POINT('',#7369);
#7369 = CARTESIAN_POINT('',(51.355445323185,31.026089596618,
    89.42962054945));
#7370 = SURFACE_CURVE('',#7371,(#7377,#7386),.PCURVE_S1.);
#7371 = B_SPLINE_CURVE_WITH_KNOTS('',4,(#7372,#7373,#7374,#7375,#7376),
  .UNSPECIFIED.,.F.,.F.,(5,5),(0.,1.),.PIECEWISE_BEZIER_KNOTS.);
#7372 = CARTESIAN_POINT('',(50.765189185528,31.982738578139,
    90.707105178392));
#7373 = CARTESIAN_POINT('',(50.915654326002,31.743910020561,
    90.388217677067));
#7374 = CARTESIAN_POINT('',(51.064158429126,31.504872422146,
    90.068993146627));
#7375 = CARTESIAN_POINT('',(51.210743035343,31.26560577568,
    89.749453911314));
#7376 = CARTESIAN_POINT('',(51.355445323185,31.026089596618,
    89.42962054945));
#7377 = PCURVE('',#446,#7378);
#7378 = DEFINITIONAL_REPRESENTATION('',(#7379),#7385);
#7379 = B_SPLINE_CURVE_WITH_KNOTS('',4,(#7380,#7381,#7382,#7383,#7384),
  .UNSPECIFIED.,.F.,.F.,(5,5),(0.,1.),.PIECEWISE_BEZIER_KNOTS.);
#7380 = CARTESIAN_POINT('',(0.562196183338,24.707105178392));
#7381 = CARTESIAN_POINT('',(0.55749160996,24.388217677067));
#7382 = CARTESIAN_POINT('',(0.552801510788,24.068993146627));
#7383 = CARTESIAN_POINT('',(0.548124957313,23.749453911314));
#7384 = CARTESIAN_POINT('',(0.543461066706,23.42962054945));
#7385 = ( GEOMETRIC_REPRESENTATION_CONTEXT(2) 
PARAMETRIC_REPRESENTATION_CONTEXT() REPRESENTATION_CONTEXT('2D SPACE',''
  ) );
#7386 = PCURVE('',#7387,#7394);
#7387 = B_SPLINE_SURFACE_WITH_KNOTS('',1,2,(
    (#7388,#7389,#7390)
    ,(#7391,#7392,#7393
    )),.UNSPECIFIED.,.F.,.F.,.F.,(2,2),(3,3),(15.,16.),(0.,1.),
  .PIECEWISE_BEZIER_KNOTS.);
#7388 = CARTESIAN_POINT('',(50.57188976002,30.776524757059,
    89.370877068045));
#7389 = CARTESIAN_POINT('',(76.628120170174,39.078901502309,
    91.336443824057));
#7390 = CARTESIAN_POINT('',(99.980410833587,46.069788466724,
    91.488342166972));
#7391 = CARTESIAN_POINT('',(50.149156056798,31.797094196651,
    90.66032608884));
#7392 = CARTESIAN_POINT('',(76.370407531641,39.70107484945,
    92.662053493107));
#7393 = CARTESIAN_POINT('',(99.835625710479,46.419330674559,
    92.652480546588));
#7394 = DEFINITIONAL_REPRESENTATION('',(#7395),#7401);
#7395 = B_SPLINE_CURVE_WITH_KNOTS('',4,(#7396,#7397,#7398,#7399,#7400),
  .UNSPECIFIED.,.F.,.F.,(5,5),(0.,1.),.PIECEWISE_BEZIER_KNOTS.);
#7396 = CARTESIAN_POINT('',(16.,1.175408998135E-02));
#7397 = CARTESIAN_POINT('',(15.750170127666,1.262890883782E-02));
#7398 = CARTESIAN_POINT('',(15.500219019414,1.34690840276E-02));
#7399 = CARTESIAN_POINT('',(15.250158588818,1.427515997824E-02));
#7400 = CARTESIAN_POINT('',(15.,1.504760675598E-02));
#7401 = ( GEOMETRIC_REPRESENTATION_CONTEXT(2) 
PARAMETRIC_REPRESENTATION_CONTEXT() REPRESENTATION_CONTEXT('2D SPACE',''
  ) );
#7402 = ORIENTED_EDGE('',*,*,#7403,.T.);
#7403 = EDGE_CURVE('',#7368,#7404,#7406,.T.);
#7404 = VERTEX_POINT('',#7405);
#7405 = CARTESIAN_POINT('',(52.014574222792,29.907926514916,
    88.02925176068));
#7406 = SURFACE_CURVE('',#7407,(#7413,#7422),.PCURVE_S1.);
#7407 = B_SPLINE_CURVE_WITH_KNOTS('',4,(#7408,#7409,#7410,#7411,#7412),
  .UNSPECIFIED.,.F.,.F.,(5,5),(0.,1.),.PIECEWISE_BEZIER_KNOTS.);
#7408 = CARTESIAN_POINT('',(51.355445323185,31.026089596618,
    89.42962054945));
#7409 = CARTESIAN_POINT('',(51.523981437156,30.747122852869,
    89.08012993597));
#7410 = CARTESIAN_POINT('',(51.689978617413,30.467793600356,
    88.730215567615));
#7411 = CARTESIAN_POINT('',(51.853493099642,30.188071848022,
    88.379912172284));
#7412 = CARTESIAN_POINT('',(52.014574222792,29.907926514916,
    88.02925176068));
#7413 = PCURVE('',#446,#7414);
#7414 = DEFINITIONAL_REPRESENTATION('',(#7415),#7421);
#7415 = B_SPLINE_CURVE_WITH_KNOTS('',4,(#7416,#7417,#7418,#7419,#7420),
  .UNSPECIFIED.,.F.,.F.,(5,5),(0.,1.),.PIECEWISE_BEZIER_KNOTS.);
#7416 = CARTESIAN_POINT('',(0.543461066706,23.42962054945));
#7417 = CARTESIAN_POINT('',(0.538028989504,23.08012993597));
#7418 = CARTESIAN_POINT('',(0.532613622303,22.730215567615));
#7419 = CARTESIAN_POINT('',(0.527213625816,22.379912172284));
#7420 = CARTESIAN_POINT('',(0.52182772509,22.02925176068));
#7421 = ( GEOMETRIC_REPRESENTATION_CONTEXT(2) 
PARAMETRIC_REPRESENTATION_CONTEXT() REPRESENTATION_CONTEXT('2D SPACE',''
  ) );
#7422 = PCURVE('',#7423,#7430);
#7423 = B_SPLINE_SURFACE_WITH_KNOTS('',1,2,(
    (#7424,#7425,#7426)
    ,(#7427,#7428,#7429
    )),.UNSPECIFIED.,.F.,.F.,.F.,(2,2),(3,3),(14.,15.),(0.,1.),
  .PIECEWISE_BEZIER_KNOTS.);
#7424 = CARTESIAN_POINT('',(51.064739147753,29.586681080986,
    87.959812804482));
#7425 = CARTESIAN_POINT('',(76.933788673589,38.340952455776,
    89.863746384998));
#7426 = CARTESIAN_POINT('',(100.15449614484,45.649509347269,
    90.187211617259));
#7427 = CARTESIAN_POINT('',(50.57188976002,30.776524757059,
    89.370877068045));
#7428 = CARTESIAN_POINT('',(76.628120170174,39.078901502309,
    91.336443824057));
#7429 = CARTESIAN_POINT('',(99.980410833587,46.069788466724,
    91.488342166972));
#7430 = DEFINITIONAL_REPRESENTATION('',(#7431),#7437);
#7431 = B_SPLINE_CURVE_WITH_KNOTS('',4,(#7432,#7433,#7434,#7435,#7436),
  .UNSPECIFIED.,.F.,.F.,(5,5),(0.,1.),.PIECEWISE_BEZIER_KNOTS.);
#7432 = CARTESIAN_POINT('',(15.,1.504760675598E-02));
#7433 = CARTESIAN_POINT('',(14.750168683786,1.594728277431E-02));
#7434 = CARTESIAN_POINT('',(14.500214481883,1.68014169212E-02));
#7435 = CARTESIAN_POINT('',(14.25015329233,1.7610726096E-02));
#7436 = CARTESIAN_POINT('',(14.,1.837580736269E-02));
#7437 = ( GEOMETRIC_REPRESENTATION_CONTEXT(2) 
PARAMETRIC_REPRESENTATION_CONTEXT() REPRESENTATION_CONTEXT('2D SPACE',''
  ) );
#7438 = ORIENTED_EDGE('',*,*,#7439,.T.);
#7439 = EDGE_CURVE('',#7404,#7440,#7442,.T.);
#7440 = VERTEX_POINT('',#7441);
#7441 = CARTESIAN_POINT('',(52.72376684966,28.6392110433,86.550682861005
    ));
#7442 = SURFACE_CURVE('',#7443,(#7449,#7458),.PCURVE_S1.);
#7443 = B_SPLINE_CURVE_WITH_KNOTS('',4,(#7444,#7445,#7446,#7447,#7448),
  .UNSPECIFIED.,.F.,.F.,(5,5),(0.,1.),.PIECEWISE_BEZIER_KNOTS.);
#7444 = CARTESIAN_POINT('',(52.014574222792,29.907926514916,
    88.02925176068));
#7445 = CARTESIAN_POINT('',(52.19643739499,29.591637939581,
    87.660283073922));
#7446 = CARTESIAN_POINT('',(52.375213522244,29.274783910595,
    87.290833395909));
#7447 = CARTESIAN_POINT('',(52.550970575586,28.957322825535,
    86.92095156948));
#7448 = CARTESIAN_POINT('',(52.72376684966,28.6392110433,86.550682861005
    ));
#7449 = PCURVE('',#446,#7450);
#7450 = DEFINITIONAL_REPRESENTATION('',(#7451),#7457);
#7451 = B_SPLINE_CURVE_WITH_KNOTS('',4,(#7452,#7453,#7454,#7455,#7456),
  .UNSPECIFIED.,.F.,.F.,(5,5),(0.,1.),.PIECEWISE_BEZIER_KNOTS.);
#7452 = CARTESIAN_POINT('',(0.52182772509,22.02925176068));
#7453 = CARTESIAN_POINT('',(0.515746956765,21.660283073922));
#7454 = CARTESIAN_POINT('',(0.509683664737,21.290833395909));
#7455 = CARTESIAN_POINT('',(0.503636084682,20.92095156948));
#7456 = CARTESIAN_POINT('',(0.497602529016,20.550682861005));
#7457 = ( GEOMETRIC_REPRESENTATION_CONTEXT(2) 
PARAMETRIC_REPRESENTATION_CONTEXT() REPRESENTATION_CONTEXT('2D SPACE',''
  ) );
#7458 = PCURVE('',#7459,#7466);
#7459 = B_SPLINE_SURFACE_WITH_KNOTS('',1,2,(
    (#7460,#7461,#7462)
    ,(#7463,#7464,#7465
    )),.UNSPECIFIED.,.F.,.F.,.F.,(2,2),(3,3),(13.,14.),(0.,1.),
  .PIECEWISE_BEZIER_KNOTS.);
#7460 = CARTESIAN_POINT('',(51.62161596917,28.24226150615,
    86.473422977206));
#7461 = CARTESIAN_POINT('',(77.2853298275,37.492257034271,
    88.284594664473));
#7462 = CARTESIAN_POINT('',(100.35743033364,45.159582876397,
    88.782166444134));
#7463 = CARTESIAN_POINT('',(51.064739147753,29.586681080986,
    87.959812804482));
#7464 = CARTESIAN_POINT('',(76.933788673589,38.340952455776,
    89.863746384998));
#7465 = CARTESIAN_POINT('',(100.15449614484,45.649509347269,
    90.187211617259));
#7466 = DEFINITIONAL_REPRESENTATION('',(#7467),#7473);
#7467 = B_SPLINE_CURVE_WITH_KNOTS('',4,(#7468,#7469,#7470,#7471,#7472),
  .UNSPECIFIED.,.F.,.F.,(5,5),(0.,1.),.PIECEWISE_BEZIER_KNOTS.);
#7468 = CARTESIAN_POINT('',(14.,1.837580736269E-02));
#7469 = CARTESIAN_POINT('',(13.750147349689,1.923959638668E-02));
#7470 = CARTESIAN_POINT('',(13.500183544814,2.004707922466E-02));
#7471 = CARTESIAN_POINT('',(13.250128263036,2.07990856338E-02));
#7472 = CARTESIAN_POINT('',(13.,2.149627377863E-02));
#7473 = ( GEOMETRIC_REPRESENTATION_CONTEXT(2) 
PARAMETRIC_REPRESENTATION_CONTEXT() REPRESENTATION_CONTEXT('2D SPACE',''
  ) );
#7474 = ORIENTED_EDGE('',*,*,#7475,.T.);
#7475 = EDGE_CURVE('',#7440,#7476,#7478,.T.);
#7476 = VERTEX_POINT('',#7477);
#7477 = CARTESIAN_POINT('',(53.462763598724,27.234773881693,
    85.039961738058));
#7478 = SURFACE_CURVE('',#7479,(#7485,#7494),.PCURVE_S1.);
#7479 = B_SPLINE_CURVE_WITH_KNOTS('',4,(#7480,#7481,#7482,#7483,#7484),
  .UNSPECIFIED.,.F.,.F.,(5,5),(0.,1.),.PIECEWISE_BEZIER_KNOTS.);
#7480 = CARTESIAN_POINT('',(52.72376684966,28.6392110433,86.550682861005
    ));
#7481 = CARTESIAN_POINT('',(52.913795774537,28.289374565097,
    86.173680829463));
#7482 = CARTESIAN_POINT('',(53.100257531085,27.938726143374,
    85.796184874122));
#7483 = CARTESIAN_POINT('',(53.283226220942,27.587211703546,
    85.4182586341));
#7484 = CARTESIAN_POINT('',(53.462763598724,27.234773881693,
    85.039961738058));
#7485 = PCURVE('',#446,#7486);
#7486 = DEFINITIONAL_REPRESENTATION('',(#7487),#7493);
#7487 = B_SPLINE_CURVE_WITH_KNOTS('',4,(#7488,#7489,#7490,#7491,#7492),
  .UNSPECIFIED.,.F.,.F.,(5,5),(0.,1.),.PIECEWISE_BEZIER_KNOTS.);
#7488 = CARTESIAN_POINT('',(0.497602529016,20.550682861005));
#7489 = CARTESIAN_POINT('',(0.490967258073,20.173680829463));
#7490 = CARTESIAN_POINT('',(0.484348473597,19.796184874122));
#7491 = CARTESIAN_POINT('',(0.477744016601,19.4182586341));
#7492 = CARTESIAN_POINT('',(0.471151805534,19.039961738058));
#7493 = ( GEOMETRIC_REPRESENTATION_CONTEXT(2) 
PARAMETRIC_REPRESENTATION_CONTEXT() REPRESENTATION_CONTEXT('2D SPACE',''
  ) );
#7494 = PCURVE('',#7495,#7502);
#7495 = B_SPLINE_SURFACE_WITH_KNOTS('',1,2,(
    (#7496,#7497,#7498)
    ,(#7499,#7500,#7501
    )),.UNSPECIFIED.,.F.,.F.,.F.,(2,2),(3,3),(12.,13.),(0.,1.),
  .PIECEWISE_BEZIER_KNOTS.);
#7496 = CARTESIAN_POINT('',(52.234300724261,26.76310966095,
    84.959215502296));
#7497 = CARTESIAN_POINT('',(77.67912908745,36.541541520046,
    86.641955762793));
#7498 = CARTESIAN_POINT('',(100.58775813843,44.603522366301,
    87.308575522958));
#7499 = CARTESIAN_POINT('',(51.62161596917,28.24226150615,
    86.473422977206));
#7500 = CARTESIAN_POINT('',(77.2853298275,37.492257034271,
    88.284594664473));
#7501 = CARTESIAN_POINT('',(100.35743033364,45.159582876397,
    88.782166444134));
#7502 = DEFINITIONAL_REPRESENTATION('',(#7503),#7509);
#7503 = B_SPLINE_CURVE_WITH_KNOTS('',4,(#7504,#7505,#7506,#7507,#7508),
  .UNSPECIFIED.,.F.,.F.,(5,5),(0.,1.),.PIECEWISE_BEZIER_KNOTS.);
#7504 = CARTESIAN_POINT('',(13.,2.149627377863E-02));
#7505 = CARTESIAN_POINT('',(12.750106513351,2.226299119953E-02));
#7506 = CARTESIAN_POINT('',(12.500126846578,2.296346654818E-02));
#7507 = CARTESIAN_POINT('',(12.250084052677,2.359854484427E-02));
#7508 = CARTESIAN_POINT('',(12.,2.41688474982E-02));
#7509 = ( GEOMETRIC_REPRESENTATION_CONTEXT(2) 
PARAMETRIC_REPRESENTATION_CONTEXT() REPRESENTATION_CONTEXT('2D SPACE',''
  ) );
#7510 = ORIENTED_EDGE('',*,*,#7511,.T.);
#7511 = EDGE_CURVE('',#7476,#7512,#7514,.T.);
#7512 = VERTEX_POINT('',#7513);
#7513 = CARTESIAN_POINT('',(54.210787203781,25.713625779853,
    83.543365853814));
#7514 = SURFACE_CURVE('',#7515,(#7521,#7530),.PCURVE_S1.);
#7515 = B_SPLINE_CURVE_WITH_KNOTS('',4,(#7516,#7517,#7518,#7519,#7520),
  .UNSPECIFIED.,.F.,.F.,(5,5),(0.,1.),.PIECEWISE_BEZIER_KNOTS.);
#7516 = CARTESIAN_POINT('',(53.462763598724,27.234773881693,
    85.039961738058));
#7517 = CARTESIAN_POINT('',(53.655622756475,26.856184964324,
    84.666413908216));
#7518 = CARTESIAN_POINT('',(53.844533560335,26.476508893708,
    84.292413899891));
#7519 = CARTESIAN_POINT('',(54.029568927372,26.095679462363,
    83.91803977692));
#7520 = CARTESIAN_POINT('',(54.210787203781,25.713625779853,
    83.543365853814));
#7521 = PCURVE('',#446,#7522);
#7522 = DEFINITIONAL_REPRESENTATION('',(#7523),#7529);
#7523 = B_SPLINE_CURVE_WITH_KNOTS('',4,(#7524,#7525,#7526,#7527,#7528),
  .UNSPECIFIED.,.F.,.F.,(5,5),(0.,1.),.PIECEWISE_BEZIER_KNOTS.);
#7524 = CARTESIAN_POINT('',(0.471151805534,19.039961738058));
#7525 = CARTESIAN_POINT('',(0.464070448494,18.666413908216));
#7526 = CARTESIAN_POINT('',(0.457002816223,18.292413899891));
#7527 = CARTESIAN_POINT('',(0.449946428835,17.91803977692));
#7528 = CARTESIAN_POINT('',(0.442898870549,17.543365853814));
#7529 = ( GEOMETRIC_REPRESENTATION_CONTEXT(2) 
PARAMETRIC_REPRESENTATION_CONTEXT() REPRESENTATION_CONTEXT('2D SPACE',''
  ) );
#7530 = PCURVE('',#7531,#7538);
#7531 = B_SPLINE_SURFACE_WITH_KNOTS('',1,2,(
    (#7532,#7533,#7534)
    ,(#7535,#7536,#7537
    )),.UNSPECIFIED.,.F.,.F.,.F.,(2,2),(3,3),(11.,12.),(0.,1.),
  .PIECEWISE_BEZIER_KNOTS.);
#7532 = CARTESIAN_POINT('',(52.89241245879,25.174287385893,
    83.464505093504));
#7533 = CARTESIAN_POINT('',(78.109964361276,35.501413158827,
    84.980050506975));
#7534 = CARTESIAN_POINT('',(100.84293431262,43.987472585764,
    85.803230313802));
#7535 = CARTESIAN_POINT('',(52.234300724261,26.76310966095,
    84.959215502296));
#7536 = CARTESIAN_POINT('',(77.67912908745,36.541541520046,
    86.641955762793));
#7537 = CARTESIAN_POINT('',(100.58775813843,44.603522366301,
    87.308575522958));
#7538 = DEFINITIONAL_REPRESENTATION('',(#7539),#7545);
#7539 = B_SPLINE_CURVE_WITH_KNOTS('',4,(#7540,#7541,#7542,#7543,#7544),
  .UNSPECIFIED.,.F.,.F.,(5,5),(0.,1.),.PIECEWISE_BEZIER_KNOTS.);
#7540 = CARTESIAN_POINT('',(12.,2.41688474982E-02));
#7541 = CARTESIAN_POINT('',(11.750047436279,2.478146694747E-02));
#7542 = CARTESIAN_POINT('',(11.500046119644,2.53193768341E-02));
#7543 = CARTESIAN_POINT('',(11.250021985475,2.578332019097E-02));
#7544 = CARTESIAN_POINT('',(11.,2.617377082057E-02));
#7545 = ( GEOMETRIC_REPRESENTATION_CONTEXT(2) 
PARAMETRIC_REPRESENTATION_CONTEXT() REPRESENTATION_CONTEXT('2D SPACE',''
  ) );
#7546 = ORIENTED_EDGE('',*,*,#7547,.T.);
#7547 = EDGE_CURVE('',#7512,#7548,#7550,.T.);
#7548 = VERTEX_POINT('',#7549);
#7549 = CARTESIAN_POINT('',(54.947436058627,24.099362451797,
    82.106183854218));
#7550 = SURFACE_CURVE('',#7551,(#7557,#7566),.PCURVE_S1.);
#7551 = B_SPLINE_CURVE_WITH_KNOTS('',4,(#7552,#7553,#7554,#7555,#7556),
  .UNSPECIFIED.,.F.,.F.,(5,5),(0.,1.),.PIECEWISE_BEZIER_KNOTS.);
#7552 = CARTESIAN_POINT('',(54.210787203781,25.713625779853,
    83.543365853814));
#7553 = CARTESIAN_POINT('',(54.401200086659,25.312187555508,
    83.184507788662));
#7554 = CARTESIAN_POINT('',(54.587405803838,24.909382789411,
    82.825297835607));
#7555 = CARTESIAN_POINT('',(54.769468451592,24.50513516581,
    82.465827060882));
#7556 = CARTESIAN_POINT('',(54.947436058627,24.099362451797,
    82.106183854218));
#7557 = PCURVE('',#446,#7558);
#7558 = DEFINITIONAL_REPRESENTATION('',(#7559),#7565);
#7559 = B_SPLINE_CURVE_WITH_KNOTS('',4,(#7560,#7561,#7562,#7563,#7564),
  .UNSPECIFIED.,.F.,.F.,(5,5),(0.,1.),.PIECEWISE_BEZIER_KNOTS.);
#7560 = CARTESIAN_POINT('',(0.442898870549,17.543365853814));
#7561 = CARTESIAN_POINT('',(0.435493735058,17.184507788662));
#7562 = CARTESIAN_POINT('',(0.428098071464,16.825297835607));
#7563 = CARTESIAN_POINT('',(0.420709192147,16.465827060882));
#7564 = CARTESIAN_POINT('',(0.413324448779,16.106183854218));
#7565 = ( GEOMETRIC_REPRESENTATION_CONTEXT(2) 
PARAMETRIC_REPRESENTATION_CONTEXT() REPRESENTATION_CONTEXT('2D SPACE',''
  ) );
#7566 = PCURVE('',#7567,#7574);
#7567 = B_SPLINE_SURFACE_WITH_KNOTS('',1,2,(
    (#7568,#7569,#7570)
    ,(#7571,#7572,#7573
    )),.UNSPECIFIED.,.F.,.F.,.F.,(2,2),(3,3),(10.,11.),(0.,1.),
  .PIECEWISE_BEZIER_KNOTS.);
#7568 = CARTESIAN_POINT('',(53.583445340501,23.505986430821,
    82.034934207004));
#7569 = CARTESIAN_POINT('',(78.570969817805,34.388447533348,
    83.343201516549));
#7570 = CARTESIAN_POINT('',(101.11927053965,43.320337918703,
    84.303429998749));
#7571 = CARTESIAN_POINT('',(52.89241245879,25.174287385893,
    83.464505093504));
#7572 = CARTESIAN_POINT('',(78.109964361276,35.501413158827,
    84.980050506975));
#7573 = CARTESIAN_POINT('',(100.84293431262,43.987472585764,
    85.803230313802));
#7574 = DEFINITIONAL_REPRESENTATION('',(#7575),#7581);
#7575 = B_SPLINE_CURVE_WITH_KNOTS('',4,(#7576,#7577,#7578,#7579,#7580),
  .UNSPECIFIED.,.F.,.F.,(5,5),(0.,1.),.PIECEWISE_BEZIER_KNOTS.);
#7576 = CARTESIAN_POINT('',(11.,2.617377082057E-02));
#7577 = CARTESIAN_POINT('',(10.749971975803,2.658403203415E-02));
#7578 = CARTESIAN_POINT('',(10.499943832464,2.691316918968E-02));
#7579 = CARTESIAN_POINT('',(10.249943901588,2.716171258369E-02));
#7580 = CARTESIAN_POINT('',(10.,2.732989079256E-02));
#7581 = ( GEOMETRIC_REPRESENTATION_CONTEXT(2) 
PARAMETRIC_REPRESENTATION_CONTEXT() REPRESENTATION_CONTEXT('2D SPACE',''
  ) );
#7582 = ORIENTED_EDGE('',*,*,#7583,.T.);
#7583 = EDGE_CURVE('',#7548,#7584,#7586,.T.);
#7584 = VERTEX_POINT('',#7585);
#7585 = CARTESIAN_POINT('',(55.657150227653,22.411640469552,
    80.766127470028));
#7586 = SURFACE_CURVE('',#7587,(#7593,#7602),.PCURVE_S1.);
#7587 = B_SPLINE_CURVE_WITH_KNOTS('',4,(#7588,#7589,#7590,#7591,#7592),
  .UNSPECIFIED.,.F.,.F.,(5,5),(0.,1.),.PIECEWISE_BEZIER_KNOTS.);
#7588 = CARTESIAN_POINT('',(54.947436058627,24.099362451797,
    82.106183854218));
#7589 = CARTESIAN_POINT('',(55.131378261404,23.67996743893,
    81.771366567444));
#7590 = CARTESIAN_POINT('',(55.310947751583,23.25893892228,
    81.436349440194));
#7591 = CARTESIAN_POINT('',(55.486194176668,22.836193354242,
    81.101235658324));
#7592 = CARTESIAN_POINT('',(55.657150227653,22.411640469552,
    80.766127470028));
#7593 = PCURVE('',#446,#7594);
#7594 = DEFINITIONAL_REPRESENTATION('',(#7595),#7601);
#7595 = B_SPLINE_CURVE_WITH_KNOTS('',4,(#7596,#7597,#7598,#7599,#7600),
  .UNSPECIFIED.,.F.,.F.,(5,5),(0.,1.),.PIECEWISE_BEZIER_KNOTS.);
#7596 = CARTESIAN_POINT('',(0.413324448779,16.106183854218));
#7597 = CARTESIAN_POINT('',(0.405691790316,15.771366567444));
#7598 = CARTESIAN_POINT('',(0.39806347109,15.436349440194));
#7599 = CARTESIAN_POINT('',(0.390436700269,15.101235658324));
#7600 = CARTESIAN_POINT('',(0.382808697705,14.766127470028));
#7601 = ( GEOMETRIC_REPRESENTATION_CONTEXT(2) 
PARAMETRIC_REPRESENTATION_CONTEXT() REPRESENTATION_CONTEXT('2D SPACE',''
  ) );
#7602 = PCURVE('',#7603,#7610);
#7603 = B_SPLINE_SURFACE_WITH_KNOTS('',1,2,(
    (#7604,#7605,#7606)
    ,(#7607,#7608,#7609
  )),.UNSPECIFIED.,.F.,.F.,.F.,(2,2),(3,3),(9.,10.),(0.,1.),
  .PIECEWISE_BEZIER_KNOTS.);
#7604 = CARTESIAN_POINT('',(54.29670469419,21.784026025656,
    80.707706764192));
#7605 = CARTESIAN_POINT('',(79.05544328802,33.218825110944,
    81.769320764642));
#7606 = CARTESIAN_POINT('',(101.41278466946,42.611732125758,
    82.842968858058));
#7607 = CARTESIAN_POINT('',(53.583445340501,23.505986430821,
    82.034934207004));
#7608 = CARTESIAN_POINT('',(78.570969817805,34.388447533348,
    83.343201516549));
#7609 = CARTESIAN_POINT('',(101.11927053965,43.320337918703,
    84.303429998749));
#7610 = DEFINITIONAL_REPRESENTATION('',(#7611),#7617);
#7611 = B_SPLINE_CURVE_WITH_KNOTS('',4,(#7612,#7613,#7614,#7615,#7616),
  .UNSPECIFIED.,.F.,.F.,(5,5),(0.,1.),.PIECEWISE_BEZIER_KNOTS.);
#7612 = CARTESIAN_POINT('',(10.,2.732989079256E-02));
#7613 = CARTESIAN_POINT('',(9.749881629282,2.75037149548E-02));
#7614 = CARTESIAN_POINT('',(9.499821505129,2.759168938265E-02));
#7615 = CARTESIAN_POINT('',(9.249850588667,2.759405995115E-02));
#7616 = CARTESIAN_POINT('',(9.,2.751075151195E-02));
#7617 = ( GEOMETRIC_REPRESENTATION_CONTEXT(2) 
PARAMETRIC_REPRESENTATION_CONTEXT() REPRESENTATION_CONTEXT('2D SPACE',''
  ) );
#7618 = ORIENTED_EDGE('',*,*,#7619,.T.);
#7619 = EDGE_CURVE('',#7584,#7620,#7622,.T.);
#7620 = VERTEX_POINT('',#7621);
#7621 = CARTESIAN_POINT('',(56.345654207861,20.619584183202,
    79.577276522821));
#7622 = SURFACE_CURVE('',#7623,(#7629,#7638),.PCURVE_S1.);
#7623 = B_SPLINE_CURVE_WITH_KNOTS('',4,(#7624,#7625,#7626,#7627,#7628),
  .UNSPECIFIED.,.F.,.F.,(5,5),(0.,1.),.PIECEWISE_BEZIER_KNOTS.);
#7624 = CARTESIAN_POINT('',(55.657150227653,22.411640469552,
    80.766127470028));
#7625 = CARTESIAN_POINT('',(55.836327753099,21.966670344999,
    80.468796472768));
#7626 = CARTESIAN_POINT('',(56.010785328358,21.519732262857,
    80.171459342611));
#7627 = CARTESIAN_POINT('',(56.180556058434,21.070736018047,
    79.874243208607));
#7628 = CARTESIAN_POINT('',(56.345654207861,20.619584183202,
    79.577276522821));
#7629 = PCURVE('',#446,#7630);
#7630 = DEFINITIONAL_REPRESENTATION('',(#7631),#7637);
#7631 = B_SPLINE_CURVE_WITH_KNOTS('',4,(#7632,#7633,#7634,#7635,#7636),
  .UNSPECIFIED.,.F.,.F.,(5,5),(0.,1.),.PIECEWISE_BEZIER_KNOTS.);
#7632 = CARTESIAN_POINT('',(0.382808697705,14.766127470028));
#7633 = CARTESIAN_POINT('',(0.374813855663,14.468796472768));
#7634 = CARTESIAN_POINT('',(0.366817971725,14.171459342611));
#7635 = CARTESIAN_POINT('',(0.358818085405,13.874243208607));
#7636 = CARTESIAN_POINT('',(0.350811224163,13.577276522821));
#7637 = ( GEOMETRIC_REPRESENTATION_CONTEXT(2) 
PARAMETRIC_REPRESENTATION_CONTEXT() REPRESENTATION_CONTEXT('2D SPACE',''
  ) );
#7638 = PCURVE('',#7639,#7646);
#7639 = B_SPLINE_SURFACE_WITH_KNOTS('',1,2,(
    (#7640,#7641,#7642)
    ,(#7643,#7644,#7645
  )),.UNSPECIFIED.,.F.,.F.,.F.,(2,2),(3,3),(8.,9.),(0.,1.),
  .PIECEWISE_BEZIER_KNOTS.);
#7640 = CARTESIAN_POINT('',(55.042578323092,19.983327794944,
    79.536553820928));
#7641 = CARTESIAN_POINT('',(79.571535063035,31.972869348274,
    80.296835066466));
#7642 = CARTESIAN_POINT('',(101.72916661117,41.847918551197,
    81.455137690848));
#7643 = CARTESIAN_POINT('',(54.29670469419,21.784026025656,
    80.707706764192));
#7644 = CARTESIAN_POINT('',(79.05544328802,33.218825110944,
    81.769320764642));
#7645 = CARTESIAN_POINT('',(101.41278466946,42.611732125758,
    82.842968858058));
#7646 = DEFINITIONAL_REPRESENTATION('',(#7647),#7653);
#7647 = B_SPLINE_CURVE_WITH_KNOTS('',4,(#7648,#7649,#7650,#7651,#7652),
  .UNSPECIFIED.,.F.,.F.,(5,5),(0.,1.),.PIECEWISE_BEZIER_KNOTS.);
#7648 = CARTESIAN_POINT('',(9.,2.751075151195E-02));
#7649 = CARTESIAN_POINT('',(8.749759649582,2.742343667343E-02));
#7650 = CARTESIAN_POINT('',(8.499653920906,2.724200727109E-02));
#7651 = CARTESIAN_POINT('',(8.249720944814,2.696639628896E-02));
#7652 = CARTESIAN_POINT('',(8.,2.659618327825E-02));
#7653 = ( GEOMETRIC_REPRESENTATION_CONTEXT(2) 
PARAMETRIC_REPRESENTATION_CONTEXT() REPRESENTATION_CONTEXT('2D SPACE',''
  ) );
#7654 = ORIENTED_EDGE('',*,*,#7655,.T.);
#7655 = EDGE_CURVE('',#7620,#7656,#7658,.T.);
#7656 = VERTEX_POINT('',#7657);
#7657 = CARTESIAN_POINT('',(56.977229734138,18.80412964812,
    78.623624719067));
#7658 = SURFACE_CURVE('',#7659,(#7665,#7674),.PCURVE_S1.);
#7659 = B_SPLINE_CURVE_WITH_KNOTS('',4,(#7660,#7661,#7662,#7663,#7664),
  .UNSPECIFIED.,.F.,.F.,(5,5),(0.,1.),.PIECEWISE_BEZIER_KNOTS.);
#7660 = CARTESIAN_POINT('',(56.345654207861,20.619584183202,
    79.577276522821));
#7661 = CARTESIAN_POINT('',(56.510562727343,20.168950536466,
    79.338356543475));
#7662 = CARTESIAN_POINT('',(56.670790827263,19.716216966034,
    79.099681712499));
#7663 = CARTESIAN_POINT('',(56.826348795568,19.261304644263,
    78.861390477614));
#7664 = CARTESIAN_POINT('',(56.977229734138,18.80412964812,
    78.623624719067));
#7665 = PCURVE('',#446,#7666);
#7666 = DEFINITIONAL_REPRESENTATION('',(#7667),#7673);
#7667 = B_SPLINE_CURVE_WITH_KNOTS('',4,(#7668,#7669,#7670,#7671,#7672),
  .UNSPECIFIED.,.F.,.F.,(5,5),(0.,1.),.PIECEWISE_BEZIER_KNOTS.);
#7668 = CARTESIAN_POINT('',(0.350811224163,13.577276522821));
#7669 = CARTESIAN_POINT('',(0.342813559515,13.338356543475));
#7670 = CARTESIAN_POINT('',(0.33480983519,13.099681712499));
#7671 = CARTESIAN_POINT('',(0.326797396957,12.861390477614));
#7672 = CARTESIAN_POINT('',(0.318773577648,12.623624719067));
#7673 = ( GEOMETRIC_REPRESENTATION_CONTEXT(2) 
PARAMETRIC_REPRESENTATION_CONTEXT() REPRESENTATION_CONTEXT('2D SPACE',''
  ) );
#7674 = PCURVE('',#7675,#7682);
#7675 = B_SPLINE_SURFACE_WITH_KNOTS('',1,2,(
    (#7676,#7677,#7678)
    ,(#7679,#7680,#7681
  )),.UNSPECIFIED.,.F.,.F.,.F.,(2,2),(3,3),(7.,8.),(0.,1.),
  .PIECEWISE_BEZIER_KNOTS.);
#7676 = CARTESIAN_POINT('',(55.784724776479,18.191627761909,
    78.603436681754));
#7677 = CARTESIAN_POINT('',(80.101705980712,30.692923528442,
    79.004906631609));
#7678 = CARTESIAN_POINT('',(102.05990419577,41.049447388855,
    80.196995068474));
#7679 = CARTESIAN_POINT('',(55.042578323092,19.983327794944,
    79.536553820928));
#7680 = CARTESIAN_POINT('',(79.571535063035,31.972869348274,
    80.296835066466));
#7681 = CARTESIAN_POINT('',(101.72916661117,41.847918551197,
    81.455137690848));
#7682 = DEFINITIONAL_REPRESENTATION('',(#7683),#7689);
#7683 = B_SPLINE_CURVE_WITH_KNOTS('',4,(#7684,#7685,#7686,#7687,#7688),
  .UNSPECIFIED.,.F.,.F.,(5,5),(0.,1.),.PIECEWISE_BEZIER_KNOTS.);
#7684 = CARTESIAN_POINT('',(8.,2.659618327825E-02));
#7685 = CARTESIAN_POINT('',(7.749612888637,2.62263954902E-02));
#7686 = CARTESIAN_POINT('',(7.499455210223,2.576226439808E-02));
#7687 = CARTESIAN_POINT('',(7.24956935862,2.520343280396E-02));
#7688 = CARTESIAN_POINT('',(7.,2.454923379051E-02));
#7689 = ( GEOMETRIC_REPRESENTATION_CONTEXT(2) 
PARAMETRIC_REPRESENTATION_CONTEXT() REPRESENTATION_CONTEXT('2D SPACE',''
  ) );
#7690 = ORIENTED_EDGE('',*,*,#7691,.T.);
#7691 = EDGE_CURVE('',#7656,#7692,#7694,.T.);
#7692 = VERTEX_POINT('',#7693);
#7693 = CARTESIAN_POINT('',(57.533432913989,17.026570327917,
    77.918253687576));
#7694 = SURFACE_CURVE('',#7695,(#7701,#7710),.PCURVE_S1.);
#7695 = B_SPLINE_CURVE_WITH_KNOTS('',4,(#7696,#7697,#7698,#7699,#7700),
  .UNSPECIFIED.,.F.,.F.,(5,5),(0.,1.),.PIECEWISE_BEZIER_KNOTS.);
#7696 = CARTESIAN_POINT('',(56.977229734138,18.80412964812,
    78.623624719067));
#7697 = CARTESIAN_POINT('',(57.122868257524,18.362839369847,
    78.446410657898));
#7698 = CARTESIAN_POINT('',(57.264122810526,17.919520614936,
    78.269686338036));
#7699 = CARTESIAN_POINT('',(57.40098498485,17.474116950576,
    78.093587414426));
#7700 = CARTESIAN_POINT('',(57.533432913989,17.026570327917,
    77.918253687576));
#7701 = PCURVE('',#446,#7702);
#7702 = DEFINITIONAL_REPRESENTATION('',(#7703),#7709);
#7703 = B_SPLINE_CURVE_WITH_KNOTS('',4,(#7704,#7705,#7706,#7707,#7708),
  .UNSPECIFIED.,.F.,.F.,(5,5),(0.,1.),.PIECEWISE_BEZIER_KNOTS.);
#7704 = CARTESIAN_POINT('',(0.318773577648,12.623624719067));
#7705 = CARTESIAN_POINT('',(0.31102854897,12.446410657898));
#7706 = CARTESIAN_POINT('',(0.303274314352,12.269686338036));
#7707 = CARTESIAN_POINT('',(0.295508787565,12.093587414426));
#7708 = CARTESIAN_POINT('',(0.287729891018,11.918253687576));
#7709 = ( GEOMETRIC_REPRESENTATION_CONTEXT(2) 
PARAMETRIC_REPRESENTATION_CONTEXT() REPRESENTATION_CONTEXT('2D SPACE',''
  ) );
#7710 = PCURVE('',#7711,#7718);
#7711 = B_SPLINE_SURFACE_WITH_KNOTS('',1,2,(
    (#7712,#7713,#7714)
    ,(#7715,#7716,#7717
  )),.UNSPECIFIED.,.F.,.F.,.F.,(2,2),(3,3),(6.,7.),(0.,1.),
  .PIECEWISE_BEZIER_KNOTS.);
#7712 = CARTESIAN_POINT('',(56.497482619195,16.470878111337,
    77.91763068507));
#7713 = CARTESIAN_POINT('',(80.627450956245,29.42366287816,
    77.919515872288));
#7714 = CARTESIAN_POINT('',(102.39304071243,40.24518469223,
    79.095124364617));
#7715 = CARTESIAN_POINT('',(55.784724776479,18.191627761909,
    78.603436681754));
#7716 = CARTESIAN_POINT('',(80.101705980712,30.692923528442,
    79.004906631609));
#7717 = CARTESIAN_POINT('',(102.05990419577,41.049447388855,
    80.196995068474));
#7718 = DEFINITIONAL_REPRESENTATION('',(#7719),#7725);
#7719 = B_SPLINE_CURVE_WITH_KNOTS('',4,(#7720,#7721,#7722,#7723,#7724),
  .UNSPECIFIED.,.F.,.F.,(5,5),(0.,1.),.PIECEWISE_BEZIER_KNOTS.);
#7720 = CARTESIAN_POINT('',(7.,2.454923379051E-02));
#7721 = CARTESIAN_POINT('',(6.749455484287,2.391776516882E-02));
#7722 = CARTESIAN_POINT('',(6.499243291276,2.319755516889E-02));
#7723 = CARTESIAN_POINT('',(6.249408679618,2.238810054906E-02));
#7724 = CARTESIAN_POINT('',(6.,2.148867464684E-02));
#7725 = ( GEOMETRIC_REPRESENTATION_CONTEXT(2) 
PARAMETRIC_REPRESENTATION_CONTEXT() REPRESENTATION_CONTEXT('2D SPACE',''
  ) );
#7726 = ORIENTED_EDGE('',*,*,#7727,.T.);
#7727 = EDGE_CURVE('',#7692,#7728,#7730,.T.);
#7728 = VERTEX_POINT('',#7729);
#7729 = CARTESIAN_POINT('',(58.002141595367,15.354203670363,
    77.459100005747));
#7730 = SURFACE_CURVE('',#7731,(#7737,#7746),.PCURVE_S1.);
#7731 = B_SPLINE_CURVE_WITH_KNOTS('',4,(#7732,#7733,#7734,#7735,#7736),
  .UNSPECIFIED.,.F.,.F.,(5,5),(0.,1.),.PIECEWISE_BEZIER_KNOTS.);
#7732 = CARTESIAN_POINT('',(57.533432913989,17.026570327917,
    77.918253687576));
#7733 = CARTESIAN_POINT('',(57.656376315236,16.611139868838,
    77.802367679791));
#7734 = CARTESIAN_POINT('',(57.775489079168,16.19395489149,
    77.687135228579));
#7735 = CARTESIAN_POINT('',(57.890753087025,15.774985638069,
    77.572672793993));
#7736 = CARTESIAN_POINT('',(58.002141595367,15.354203670363,
    77.459100005747));
#7737 = PCURVE('',#446,#7738);
#7738 = DEFINITIONAL_REPRESENTATION('',(#7739),#7745);
#7739 = B_SPLINE_CURVE_WITH_KNOTS('',4,(#7740,#7741,#7742,#7743,#7744),
  .UNSPECIFIED.,.F.,.F.,(5,5),(0.,1.),.PIECEWISE_BEZIER_KNOTS.);
#7740 = CARTESIAN_POINT('',(0.287729891018,11.918253687576));
#7741 = CARTESIAN_POINT('',(0.280509211874,11.802367679791));
#7742 = CARTESIAN_POINT('',(0.273278610092,11.687135228579));
#7743 = CARTESIAN_POINT('',(0.266036692959,11.572672793993));
#7744 = CARTESIAN_POINT('',(0.258782099316,11.459100005747));
#7745 = ( GEOMETRIC_REPRESENTATION_CONTEXT(2) 
PARAMETRIC_REPRESENTATION_CONTEXT() REPRESENTATION_CONTEXT('2D SPACE',''
  ) );
#7746 = PCURVE('',#7747,#7754);
#7747 = B_SPLINE_SURFACE_WITH_KNOTS('',1,2,(
    (#7748,#7749,#7750)
    ,(#7751,#7752,#7753
  )),.UNSPECIFIED.,.F.,.F.,.F.,(2,2),(3,3),(5.,6.),(0.,1.),
  .PIECEWISE_BEZIER_KNOTS.);
#7748 = CARTESIAN_POINT('',(57.155029140546,14.8834203816,
    77.473369727142));
#7749 = CARTESIAN_POINT('',(81.128736891559,28.2134515745,
    77.056354542386));
#7750 = CARTESIAN_POINT('',(102.71529085959,39.467204016468,
    78.169663996046));
#7751 = CARTESIAN_POINT('',(56.497482619195,16.470878111337,
    77.91763068507));
#7752 = CARTESIAN_POINT('',(80.627450956245,29.42366287816,
    77.919515872288));
#7753 = CARTESIAN_POINT('',(102.39304071243,40.24518469223,
    79.095124364617));
#7754 = DEFINITIONAL_REPRESENTATION('',(#7755),#7761);
#7755 = B_SPLINE_CURVE_WITH_KNOTS('',4,(#7756,#7757,#7758,#7759,#7760),
  .UNSPECIFIED.,.F.,.F.,(5,5),(0.,1.),.PIECEWISE_BEZIER_KNOTS.);
#7756 = CARTESIAN_POINT('',(6.,2.148867464684E-02));
#7757 = CARTESIAN_POINT('',(5.74931645568,2.065379198535E-02));
#7758 = CARTESIAN_POINT('',(5.499058204274,1.974157231933E-02));
#7759 = CARTESIAN_POINT('',(5.249270061019,1.875154099849E-02));
#7760 = CARTESIAN_POINT('',(5.,1.768309907462E-02));
#7761 = ( GEOMETRIC_REPRESENTATION_CONTEXT(2) 
PARAMETRIC_REPRESENTATION_CONTEXT() REPRESENTATION_CONTEXT('2D SPACE',''
  ) );
#7762 = ORIENTED_EDGE('',*,*,#7763,.T.);
#7763 = EDGE_CURVE('',#7728,#7764,#7766,.T.);
#7764 = VERTEX_POINT('',#7765);
#7765 = CARTESIAN_POINT('',(58.378264707802,13.855620148727,
    77.230149552205));
#7766 = SURFACE_CURVE('',#7767,(#7773,#7782),.PCURVE_S1.);
#7767 = B_SPLINE_CURVE_WITH_KNOTS('',4,(#7768,#7769,#7770,#7771,#7772),
  .UNSPECIFIED.,.F.,.F.,(5,5),(0.,1.),.PIECEWISE_BEZIER_KNOTS.);
#7768 = CARTESIAN_POINT('',(58.002141595367,15.354203670363,
    77.459100005747));
#7769 = CARTESIAN_POINT('',(58.10078097633,14.981582890781,
    77.400755212282));
#7770 = CARTESIAN_POINT('',(58.196360957475,14.607617249327,
    77.343091720779));
#7771 = CARTESIAN_POINT('',(58.288863105704,14.23229837291,
    77.286194382438));
#7772 = CARTESIAN_POINT('',(58.378264707802,13.855620148727,
    77.230149552205));
#7773 = PCURVE('',#446,#7774);
#7774 = DEFINITIONAL_REPRESENTATION('',(#7775),#7781);
#7775 = B_SPLINE_CURVE_WITH_KNOTS('',4,(#7776,#7777,#7778,#7779,#7780),
  .UNSPECIFIED.,.F.,.F.,(5,5),(0.,1.),.PIECEWISE_BEZIER_KNOTS.);
#7776 = CARTESIAN_POINT('',(0.258782099316,11.459100005747));
#7777 = CARTESIAN_POINT('',(0.252357840326,11.400755212282));
#7778 = CARTESIAN_POINT('',(0.245924961753,11.343091720778));
#7779 = CARTESIAN_POINT('',(0.239482700745,11.286194382438));
#7780 = CARTESIAN_POINT('',(0.233030329711,11.230149552205));
#7781 = ( GEOMETRIC_REPRESENTATION_CONTEXT(2) 
PARAMETRIC_REPRESENTATION_CONTEXT() REPRESENTATION_CONTEXT('2D SPACE',''
  ) );
#7782 = PCURVE('',#7783,#7790);
#7783 = B_SPLINE_SURFACE_WITH_KNOTS('',1,2,(
    (#7784,#7785,#7786)
    ,(#7787,#7788,#7789
  )),.UNSPECIFIED.,.F.,.F.,.F.,(2,2),(3,3),(4.,5.),(0.,1.),
  .PIECEWISE_BEZIER_KNOTS.);
#7784 = CARTESIAN_POINT('',(57.733299596478,13.487352004169,
    77.252304209735));
#7785 = CARTESIAN_POINT('',(81.585486161508,27.110761292383,
    76.421065110154));
#7786 = CARTESIAN_POINT('',(103.01300079876,38.748468643682,
    77.434111547357));
#7787 = CARTESIAN_POINT('',(57.155029140546,14.8834203816,
    77.473369727142));
#7788 = CARTESIAN_POINT('',(81.128736891559,28.2134515745,
    77.056354542386));
#7789 = CARTESIAN_POINT('',(102.71529085959,39.467204016468,
    78.169663996046));
#7790 = DEFINITIONAL_REPRESENTATION('',(#7791),#7797);
#7791 = B_SPLINE_CURVE_WITH_KNOTS('',4,(#7792,#7793,#7794,#7795,#7796),
  .UNSPECIFIED.,.F.,.F.,(5,5),(0.,1.),.PIECEWISE_BEZIER_KNOTS.);
#7792 = CARTESIAN_POINT('',(5.,1.768309907462E-02));
#7793 = CARTESIAN_POINT('',(4.749242464542,1.673694716422E-02));
#7794 = CARTESIAN_POINT('',(4.498963359971,1.572950141099E-02));
#7795 = CARTESIAN_POINT('',(4.249201968951,1.466042816362E-02));
#7796 = CARTESIAN_POINT('',(4.,1.35293451866E-02));
#7797 = ( GEOMETRIC_REPRESENTATION_CONTEXT(2) 
PARAMETRIC_REPRESENTATION_CONTEXT() REPRESENTATION_CONTEXT('2D SPACE',''
  ) );
#7798 = ORIENTED_EDGE('',*,*,#7799,.T.);
#7799 = EDGE_CURVE('',#7764,#7800,#7802,.T.);
#7800 = VERTEX_POINT('',#7801);
#7801 = CARTESIAN_POINT('',(58.663125496207,12.595146168911,
    77.204784901871));
#7802 = SURFACE_CURVE('',#7803,(#7809,#7818),.PCURVE_S1.);
#7803 = B_SPLINE_CURVE_WITH_KNOTS('',4,(#7804,#7805,#7806,#7807,#7808),
  .UNSPECIFIED.,.F.,.F.,(5,5),(0.,1.),.PIECEWISE_BEZIER_KNOTS.);
#7804 = CARTESIAN_POINT('',(58.378264707802,13.855620148727,
    77.230149552205));
#7805 = CARTESIAN_POINT('',(58.452734019713,13.541856552676,
    77.222901277309));
#7806 = CARTESIAN_POINT('',(58.525042925262,13.227188141318,
    77.216224035797));
#7807 = CARTESIAN_POINT('',(58.595178306913,12.91161685049,
    77.210168296954));
#7808 = CARTESIAN_POINT('',(58.663125496207,12.595146168911,
    77.204784901871));
#7809 = PCURVE('',#446,#7810);
#7810 = DEFINITIONAL_REPRESENTATION('',(#7811),#7817);
#7811 = B_SPLINE_CURVE_WITH_KNOTS('',4,(#7812,#7813,#7814,#7815,#7816),
  .UNSPECIFIED.,.F.,.F.,(5,5),(0.,1.),.PIECEWISE_BEZIER_KNOTS.);
#7812 = CARTESIAN_POINT('',(0.233030329711,11.230149552205));
#7813 = CARTESIAN_POINT('',(0.227655665055,11.222901277309));
#7814 = CARTESIAN_POINT('',(0.222274642659,11.216224035797));
#7815 = CARTESIAN_POINT('',(0.216886930519,11.210168296954));
#7816 = CARTESIAN_POINT('',(0.211492218272,11.204784901871));
#7817 = ( GEOMETRIC_REPRESENTATION_CONTEXT(2) 
PARAMETRIC_REPRESENTATION_CONTEXT() REPRESENTATION_CONTEXT('2D SPACE',''
  ) );
#7818 = PCURVE('',#7819,#7826);
#7819 = B_SPLINE_SURFACE_WITH_KNOTS('',1,2,(
    (#7820,#7821,#7822)
    ,(#7823,#7824,#7825
  )),.UNSPECIFIED.,.F.,.F.,.F.,(2,2),(3,3),(3.,4.),(0.,1.),
  .PIECEWISE_BEZIER_KNOTS.);
#7820 = CARTESIAN_POINT('',(58.211648008998,12.332516779124,
    77.227722067914));
#7821 = CARTESIAN_POINT('',(81.979150372715,26.160371814666,
    76.01083222372));
#7822 = CARTESIAN_POINT('',(103.2732230797,38.120236483806,
    76.895857415592));
#7823 = CARTESIAN_POINT('',(57.733299596478,13.487352004169,
    77.252304209735));
#7824 = CARTESIAN_POINT('',(81.585486161508,27.110761292383,
    76.421065110154));
#7825 = CARTESIAN_POINT('',(103.01300079876,38.748468643682,
    77.434111547357));
#7826 = DEFINITIONAL_REPRESENTATION('',(#7827),#7833);
#7827 = B_SPLINE_CURVE_WITH_KNOTS('',4,(#7828,#7829,#7830,#7831,#7832),
  .UNSPECIFIED.,.F.,.F.,(5,5),(0.,1.),.PIECEWISE_BEZIER_KNOTS.);
#7828 = CARTESIAN_POINT('',(4.,1.35293451866E-02));
#7829 = CARTESIAN_POINT('',(3.749284042968,1.258718118688E-02));
#7830 = CARTESIAN_POINT('',(3.499026032306,1.160210719065E-02));
#7831 = CARTESIAN_POINT('',(3.24925466428,1.057394084365E-02));
#7832 = CARTESIAN_POINT('',(3.,9.502488403732E-03));
#7833 = ( GEOMETRIC_REPRESENTATION_CONTEXT(2) 
PARAMETRIC_REPRESENTATION_CONTEXT() REPRESENTATION_CONTEXT('2D SPACE',''
  ) );
#7834 = ORIENTED_EDGE('',*,*,#7835,.T.);
#7835 = EDGE_CURVE('',#7800,#6358,#7836,.T.);
#7836 = SURFACE_CURVE('',#7837,(#7843,#7852),.PCURVE_S1.);
#7837 = B_SPLINE_CURVE_WITH_KNOTS('',4,(#7838,#7839,#7840,#7841,#7842),
  .UNSPECIFIED.,.F.,.F.,(5,5),(0.,1.),.PIECEWISE_BEZIER_KNOTS.);
#7838 = CARTESIAN_POINT('',(58.663125496207,12.595146168911,
    77.204784901871));
#7839 = CARTESIAN_POINT('',(58.714918716235,12.353914179573,
    77.240748418063));
#7840 = CARTESIAN_POINT('',(58.765440075122,12.112161686091,
    77.277093203876));
#7841 = CARTESIAN_POINT('',(58.814682769703,11.869891922582,
    77.313842434947));
#7842 = CARTESIAN_POINT('',(58.862639622752,11.627108696577,
    77.351019310481));
#7843 = PCURVE('',#446,#7844);
#7844 = DEFINITIONAL_REPRESENTATION('',(#7845),#7851);
#7845 = B_SPLINE_CURVE_WITH_KNOTS('',4,(#7846,#7847,#7848,#7849,#7850),
  .UNSPECIFIED.,.F.,.F.,(5,5),(0.,1.),.PIECEWISE_BEZIER_KNOTS.);
#7846 = CARTESIAN_POINT('',(0.211492218272,11.204784901871));
#7847 = CARTESIAN_POINT('',(0.207380061149,11.240748418063));
#7848 = CARTESIAN_POINT('',(0.203263872044,11.277093203876));
#7849 = CARTESIAN_POINT('',(0.199143542055,11.313842434947));
#7850 = CARTESIAN_POINT('',(0.195018969532,11.351019310481));
#7851 = ( GEOMETRIC_REPRESENTATION_CONTEXT(2) 
PARAMETRIC_REPRESENTATION_CONTEXT() REPRESENTATION_CONTEXT('2D SPACE',''
  ) );
#7852 = PCURVE('',#7853,#7860);
#7853 = B_SPLINE_SURFACE_WITH_KNOTS('',1,2,(
    (#7854,#7855,#7856)
    ,(#7857,#7858,#7859
  )),.UNSPECIFIED.,.F.,.F.,.F.,(2,2),(3,3),(2.,3.),(0.,1.),
  .PIECEWISE_BEZIER_KNOTS.);
#7854 = CARTESIAN_POINT('',(58.574087275706,11.457510985901,
    77.369829758116));
#7855 = CARTESIAN_POINT('',(82.29417715019,25.399829895975,
    75.817065819741));
#7856 = CARTESIAN_POINT('',(103.48478354647,37.609484335655,
    76.557348497402));
#7857 = CARTESIAN_POINT('',(58.211648008998,12.332516779124,
    77.227722067914));
#7858 = CARTESIAN_POINT('',(81.979150372715,26.160371814666,
    76.01083222372));
#7859 = CARTESIAN_POINT('',(103.2732230797,38.120236483806,
    76.895857415592));
#7860 = DEFINITIONAL_REPRESENTATION('',(#7861),#7867);
#7861 = B_SPLINE_CURVE_WITH_KNOTS('',4,(#7862,#7863,#7864,#7865,#7866),
  .UNSPECIFIED.,.F.,.F.,(5,5),(0.,1.),.PIECEWISE_BEZIER_KNOTS.);
#7862 = CARTESIAN_POINT('',(3.,9.502488403732E-03));
#7863 = CARTESIAN_POINT('',(2.749462194597,8.685766291362E-03));
#7864 = CARTESIAN_POINT('',(2.499272240507,7.843900471671E-03));
#7865 = CARTESIAN_POINT('',(2.249446036146,6.976811806053E-03));
#7866 = CARTESIAN_POINT('',(2.,6.084420221006E-03));
#7867 = ( GEOMETRIC_REPRESENTATION_CONTEXT(2) 
PARAMETRIC_REPRESENTATION_CONTEXT() REPRESENTATION_CONTEXT('2D SPACE',''
  ) );
#7868 = ADVANCED_FACE('',(#7869),#418,.F.);
#7869 = FACE_BOUND('',#7870,.T.);
#7870 = EDGE_LOOP('',(#7871,#7893,#7894,#7895));
#7871 = ORIENTED_EDGE('',*,*,#7872,.T.);
#7872 = EDGE_CURVE('',#375,#1807,#7873,.T.);
#7873 = SURFACE_CURVE('',#7874,(#7879,#7886),.PCURVE_S1.);
#7874 = CIRCLE('',#7875,56.);
#7875 = AXIS2_PLACEMENT_3D('',#7876,#7877,#7878);
#7876 = CARTESIAN_POINT('',(0.,0.,66.));
#7877 = DIRECTION('',(0.,0.,1.));
#7878 = DIRECTION('',(1.,0.,-0.));
#7879 = PCURVE('',#418,#7880);
#7880 = DEFINITIONAL_REPRESENTATION('',(#7881),#7885);
#7881 = CIRCLE('',#7882,56.);
#7882 = AXIS2_PLACEMENT_2D('',#7883,#7884);
#7883 = CARTESIAN_POINT('',(0.,0.));
#7884 = DIRECTION('',(1.,-0.));
#7885 = ( GEOMETRIC_REPRESENTATION_CONTEXT(2) 
PARAMETRIC_REPRESENTATION_CONTEXT() REPRESENTATION_CONTEXT('2D SPACE',''
  ) );
#7886 = PCURVE('',#390,#7887);
#7887 = DEFINITIONAL_REPRESENTATION('',(#7888),#7892);
#7888 = LINE('',#7889,#7890);
#7889 = CARTESIAN_POINT('',(-0.,14.));
#7890 = VECTOR('',#7891,1.);
#7891 = DIRECTION('',(-1.,0.));
#7892 = ( GEOMETRIC_REPRESENTATION_CONTEXT(2) 
PARAMETRIC_REPRESENTATION_CONTEXT() REPRESENTATION_CONTEXT('2D SPACE',''
  ) );
#7893 = ORIENTED_EDGE('',*,*,#1829,.T.);
#7894 = ORIENTED_EDGE('',*,*,#3368,.F.);
#7895 = ORIENTED_EDGE('',*,*,#402,.F.);
#7896 = ADVANCED_FACE('',(#7897),#390,.F.);
#7897 = FACE_BOUND('',#7898,.T.);
#7898 = EDGE_LOOP('',(#7899,#7921,#7922,#7923));
#7899 = ORIENTED_EDGE('',*,*,#7900,.T.);
#7900 = EDGE_CURVE('',#347,#1784,#7901,.T.);
#7901 = SURFACE_CURVE('',#7902,(#7907,#7914),.PCURVE_S1.);
#7902 = CIRCLE('',#7903,44.);
#7903 = AXIS2_PLACEMENT_3D('',#7904,#7905,#7906);
#7904 = CARTESIAN_POINT('',(0.,0.,80.));
#7905 = DIRECTION('',(0.,0.,1.));
#7906 = DIRECTION('',(1.,0.,-0.));
#7907 = PCURVE('',#390,#7908);
#7908 = DEFINITIONAL_REPRESENTATION('',(#7909),#7913);
#7909 = LINE('',#7910,#7911);
#7910 = CARTESIAN_POINT('',(-0.,0.));
#7911 = VECTOR('',#7912,1.);
#7912 = DIRECTION('',(-1.,0.));
#7913 = ( GEOMETRIC_REPRESENTATION_CONTEXT(2) 
PARAMETRIC_REPRESENTATION_CONTEXT() REPRESENTATION_CONTEXT('2D SPACE',''
  ) );
#7914 = PCURVE('',#362,#7915);
#7915 = DEFINITIONAL_REPRESENTATION('',(#7916),#7920);
#7916 = LINE('',#7917,#7918);
#7917 = CARTESIAN_POINT('',(0.,8.));
#7918 = VECTOR('',#7919,1.);
#7919 = DIRECTION('',(1.,0.));
#7920 = ( GEOMETRIC_REPRESENTATION_CONTEXT(2) 
PARAMETRIC_REPRESENTATION_CONTEXT() REPRESENTATION_CONTEXT('2D SPACE',''
  ) );
#7921 = ORIENTED_EDGE('',*,*,#1806,.T.);
#7922 = ORIENTED_EDGE('',*,*,#7872,.F.);
#7923 = ORIENTED_EDGE('',*,*,#374,.F.);
#7924 = ADVANCED_FACE('',(#7925),#362,.T.);
#7925 = FACE_BOUND('',#7926,.T.);
#7926 = EDGE_LOOP('',(#7927,#7928,#7929,#7930));
#7927 = ORIENTED_EDGE('',*,*,#3201,.T.);
#7928 = ORIENTED_EDGE('',*,*,#1783,.T.);
#7929 = ORIENTED_EDGE('',*,*,#7900,.F.);
#7930 = ORIENTED_EDGE('',*,*,#346,.F.);
#7931 = ADVANCED_FACE('',(#7932),#478,.T.);
#7932 = FACE_BOUND('',#7933,.T.);
#7933 = EDGE_LOOP('',(#7934,#7957,#7958,#7959,#7982));
#7934 = ORIENTED_EDGE('',*,*,#7935,.F.);
#7935 = EDGE_CURVE('',#459,#7936,#7938,.T.);
#7936 = VERTEX_POINT('',#7937);
#7937 = CARTESIAN_POINT('',(109.43021625248,11.537718153218,
    78.169663996046));
#7938 = SURFACE_CURVE('',#7939,(#7943,#7950),.PCURVE_S1.);
#7939 = B_SPLINE_CURVE_WITH_KNOTS('',2,(#7940,#7941,#7942),
  .UNSPECIFIED.,.F.,.F.,(3,3),(0.,1.),.PIECEWISE_BEZIER_KNOTS.);
#7940 = CARTESIAN_POINT('',(59.059631400183,-0.416529934858,
    77.473369727142));
#7941 = CARTESIAN_POINT('',(85.666520813325,6.254439311918,
    77.056354542386));
#7942 = CARTESIAN_POINT('',(109.43021625248,11.537718153218,
    78.169663996046));
#7943 = PCURVE('',#478,#7944);
#7944 = DEFINITIONAL_REPRESENTATION('',(#7945),#7949);
#7945 = LINE('',#7946,#7947);
#7946 = CARTESIAN_POINT('',(5.,0.));
#7947 = VECTOR('',#7948,1.);
#7948 = DIRECTION('',(0.,1.));
#7949 = ( GEOMETRIC_REPRESENTATION_CONTEXT(2) 
PARAMETRIC_REPRESENTATION_CONTEXT() REPRESENTATION_CONTEXT('2D SPACE',''
  ) );
#7950 = PCURVE('',#520,#7951);
#7951 = DEFINITIONAL_REPRESENTATION('',(#7952),#7956);
#7952 = LINE('',#7953,#7954);
#7953 = CARTESIAN_POINT('',(5.,0.));
#7954 = VECTOR('',#7955,1.);
#7955 = DIRECTION('',(0.,1.));
#7956 = ( GEOMETRIC_REPRESENTATION_CONTEXT(2) 
PARAMETRIC_REPRESENTATION_CONTEXT() REPRESENTATION_CONTEXT('2D SPACE',''
  ) );
#7957 = ORIENTED_EDGE('',*,*,#458,.F.);
#7958 = ORIENTED_EDGE('',*,*,#6328,.F.);
#7959 = ORIENTED_EDGE('',*,*,#7960,.T.);
#7960 = EDGE_CURVE('',#6293,#7961,#7963,.T.);
#7961 = VERTEX_POINT('',#7962);
#7962 = CARTESIAN_POINT('',(109.32030272842,12.372594255664,
    79.095124364617));
#7963 = SURFACE_CURVE('',#7964,(#7968,#7975),.PCURVE_S1.);
#7964 = B_SPLINE_CURVE_WITH_KNOTS('',2,(#7965,#7966,#7967),
  .UNSPECIFIED.,.F.,.F.,(3,3),(0.,1.),.PIECEWISE_BEZIER_KNOTS.);
#7965 = CARTESIAN_POINT('',(58.835354526975,1.287022047203,
    77.91763068507));
#7966 = CARTESIAN_POINT('',(85.495541516036,7.553156012492,
    77.919515872288));
#7967 = CARTESIAN_POINT('',(109.32030272842,12.372594255664,
    79.095124364617));
#7968 = PCURVE('',#478,#7969);
#7969 = DEFINITIONAL_REPRESENTATION('',(#7970),#7974);
#7970 = LINE('',#7971,#7972);
#7971 = CARTESIAN_POINT('',(6.,0.));
#7972 = VECTOR('',#7973,1.);
#7973 = DIRECTION('',(0.,1.));
#7974 = ( GEOMETRIC_REPRESENTATION_CONTEXT(2) 
PARAMETRIC_REPRESENTATION_CONTEXT() REPRESENTATION_CONTEXT('2D SPACE',''
  ) );
#7975 = PCURVE('',#6312,#7976);
#7976 = DEFINITIONAL_REPRESENTATION('',(#7977),#7981);
#7977 = LINE('',#7978,#7979);
#7978 = CARTESIAN_POINT('',(6.,0.));
#7979 = VECTOR('',#7980,1.);
#7980 = DIRECTION('',(0.,1.));
#7981 = ( GEOMETRIC_REPRESENTATION_CONTEXT(2) 
PARAMETRIC_REPRESENTATION_CONTEXT() REPRESENTATION_CONTEXT('2D SPACE',''
  ) );
#7982 = ORIENTED_EDGE('',*,*,#7983,.F.);
#7983 = EDGE_CURVE('',#7936,#7961,#7984,.T.);
#7984 = SURFACE_CURVE('',#7985,(#7988,#7995),.PCURVE_S1.);
#7985 = B_SPLINE_CURVE_WITH_KNOTS('',1,(#7986,#7987),.UNSPECIFIED.,.F.,
  .F.,(2,2),(5.,6.),.PIECEWISE_BEZIER_KNOTS.);
#7986 = CARTESIAN_POINT('',(109.43021625248,11.537718153218,
    78.169663996046));
#7987 = CARTESIAN_POINT('',(109.32030272842,12.372594255664,
    79.095124364617));
#7988 = PCURVE('',#478,#7989);
#7989 = DEFINITIONAL_REPRESENTATION('',(#7990),#7994);
#7990 = LINE('',#7991,#7992);
#7991 = CARTESIAN_POINT('',(0.,1.));
#7992 = VECTOR('',#7993,1.);
#7993 = DIRECTION('',(1.,0.));
#7994 = ( GEOMETRIC_REPRESENTATION_CONTEXT(2) 
PARAMETRIC_REPRESENTATION_CONTEXT() REPRESENTATION_CONTEXT('2D SPACE',''
  ) );
#7995 = PCURVE('',#7996,#8001);
#7996 = PLANE('',#7997);
#7997 = AXIS2_PLACEMENT_3D('',#7998,#7999,#8000);
#7998 = CARTESIAN_POINT('',(109.77682880832,8.90493440665,
    76.473720558371));
#7999 = DIRECTION('',(-0.991444861374,-0.13052619222,0.));
#8000 = DIRECTION('',(-6.526309611003E-02,0.495722430687,0.866025403784)
  );
#8001 = DEFINITIONAL_REPRESENTATION('',(#8002),#8005);
#8002 = B_SPLINE_CURVE_WITH_KNOTS('',1,(#8003,#8004),.UNSPECIFIED.,.F.,
  .F.,(2,2),(5.,6.),.PIECEWISE_BEZIER_KNOTS.);
#8003 = CARTESIAN_POINT('',(2.796481067275,1.451760415574));
#8004 = CARTESIAN_POINT('',(4.018993364365,1.71829308987));
#8005 = ( GEOMETRIC_REPRESENTATION_CONTEXT(2) 
PARAMETRIC_REPRESENTATION_CONTEXT() REPRESENTATION_CONTEXT('2D SPACE',''
  ) );
#8006 = ADVANCED_FACE('',(#8007),#6312,.T.);
#8007 = FACE_BOUND('',#8008,.T.);
#8008 = EDGE_LOOP('',(#8009,#8010,#8011,#8034));
#8009 = ORIENTED_EDGE('',*,*,#7960,.F.);
#8010 = ORIENTED_EDGE('',*,*,#6292,.F.);
#8011 = ORIENTED_EDGE('',*,*,#8012,.T.);
#8012 = EDGE_CURVE('',#6257,#8013,#8015,.T.);
#8013 = VERTEX_POINT('',#8014);
#8014 = CARTESIAN_POINT('',(109.20667606646,13.235674440583,
    80.196995068474));
#8015 = SURFACE_CURVE('',#8016,(#8020,#8027),.PCURVE_S1.);
#8016 = B_SPLINE_CURVE_WITH_KNOTS('',2,(#8017,#8018,#8019),
  .UNSPECIFIED.,.F.,.F.,(3,3),(0.,1.),.PIECEWISE_BEZIER_KNOTS.);
#8017 = CARTESIAN_POINT('',(58.592246100227,3.13361387951,
    78.603436681754));
#8018 = CARTESIAN_POINT('',(85.316219695619,8.915240467426,
    79.004906631609));
#8019 = CARTESIAN_POINT('',(109.20667606646,13.235674440583,
    80.196995068474));
#8020 = PCURVE('',#6312,#8021);
#8021 = DEFINITIONAL_REPRESENTATION('',(#8022),#8026);
#8022 = LINE('',#8023,#8024);
#8023 = CARTESIAN_POINT('',(7.,0.));
#8024 = VECTOR('',#8025,1.);
#8025 = DIRECTION('',(0.,1.));
#8026 = ( GEOMETRIC_REPRESENTATION_CONTEXT(2) 
PARAMETRIC_REPRESENTATION_CONTEXT() REPRESENTATION_CONTEXT('2D SPACE',''
  ) );
#8027 = PCURVE('',#6276,#8028);
#8028 = DEFINITIONAL_REPRESENTATION('',(#8029),#8033);
#8029 = LINE('',#8030,#8031);
#8030 = CARTESIAN_POINT('',(7.,0.));
#8031 = VECTOR('',#8032,1.);
#8032 = DIRECTION('',(0.,1.));
#8033 = ( GEOMETRIC_REPRESENTATION_CONTEXT(2) 
PARAMETRIC_REPRESENTATION_CONTEXT() REPRESENTATION_CONTEXT('2D SPACE',''
  ) );
#8034 = ORIENTED_EDGE('',*,*,#8035,.F.);
#8035 = EDGE_CURVE('',#7961,#8013,#8036,.T.);
#8036 = SURFACE_CURVE('',#8037,(#8040,#8047),.PCURVE_S1.);
#8037 = B_SPLINE_CURVE_WITH_KNOTS('',1,(#8038,#8039),.UNSPECIFIED.,.F.,
  .F.,(2,2),(6.,7.),.PIECEWISE_BEZIER_KNOTS.);
#8038 = CARTESIAN_POINT('',(109.32030272842,12.372594255664,
    79.095124364617));
#8039 = CARTESIAN_POINT('',(109.20667606646,13.235674440583,
    80.196995068474));
#8040 = PCURVE('',#6312,#8041);
#8041 = DEFINITIONAL_REPRESENTATION('',(#8042),#8046);
#8042 = LINE('',#8043,#8044);
#8043 = CARTESIAN_POINT('',(0.,1.));
#8044 = VECTOR('',#8045,1.);
#8045 = DIRECTION('',(1.,0.));
#8046 = ( GEOMETRIC_REPRESENTATION_CONTEXT(2) 
PARAMETRIC_REPRESENTATION_CONTEXT() REPRESENTATION_CONTEXT('2D SPACE',''
  ) );
#8047 = PCURVE('',#7996,#8048);
#8048 = DEFINITIONAL_REPRESENTATION('',(#8049),#8052);
#8049 = B_SPLINE_CURVE_WITH_KNOTS('',1,(#8050,#8051),.UNSPECIFIED.,.F.,
  .F.,(2,2),(6.,7.),.PIECEWISE_BEZIER_KNOTS.);
#8050 = CARTESIAN_POINT('',(4.018993364365,1.71829308987));
#8051 = CARTESIAN_POINT('',(5.408505220497,1.921256814696));
#8052 = ( GEOMETRIC_REPRESENTATION_CONTEXT(2) 
PARAMETRIC_REPRESENTATION_CONTEXT() REPRESENTATION_CONTEXT('2D SPACE',''
  ) );
#8053 = ADVANCED_FACE('',(#8054),#6276,.T.);
#8054 = FACE_BOUND('',#8055,.T.);
#8055 = EDGE_LOOP('',(#8056,#8057,#8058,#8081));
#8056 = ORIENTED_EDGE('',*,*,#8012,.F.);
#8057 = ORIENTED_EDGE('',*,*,#6256,.F.);
#8058 = ORIENTED_EDGE('',*,*,#8059,.T.);
#8059 = EDGE_CURVE('',#6221,#8060,#8062,.T.);
#8060 = VERTEX_POINT('',#8061);
#8061 = CARTESIAN_POINT('',(109.09386763554,14.092539543663,
    81.455137690848));
#8062 = SURFACE_CURVE('',#8063,(#8067,#8074),.PCURVE_S1.);
#8063 = B_SPLINE_CURVE_WITH_KNOTS('',2,(#8064,#8065,#8066),
  .UNSPECIFIED.,.F.,.F.,(3,3),(0.,1.),.PIECEWISE_BEZIER_KNOTS.);
#8064 = CARTESIAN_POINT('',(58.339113765671,5.056344850773,
    79.536553820928));
#8065 = CARTESIAN_POINT('',(85.135388268759,10.288791521707,
    80.296835066466));
#8066 = CARTESIAN_POINT('',(109.09386763554,14.092539543663,
    81.455137690848));
#8067 = PCURVE('',#6276,#8068);
#8068 = DEFINITIONAL_REPRESENTATION('',(#8069),#8073);
#8069 = LINE('',#8070,#8071);
#8070 = CARTESIAN_POINT('',(8.,0.));
#8071 = VECTOR('',#8072,1.);
#8072 = DIRECTION('',(0.,1.));
#8073 = ( GEOMETRIC_REPRESENTATION_CONTEXT(2) 
PARAMETRIC_REPRESENTATION_CONTEXT() REPRESENTATION_CONTEXT('2D SPACE',''
  ) );
#8074 = PCURVE('',#6240,#8075);
#8075 = DEFINITIONAL_REPRESENTATION('',(#8076),#8080);
#8076 = LINE('',#8077,#8078);
#8077 = CARTESIAN_POINT('',(8.,0.));
#8078 = VECTOR('',#8079,1.);
#8079 = DIRECTION('',(0.,1.));
#8080 = ( GEOMETRIC_REPRESENTATION_CONTEXT(2) 
PARAMETRIC_REPRESENTATION_CONTEXT() REPRESENTATION_CONTEXT('2D SPACE',''
  ) );
#8081 = ORIENTED_EDGE('',*,*,#8082,.F.);
#8082 = EDGE_CURVE('',#8013,#8060,#8083,.T.);
#8083 = SURFACE_CURVE('',#8084,(#8087,#8094),.PCURVE_S1.);
#8084 = B_SPLINE_CURVE_WITH_KNOTS('',1,(#8085,#8086),.UNSPECIFIED.,.F.,
  .F.,(2,2),(7.,8.),.PIECEWISE_BEZIER_KNOTS.);
#8085 = CARTESIAN_POINT('',(109.20667606646,13.235674440583,
    80.196995068474));
#8086 = CARTESIAN_POINT('',(109.09386763554,14.092539543663,
    81.455137690848));
#8087 = PCURVE('',#6276,#8088);
#8088 = DEFINITIONAL_REPRESENTATION('',(#8089),#8093);
#8089 = LINE('',#8090,#8091);
#8090 = CARTESIAN_POINT('',(0.,1.));
#8091 = VECTOR('',#8092,1.);
#8092 = DIRECTION('',(1.,0.));
#8093 = ( GEOMETRIC_REPRESENTATION_CONTEXT(2) 
PARAMETRIC_REPRESENTATION_CONTEXT() REPRESENTATION_CONTEXT('2D SPACE',''
  ) );
#8094 = PCURVE('',#7996,#8095);
#8095 = DEFINITIONAL_REPRESENTATION('',(#8096),#8099);
#8096 = B_SPLINE_CURVE_WITH_KNOTS('',1,(#8097,#8098),.UNSPECIFIED.,.F.,
  .F.,(2,2),(7.,8.),.PIECEWISE_BEZIER_KNOTS.);
#8097 = CARTESIAN_POINT('',(5.408505220497,1.921256814696));
#8098 = CARTESIAN_POINT('',(6.930218172195,2.040655716825));
#8099 = ( GEOMETRIC_REPRESENTATION_CONTEXT(2) 
PARAMETRIC_REPRESENTATION_CONTEXT() REPRESENTATION_CONTEXT('2D SPACE',''
  ) );
#8100 = ADVANCED_FACE('',(#8101),#6240,.T.);
#8101 = FACE_BOUND('',#8102,.T.);
#8102 = EDGE_LOOP('',(#8103,#8104,#8105,#8128));
#8103 = ORIENTED_EDGE('',*,*,#8059,.F.);
#8104 = ORIENTED_EDGE('',*,*,#6220,.F.);
#8105 = ORIENTED_EDGE('',*,*,#8106,.T.);
#8106 = EDGE_CURVE('',#6185,#8107,#8109,.T.);
#8107 = VERTEX_POINT('',#8108);
#8108 = CARTESIAN_POINT('',(108.98595564708,14.912212473843,
    82.842968858058));
#8109 = SURFACE_CURVE('',#8110,(#8114,#8121),.PCURVE_S1.);
#8110 = B_SPLINE_CURVE_WITH_KNOTS('',2,(#8111,#8112,#8113),
  .UNSPECIFIED.,.F.,.F.,(3,3),(0.,1.),.PIECEWISE_BEZIER_KNOTS.);
#8111 = CARTESIAN_POINT('',(58.084710160958,6.988732077571,
    80.707706764192));
#8112 = CARTESIAN_POINT('',(84.959358975271,11.625866751679,
    81.769320764642));
#8113 = CARTESIAN_POINT('',(108.98595564708,14.912212473843,
    82.842968858058));
#8114 = PCURVE('',#6240,#8115);
#8115 = DEFINITIONAL_REPRESENTATION('',(#8116),#8120);
#8116 = LINE('',#8117,#8118);
#8117 = CARTESIAN_POINT('',(9.,0.));
#8118 = VECTOR('',#8119,1.);
#8119 = DIRECTION('',(0.,1.));
#8120 = ( GEOMETRIC_REPRESENTATION_CONTEXT(2) 
PARAMETRIC_REPRESENTATION_CONTEXT() REPRESENTATION_CONTEXT('2D SPACE',''
  ) );
#8121 = PCURVE('',#6204,#8122);
#8122 = DEFINITIONAL_REPRESENTATION('',(#8123),#8127);
#8123 = LINE('',#8124,#8125);
#8124 = CARTESIAN_POINT('',(9.,0.));
#8125 = VECTOR('',#8126,1.);
#8126 = DIRECTION('',(0.,1.));
#8127 = ( GEOMETRIC_REPRESENTATION_CONTEXT(2) 
PARAMETRIC_REPRESENTATION_CONTEXT() REPRESENTATION_CONTEXT('2D SPACE',''
  ) );
#8128 = ORIENTED_EDGE('',*,*,#8129,.F.);
#8129 = EDGE_CURVE('',#8060,#8107,#8130,.T.);
#8130 = SURFACE_CURVE('',#8131,(#8134,#8141),.PCURVE_S1.);
#8131 = B_SPLINE_CURVE_WITH_KNOTS('',1,(#8132,#8133),.UNSPECIFIED.,.F.,
  .F.,(2,2),(8.,9.),.PIECEWISE_BEZIER_KNOTS.);
#8132 = CARTESIAN_POINT('',(109.09386763554,14.092539543663,
    81.455137690848));
#8133 = CARTESIAN_POINT('',(108.98595564708,14.912212473843,
    82.842968858058));
#8134 = PCURVE('',#6240,#8135);
#8135 = DEFINITIONAL_REPRESENTATION('',(#8136),#8140);
#8136 = LINE('',#8137,#8138);
#8137 = CARTESIAN_POINT('',(0.,1.));
#8138 = VECTOR('',#8139,1.);
#8139 = DIRECTION('',(1.,0.));
#8140 = ( GEOMETRIC_REPRESENTATION_CONTEXT(2) 
PARAMETRIC_REPRESENTATION_CONTEXT() REPRESENTATION_CONTEXT('2D SPACE',''
  ) );
#8141 = PCURVE('',#7996,#8142);
#8142 = DEFINITIONAL_REPRESENTATION('',(#8143),#8146);
#8143 = B_SPLINE_CURVE_WITH_KNOTS('',1,(#8144,#8145),.UNSPECIFIED.,.F.,
  .F.,(2,2),(8.,9.),.PIECEWISE_BEZIER_KNOTS.);
#8144 = CARTESIAN_POINT('',(6.930218172195,2.040655716825));
#8145 = CARTESIAN_POINT('',(8.545488146954,2.062723046628));
#8146 = ( GEOMETRIC_REPRESENTATION_CONTEXT(2) 
PARAMETRIC_REPRESENTATION_CONTEXT() REPRESENTATION_CONTEXT('2D SPACE',''
  ) );
#8147 = ADVANCED_FACE('',(#8148),#6204,.T.);
#8148 = FACE_BOUND('',#8149,.T.);
#8149 = EDGE_LOOP('',(#8150,#8151,#8152,#8175));
#8150 = ORIENTED_EDGE('',*,*,#8106,.F.);
#8151 = ORIENTED_EDGE('',*,*,#6184,.F.);
#8152 = ORIENTED_EDGE('',*,*,#8153,.T.);
#8153 = EDGE_CURVE('',#6149,#8154,#8156,.T.);
#8154 = VERTEX_POINT('',#8155);
#8155 = CARTESIAN_POINT('',(108.88584344339,15.672640156709,
    84.303429998749));
#8156 = SURFACE_CURVE('',#8157,(#8161,#8168),.PCURVE_S1.);
#8157 = B_SPLINE_CURVE_WITH_KNOTS('',2,(#8158,#8159,#8160),
  .UNSPECIFIED.,.F.,.F.,(3,3),(0.,1.),.PIECEWISE_BEZIER_KNOTS.);
#8158 = CARTESIAN_POINT('',(57.841430678157,8.836623209599,
    82.034934207004));
#8159 = CARTESIAN_POINT('',(84.794114096736,12.881026217424,
    83.343201516549));
#8160 = CARTESIAN_POINT('',(108.88584344339,15.672640156709,
    84.303429998749));
#8161 = PCURVE('',#6204,#8162);
#8162 = DEFINITIONAL_REPRESENTATION('',(#8163),#8167);
#8163 = LINE('',#8164,#8165);
#8164 = CARTESIAN_POINT('',(10.,0.));
#8165 = VECTOR('',#8166,1.);
#8166 = DIRECTION('',(0.,1.));
#8167 = ( GEOMETRIC_REPRESENTATION_CONTEXT(2) 
PARAMETRIC_REPRESENTATION_CONTEXT() REPRESENTATION_CONTEXT('2D SPACE',''
  ) );
#8168 = PCURVE('',#6168,#8169);
#8169 = DEFINITIONAL_REPRESENTATION('',(#8170),#8174);
#8170 = LINE('',#8171,#8172);
#8171 = CARTESIAN_POINT('',(10.,0.));
#8172 = VECTOR('',#8173,1.);
#8173 = DIRECTION('',(0.,1.));
#8174 = ( GEOMETRIC_REPRESENTATION_CONTEXT(2) 
PARAMETRIC_REPRESENTATION_CONTEXT() REPRESENTATION_CONTEXT('2D SPACE',''
  ) );
#8175 = ORIENTED_EDGE('',*,*,#8176,.F.);
#8176 = EDGE_CURVE('',#8107,#8154,#8177,.T.);
#8177 = SURFACE_CURVE('',#8178,(#8181,#8188),.PCURVE_S1.);
#8178 = B_SPLINE_CURVE_WITH_KNOTS('',1,(#8179,#8180),.UNSPECIFIED.,.F.,
  .F.,(2,2),(9.,10.),.PIECEWISE_BEZIER_KNOTS.);
#8179 = CARTESIAN_POINT('',(108.98595564708,14.912212473843,
    82.842968858058));
#8180 = CARTESIAN_POINT('',(108.88584344339,15.672640156709,
    84.303429998749));
#8181 = PCURVE('',#6204,#8182);
#8182 = DEFINITIONAL_REPRESENTATION('',(#8183),#8187);
#8183 = LINE('',#8184,#8185);
#8184 = CARTESIAN_POINT('',(0.,1.));
#8185 = VECTOR('',#8186,1.);
#8186 = DIRECTION('',(1.,0.));
#8187 = ( GEOMETRIC_REPRESENTATION_CONTEXT(2) 
PARAMETRIC_REPRESENTATION_CONTEXT() REPRESENTATION_CONTEXT('2D SPACE',''
  ) );
#8188 = PCURVE('',#7996,#8189);
#8189 = DEFINITIONAL_REPRESENTATION('',(#8190),#8193);
#8190 = B_SPLINE_CURVE_WITH_KNOTS('',1,(#8191,#8192),.UNSPECIFIED.,.F.,
  .F.,(2,2),(9.,10.),.PIECEWISE_BEZIER_KNOTS.);
#8191 = CARTESIAN_POINT('',(8.545488146954,2.062723046628));
#8192 = CARTESIAN_POINT('',(10.193779287715,1.996724766711));
#8193 = ( GEOMETRIC_REPRESENTATION_CONTEXT(2) 
PARAMETRIC_REPRESENTATION_CONTEXT() REPRESENTATION_CONTEXT('2D SPACE',''
  ) );
#8194 = ADVANCED_FACE('',(#8195),#6168,.T.);
#8195 = FACE_BOUND('',#8196,.T.);
#8196 = EDGE_LOOP('',(#8197,#8198,#8199,#8222));
#8197 = ORIENTED_EDGE('',*,*,#8153,.F.);
#8198 = ORIENTED_EDGE('',*,*,#6148,.F.);
#8199 = ORIENTED_EDGE('',*,*,#8200,.T.);
#8200 = EDGE_CURVE('',#6113,#8201,#8203,.T.);
#8201 = VERTEX_POINT('',#8202);
#8202 = CARTESIAN_POINT('',(108.79159030245,16.388563839642,
    85.803230313802));
#8203 = SURFACE_CURVE('',#8204,(#8208,#8215),.PCURVE_S1.);
#8204 = B_SPLINE_CURVE_WITH_KNOTS('',2,(#8205,#8206,#8207),
  .UNSPECIFIED.,.F.,.F.,(3,3),(0.,1.),.PIECEWISE_BEZIER_KNOTS.);
#8205 = CARTESIAN_POINT('',(57.605732231032,10.626930658704,
    83.464505093504));
#8206 = CARTESIAN_POINT('',(84.636873720633,14.075385450892,
    84.980050506975));
#8207 = CARTESIAN_POINT('',(108.79159030245,16.388563839642,
    85.803230313802));
#8208 = PCURVE('',#6168,#8209);
#8209 = DEFINITIONAL_REPRESENTATION('',(#8210),#8214);
#8210 = LINE('',#8211,#8212);
#8211 = CARTESIAN_POINT('',(11.,0.));
#8212 = VECTOR('',#8213,1.);
#8213 = DIRECTION('',(0.,1.));
#8214 = ( GEOMETRIC_REPRESENTATION_CONTEXT(2) 
PARAMETRIC_REPRESENTATION_CONTEXT() REPRESENTATION_CONTEXT('2D SPACE',''
  ) );
#8215 = PCURVE('',#6132,#8216);
#8216 = DEFINITIONAL_REPRESENTATION('',(#8217),#8221);
#8217 = LINE('',#8218,#8219);
#8218 = CARTESIAN_POINT('',(11.,0.));
#8219 = VECTOR('',#8220,1.);
#8220 = DIRECTION('',(0.,1.));
#8221 = ( GEOMETRIC_REPRESENTATION_CONTEXT(2) 
PARAMETRIC_REPRESENTATION_CONTEXT() REPRESENTATION_CONTEXT('2D SPACE',''
  ) );
#8222 = ORIENTED_EDGE('',*,*,#8223,.F.);
#8223 = EDGE_CURVE('',#8154,#8201,#8224,.T.);
#8224 = SURFACE_CURVE('',#8225,(#8228,#8235),.PCURVE_S1.);
#8225 = B_SPLINE_CURVE_WITH_KNOTS('',1,(#8226,#8227),.UNSPECIFIED.,.F.,
  .F.,(2,2),(10.,11.),.PIECEWISE_BEZIER_KNOTS.);
#8226 = CARTESIAN_POINT('',(108.88584344339,15.672640156709,
    84.303429998749));
#8227 = CARTESIAN_POINT('',(108.79159030245,16.388563839642,
    85.803230313802));
#8228 = PCURVE('',#6168,#8229);
#8229 = DEFINITIONAL_REPRESENTATION('',(#8230),#8234);
#8230 = LINE('',#8231,#8232);
#8231 = CARTESIAN_POINT('',(0.,1.));
#8232 = VECTOR('',#8233,1.);
#8233 = DIRECTION('',(1.,0.));
#8234 = ( GEOMETRIC_REPRESENTATION_CONTEXT(2) 
PARAMETRIC_REPRESENTATION_CONTEXT() REPRESENTATION_CONTEXT('2D SPACE',''
  ) );
#8235 = PCURVE('',#7996,#8236);
#8236 = DEFINITIONAL_REPRESENTATION('',(#8237),#8240);
#8237 = B_SPLINE_CURVE_WITH_KNOTS('',1,(#8238,#8239),.UNSPECIFIED.,.F.,
  .F.,(2,2),(10.,11.),.PIECEWISE_BEZIER_KNOTS.);
#8238 = CARTESIAN_POINT('',(10.193779287715,1.996724766711));
#8239 = CARTESIAN_POINT('',(11.853695141241,1.8721827312));
#8240 = ( GEOMETRIC_REPRESENTATION_CONTEXT(2) 
PARAMETRIC_REPRESENTATION_CONTEXT() REPRESENTATION_CONTEXT('2D SPACE',''
  ) );
#8241 = ADVANCED_FACE('',(#8242),#6132,.T.);
#8242 = FACE_BOUND('',#8243,.T.);
#8243 = EDGE_LOOP('',(#8244,#8245,#8246,#8269));
#8244 = ORIENTED_EDGE('',*,*,#8200,.F.);
#8245 = ORIENTED_EDGE('',*,*,#6112,.F.);
#8246 = ORIENTED_EDGE('',*,*,#8247,.T.);
#8247 = EDGE_CURVE('',#6077,#8248,#8250,.T.);
#8248 = VERTEX_POINT('',#8249);
#8249 = CARTESIAN_POINT('',(108.70455446148,17.04966668668,
    87.308575522958));
#8250 = SURFACE_CURVE('',#8251,(#8255,#8262),.PCURVE_S1.);
#8251 = B_SPLINE_CURVE_WITH_KNOTS('',2,(#8252,#8253,#8254),
  .UNSPECIFIED.,.F.,.F.,(3,3),(0.,1.),.PIECEWISE_BEZIER_KNOTS.);
#8252 = CARTESIAN_POINT('',(57.381262574135,12.331946978267,
    84.959215502296));
#8253 = CARTESIAN_POINT('',(84.489923832003,15.191580671817,
    86.641955762793));
#8254 = CARTESIAN_POINT('',(108.70455446148,17.04966668668,
    87.308575522958));
#8255 = PCURVE('',#6132,#8256);
#8256 = DEFINITIONAL_REPRESENTATION('',(#8257),#8261);
#8257 = LINE('',#8258,#8259);
#8258 = CARTESIAN_POINT('',(12.,0.));
#8259 = VECTOR('',#8260,1.);
#8260 = DIRECTION('',(0.,1.));
#8261 = ( GEOMETRIC_REPRESENTATION_CONTEXT(2) 
PARAMETRIC_REPRESENTATION_CONTEXT() REPRESENTATION_CONTEXT('2D SPACE',''
  ) );
#8262 = PCURVE('',#6096,#8263);
#8263 = DEFINITIONAL_REPRESENTATION('',(#8264),#8268);
#8264 = LINE('',#8265,#8266);
#8265 = CARTESIAN_POINT('',(12.,0.));
#8266 = VECTOR('',#8267,1.);
#8267 = DIRECTION('',(0.,1.));
#8268 = ( GEOMETRIC_REPRESENTATION_CONTEXT(2) 
PARAMETRIC_REPRESENTATION_CONTEXT() REPRESENTATION_CONTEXT('2D SPACE',''
  ) );
#8269 = ORIENTED_EDGE('',*,*,#8270,.F.);
#8270 = EDGE_CURVE('',#8201,#8248,#8271,.T.);
#8271 = SURFACE_CURVE('',#8272,(#8275,#8282),.PCURVE_S1.);
#8272 = B_SPLINE_CURVE_WITH_KNOTS('',1,(#8273,#8274),.UNSPECIFIED.,.F.,
  .F.,(2,2),(11.,12.),.PIECEWISE_BEZIER_KNOTS.);
#8273 = CARTESIAN_POINT('',(108.79159030245,16.388563839642,
    85.803230313802));
#8274 = CARTESIAN_POINT('',(108.70455446148,17.04966668668,
    87.308575522958));
#8275 = PCURVE('',#6132,#8276);
#8276 = DEFINITIONAL_REPRESENTATION('',(#8277),#8281);
#8277 = LINE('',#8278,#8279);
#8278 = CARTESIAN_POINT('',(0.,1.));
#8279 = VECTOR('',#8280,1.);
#8280 = DIRECTION('',(1.,0.));
#8281 = ( GEOMETRIC_REPRESENTATION_CONTEXT(2) 
PARAMETRIC_REPRESENTATION_CONTEXT() REPRESENTATION_CONTEXT('2D SPACE',''
  ) );
#8282 = PCURVE('',#7996,#8283);
#8283 = DEFINITIONAL_REPRESENTATION('',(#8284),#8287);
#8284 = B_SPLINE_CURVE_WITH_KNOTS('',1,(#8285,#8286),.UNSPECIFIED.,.F.,
  .F.,(2,2),(11.,12.),.PIECEWISE_BEZIER_KNOTS.);
#8285 = CARTESIAN_POINT('',(11.853695141241,1.8721827312));
#8286 = CARTESIAN_POINT('',(13.490766072558,1.696982341522));
#8287 = ( GEOMETRIC_REPRESENTATION_CONTEXT(2) 
PARAMETRIC_REPRESENTATION_CONTEXT() REPRESENTATION_CONTEXT('2D SPACE',''
  ) );
#8288 = ADVANCED_FACE('',(#8289),#6096,.T.);
#8289 = FACE_BOUND('',#8290,.T.);
#8290 = EDGE_LOOP('',(#8291,#8292,#8293,#8316));
#8291 = ORIENTED_EDGE('',*,*,#8247,.F.);
#8292 = ORIENTED_EDGE('',*,*,#6076,.F.);
#8293 = ORIENTED_EDGE('',*,*,#8294,.T.);
#8294 = EDGE_CURVE('',#6041,#8295,#8297,.T.);
#8295 = VERTEX_POINT('',#8296);
#8296 = CARTESIAN_POINT('',(108.62599393657,17.646393116856,
    88.782166444134));
#8297 = SURFACE_CURVE('',#8298,(#8302,#8309),.PCURVE_S1.);
#8298 = B_SPLINE_CURVE_WITH_KNOTS('',2,(#8299,#8300,#8301),
  .UNSPECIFIED.,.F.,.F.,(3,3),(0.,1.),.PIECEWISE_BEZIER_KNOTS.);
#8299 = CARTESIAN_POINT('',(57.172287213955,13.91927242981,
    86.473422977206));
#8300 = CARTESIAN_POINT('',(84.355606237999,16.211824088884,
    88.284594664473));
#8301 = CARTESIAN_POINT('',(108.62599393657,17.646393116856,
    88.782166444134));
#8302 = PCURVE('',#6096,#8303);
#8303 = DEFINITIONAL_REPRESENTATION('',(#8304),#8308);
#8304 = LINE('',#8305,#8306);
#8305 = CARTESIAN_POINT('',(13.,0.));
#8306 = VECTOR('',#8307,1.);
#8307 = DIRECTION('',(0.,1.));
#8308 = ( GEOMETRIC_REPRESENTATION_CONTEXT(2) 
PARAMETRIC_REPRESENTATION_CONTEXT() REPRESENTATION_CONTEXT('2D SPACE',''
  ) );
#8309 = PCURVE('',#6060,#8310);
#8310 = DEFINITIONAL_REPRESENTATION('',(#8311),#8315);
#8311 = LINE('',#8312,#8313);
#8312 = CARTESIAN_POINT('',(13.,0.));
#8313 = VECTOR('',#8314,1.);
#8314 = DIRECTION('',(0.,1.));
#8315 = ( GEOMETRIC_REPRESENTATION_CONTEXT(2) 
PARAMETRIC_REPRESENTATION_CONTEXT() REPRESENTATION_CONTEXT('2D SPACE',''
  ) );
#8316 = ORIENTED_EDGE('',*,*,#8317,.F.);
#8317 = EDGE_CURVE('',#8248,#8295,#8318,.T.);
#8318 = SURFACE_CURVE('',#8319,(#8322,#8329),.PCURVE_S1.);
#8319 = B_SPLINE_CURVE_WITH_KNOTS('',1,(#8320,#8321),.UNSPECIFIED.,.F.,
  .F.,(2,2),(12.,13.),.PIECEWISE_BEZIER_KNOTS.);
#8320 = CARTESIAN_POINT('',(108.70455446148,17.04966668668,
    87.308575522958));
#8321 = CARTESIAN_POINT('',(108.62599393657,17.646393116856,
    88.782166444134));
#8322 = PCURVE('',#6096,#8323);
#8323 = DEFINITIONAL_REPRESENTATION('',(#8324),#8328);
#8324 = LINE('',#8325,#8326);
#8325 = CARTESIAN_POINT('',(0.,1.));
#8326 = VECTOR('',#8327,1.);
#8327 = DIRECTION('',(1.,0.));
#8328 = ( GEOMETRIC_REPRESENTATION_CONTEXT(2) 
PARAMETRIC_REPRESENTATION_CONTEXT() REPRESENTATION_CONTEXT('2D SPACE',''
  ) );
#8329 = PCURVE('',#7996,#8330);
#8330 = DEFINITIONAL_REPRESENTATION('',(#8331),#8334);
#8331 = B_SPLINE_CURVE_WITH_KNOTS('',1,(#8332,#8333),.UNSPECIFIED.,.F.,
  .F.,(2,2),(12.,13.),.PIECEWISE_BEZIER_KNOTS.);
#8332 = CARTESIAN_POINT('',(13.490766072558,1.696982341522));
#8333 = CARTESIAN_POINT('',(15.067871024591,1.481426404962));
#8334 = ( GEOMETRIC_REPRESENTATION_CONTEXT(2) 
PARAMETRIC_REPRESENTATION_CONTEXT() REPRESENTATION_CONTEXT('2D SPACE',''
  ) );
#8335 = ADVANCED_FACE('',(#8336),#6060,.T.);
#8336 = FACE_BOUND('',#8337,.T.);
#8337 = EDGE_LOOP('',(#8338,#8339,#8340,#8363));
#8338 = ORIENTED_EDGE('',*,*,#8294,.F.);
#8339 = ORIENTED_EDGE('',*,*,#6040,.F.);
#8340 = ORIENTED_EDGE('',*,*,#8341,.T.);
#8341 = EDGE_CURVE('',#6005,#8342,#8344,.T.);
#8342 = VERTEX_POINT('',#8343);
#8343 = CARTESIAN_POINT('',(108.55677686393,18.172148981018,
    90.187211617259));
#8344 = SURFACE_CURVE('',#8345,(#8349,#8356),.PCURVE_S1.);
#8345 = B_SPLINE_CURVE_WITH_KNOTS('',2,(#8346,#8347,#8348),
  .UNSPECIFIED.,.F.,.F.,(3,3),(0.,1.),.PIECEWISE_BEZIER_KNOTS.);
#8346 = CARTESIAN_POINT('',(56.982346900663,15.362012345672,
    87.959812804482));
#8347 = CARTESIAN_POINT('',(84.23570209701,17.122586460938,
    89.863746384998));
#8348 = CARTESIAN_POINT('',(108.55677686393,18.172148981018,
    90.187211617259));
#8349 = PCURVE('',#6060,#8350);
#8350 = DEFINITIONAL_REPRESENTATION('',(#8351),#8355);
#8351 = LINE('',#8352,#8353);
#8352 = CARTESIAN_POINT('',(14.,0.));
#8353 = VECTOR('',#8354,1.);
#8354 = DIRECTION('',(0.,1.));
#8355 = ( GEOMETRIC_REPRESENTATION_CONTEXT(2) 
PARAMETRIC_REPRESENTATION_CONTEXT() REPRESENTATION_CONTEXT('2D SPACE',''
  ) );
#8356 = PCURVE('',#6024,#8357);
#8357 = DEFINITIONAL_REPRESENTATION('',(#8358),#8362);
#8358 = LINE('',#8359,#8360);
#8359 = CARTESIAN_POINT('',(14.,0.));
#8360 = VECTOR('',#8361,1.);
#8361 = DIRECTION('',(0.,1.));
#8362 = ( GEOMETRIC_REPRESENTATION_CONTEXT(2) 
PARAMETRIC_REPRESENTATION_CONTEXT() REPRESENTATION_CONTEXT('2D SPACE',''
  ) );
#8363 = ORIENTED_EDGE('',*,*,#8364,.F.);
#8364 = EDGE_CURVE('',#8295,#8342,#8365,.T.);
#8365 = SURFACE_CURVE('',#8366,(#8369,#8376),.PCURVE_S1.);
#8366 = B_SPLINE_CURVE_WITH_KNOTS('',1,(#8367,#8368),.UNSPECIFIED.,.F.,
  .F.,(2,2),(13.,14.),.PIECEWISE_BEZIER_KNOTS.);
#8367 = CARTESIAN_POINT('',(108.62599393657,17.646393116856,
    88.782166444134));
#8368 = CARTESIAN_POINT('',(108.55677686393,18.172148981018,
    90.187211617259));
#8369 = PCURVE('',#6060,#8370);
#8370 = DEFINITIONAL_REPRESENTATION('',(#8371),#8375);
#8371 = LINE('',#8372,#8373);
#8372 = CARTESIAN_POINT('',(0.,1.));
#8373 = VECTOR('',#8374,1.);
#8374 = DIRECTION('',(1.,0.));
#8375 = ( GEOMETRIC_REPRESENTATION_CONTEXT(2) 
PARAMETRIC_REPRESENTATION_CONTEXT() REPRESENTATION_CONTEXT('2D SPACE',''
  ) );
#8376 = PCURVE('',#7996,#8377);
#8377 = DEFINITIONAL_REPRESENTATION('',(#8378),#8381);
#8378 = B_SPLINE_CURVE_WITH_KNOTS('',1,(#8379,#8380),.UNSPECIFIED.,.F.,
  .F.,(2,2),(13.,14.),.PIECEWISE_BEZIER_KNOTS.);
#8379 = CARTESIAN_POINT('',(15.067871024591,1.481426404962));
#8380 = CARTESIAN_POINT('',(16.549822133377,1.238150673461));
#8381 = ( GEOMETRIC_REPRESENTATION_CONTEXT(2) 
PARAMETRIC_REPRESENTATION_CONTEXT() REPRESENTATION_CONTEXT('2D SPACE',''
  ) );
#8382 = ADVANCED_FACE('',(#8383),#6024,.T.);
#8383 = FACE_BOUND('',#8384,.T.);
#8384 = EDGE_LOOP('',(#8385,#8386,#8387,#8410));
#8385 = ORIENTED_EDGE('',*,*,#8341,.F.);
#8386 = ORIENTED_EDGE('',*,*,#6004,.F.);
#8387 = ORIENTED_EDGE('',*,*,#8388,.T.);
#8388 = EDGE_CURVE('',#5969,#8389,#8391,.T.);
#8389 = VERTEX_POINT('',#8390);
#8390 = CARTESIAN_POINT('',(108.49739960618,18.623164030776,
    91.488342166972));
#8391 = SURFACE_CURVE('',#8392,(#8396,#8403),.PCURVE_S1.);
#8392 = B_SPLINE_CURVE_WITH_KNOTS('',2,(#8393,#8394,#8395),
  .UNSPECIFIED.,.F.,.F.,(3,3),(0.,1.),.PIECEWISE_BEZIER_KNOTS.);
#8393 = CARTESIAN_POINT('',(56.814245152643,16.63887188955,
    89.370877068045));
#8394 = CARTESIAN_POINT('',(84.131444262837,17.914503333641,
    91.336443824057));
#8395 = CARTESIAN_POINT('',(108.49739960618,18.623164030776,
    91.488342166972));
#8396 = PCURVE('',#6024,#8397);
#8397 = DEFINITIONAL_REPRESENTATION('',(#8398),#8402);
#8398 = LINE('',#8399,#8400);
#8399 = CARTESIAN_POINT('',(15.,0.));
#8400 = VECTOR('',#8401,1.);
#8401 = DIRECTION('',(0.,1.));
#8402 = ( GEOMETRIC_REPRESENTATION_CONTEXT(2) 
PARAMETRIC_REPRESENTATION_CONTEXT() REPRESENTATION_CONTEXT('2D SPACE',''
  ) );
#8403 = PCURVE('',#5988,#8404);
#8404 = DEFINITIONAL_REPRESENTATION('',(#8405),#8409);
#8405 = LINE('',#8406,#8407);
#8406 = CARTESIAN_POINT('',(15.,0.));
#8407 = VECTOR('',#8408,1.);
#8408 = DIRECTION('',(0.,1.));
#8409 = ( GEOMETRIC_REPRESENTATION_CONTEXT(2) 
PARAMETRIC_REPRESENTATION_CONTEXT() REPRESENTATION_CONTEXT('2D SPACE',''
  ) );
#8410 = ORIENTED_EDGE('',*,*,#8411,.F.);
#8411 = EDGE_CURVE('',#8342,#8389,#8412,.T.);
#8412 = SURFACE_CURVE('',#8413,(#8416,#8423),.PCURVE_S1.);
#8413 = B_SPLINE_CURVE_WITH_KNOTS('',1,(#8414,#8415),.UNSPECIFIED.,.F.,
  .F.,(2,2),(14.,15.),.PIECEWISE_BEZIER_KNOTS.);
#8414 = CARTESIAN_POINT('',(108.55677686393,18.172148981018,
    90.187211617259));
#8415 = CARTESIAN_POINT('',(108.49739960618,18.623164030776,
    91.488342166972));
#8416 = PCURVE('',#6024,#8417);
#8417 = DEFINITIONAL_REPRESENTATION('',(#8418),#8422);
#8418 = LINE('',#8419,#8420);
#8419 = CARTESIAN_POINT('',(0.,1.));
#8420 = VECTOR('',#8421,1.);
#8421 = DIRECTION('',(1.,0.));
#8422 = ( GEOMETRIC_REPRESENTATION_CONTEXT(2) 
PARAMETRIC_REPRESENTATION_CONTEXT() REPRESENTATION_CONTEXT('2D SPACE',''
  ) );
#8423 = PCURVE('',#7996,#8424);
#8424 = DEFINITIONAL_REPRESENTATION('',(#8425),#8428);
#8425 = B_SPLINE_CURVE_WITH_KNOTS('',1,(#8426,#8427),.UNSPECIFIED.,.F.,
  .F.,(2,2),(14.,15.),.PIECEWISE_BEZIER_KNOTS.);
#8426 = CARTESIAN_POINT('',(16.549822133377,1.238150673461));
#8427 = CARTESIAN_POINT('',(17.90408766349,0.98154627913));
#8428 = ( GEOMETRIC_REPRESENTATION_CONTEXT(2) 
PARAMETRIC_REPRESENTATION_CONTEXT() REPRESENTATION_CONTEXT('2D SPACE',''
  ) );
#8429 = ADVANCED_FACE('',(#8430),#5988,.T.);
#8430 = FACE_BOUND('',#8431,.T.);
#8431 = EDGE_LOOP('',(#8432,#8433,#8434,#8457));
#8432 = ORIENTED_EDGE('',*,*,#8388,.F.);
#8433 = ORIENTED_EDGE('',*,*,#5968,.F.);
#8434 = ORIENTED_EDGE('',*,*,#8435,.T.);
#8435 = EDGE_CURVE('',#5933,#8436,#8438,.T.);
#8436 = VERTEX_POINT('',#8437);
#8437 = CARTESIAN_POINT('',(108.44801609696,18.99826902401,
    92.652480546588));
#8438 = SURFACE_CURVE('',#8439,(#8443,#8450),.PCURVE_S1.);
#8439 = B_SPLINE_CURVE_WITH_KNOTS('',2,(#8440,#8441,#8442),
  .UNSPECIFIED.,.F.,.F.,(3,3),(0.,1.),.PIECEWISE_BEZIER_KNOTS.);
#8440 = CARTESIAN_POINT('',(56.670058558874,17.734077802173,
    90.66032608884));
#8441 = CARTESIAN_POINT('',(84.043543281112,18.58217757709,
    92.662053493107));
#8442 = CARTESIAN_POINT('',(108.44801609696,18.99826902401,
    92.652480546588));
#8443 = PCURVE('',#5988,#8444);
#8444 = DEFINITIONAL_REPRESENTATION('',(#8445),#8449);
#8445 = LINE('',#8446,#8447);
#8446 = CARTESIAN_POINT('',(16.,0.));
#8447 = VECTOR('',#8448,1.);
#8448 = DIRECTION('',(0.,1.));
#8449 = ( GEOMETRIC_REPRESENTATION_CONTEXT(2) 
PARAMETRIC_REPRESENTATION_CONTEXT() REPRESENTATION_CONTEXT('2D SPACE',''
  ) );
#8450 = PCURVE('',#5952,#8451);
#8451 = DEFINITIONAL_REPRESENTATION('',(#8452),#8456);
#8452 = LINE('',#8453,#8454);
#8453 = CARTESIAN_POINT('',(16.,0.));
#8454 = VECTOR('',#8455,1.);
#8455 = DIRECTION('',(0.,1.));
#8456 = ( GEOMETRIC_REPRESENTATION_CONTEXT(2) 
PARAMETRIC_REPRESENTATION_CONTEXT() REPRESENTATION_CONTEXT('2D SPACE',''
  ) );
#8457 = ORIENTED_EDGE('',*,*,#8458,.F.);
#8458 = EDGE_CURVE('',#8389,#8436,#8459,.T.);
#8459 = SURFACE_CURVE('',#8460,(#8463,#8470),.PCURVE_S1.);
#8460 = B_SPLINE_CURVE_WITH_KNOTS('',1,(#8461,#8462),.UNSPECIFIED.,.F.,
  .F.,(2,2),(15.,16.),.PIECEWISE_BEZIER_KNOTS.);
#8461 = CARTESIAN_POINT('',(108.49739960618,18.623164030776,
    91.488342166972));
#8462 = CARTESIAN_POINT('',(108.44801609696,18.99826902401,
    92.652480546588));
#8463 = PCURVE('',#5988,#8464);
#8464 = DEFINITIONAL_REPRESENTATION('',(#8465),#8469);
#8465 = LINE('',#8466,#8467);
#8466 = CARTESIAN_POINT('',(0.,1.));
#8467 = VECTOR('',#8468,1.);
#8468 = DIRECTION('',(1.,0.));
#8469 = ( GEOMETRIC_REPRESENTATION_CONTEXT(2) 
PARAMETRIC_REPRESENTATION_CONTEXT() REPRESENTATION_CONTEXT('2D SPACE',''
  ) );
#8470 = PCURVE('',#7996,#8471);
#8471 = DEFINITIONAL_REPRESENTATION('',(#8472),#8475);
#8472 = B_SPLINE_CURVE_WITH_KNOTS('',1,(#8473,#8474),.UNSPECIFIED.,.F.,
  .F.,(2,2),(15.,16.),.PIECEWISE_BEZIER_KNOTS.);
#8473 = CARTESIAN_POINT('',(17.90408766349,0.98154627913));
#8474 = CARTESIAN_POINT('',(19.101431953475,0.727130664305));
#8475 = ( GEOMETRIC_REPRESENTATION_CONTEXT(2) 
PARAMETRIC_REPRESENTATION_CONTEXT() REPRESENTATION_CONTEXT('2D SPACE',''
  ) );
#8476 = ADVANCED_FACE('',(#8477),#5952,.T.);
#8477 = FACE_BOUND('',#8478,.T.);
#8478 = EDGE_LOOP('',(#8479,#8480,#8481,#8504));
#8479 = ORIENTED_EDGE('',*,*,#8435,.F.);
#8480 = ORIENTED_EDGE('',*,*,#5932,.F.);
#8481 = ORIENTED_EDGE('',*,*,#8482,.T.);
#8482 = EDGE_CURVE('',#5897,#8483,#8485,.T.);
#8483 = VERTEX_POINT('',#8484);
#8484 = CARTESIAN_POINT('',(108.40848855942,19.298510479901,
    93.649695089254));
#8485 = SURFACE_CURVE('',#8486,(#8490,#8497),.PCURVE_S1.);
#8486 = B_SPLINE_CURVE_WITH_KNOTS('',2,(#8487,#8488,#8489),
  .UNSPECIFIED.,.F.,.F.,(3,3),(0.,1.),.PIECEWISE_BEZIER_KNOTS.);
#8487 = CARTESIAN_POINT('',(56.551181700902,18.63703718502,
    91.784589289813));
#8488 = CARTESIAN_POINT('',(83.97224298143,19.12375712164,
    93.803372332438));
#8489 = CARTESIAN_POINT('',(108.40848855942,19.298510479901,
    93.649695089254));
#8490 = PCURVE('',#5952,#8491);
#8491 = DEFINITIONAL_REPRESENTATION('',(#8492),#8496);
#8492 = LINE('',#8493,#8494);
#8493 = CARTESIAN_POINT('',(17.,0.));
#8494 = VECTOR('',#8495,1.);
#8495 = DIRECTION('',(0.,1.));
#8496 = ( GEOMETRIC_REPRESENTATION_CONTEXT(2) 
PARAMETRIC_REPRESENTATION_CONTEXT() REPRESENTATION_CONTEXT('2D SPACE',''
  ) );
#8497 = PCURVE('',#5916,#8498);
#8498 = DEFINITIONAL_REPRESENTATION('',(#8499),#8503);
#8499 = LINE('',#8500,#8501);
#8500 = CARTESIAN_POINT('',(17.,0.));
#8501 = VECTOR('',#8502,1.);
#8502 = DIRECTION('',(0.,1.));
#8503 = ( GEOMETRIC_REPRESENTATION_CONTEXT(2) 
PARAMETRIC_REPRESENTATION_CONTEXT() REPRESENTATION_CONTEXT('2D SPACE',''
  ) );
#8504 = ORIENTED_EDGE('',*,*,#8505,.F.);
#8505 = EDGE_CURVE('',#8436,#8483,#8506,.T.);
#8506 = SURFACE_CURVE('',#8507,(#8510,#8517),.PCURVE_S1.);
#8507 = B_SPLINE_CURVE_WITH_KNOTS('',1,(#8508,#8509),.UNSPECIFIED.,.F.,
  .F.,(2,2),(16.,17.),.PIECEWISE_BEZIER_KNOTS.);
#8508 = CARTESIAN_POINT('',(108.44801609696,18.99826902401,
    92.652480546588));
#8509 = CARTESIAN_POINT('',(108.40848855942,19.298510479901,
    93.649695089254));
#8510 = PCURVE('',#5952,#8511);
#8511 = DEFINITIONAL_REPRESENTATION('',(#8512),#8516);
#8512 = LINE('',#8513,#8514);
#8513 = CARTESIAN_POINT('',(0.,1.));
#8514 = VECTOR('',#8515,1.);
#8515 = DIRECTION('',(1.,0.));
#8516 = ( GEOMETRIC_REPRESENTATION_CONTEXT(2) 
PARAMETRIC_REPRESENTATION_CONTEXT() REPRESENTATION_CONTEXT('2D SPACE',''
  ) );
#8517 = PCURVE('',#7996,#8518);
#8518 = DEFINITIONAL_REPRESENTATION('',(#8519),#8522);
#8519 = B_SPLINE_CURVE_WITH_KNOTS('',1,(#8520,#8521),.UNSPECIFIED.,.F.,
  .F.,(2,2),(16.,17.),.PIECEWISE_BEZIER_KNOTS.);
#8520 = CARTESIAN_POINT('',(19.101431953475,0.727130664305));
#8521 = CARTESIAN_POINT('',(20.116461194236,0.490783795139));
#8522 = ( GEOMETRIC_REPRESENTATION_CONTEXT(2) 
PARAMETRIC_REPRESENTATION_CONTEXT() REPRESENTATION_CONTEXT('2D SPACE',''
  ) );
#8523 = ADVANCED_FACE('',(#8524),#5916,.T.);
#8524 = FACE_BOUND('',#8525,.T.);
#8525 = EDGE_LOOP('',(#8526,#8527,#8528,#8551));
#8526 = ORIENTED_EDGE('',*,*,#8482,.F.);
#8527 = ORIENTED_EDGE('',*,*,#5896,.F.);
#8528 = ORIENTED_EDGE('',*,*,#8529,.T.);
#8529 = EDGE_CURVE('',#5861,#8530,#8532,.T.);
#8530 = VERTEX_POINT('',#8531);
#8531 = CARTESIAN_POINT('',(108.37846669675,19.526549166757,
    94.45404195739));
#8532 = SURFACE_CURVE('',#8533,(#8537,#8544),.PCURVE_S1.);
#8533 = B_SPLINE_CURVE_WITH_KNOTS('',2,(#8534,#8535,#8536),
  .UNSPECIFIED.,.F.,.F.,(3,3),(0.,1.),.PIECEWISE_BEZIER_KNOTS.);
#8534 = CARTESIAN_POINT('',(56.458419205069,19.34163829425,
    92.704481728364));
#8535 = CARTESIAN_POINT('',(83.917418339664,19.540191619807,
    94.727772443209));
#8536 = CARTESIAN_POINT('',(108.37846669675,19.526549166757,
    94.45404195739));
#8537 = PCURVE('',#5916,#8538);
#8538 = DEFINITIONAL_REPRESENTATION('',(#8539),#8543);
#8539 = LINE('',#8540,#8541);
#8540 = CARTESIAN_POINT('',(18.,0.));
#8541 = VECTOR('',#8542,1.);
#8542 = DIRECTION('',(0.,1.));
#8543 = ( GEOMETRIC_REPRESENTATION_CONTEXT(2) 
PARAMETRIC_REPRESENTATION_CONTEXT() REPRESENTATION_CONTEXT('2D SPACE',''
  ) );
#8544 = PCURVE('',#5880,#8545);
#8545 = DEFINITIONAL_REPRESENTATION('',(#8546),#8550);
#8546 = LINE('',#8547,#8548);
#8547 = CARTESIAN_POINT('',(18.,0.));
#8548 = VECTOR('',#8549,1.);
#8549 = DIRECTION('',(0.,1.));
#8550 = ( GEOMETRIC_REPRESENTATION_CONTEXT(2) 
PARAMETRIC_REPRESENTATION_CONTEXT() REPRESENTATION_CONTEXT('2D SPACE',''
  ) );
#8551 = ORIENTED_EDGE('',*,*,#8552,.F.);
#8552 = EDGE_CURVE('',#8483,#8530,#8553,.T.);
#8553 = SURFACE_CURVE('',#8554,(#8557,#8564),.PCURVE_S1.);
#8554 = B_SPLINE_CURVE_WITH_KNOTS('',1,(#8555,#8556),.UNSPECIFIED.,.F.,
  .F.,(2,2),(17.,18.),.PIECEWISE_BEZIER_KNOTS.);
#8555 = CARTESIAN_POINT('',(108.40848855942,19.298510479901,
    93.649695089254));
#8556 = CARTESIAN_POINT('',(108.37846669675,19.526549166757,
    94.45404195739));
#8557 = PCURVE('',#5916,#8558);
#8558 = DEFINITIONAL_REPRESENTATION('',(#8559),#8563);
#8559 = LINE('',#8560,#8561);
#8560 = CARTESIAN_POINT('',(0.,1.));
#8561 = VECTOR('',#8562,1.);
#8562 = DIRECTION('',(1.,0.));
#8563 = ( GEOMETRIC_REPRESENTATION_CONTEXT(2) 
PARAMETRIC_REPRESENTATION_CONTEXT() REPRESENTATION_CONTEXT('2D SPACE',''
  ) );
#8564 = PCURVE('',#7996,#8565);
#8565 = DEFINITIONAL_REPRESENTATION('',(#8566),#8569);
#8566 = B_SPLINE_CURVE_WITH_KNOTS('',1,(#8567,#8568),.UNSPECIFIED.,.F.,
  .F.,(2,2),(17.,18.),.PIECEWISE_BEZIER_KNOTS.);
#8567 = CARTESIAN_POINT('',(20.116461194236,0.490783795139));
#8568 = CARTESIAN_POINT('',(20.928049227344,0.287801767025));
#8569 = ( GEOMETRIC_REPRESENTATION_CONTEXT(2) 
PARAMETRIC_REPRESENTATION_CONTEXT() REPRESENTATION_CONTEXT('2D SPACE',''
  ) );
#8570 = ADVANCED_FACE('',(#8571),#5880,.T.);
#8571 = FACE_BOUND('',#8572,.T.);
#8572 = EDGE_LOOP('',(#8573,#8574,#8575,#8598));
#8573 = ORIENTED_EDGE('',*,*,#8529,.F.);
#8574 = ORIENTED_EDGE('',*,*,#5860,.F.);
#8575 = ORIENTED_EDGE('',*,*,#8576,.T.);
#8576 = EDGE_CURVE('',#5825,#8577,#8579,.T.);
#8577 = VERTEX_POINT('',#8578);
#8578 = CARTESIAN_POINT('',(108.35749352252,19.685856241166,
    95.044363061895));
#8579 = SURFACE_CURVE('',#8580,(#8584,#8591),.PCURVE_S1.);
#8580 = B_SPLINE_CURVE_WITH_KNOTS('',2,(#8581,#8582,#8583),
  .UNSPECIFIED.,.F.,.F.,(3,3),(0.,1.),.PIECEWISE_BEZIER_KNOTS.);
#8581 = CARTESIAN_POINT('',(56.392125906446,19.845185889909,
    93.386987543867));
#8582 = CARTESIAN_POINT('',(83.878715251251,19.834170762794,
    95.408353648613));
#8583 = CARTESIAN_POINT('',(108.35749352252,19.685856241166,
    95.044363061895));
#8584 = PCURVE('',#5880,#8585);
#8585 = DEFINITIONAL_REPRESENTATION('',(#8586),#8590);
#8586 = LINE('',#8587,#8588);
#8587 = CARTESIAN_POINT('',(19.,0.));
#8588 = VECTOR('',#8589,1.);
#8589 = DIRECTION('',(0.,1.));
#8590 = ( GEOMETRIC_REPRESENTATION_CONTEXT(2) 
PARAMETRIC_REPRESENTATION_CONTEXT() REPRESENTATION_CONTEXT('2D SPACE',''
  ) );
#8591 = PCURVE('',#5844,#8592);
#8592 = DEFINITIONAL_REPRESENTATION('',(#8593),#8597);
#8593 = LINE('',#8594,#8595);
#8594 = CARTESIAN_POINT('',(19.,0.));
#8595 = VECTOR('',#8596,1.);
#8596 = DIRECTION('',(0.,1.));
#8597 = ( GEOMETRIC_REPRESENTATION_CONTEXT(2) 
PARAMETRIC_REPRESENTATION_CONTEXT() REPRESENTATION_CONTEXT('2D SPACE',''
  ) );
#8598 = ORIENTED_EDGE('',*,*,#8599,.F.);
#8599 = EDGE_CURVE('',#8530,#8577,#8600,.T.);
#8600 = SURFACE_CURVE('',#8601,(#8604,#8611),.PCURVE_S1.);
#8601 = B_SPLINE_CURVE_WITH_KNOTS('',1,(#8602,#8603),.UNSPECIFIED.,.F.,
  .F.,(2,2),(18.,19.),.PIECEWISE_BEZIER_KNOTS.);
#8602 = CARTESIAN_POINT('',(108.37846669675,19.526549166757,
    94.45404195739));
#8603 = CARTESIAN_POINT('',(108.35749352252,19.685856241166,
    95.044363061895));
#8604 = PCURVE('',#5880,#8605);
#8605 = DEFINITIONAL_REPRESENTATION('',(#8606),#8610);
#8606 = LINE('',#8607,#8608);
#8607 = CARTESIAN_POINT('',(0.,1.));
#8608 = VECTOR('',#8609,1.);
#8609 = DIRECTION('',(1.,0.));
#8610 = ( GEOMETRIC_REPRESENTATION_CONTEXT(2) 
PARAMETRIC_REPRESENTATION_CONTEXT() REPRESENTATION_CONTEXT('2D SPACE',''
  ) );
#8611 = PCURVE('',#7996,#8612);
#8612 = DEFINITIONAL_REPRESENTATION('',(#8613),#8616);
#8613 = B_SPLINE_CURVE_WITH_KNOTS('',1,(#8614,#8615),.UNSPECIFIED.,.F.,
  .F.,(2,2),(18.,19.),.PIECEWISE_BEZIER_KNOTS.);
#8614 = CARTESIAN_POINT('',(20.928049227344,0.287801767025));
#8615 = CARTESIAN_POINT('',(21.519623164673,0.131795673901));
#8616 = ( GEOMETRIC_REPRESENTATION_CONTEXT(2) 
PARAMETRIC_REPRESENTATION_CONTEXT() REPRESENTATION_CONTEXT('2D SPACE',''
  ) );
#8617 = ADVANCED_FACE('',(#8618),#5844,.T.);
#8618 = FACE_BOUND('',#8619,.T.);
#8619 = EDGE_LOOP('',(#8620,#8621,#8622,#8645));
#8620 = ORIENTED_EDGE('',*,*,#8576,.F.);
#8621 = ORIENTED_EDGE('',*,*,#5824,.F.);
#8622 = ORIENTED_EDGE('',*,*,#8623,.T.);
#8623 = EDGE_CURVE('',#5789,#8624,#8626,.T.);
#8624 = VERTEX_POINT('',#8625);
#8625 = CARTESIAN_POINT('',(108.34512483766,19.779805730053,
    95.404987424349));
#8626 = SURFACE_CURVE('',#8627,(#8631,#8638),.PCURVE_S1.);
#8627 = B_SPLINE_CURVE_WITH_KNOTS('',2,(#8628,#8629,#8630),
  .UNSPECIFIED.,.F.,.F.,(3,3),(0.,1.),.PIECEWISE_BEZIER_KNOTS.);
#8628 = CARTESIAN_POINT('',(56.352377464876,20.147105278443,
    93.806999004157));
#8629 = CARTESIAN_POINT('',(83.855714557049,20.008878380376,
    95.825010575971));
#8630 = CARTESIAN_POINT('',(108.34512483766,19.779805730053,
    95.404987424349));
#8631 = PCURVE('',#5844,#8632);
#8632 = DEFINITIONAL_REPRESENTATION('',(#8633),#8637);
#8633 = LINE('',#8634,#8635);
#8634 = CARTESIAN_POINT('',(20.,0.));
#8635 = VECTOR('',#8636,1.);
#8636 = DIRECTION('',(0.,1.));
#8637 = ( GEOMETRIC_REPRESENTATION_CONTEXT(2) 
PARAMETRIC_REPRESENTATION_CONTEXT() REPRESENTATION_CONTEXT('2D SPACE',''
  ) );
#8638 = PCURVE('',#5808,#8639);
#8639 = DEFINITIONAL_REPRESENTATION('',(#8640),#8644);
#8640 = LINE('',#8641,#8642);
#8641 = CARTESIAN_POINT('',(20.,0.));
#8642 = VECTOR('',#8643,1.);
#8643 = DIRECTION('',(0.,1.));
#8644 = ( GEOMETRIC_REPRESENTATION_CONTEXT(2) 
PARAMETRIC_REPRESENTATION_CONTEXT() REPRESENTATION_CONTEXT('2D SPACE',''
  ) );
#8645 = ORIENTED_EDGE('',*,*,#8646,.F.);
#8646 = EDGE_CURVE('',#8577,#8624,#8647,.T.);
#8647 = SURFACE_CURVE('',#8648,(#8651,#8658),.PCURVE_S1.);
#8648 = B_SPLINE_CURVE_WITH_KNOTS('',1,(#8649,#8650),.UNSPECIFIED.,.F.,
  .F.,(2,2),(19.,20.),.PIECEWISE_BEZIER_KNOTS.);
#8649 = CARTESIAN_POINT('',(108.35749352252,19.685856241166,
    95.044363061895));
#8650 = CARTESIAN_POINT('',(108.34512483766,19.779805730053,
    95.404987424349));
#8651 = PCURVE('',#5844,#8652);
#8652 = DEFINITIONAL_REPRESENTATION('',(#8653),#8657);
#8653 = LINE('',#8654,#8655);
#8654 = CARTESIAN_POINT('',(0.,1.));
#8655 = VECTOR('',#8656,1.);
#8656 = DIRECTION('',(1.,0.));
#8657 = ( GEOMETRIC_REPRESENTATION_CONTEXT(2) 
PARAMETRIC_REPRESENTATION_CONTEXT() REPRESENTATION_CONTEXT('2D SPACE',''
  ) );
#8658 = PCURVE('',#7996,#8659);
#8659 = DEFINITIONAL_REPRESENTATION('',(#8660),#8663);
#8660 = B_SPLINE_CURVE_WITH_KNOTS('',1,(#8661,#8662),.UNSPECIFIED.,.F.,
  .F.,(2,2),(19.,20.),.PIECEWISE_BEZIER_KNOTS.);
#8661 = CARTESIAN_POINT('',(21.519623164673,0.131795673901));
#8662 = CARTESIAN_POINT('',(21.879313111443,3.354821177134E-02));
#8663 = ( GEOMETRIC_REPRESENTATION_CONTEXT(2) 
PARAMETRIC_REPRESENTATION_CONTEXT() REPRESENTATION_CONTEXT('2D SPACE',''
  ) );
#8664 = ADVANCED_FACE('',(#8665),#5808,.T.);
#8665 = FACE_BOUND('',#8666,.T.);
#8666 = EDGE_LOOP('',(#8667,#8668,#8669,#8692));
#8667 = ORIENTED_EDGE('',*,*,#8623,.F.);
#8668 = ORIENTED_EDGE('',*,*,#5788,.F.);
#8669 = ORIENTED_EDGE('',*,*,#8670,.T.);
#8670 = EDGE_CURVE('',#5753,#8671,#8673,.T.);
#8671 = VERTEX_POINT('',#8672);
#8672 = CARTESIAN_POINT('',(108.3410406939,19.810827881762,
    95.526279441629));
#8673 = SURFACE_CURVE('',#8674,(#8678,#8685),.PCURVE_S1.);
#8674 = B_SPLINE_CURVE_WITH_KNOTS('',2,(#8675,#8676,#8677),
  .UNSPECIFIED.,.F.,.F.,(3,3),(0.,1.),.PIECEWISE_BEZIER_KNOTS.);
#8675 = CARTESIAN_POINT('',(56.339137058206,20.247676151855,
    93.948788963498));
#8676 = CARTESIAN_POINT('',(83.848088645755,20.066802927449,
    95.965300606241));
#8677 = CARTESIAN_POINT('',(108.3410406939,19.810827881762,
    95.526279441629));
#8678 = PCURVE('',#5808,#8679);
#8679 = DEFINITIONAL_REPRESENTATION('',(#8680),#8684);
#8680 = LINE('',#8681,#8682);
#8681 = CARTESIAN_POINT('',(21.,0.));
#8682 = VECTOR('',#8683,1.);
#8683 = DIRECTION('',(0.,1.));
#8684 = ( GEOMETRIC_REPRESENTATION_CONTEXT(2) 
PARAMETRIC_REPRESENTATION_CONTEXT() REPRESENTATION_CONTEXT('2D SPACE',''
  ) );
#8685 = PCURVE('',#5772,#8686);
#8686 = DEFINITIONAL_REPRESENTATION('',(#8687),#8691);
#8687 = LINE('',#8688,#8689);
#8688 = CARTESIAN_POINT('',(21.,0.));
#8689 = VECTOR('',#8690,1.);
#8690 = DIRECTION('',(0.,1.));
#8691 = ( GEOMETRIC_REPRESENTATION_CONTEXT(2) 
PARAMETRIC_REPRESENTATION_CONTEXT() REPRESENTATION_CONTEXT('2D SPACE',''
  ) );
#8692 = ORIENTED_EDGE('',*,*,#8693,.F.);
#8693 = EDGE_CURVE('',#8624,#8671,#8694,.T.);
#8694 = SURFACE_CURVE('',#8695,(#8698,#8705),.PCURVE_S1.);
#8695 = B_SPLINE_CURVE_WITH_KNOTS('',1,(#8696,#8697),.UNSPECIFIED.,.F.,
  .F.,(2,2),(20.,21.),.PIECEWISE_BEZIER_KNOTS.);
#8696 = CARTESIAN_POINT('',(108.34512483766,19.779805730053,
    95.404987424349));
#8697 = CARTESIAN_POINT('',(108.3410406939,19.810827881762,
    95.526279441629));
#8698 = PCURVE('',#5808,#8699);
#8699 = DEFINITIONAL_REPRESENTATION('',(#8700),#8704);
#8700 = LINE('',#8701,#8702);
#8701 = CARTESIAN_POINT('',(0.,1.));
#8702 = VECTOR('',#8703,1.);
#8703 = DIRECTION('',(1.,0.));
#8704 = ( GEOMETRIC_REPRESENTATION_CONTEXT(2) 
PARAMETRIC_REPRESENTATION_CONTEXT() REPRESENTATION_CONTEXT('2D SPACE',''
  ) );
#8705 = PCURVE('',#7996,#8706);
#8706 = DEFINITIONAL_REPRESENTATION('',(#8707),#8710);
#8707 = B_SPLINE_CURVE_WITH_KNOTS('',1,(#8708,#8709),.UNSPECIFIED.,.F.,
  .F.,(2,2),(20.,21.),.PIECEWISE_BEZIER_KNOTS.);
#8708 = CARTESIAN_POINT('',(21.879313111443,3.354821177134E-02));
#8709 = CARTESIAN_POINT('',(22.,0.));
#8710 = ( GEOMETRIC_REPRESENTATION_CONTEXT(2) 
PARAMETRIC_REPRESENTATION_CONTEXT() REPRESENTATION_CONTEXT('2D SPACE',''
  ) );
#8711 = ADVANCED_FACE('',(#8712),#5772,.T.);
#8712 = FACE_BOUND('',#8713,.T.);
#8713 = EDGE_LOOP('',(#8714,#8715,#8716,#8739));
#8714 = ORIENTED_EDGE('',*,*,#8670,.F.);
#8715 = ORIENTED_EDGE('',*,*,#5752,.F.);
#8716 = ORIENTED_EDGE('',*,*,#8717,.T.);
#8717 = EDGE_CURVE('',#5717,#8718,#8720,.T.);
#8718 = VERTEX_POINT('',#8719);
#8719 = CARTESIAN_POINT('',(108.34838530319,19.755040035559,
    95.414388594775));
#8720 = SURFACE_CURVE('',#8721,(#8725,#8732),.PCURVE_S1.);
#8721 = B_SPLINE_CURVE_WITH_KNOTS('',2,(#8722,#8723,#8724),
  .UNSPECIFIED.,.F.,.F.,(3,3),(0.,1.),.PIECEWISE_BEZIER_KNOTS.);
#8722 = CARTESIAN_POINT('',(56.357604255353,20.107403863182,
    93.847020703413));
#8723 = CARTESIAN_POINT('',(83.860700307514,19.971007845777,
    95.845855171677));
#8724 = CARTESIAN_POINT('',(108.34838530319,19.755040035559,
    95.414388594775));
#8725 = PCURVE('',#5772,#8726);
#8726 = DEFINITIONAL_REPRESENTATION('',(#8727),#8731);
#8727 = LINE('',#8728,#8729);
#8728 = CARTESIAN_POINT('',(22.,0.));
#8729 = VECTOR('',#8730,1.);
#8730 = DIRECTION('',(0.,1.));
#8731 = ( GEOMETRIC_REPRESENTATION_CONTEXT(2) 
PARAMETRIC_REPRESENTATION_CONTEXT() REPRESENTATION_CONTEXT('2D SPACE',''
  ) );
#8732 = PCURVE('',#5736,#8733);
#8733 = DEFINITIONAL_REPRESENTATION('',(#8734),#8738);
#8734 = LINE('',#8735,#8736);
#8735 = CARTESIAN_POINT('',(22.,0.));
#8736 = VECTOR('',#8737,1.);
#8737 = DIRECTION('',(0.,1.));
#8738 = ( GEOMETRIC_REPRESENTATION_CONTEXT(2) 
PARAMETRIC_REPRESENTATION_CONTEXT() REPRESENTATION_CONTEXT('2D SPACE',''
  ) );
#8739 = ORIENTED_EDGE('',*,*,#8740,.F.);
#8740 = EDGE_CURVE('',#8671,#8718,#8741,.T.);
#8741 = SURFACE_CURVE('',#8742,(#8745,#8752),.PCURVE_S1.);
#8742 = B_SPLINE_CURVE_WITH_KNOTS('',1,(#8743,#8744),.UNSPECIFIED.,.F.,
  .F.,(2,2),(21.,22.),.PIECEWISE_BEZIER_KNOTS.);
#8743 = CARTESIAN_POINT('',(108.3410406939,19.810827881762,
    95.526279441629));
#8744 = CARTESIAN_POINT('',(108.34838530319,19.755040035559,
    95.414388594775));
#8745 = PCURVE('',#5772,#8746);
#8746 = DEFINITIONAL_REPRESENTATION('',(#8747),#8751);
#8747 = LINE('',#8748,#8749);
#8748 = CARTESIAN_POINT('',(0.,1.));
#8749 = VECTOR('',#8750,1.);
#8750 = DIRECTION('',(1.,0.));
#8751 = ( GEOMETRIC_REPRESENTATION_CONTEXT(2) 
PARAMETRIC_REPRESENTATION_CONTEXT() REPRESENTATION_CONTEXT('2D SPACE',''
  ) );
#8752 = PCURVE('',#7996,#8753);
#8753 = DEFINITIONAL_REPRESENTATION('',(#8754),#8757);
#8754 = B_SPLINE_CURVE_WITH_KNOTS('',1,(#8755,#8756),.UNSPECIFIED.,.F.,
  .F.,(2,2),(21.,22.),.PIECEWISE_BEZIER_KNOTS.);
#8755 = CARTESIAN_POINT('',(22.,0.));
#8756 = CARTESIAN_POINT('',(21.87496506551,7.214834448895E-03));
#8757 = ( GEOMETRIC_REPRESENTATION_CONTEXT(2) 
PARAMETRIC_REPRESENTATION_CONTEXT() REPRESENTATION_CONTEXT('2D SPACE',''
  ) );
#8758 = ADVANCED_FACE('',(#8759),#5736,.T.);
#8759 = FACE_BOUND('',#8760,.T.);
#8760 = EDGE_LOOP('',(#8761,#8762,#8763,#8786));
#8761 = ORIENTED_EDGE('',*,*,#8717,.F.);
#8762 = ORIENTED_EDGE('',*,*,#5716,.F.);
#8763 = ORIENTED_EDGE('',*,*,#8764,.T.);
#8764 = EDGE_CURVE('',#5681,#8765,#8767,.T.);
#8765 = VERTEX_POINT('',#8766);
#8766 = CARTESIAN_POINT('',(108.37030275044,19.588560495484,
    95.081801976765));
#8767 = SURFACE_CURVE('',#8768,(#8772,#8779),.PCURVE_S1.);
#8768 = B_SPLINE_CURVE_WITH_KNOTS('',2,(#8769,#8770,#8771),
  .UNSPECIFIED.,.F.,.F.,(3,3),(0.,1.),.PIECEWISE_BEZIER_KNOTS.);
#8769 = CARTESIAN_POINT('',(56.412568414298,19.689909626823,
    93.545452900572));
#8770 = CARTESIAN_POINT('',(83.898284802581,19.685525262798,
    95.491163798516));
#8771 = CARTESIAN_POINT('',(108.37030275044,19.588560495484,
    95.081801976765));
#8772 = PCURVE('',#5736,#8773);
#8773 = DEFINITIONAL_REPRESENTATION('',(#8774),#8778);
#8774 = LINE('',#8775,#8776);
#8775 = CARTESIAN_POINT('',(23.,0.));
#8776 = VECTOR('',#8777,1.);
#8777 = DIRECTION('',(0.,1.));
#8778 = ( GEOMETRIC_REPRESENTATION_CONTEXT(2) 
PARAMETRIC_REPRESENTATION_CONTEXT() REPRESENTATION_CONTEXT('2D SPACE',''
  ) );
#8779 = PCURVE('',#5700,#8780);
#8780 = DEFINITIONAL_REPRESENTATION('',(#8781),#8785);
#8781 = LINE('',#8782,#8783);
#8782 = CARTESIAN_POINT('',(23.,0.));
#8783 = VECTOR('',#8784,1.);
#8784 = DIRECTION('',(0.,1.));
#8785 = ( GEOMETRIC_REPRESENTATION_CONTEXT(2) 
PARAMETRIC_REPRESENTATION_CONTEXT() REPRESENTATION_CONTEXT('2D SPACE',''
  ) );
#8786 = ORIENTED_EDGE('',*,*,#8787,.F.);
#8787 = EDGE_CURVE('',#8718,#8765,#8788,.T.);
#8788 = SURFACE_CURVE('',#8789,(#8792,#8799),.PCURVE_S1.);
#8789 = B_SPLINE_CURVE_WITH_KNOTS('',1,(#8790,#8791),.UNSPECIFIED.,.F.,
  .F.,(2,2),(22.,23.),.PIECEWISE_BEZIER_KNOTS.);
#8790 = CARTESIAN_POINT('',(108.34838530319,19.755040035559,
    95.414388594775));
#8791 = CARTESIAN_POINT('',(108.37030275044,19.588560495484,
    95.081801976765));
#8792 = PCURVE('',#5736,#8793);
#8793 = DEFINITIONAL_REPRESENTATION('',(#8794),#8798);
#8794 = LINE('',#8795,#8796);
#8795 = CARTESIAN_POINT('',(0.,1.));
#8796 = VECTOR('',#8797,1.);
#8797 = DIRECTION('',(1.,0.));
#8798 = ( GEOMETRIC_REPRESENTATION_CONTEXT(2) 
PARAMETRIC_REPRESENTATION_CONTEXT() REPRESENTATION_CONTEXT('2D SPACE',''
  ) );
#8799 = PCURVE('',#7996,#8800);
#8800 = DEFINITIONAL_REPRESENTATION('',(#8801),#8804);
#8801 = B_SPLINE_CURVE_WITH_KNOTS('',1,(#8802,#8803),.UNSPECIFIED.,.F.,
  .F.,(2,2),(22.,23.),.PIECEWISE_BEZIER_KNOTS.);
#8802 = CARTESIAN_POINT('',(21.87496506551,7.214834448895E-03));
#8803 = CARTESIAN_POINT('',(21.502978562623,2.808854773804E-02));
#8804 = ( GEOMETRIC_REPRESENTATION_CONTEXT(2) 
PARAMETRIC_REPRESENTATION_CONTEXT() REPRESENTATION_CONTEXT('2D SPACE',''
  ) );
#8805 = ADVANCED_FACE('',(#8806),#5700,.T.);
#8806 = FACE_BOUND('',#8807,.T.);
#8807 = EDGE_LOOP('',(#8808,#8809,#8810,#8833));
#8808 = ORIENTED_EDGE('',*,*,#8764,.F.);
#8809 = ORIENTED_EDGE('',*,*,#5680,.F.);
#8810 = ORIENTED_EDGE('',*,*,#8811,.T.);
#8811 = EDGE_CURVE('',#5645,#8812,#8814,.T.);
#8812 = VERTEX_POINT('',#8813);
#8813 = CARTESIAN_POINT('',(108.40645003599,19.313994602628,
    94.53765495926));
#8814 = SURFACE_CURVE('',#8815,(#8819,#8826),.PCURVE_S1.);
#8815 = B_SPLINE_CURVE_WITH_KNOTS('',2,(#8816,#8817,#8818),
  .UNSPECIFIED.,.F.,.F.,(3,3),(0.,1.),.PIECEWISE_BEZIER_KNOTS.);
#8816 = CARTESIAN_POINT('',(56.502744757413,19.00495229773,
    93.055116681825));
#8817 = CARTESIAN_POINT('',(83.960105941632,19.215947091596,
    94.911999925291));
#8818 = CARTESIAN_POINT('',(108.40645003599,19.313994602628,
    94.53765495926));
#8819 = PCURVE('',#5700,#8820);
#8820 = DEFINITIONAL_REPRESENTATION('',(#8821),#8825);
#8821 = LINE('',#8822,#8823);
#8822 = CARTESIAN_POINT('',(24.,0.));
#8823 = VECTOR('',#8824,1.);
#8824 = DIRECTION('',(0.,1.));
#8825 = ( GEOMETRIC_REPRESENTATION_CONTEXT(2) 
PARAMETRIC_REPRESENTATION_CONTEXT() REPRESENTATION_CONTEXT('2D SPACE',''
  ) );
#8826 = PCURVE('',#5664,#8827);
#8827 = DEFINITIONAL_REPRESENTATION('',(#8828),#8832);
#8828 = LINE('',#8829,#8830);
#8829 = CARTESIAN_POINT('',(24.,0.));
#8830 = VECTOR('',#8831,1.);
#8831 = DIRECTION('',(0.,1.));
#8832 = ( GEOMETRIC_REPRESENTATION_CONTEXT(2) 
PARAMETRIC_REPRESENTATION_CONTEXT() REPRESENTATION_CONTEXT('2D SPACE',''
  ) );
#8833 = ORIENTED_EDGE('',*,*,#8834,.F.);
#8834 = EDGE_CURVE('',#8765,#8812,#8835,.T.);
#8835 = SURFACE_CURVE('',#8836,(#8839,#8846),.PCURVE_S1.);
#8836 = B_SPLINE_CURVE_WITH_KNOTS('',1,(#8837,#8838),.UNSPECIFIED.,.F.,
  .F.,(2,2),(23.,24.),.PIECEWISE_BEZIER_KNOTS.);
#8837 = CARTESIAN_POINT('',(108.37030275044,19.588560495484,
    95.081801976765));
#8838 = CARTESIAN_POINT('',(108.40645003599,19.313994602628,
    94.53765495926));
#8839 = PCURVE('',#5700,#8840);
#8840 = DEFINITIONAL_REPRESENTATION('',(#8841),#8845);
#8841 = LINE('',#8842,#8843);
#8842 = CARTESIAN_POINT('',(0.,1.));
#8843 = VECTOR('',#8844,1.);
#8844 = DIRECTION('',(1.,0.));
#8845 = ( GEOMETRIC_REPRESENTATION_CONTEXT(2) 
PARAMETRIC_REPRESENTATION_CONTEXT() REPRESENTATION_CONTEXT('2D SPACE',''
  ) );
#8846 = PCURVE('',#7996,#8847);
#8847 = DEFINITIONAL_REPRESENTATION('',(#8848),#8851);
#8848 = B_SPLINE_CURVE_WITH_KNOTS('',1,(#8849,#8850),.UNSPECIFIED.,.F.,
  .F.,(2,2),(23.,24.),.PIECEWISE_BEZIER_KNOTS.);
#8849 = CARTESIAN_POINT('',(21.502978562623,2.808854773804E-02));
#8850 = CARTESIAN_POINT('',(20.893265866509,6.032921505921E-02));
#8851 = ( GEOMETRIC_REPRESENTATION_CONTEXT(2) 
PARAMETRIC_REPRESENTATION_CONTEXT() REPRESENTATION_CONTEXT('2D SPACE',''
  ) );
#8852 = ADVANCED_FACE('',(#8853),#5664,.T.);
#8853 = FACE_BOUND('',#8854,.T.);
#8854 = EDGE_LOOP('',(#8855,#8856,#8857,#8880));
#8855 = ORIENTED_EDGE('',*,*,#8811,.F.);
#8856 = ORIENTED_EDGE('',*,*,#5644,.F.);
#8857 = ORIENTED_EDGE('',*,*,#8858,.T.);
#8858 = EDGE_CURVE('',#5609,#8859,#8861,.T.);
#8859 = VERTEX_POINT('',#8860);
#8860 = CARTESIAN_POINT('',(108.45627149495,18.935563050821,
    93.796769632324));
#8861 = SURFACE_CURVE('',#8862,(#8866,#8873),.PCURVE_S1.);
#8862 = B_SPLINE_CURVE_WITH_KNOTS('',2,(#8863,#8864,#8865),
  .UNSPECIFIED.,.F.,.F.,(3,3),(0.,1.),.PIECEWISE_BEZIER_KNOTS.);
#8863 = CARTESIAN_POINT('',(56.626074016829,18.068173568304,
    92.393782373458));
#8864 = CARTESIAN_POINT('',(84.044980117148,18.571263723861,
    94.125781762074));
#8865 = CARTESIAN_POINT('',(108.45627149495,18.935563050821,
    93.796769632324));
#8866 = PCURVE('',#5664,#8867);
#8867 = DEFINITIONAL_REPRESENTATION('',(#8868),#8872);
#8868 = LINE('',#8869,#8870);
#8869 = CARTESIAN_POINT('',(25.,0.));
#8870 = VECTOR('',#8871,1.);
#8871 = DIRECTION('',(0.,1.));
#8872 = ( GEOMETRIC_REPRESENTATION_CONTEXT(2) 
PARAMETRIC_REPRESENTATION_CONTEXT() REPRESENTATION_CONTEXT('2D SPACE',''
  ) );
#8873 = PCURVE('',#5628,#8874);
#8874 = DEFINITIONAL_REPRESENTATION('',(#8875),#8879);
#8875 = LINE('',#8876,#8877);
#8876 = CARTESIAN_POINT('',(25.,0.));
#8877 = VECTOR('',#8878,1.);
#8878 = DIRECTION('',(0.,1.));
#8879 = ( GEOMETRIC_REPRESENTATION_CONTEXT(2) 
PARAMETRIC_REPRESENTATION_CONTEXT() REPRESENTATION_CONTEXT('2D SPACE',''
  ) );
#8880 = ORIENTED_EDGE('',*,*,#8881,.F.);
#8881 = EDGE_CURVE('',#8812,#8859,#8882,.T.);
#8882 = SURFACE_CURVE('',#8883,(#8886,#8893),.PCURVE_S1.);
#8883 = B_SPLINE_CURVE_WITH_KNOTS('',1,(#8884,#8885),.UNSPECIFIED.,.F.,
  .F.,(2,2),(24.,25.),.PIECEWISE_BEZIER_KNOTS.);
#8884 = CARTESIAN_POINT('',(108.40645003599,19.313994602628,
    94.53765495926));
#8885 = CARTESIAN_POINT('',(108.45627149495,18.935563050821,
    93.796769632324));
#8886 = PCURVE('',#5664,#8887);
#8887 = DEFINITIONAL_REPRESENTATION('',(#8888),#8892);
#8888 = LINE('',#8889,#8890);
#8889 = CARTESIAN_POINT('',(0.,1.));
#8890 = VECTOR('',#8891,1.);
#8891 = DIRECTION('',(1.,0.));
#8892 = ( GEOMETRIC_REPRESENTATION_CONTEXT(2) 
PARAMETRIC_REPRESENTATION_CONTEXT() REPRESENTATION_CONTEXT('2D SPACE',''
  ) );
#8893 = PCURVE('',#7996,#8894);
#8894 = DEFINITIONAL_REPRESENTATION('',(#8895),#8898);
#8895 = B_SPLINE_CURVE_WITH_KNOTS('',1,(#8896,#8897),.UNSPECIFIED.,.F.,
  .F.,(2,2),(24.,25.),.PIECEWISE_BEZIER_KNOTS.);
#8896 = CARTESIAN_POINT('',(20.893265866509,6.032921505921E-02));
#8897 = CARTESIAN_POINT('',(20.060791840716,0.100212560277));
#8898 = ( GEOMETRIC_REPRESENTATION_CONTEXT(2) 
PARAMETRIC_REPRESENTATION_CONTEXT() REPRESENTATION_CONTEXT('2D SPACE',''
  ) );
#8899 = ADVANCED_FACE('',(#8900),#5628,.T.);
#8900 = FACE_BOUND('',#8901,.T.);
#8901 = EDGE_LOOP('',(#8902,#8903,#8904,#8927));
#8902 = ORIENTED_EDGE('',*,*,#8858,.F.);
#8903 = ORIENTED_EDGE('',*,*,#5608,.F.);
#8904 = ORIENTED_EDGE('',*,*,#8905,.T.);
#8905 = EDGE_CURVE('',#5573,#8906,#8908,.T.);
#8906 = VERTEX_POINT('',#8907);
#8907 = CARTESIAN_POINT('',(108.51900927872,18.459022271684,
    92.879064221958));
#8908 = SURFACE_CURVE('',#8909,(#8913,#8920),.PCURVE_S1.);
#8909 = B_SPLINE_CURVE_WITH_KNOTS('',2,(#8910,#8911,#8912),
  .UNSPECIFIED.,.F.,.F.,(3,3),(0.,1.),.PIECEWISE_BEZIER_KNOTS.);
#8910 = CARTESIAN_POINT('',(56.779815945757,16.900387679354,
    91.58499215802));
#8911 = CARTESIAN_POINT('',(84.151318380395,17.763544423457,
    93.155768308041));
#8912 = CARTESIAN_POINT('',(108.51900927872,18.459022271684,
    92.879064221958));
#8913 = PCURVE('',#5628,#8914);
#8914 = DEFINITIONAL_REPRESENTATION('',(#8915),#8919);
#8915 = LINE('',#8916,#8917);
#8916 = CARTESIAN_POINT('',(26.,0.));
#8917 = VECTOR('',#8918,1.);
#8918 = DIRECTION('',(0.,1.));
#8919 = ( GEOMETRIC_REPRESENTATION_CONTEXT(2) 
PARAMETRIC_REPRESENTATION_CONTEXT() REPRESENTATION_CONTEXT('2D SPACE',''
  ) );
#8920 = PCURVE('',#5592,#8921);
#8921 = DEFINITIONAL_REPRESENTATION('',(#8922),#8926);
#8922 = LINE('',#8923,#8924);
#8923 = CARTESIAN_POINT('',(26.,0.));
#8924 = VECTOR('',#8925,1.);
#8925 = DIRECTION('',(0.,1.));
#8926 = ( GEOMETRIC_REPRESENTATION_CONTEXT(2) 
PARAMETRIC_REPRESENTATION_CONTEXT() REPRESENTATION_CONTEXT('2D SPACE',''
  ) );
#8927 = ORIENTED_EDGE('',*,*,#8928,.F.);
#8928 = EDGE_CURVE('',#8859,#8906,#8929,.T.);
#8929 = SURFACE_CURVE('',#8930,(#8933,#8940),.PCURVE_S1.);
#8930 = B_SPLINE_CURVE_WITH_KNOTS('',1,(#8931,#8932),.UNSPECIFIED.,.F.,
  .F.,(2,2),(25.,26.),.PIECEWISE_BEZIER_KNOTS.);
#8931 = CARTESIAN_POINT('',(108.45627149495,18.935563050821,
    93.796769632324));
#8932 = CARTESIAN_POINT('',(108.51900927872,18.459022271684,
    92.879064221958));
#8933 = PCURVE('',#5628,#8934);
#8934 = DEFINITIONAL_REPRESENTATION('',(#8935),#8939);
#8935 = LINE('',#8936,#8937);
#8936 = CARTESIAN_POINT('',(0.,1.));
#8937 = VECTOR('',#8938,1.);
#8938 = DIRECTION('',(1.,0.));
#8939 = ( GEOMETRIC_REPRESENTATION_CONTEXT(2) 
PARAMETRIC_REPRESENTATION_CONTEXT() REPRESENTATION_CONTEXT('2D SPACE',''
  ) );
#8940 = PCURVE('',#7996,#8941);
#8941 = DEFINITIONAL_REPRESENTATION('',(#8942),#8945);
#8942 = B_SPLINE_CURVE_WITH_KNOTS('',1,(#8943,#8944),.UNSPECIFIED.,.F.,
  .F.,(2,2),(25.,26.),.PIECEWISE_BEZIER_KNOTS.);
#8943 = CARTESIAN_POINT('',(20.060791840716,0.100212560277));
#8944 = CARTESIAN_POINT('',(19.025709226781,0.142807703643));
#8945 = ( GEOMETRIC_REPRESENTATION_CONTEXT(2) 
PARAMETRIC_REPRESENTATION_CONTEXT() REPRESENTATION_CONTEXT('2D SPACE',''
  ) );
#8946 = ADVANCED_FACE('',(#8947),#5592,.T.);
#8947 = FACE_BOUND('',#8948,.T.);
#8948 = EDGE_LOOP('',(#8949,#8950,#8951,#8974));
#8949 = ORIENTED_EDGE('',*,*,#8905,.F.);
#8950 = ORIENTED_EDGE('',*,*,#5572,.F.);
#8951 = ORIENTED_EDGE('',*,*,#8952,.T.);
#8952 = EDGE_CURVE('',#5537,#8953,#8955,.T.);
#8953 = VERTEX_POINT('',#8954);
#8954 = CARTESIAN_POINT('',(108.59369780786,17.891706569358,
    91.808754134346));
#8955 = SURFACE_CURVE('',#8956,(#8960,#8967),.PCURVE_S1.);
#8956 = B_SPLINE_CURVE_WITH_KNOTS('',2,(#8957,#8958,#8959),
  .UNSPECIFIED.,.F.,.F.,(3,3),(0.,1.),.PIECEWISE_BEZIER_KNOTS.);
#8957 = CARTESIAN_POINT('',(56.960635173223,15.526929288666,
    90.656648791298));
#8958 = CARTESIAN_POINT('',(84.277150490371,16.807754656599,
    92.029944435698));
#8959 = CARTESIAN_POINT('',(108.59369780786,17.891706569358,
    91.808754134346));
#8960 = PCURVE('',#5592,#8961);
#8961 = DEFINITIONAL_REPRESENTATION('',(#8962),#8966);
#8962 = LINE('',#8963,#8964);
#8963 = CARTESIAN_POINT('',(27.,0.));
#8964 = VECTOR('',#8965,1.);
#8965 = DIRECTION('',(0.,1.));
#8966 = ( GEOMETRIC_REPRESENTATION_CONTEXT(2) 
PARAMETRIC_REPRESENTATION_CONTEXT() REPRESENTATION_CONTEXT('2D SPACE',''
  ) );
#8967 = PCURVE('',#5556,#8968);
#8968 = DEFINITIONAL_REPRESENTATION('',(#8969),#8973);
#8969 = LINE('',#8970,#8971);
#8970 = CARTESIAN_POINT('',(27.,0.));
#8971 = VECTOR('',#8972,1.);
#8972 = DIRECTION('',(0.,1.));
#8973 = ( GEOMETRIC_REPRESENTATION_CONTEXT(2) 
PARAMETRIC_REPRESENTATION_CONTEXT() REPRESENTATION_CONTEXT('2D SPACE',''
  ) );
#8974 = ORIENTED_EDGE('',*,*,#8975,.F.);
#8975 = EDGE_CURVE('',#8906,#8953,#8976,.T.);
#8976 = SURFACE_CURVE('',#8977,(#8980,#8987),.PCURVE_S1.);
#8977 = B_SPLINE_CURVE_WITH_KNOTS('',1,(#8978,#8979),.UNSPECIFIED.,.F.,
  .F.,(2,2),(26.,27.),.PIECEWISE_BEZIER_KNOTS.);
#8978 = CARTESIAN_POINT('',(108.51900927872,18.459022271684,
    92.879064221958));
#8979 = CARTESIAN_POINT('',(108.59369780786,17.891706569358,
    91.808754134346));
#8980 = PCURVE('',#5592,#8981);
#8981 = DEFINITIONAL_REPRESENTATION('',(#8982),#8986);
#8982 = LINE('',#8983,#8984);
#8983 = CARTESIAN_POINT('',(0.,1.));
#8984 = VECTOR('',#8985,1.);
#8985 = DIRECTION('',(1.,0.));
#8986 = ( GEOMETRIC_REPRESENTATION_CONTEXT(2) 
PARAMETRIC_REPRESENTATION_CONTEXT() REPRESENTATION_CONTEXT('2D SPACE',''
  ) );
#8987 = PCURVE('',#7996,#8988);
#8988 = DEFINITIONAL_REPRESENTATION('',(#8989),#8992);
#8989 = B_SPLINE_CURVE_WITH_KNOTS('',1,(#8990,#8991),.UNSPECIFIED.,.F.,
  .F.,(2,2),(26.,27.),.PIECEWISE_BEZIER_KNOTS.);
#8990 = CARTESIAN_POINT('',(19.025709226781,0.142807703643));
#8991 = CARTESIAN_POINT('',(17.812687977403,0.182413444284));
#8992 = ( GEOMETRIC_REPRESENTATION_CONTEXT(2) 
PARAMETRIC_REPRESENTATION_CONTEXT() REPRESENTATION_CONTEXT('2D SPACE',''
  ) );
#8993 = ADVANCED_FACE('',(#8994),#5556,.T.);
#8994 = FACE_BOUND('',#8995,.T.);
#8995 = EDGE_LOOP('',(#8996,#8997,#8998,#9021));
#8996 = ORIENTED_EDGE('',*,*,#8952,.F.);
#8997 = ORIENTED_EDGE('',*,*,#5536,.F.);
#8998 = ORIENTED_EDGE('',*,*,#8999,.T.);
#8999 = EDGE_CURVE('',#5501,#9000,#9002,.T.);
#9000 = VERTEX_POINT('',#9001);
#9001 = CARTESIAN_POINT('',(108.67913503491,17.24274640056,
    90.613373379925));
#9002 = SURFACE_CURVE('',#9003,(#9007,#9014),.PCURVE_S1.);
#9003 = B_SPLINE_CURVE_WITH_KNOTS('',2,(#9004,#9005,#9006),
  .UNSPECIFIED.,.F.,.F.,(3,3),(0.,1.),.PIECEWISE_BEZIER_KNOTS.);
#9004 = CARTESIAN_POINT('',(57.164660595453,13.977202348663,
    89.639176225916));
#9005 = CARTESIAN_POINT('',(84.420117274076,15.721814121289,
    90.779624451626));
#9006 = CARTESIAN_POINT('',(108.67913503491,17.24274640056,
    90.613373379925));
#9007 = PCURVE('',#5556,#9008);
#9008 = DEFINITIONAL_REPRESENTATION('',(#9009),#9013);
#9009 = LINE('',#9010,#9011);
#9010 = CARTESIAN_POINT('',(28.,0.));
#9011 = VECTOR('',#9012,1.);
#9012 = DIRECTION('',(0.,1.));
#9013 = ( GEOMETRIC_REPRESENTATION_CONTEXT(2) 
PARAMETRIC_REPRESENTATION_CONTEXT() REPRESENTATION_CONTEXT('2D SPACE',''
  ) );
#9014 = PCURVE('',#5520,#9015);
#9015 = DEFINITIONAL_REPRESENTATION('',(#9016),#9020);
#9016 = LINE('',#9017,#9018);
#9017 = CARTESIAN_POINT('',(28.,0.));
#9018 = VECTOR('',#9019,1.);
#9019 = DIRECTION('',(0.,1.));
#9020 = ( GEOMETRIC_REPRESENTATION_CONTEXT(2) 
PARAMETRIC_REPRESENTATION_CONTEXT() REPRESENTATION_CONTEXT('2D SPACE',''
  ) );
#9021 = ORIENTED_EDGE('',*,*,#9022,.F.);
#9022 = EDGE_CURVE('',#8953,#9000,#9023,.T.);
#9023 = SURFACE_CURVE('',#9024,(#9027,#9034),.PCURVE_S1.);
#9024 = B_SPLINE_CURVE_WITH_KNOTS('',1,(#9025,#9026),.UNSPECIFIED.,.F.,
  .F.,(2,2),(27.,28.),.PIECEWISE_BEZIER_KNOTS.);
#9025 = CARTESIAN_POINT('',(108.59369780786,17.891706569358,
    91.808754134346));
#9026 = CARTESIAN_POINT('',(108.67913503491,17.24274640056,
    90.613373379925));
#9027 = PCURVE('',#5556,#9028);
#9028 = DEFINITIONAL_REPRESENTATION('',(#9029),#9033);
#9029 = LINE('',#9030,#9031);
#9030 = CARTESIAN_POINT('',(0.,1.));
#9031 = VECTOR('',#9032,1.);
#9032 = DIRECTION('',(1.,0.));
#9033 = ( GEOMETRIC_REPRESENTATION_CONTEXT(2) 
PARAMETRIC_REPRESENTATION_CONTEXT() REPRESENTATION_CONTEXT('2D SPACE',''
  ) );
#9034 = PCURVE('',#7996,#9035);
#9035 = DEFINITIONAL_REPRESENTATION('',(#9036),#9039);
#9036 = B_SPLINE_CURVE_WITH_KNOTS('',1,(#9037,#9038),.UNSPECIFIED.,.F.,
  .F.,(2,2),(27.,28.),.PIECEWISE_BEZIER_KNOTS.);
#9037 = CARTESIAN_POINT('',(17.812687977403,0.182413444284));
#9038 = CARTESIAN_POINT('',(16.450177866623,0.213238215428));
#9039 = ( GEOMETRIC_REPRESENTATION_CONTEXT(2) 
PARAMETRIC_REPRESENTATION_CONTEXT() REPRESENTATION_CONTEXT('2D SPACE',''
  ) );
#9040 = ADVANCED_FACE('',(#9041),#5520,.T.);
#9041 = FACE_BOUND('',#9042,.T.);
#9042 = EDGE_LOOP('',(#9043,#9044,#9045,#9068));
#9043 = ORIENTED_EDGE('',*,*,#8999,.F.);
#9044 = ORIENTED_EDGE('',*,*,#5500,.F.);
#9045 = ORIENTED_EDGE('',*,*,#9046,.T.);
#9046 = EDGE_CURVE('',#5465,#9047,#9049,.T.);
#9047 = VERTEX_POINT('',#9048);
#9048 = CARTESIAN_POINT('',(108.77383370857,16.523438560625,
    89.322661824809));
#9049 = SURFACE_CURVE('',#9050,(#9054,#9061),.PCURVE_S1.);
#9050 = B_SPLINE_CURVE_WITH_KNOTS('',2,(#9051,#9052,#9053),
  .UNSPECIFIED.,.F.,.F.,(3,3),(0.,1.),.PIECEWISE_BEZIER_KNOTS.);
#9051 = CARTESIAN_POINT('',(57.387517842929,12.284433494597,
    88.563360497444));
#9052 = CARTESIAN_POINT('',(84.577433693507,14.526877281398,
    89.437843947987));
#9053 = CARTESIAN_POINT('',(108.77383370857,16.523438560625,
    89.322661824809));
#9054 = PCURVE('',#5520,#9055);
#9055 = DEFINITIONAL_REPRESENTATION('',(#9056),#9060);
#9056 = LINE('',#9057,#9058);
#9057 = CARTESIAN_POINT('',(29.,0.));
#9058 = VECTOR('',#9059,1.);
#9059 = DIRECTION('',(0.,1.));
#9060 = ( GEOMETRIC_REPRESENTATION_CONTEXT(2) 
PARAMETRIC_REPRESENTATION_CONTEXT() REPRESENTATION_CONTEXT('2D SPACE',''
  ) );
#9061 = PCURVE('',#5484,#9062);
#9062 = DEFINITIONAL_REPRESENTATION('',(#9063),#9067);
#9063 = LINE('',#9064,#9065);
#9064 = CARTESIAN_POINT('',(29.,0.));
#9065 = VECTOR('',#9066,1.);
#9066 = DIRECTION('',(0.,1.));
#9067 = ( GEOMETRIC_REPRESENTATION_CONTEXT(2) 
PARAMETRIC_REPRESENTATION_CONTEXT() REPRESENTATION_CONTEXT('2D SPACE',''
  ) );
#9068 = ORIENTED_EDGE('',*,*,#9069,.F.);
#9069 = EDGE_CURVE('',#9000,#9047,#9070,.T.);
#9070 = SURFACE_CURVE('',#9071,(#9074,#9081),.PCURVE_S1.);
#9071 = B_SPLINE_CURVE_WITH_KNOTS('',1,(#9072,#9073),.UNSPECIFIED.,.F.,
  .F.,(2,2),(28.,29.),.PIECEWISE_BEZIER_KNOTS.);
#9072 = CARTESIAN_POINT('',(108.67913503491,17.24274640056,
    90.613373379925));
#9073 = CARTESIAN_POINT('',(108.77383370857,16.523438560625,
    89.322661824809));
#9074 = PCURVE('',#5520,#9075);
#9075 = DEFINITIONAL_REPRESENTATION('',(#9076),#9080);
#9076 = LINE('',#9077,#9078);
#9077 = CARTESIAN_POINT('',(0.,1.));
#9078 = VECTOR('',#9079,1.);
#9079 = DIRECTION('',(1.,0.));
#9080 = ( GEOMETRIC_REPRESENTATION_CONTEXT(2) 
PARAMETRIC_REPRESENTATION_CONTEXT() REPRESENTATION_CONTEXT('2D SPACE',''
  ) );
#9081 = PCURVE('',#7996,#9082);
#9082 = DEFINITIONAL_REPRESENTATION('',(#9083),#9086);
#9083 = B_SPLINE_CURVE_WITH_KNOTS('',1,(#9084,#9085),.UNSPECIFIED.,.F.,
  .F.,(2,2),(28.,29.),.PIECEWISE_BEZIER_KNOTS.);
#9084 = CARTESIAN_POINT('',(16.450177866623,0.213238215428));
#9085 = CARTESIAN_POINT('',(14.969631511469,0.230279815573));
#9086 = ( GEOMETRIC_REPRESENTATION_CONTEXT(2) 
PARAMETRIC_REPRESENTATION_CONTEXT() REPRESENTATION_CONTEXT('2D SPACE',''
  ) );
#9087 = ADVANCED_FACE('',(#9088),#5484,.T.);
#9088 = FACE_BOUND('',#9089,.T.);
#9089 = EDGE_LOOP('',(#9090,#9091,#9092,#9115));
#9090 = ORIENTED_EDGE('',*,*,#9046,.F.);
#9091 = ORIENTED_EDGE('',*,*,#5464,.F.);
#9092 = ORIENTED_EDGE('',*,*,#9093,.T.);
#9093 = EDGE_CURVE('',#5429,#9094,#9096,.T.);
#9094 = VERTEX_POINT('',#9095);
#9095 = CARTESIAN_POINT('',(108.87596714343,15.747658102768,
    87.967390127887));
#9096 = SURFACE_CURVE('',#9097,(#9101,#9108),.PCURVE_S1.);
#9097 = B_SPLINE_CURVE_WITH_KNOTS('',2,(#9098,#9099,#9100),
  .UNSPECIFIED.,.F.,.F.,(3,3),(0.,1.),.PIECEWISE_BEZIER_KNOTS.);
#9098 = CARTESIAN_POINT('',(57.624352881678,10.485492774981,
    87.458100635913));
#9099 = CARTESIAN_POINT('',(84.745842414989,13.247686042581,
    88.037669961887));
#9100 = CARTESIAN_POINT('',(108.87596714343,15.747658102768,
    87.967390127887));
#9101 = PCURVE('',#5484,#9102);
#9102 = DEFINITIONAL_REPRESENTATION('',(#9103),#9107);
#9103 = LINE('',#9104,#9105);
#9104 = CARTESIAN_POINT('',(30.,0.));
#9105 = VECTOR('',#9106,1.);
#9106 = DIRECTION('',(0.,1.));
#9107 = ( GEOMETRIC_REPRESENTATION_CONTEXT(2) 
PARAMETRIC_REPRESENTATION_CONTEXT() REPRESENTATION_CONTEXT('2D SPACE',''
  ) );
#9108 = PCURVE('',#5448,#9109);
#9109 = DEFINITIONAL_REPRESENTATION('',(#9110),#9114);
#9110 = LINE('',#9111,#9112);
#9111 = CARTESIAN_POINT('',(30.,0.));
#9112 = VECTOR('',#9113,1.);
#9113 = DIRECTION('',(0.,1.));
#9114 = ( GEOMETRIC_REPRESENTATION_CONTEXT(2) 
PARAMETRIC_REPRESENTATION_CONTEXT() REPRESENTATION_CONTEXT('2D SPACE',''
  ) );
#9115 = ORIENTED_EDGE('',*,*,#9116,.F.);
#9116 = EDGE_CURVE('',#9047,#9094,#9117,.T.);
#9117 = SURFACE_CURVE('',#9118,(#9121,#9128),.PCURVE_S1.);
#9118 = B_SPLINE_CURVE_WITH_KNOTS('',1,(#9119,#9120),.UNSPECIFIED.,.F.,
  .F.,(2,2),(29.,30.),.PIECEWISE_BEZIER_KNOTS.);
#9119 = CARTESIAN_POINT('',(108.77383370857,16.523438560625,
    89.322661824809));
#9120 = CARTESIAN_POINT('',(108.87596714343,15.747658102768,
    87.967390127887));
#9121 = PCURVE('',#5484,#9122);
#9122 = DEFINITIONAL_REPRESENTATION('',(#9123),#9127);
#9123 = LINE('',#9124,#9125);
#9124 = CARTESIAN_POINT('',(0.,1.));
#9125 = VECTOR('',#9126,1.);
#9126 = DIRECTION('',(1.,0.));
#9127 = ( GEOMETRIC_REPRESENTATION_CONTEXT(2) 
PARAMETRIC_REPRESENTATION_CONTEXT() REPRESENTATION_CONTEXT('2D SPACE',''
  ) );
#9128 = PCURVE('',#7996,#9129);
#9129 = DEFINITIONAL_REPRESENTATION('',(#9130),#9133);
#9130 = B_SPLINE_CURVE_WITH_KNOTS('',1,(#9131,#9132),.UNSPECIFIED.,.F.,
  .F.,(2,2),(29.,30.),.PIECEWISE_BEZIER_KNOTS.);
#9131 = CARTESIAN_POINT('',(14.969631511469,0.230279815573));
#9132 = CARTESIAN_POINT('',(13.404694474481,0.230272750708));
#9133 = ( GEOMETRIC_REPRESENTATION_CONTEXT(2) 
PARAMETRIC_REPRESENTATION_CONTEXT() REPRESENTATION_CONTEXT('2D SPACE',''
  ) );
#9134 = ADVANCED_FACE('',(#9135),#5448,.T.);
#9135 = FACE_BOUND('',#9136,.T.);
#9136 = EDGE_LOOP('',(#9137,#9138,#9139,#9162));
#9137 = ORIENTED_EDGE('',*,*,#9093,.F.);
#9138 = ORIENTED_EDGE('',*,*,#5428,.F.);
#9139 = ORIENTED_EDGE('',*,*,#9140,.T.);
#9140 = EDGE_CURVE('',#5384,#9141,#9143,.T.);
#9141 = VERTEX_POINT('',#9142);
#9142 = CARTESIAN_POINT('',(108.98333152082,14.93214469163,
    86.578224949295));
#9143 = SURFACE_CURVE('',#9144,(#9148,#9155),.PCURVE_S1.);
#9144 = B_SPLINE_CURVE_WITH_KNOTS('',2,(#9145,#9146,#9147),
  .UNSPECIFIED.,.F.,.F.,(3,3),(0.,1.),.PIECEWISE_BEZIER_KNOTS.);
#9145 = CARTESIAN_POINT('',(57.869874434395,8.620571431167,
    86.34840982764));
#9146 = CARTESIAN_POINT('',(84.921588837763,11.912759428997,
    86.610624058818));
#9147 = CARTESIAN_POINT('',(108.98333152082,14.93214469163,
    86.578224949295));
#9148 = PCURVE('',#5448,#9149);
#9149 = DEFINITIONAL_REPRESENTATION('',(#9150),#9154);
#9150 = LINE('',#9151,#9152);
#9151 = CARTESIAN_POINT('',(31.,0.));
#9152 = VECTOR('',#9153,1.);
#9153 = DIRECTION('',(0.,1.));
#9154 = ( GEOMETRIC_REPRESENTATION_CONTEXT(2) 
PARAMETRIC_REPRESENTATION_CONTEXT() REPRESENTATION_CONTEXT('2D SPACE',''
  ) );
#9155 = PCURVE('',#5409,#9156);
#9156 = DEFINITIONAL_REPRESENTATION('',(#9157),#9161);
#9157 = LINE('',#9158,#9159);
#9158 = CARTESIAN_POINT('',(31.,0.));
#9159 = VECTOR('',#9160,1.);
#9160 = DIRECTION('',(0.,1.));
#9161 = ( GEOMETRIC_REPRESENTATION_CONTEXT(2) 
PARAMETRIC_REPRESENTATION_CONTEXT() REPRESENTATION_CONTEXT('2D SPACE',''
  ) );
#9162 = ORIENTED_EDGE('',*,*,#9163,.F.);
#9163 = EDGE_CURVE('',#9094,#9141,#9164,.T.);
#9164 = SURFACE_CURVE('',#9165,(#9168,#9175),.PCURVE_S1.);
#9165 = B_SPLINE_CURVE_WITH_KNOTS('',1,(#9166,#9167),.UNSPECIFIED.,.F.,
  .F.,(2,2),(30.,31.),.PIECEWISE_BEZIER_KNOTS.);
#9166 = CARTESIAN_POINT('',(108.87596714343,15.747658102768,
    87.967390127887));
#9167 = CARTESIAN_POINT('',(108.98333152082,14.93214469163,
    86.578224949295));
#9168 = PCURVE('',#5448,#9169);
#9169 = DEFINITIONAL_REPRESENTATION('',(#9170),#9174);
#9170 = LINE('',#9171,#9172);
#9171 = CARTESIAN_POINT('',(0.,1.));
#9172 = VECTOR('',#9173,1.);
#9173 = DIRECTION('',(1.,0.));
#9174 = ( GEOMETRIC_REPRESENTATION_CONTEXT(2) 
PARAMETRIC_REPRESENTATION_CONTEXT() REPRESENTATION_CONTEXT('2D SPACE',''
  ) );
#9175 = PCURVE('',#7996,#9176);
#9176 = DEFINITIONAL_REPRESENTATION('',(#9177),#9180);
#9177 = B_SPLINE_CURVE_WITH_KNOTS('',1,(#9178,#9179),.UNSPECIFIED.,.F.,
  .F.,(2,2),(30.,31.),.PIECEWISE_BEZIER_KNOTS.);
#9178 = CARTESIAN_POINT('',(13.404694474481,0.230272750708));
#9179 = CARTESIAN_POINT('',(11.79036691766,0.21250575942));
#9180 = ( GEOMETRIC_REPRESENTATION_CONTEXT(2) 
PARAMETRIC_REPRESENTATION_CONTEXT() REPRESENTATION_CONTEXT('2D SPACE',''
  ) );
#9181 = ADVANCED_FACE('',(#9182),#5409,.T.);
#9182 = FACE_BOUND('',#9183,.T.);
#9183 = EDGE_LOOP('',(#9184,#9185,#9186,#9209));
#9184 = ORIENTED_EDGE('',*,*,#9140,.F.);
#9185 = ORIENTED_EDGE('',*,*,#5383,.F.);
#9186 = ORIENTED_EDGE('',*,*,#9187,.T.);
#9187 = EDGE_CURVE('',#5348,#9188,#9190,.T.);
#9188 = VERTEX_POINT('',#9189);
#9189 = CARTESIAN_POINT('',(109.09334692196,14.096494755944,
    85.18475785701));
#9190 = SURFACE_CURVE('',#9191,(#9195,#9202),.PCURVE_S1.);
#9191 = B_SPLINE_CURVE_WITH_KNOTS('',2,(#9192,#9193,#9194),
  .UNSPECIFIED.,.F.,.F.,(3,3),(0.,1.),.PIECEWISE_BEZIER_KNOTS.);
#9192 = CARTESIAN_POINT('',(58.118438690957,6.732538457113,
    85.254051409862));
#9193 = CARTESIAN_POINT('',(85.100448104951,10.554188414653,
    85.185451821224));
#9194 = CARTESIAN_POINT('',(109.09334692196,14.096494755944,
    85.18475785701));
#9195 = PCURVE('',#5409,#9196);
#9196 = DEFINITIONAL_REPRESENTATION('',(#9197),#9201);
#9197 = LINE('',#9198,#9199);
#9198 = CARTESIAN_POINT('',(32.,0.));
#9199 = VECTOR('',#9200,1.);
#9200 = DIRECTION('',(0.,1.));
#9201 = ( GEOMETRIC_REPRESENTATION_CONTEXT(2) 
PARAMETRIC_REPRESENTATION_CONTEXT() REPRESENTATION_CONTEXT('2D SPACE',''
  ) );
#9202 = PCURVE('',#5367,#9203);
#9203 = DEFINITIONAL_REPRESENTATION('',(#9204),#9208);
#9204 = LINE('',#9205,#9206);
#9205 = CARTESIAN_POINT('',(32.,0.));
#9206 = VECTOR('',#9207,1.);
#9207 = DIRECTION('',(0.,1.));
#9208 = ( GEOMETRIC_REPRESENTATION_CONTEXT(2) 
PARAMETRIC_REPRESENTATION_CONTEXT() REPRESENTATION_CONTEXT('2D SPACE',''
  ) );
#9209 = ORIENTED_EDGE('',*,*,#9210,.F.);
#9210 = EDGE_CURVE('',#9141,#9188,#9211,.T.);
#9211 = SURFACE_CURVE('',#9212,(#9215,#9222),.PCURVE_S1.);
#9212 = B_SPLINE_CURVE_WITH_KNOTS('',1,(#9213,#9214),.UNSPECIFIED.,.F.,
  .F.,(2,2),(31.,32.),.PIECEWISE_BEZIER_KNOTS.);
#9213 = CARTESIAN_POINT('',(108.98333152082,14.93214469163,
    86.578224949295));
#9214 = CARTESIAN_POINT('',(109.09334692196,14.096494755944,
    85.18475785701));
#9215 = PCURVE('',#5409,#9216);
#9216 = DEFINITIONAL_REPRESENTATION('',(#9217),#9221);
#9217 = LINE('',#9218,#9219);
#9218 = CARTESIAN_POINT('',(0.,1.));
#9219 = VECTOR('',#9220,1.);
#9220 = DIRECTION('',(1.,0.));
#9221 = ( GEOMETRIC_REPRESENTATION_CONTEXT(2) 
PARAMETRIC_REPRESENTATION_CONTEXT() REPRESENTATION_CONTEXT('2D SPACE',''
  ) );
#9222 = PCURVE('',#7996,#9223);
#9223 = DEFINITIONAL_REPRESENTATION('',(#9224),#9227);
#9224 = B_SPLINE_CURVE_WITH_KNOTS('',1,(#9225,#9226),.UNSPECIFIED.,.F.,
  .F.,(2,2),(31.,32.),.PIECEWISE_BEZIER_KNOTS.);
#9225 = CARTESIAN_POINT('',(11.79036691766,0.21250575942));
#9226 = CARTESIAN_POINT('',(10.162158653384,0.179300504959));
#9227 = ( GEOMETRIC_REPRESENTATION_CONTEXT(2) 
PARAMETRIC_REPRESENTATION_CONTEXT() REPRESENTATION_CONTEXT('2D SPACE',''
  ) );
#9228 = ADVANCED_FACE('',(#9229),#5367,.T.);
#9229 = FACE_BOUND('',#9230,.T.);
#9230 = EDGE_LOOP('',(#9231,#9232,#9233,#9256));
#9231 = ORIENTED_EDGE('',*,*,#9187,.F.);
#9232 = ORIENTED_EDGE('',*,*,#5347,.F.);
#9233 = ORIENTED_EDGE('',*,*,#9234,.T.);
#9234 = EDGE_CURVE('',#5312,#9235,#9237,.T.);
#9235 = VERTEX_POINT('',#9236);
#9236 = CARTESIAN_POINT('',(109.20291805159,13.26421939742,
    83.818309682033));
#9237 = SURFACE_CURVE('',#9238,(#9242,#9249),.PCURVE_S1.);
#9238 = B_SPLINE_CURVE_WITH_KNOTS('',2,(#9239,#9240,#9241),
  .UNSPECIFIED.,.F.,.F.,(3,3),(0.,1.),.PIECEWISE_BEZIER_KNOTS.);
#9239 = CARTESIAN_POINT('',(58.363003679228,4.874882941625,
    84.195770030153));
#9240 = CARTESIAN_POINT('',(85.277337546072,9.21057971476,
    83.793523971452));
#9241 = CARTESIAN_POINT('',(109.20291805159,13.26421939742,
    83.818309682033));
#9242 = PCURVE('',#5367,#9243);
#9243 = DEFINITIONAL_REPRESENTATION('',(#9244),#9248);
#9244 = LINE('',#9245,#9246);
#9245 = CARTESIAN_POINT('',(33.,0.));
#9246 = VECTOR('',#9247,1.);
#9247 = DIRECTION('',(0.,1.));
#9248 = ( GEOMETRIC_REPRESENTATION_CONTEXT(2) 
PARAMETRIC_REPRESENTATION_CONTEXT() REPRESENTATION_CONTEXT('2D SPACE',''
  ) );
#9249 = PCURVE('',#5331,#9250);
#9250 = DEFINITIONAL_REPRESENTATION('',(#9251),#9255);
#9251 = LINE('',#9252,#9253);
#9252 = CARTESIAN_POINT('',(33.,0.));
#9253 = VECTOR('',#9254,1.);
#9254 = DIRECTION('',(0.,1.));
#9255 = ( GEOMETRIC_REPRESENTATION_CONTEXT(2) 
PARAMETRIC_REPRESENTATION_CONTEXT() REPRESENTATION_CONTEXT('2D SPACE',''
  ) );
#9256 = ORIENTED_EDGE('',*,*,#9257,.F.);
#9257 = EDGE_CURVE('',#9188,#9235,#9258,.T.);
#9258 = SURFACE_CURVE('',#9259,(#9262,#9269),.PCURVE_S1.);
#9259 = B_SPLINE_CURVE_WITH_KNOTS('',1,(#9260,#9261),.UNSPECIFIED.,.F.,
  .F.,(2,2),(32.,33.),.PIECEWISE_BEZIER_KNOTS.);
#9260 = CARTESIAN_POINT('',(109.09334692196,14.096494755944,
    85.18475785701));
#9261 = CARTESIAN_POINT('',(109.20291805159,13.26421939742,
    83.818309682033));
#9262 = PCURVE('',#5367,#9263);
#9263 = DEFINITIONAL_REPRESENTATION('',(#9264),#9268);
#9264 = LINE('',#9265,#9266);
#9265 = CARTESIAN_POINT('',(0.,1.));
#9266 = VECTOR('',#9267,1.);
#9267 = DIRECTION('',(1.,0.));
#9268 = ( GEOMETRIC_REPRESENTATION_CONTEXT(2) 
PARAMETRIC_REPRESENTATION_CONTEXT() REPRESENTATION_CONTEXT('2D SPACE',''
  ) );
#9269 = PCURVE('',#7996,#9270);
#9270 = DEFINITIONAL_REPRESENTATION('',(#9271),#9274);
#9271 = B_SPLINE_CURVE_WITH_KNOTS('',1,(#9272,#9273),.UNSPECIFIED.,.F.,
  .F.,(2,2),(32.,33.),.PIECEWISE_BEZIER_KNOTS.);
#9272 = CARTESIAN_POINT('',(10.162158653384,0.179300504959));
#9273 = CARTESIAN_POINT('',(8.559051306007,0.135533479269));
#9274 = ( GEOMETRIC_REPRESENTATION_CONTEXT(2) 
PARAMETRIC_REPRESENTATION_CONTEXT() REPRESENTATION_CONTEXT('2D SPACE',''
  ) );
#9275 = ADVANCED_FACE('',(#9276),#5331,.T.);
#9276 = FACE_BOUND('',#9277,.T.);
#9277 = EDGE_LOOP('',(#9278,#9279,#9280,#9303));
#9278 = ORIENTED_EDGE('',*,*,#9234,.F.);
#9279 = ORIENTED_EDGE('',*,*,#5311,.F.);
#9280 = ORIENTED_EDGE('',*,*,#9281,.T.);
#9281 = EDGE_CURVE('',#5276,#9282,#9284,.T.);
#9282 = VERTEX_POINT('',#9283);
#9283 = CARTESIAN_POINT('',(109.31049100578,12.447121688245,
    82.531167523336));
#9284 = SURFACE_CURVE('',#9285,(#9289,#9296),.PCURVE_S1.);
#9285 = B_SPLINE_CURVE_WITH_KNOTS('',2,(#9286,#9287,#9288),
  .UNSPECIFIED.,.F.,.F.,(3,3),(0.,1.),.PIECEWISE_BEZIER_KNOTS.);
#9286 = CARTESIAN_POINT('',(58.595052221929,3.112299269047,
    83.245749445427));
#9287 = CARTESIAN_POINT('',(85.448283886011,7.912113350114,
    82.503522527937));
#9288 = CARTESIAN_POINT('',(109.31049100578,12.447121688245,
    82.531167523336));
#9289 = PCURVE('',#5331,#9290);
#9290 = DEFINITIONAL_REPRESENTATION('',(#9291),#9295);
#9291 = LINE('',#9292,#9293);
#9292 = CARTESIAN_POINT('',(34.,0.));
#9293 = VECTOR('',#9294,1.);
#9294 = DIRECTION('',(0.,1.));
#9295 = ( GEOMETRIC_REPRESENTATION_CONTEXT(2) 
PARAMETRIC_REPRESENTATION_CONTEXT() REPRESENTATION_CONTEXT('2D SPACE',''
  ) );
#9296 = PCURVE('',#5295,#9297);
#9297 = DEFINITIONAL_REPRESENTATION('',(#9298),#9302);
#9298 = LINE('',#9299,#9300);
#9299 = CARTESIAN_POINT('',(34.,0.));
#9300 = VECTOR('',#9301,1.);
#9301 = DIRECTION('',(0.,1.));
#9302 = ( GEOMETRIC_REPRESENTATION_CONTEXT(2) 
PARAMETRIC_REPRESENTATION_CONTEXT() REPRESENTATION_CONTEXT('2D SPACE',''
  ) );
#9303 = ORIENTED_EDGE('',*,*,#9304,.F.);
#9304 = EDGE_CURVE('',#9235,#9282,#9305,.T.);
#9305 = SURFACE_CURVE('',#9306,(#9309,#9316),.PCURVE_S1.);
#9306 = B_SPLINE_CURVE_WITH_KNOTS('',1,(#9307,#9308),.UNSPECIFIED.,.F.,
  .F.,(2,2),(33.,34.),.PIECEWISE_BEZIER_KNOTS.);
#9307 = CARTESIAN_POINT('',(109.20291805159,13.26421939742,
    83.818309682033));
#9308 = CARTESIAN_POINT('',(109.31049100578,12.447121688245,
    82.531167523336));
#9309 = PCURVE('',#5331,#9310);
#9310 = DEFINITIONAL_REPRESENTATION('',(#9311),#9315);
#9311 = LINE('',#9312,#9313);
#9312 = CARTESIAN_POINT('',(0.,1.));
#9313 = VECTOR('',#9314,1.);
#9314 = DIRECTION('',(1.,0.));
#9315 = ( GEOMETRIC_REPRESENTATION_CONTEXT(2) 
PARAMETRIC_REPRESENTATION_CONTEXT() REPRESENTATION_CONTEXT('2D SPACE',''
  ) );
#9316 = PCURVE('',#7996,#9317);
#9317 = DEFINITIONAL_REPRESENTATION('',(#9318),#9321);
#9318 = B_SPLINE_CURVE_WITH_KNOTS('',1,(#9319,#9320),.UNSPECIFIED.,.F.,
  .F.,(2,2),(33.,34.),.PIECEWISE_BEZIER_KNOTS.);
#9319 = CARTESIAN_POINT('',(8.559051306007,0.135533479269));
#9320 = CARTESIAN_POINT('',(7.032279291744,6.537109638607E-02));
#9321 = ( GEOMETRIC_REPRESENTATION_CONTEXT(2) 
PARAMETRIC_REPRESENTATION_CONTEXT() REPRESENTATION_CONTEXT('2D SPACE',''
  ) );
#9322 = ADVANCED_FACE('',(#9323),#5295,.T.);
#9323 = FACE_BOUND('',#9324,.T.);
#9324 = EDGE_LOOP('',(#9325,#9326,#9327,#9350));
#9325 = ORIENTED_EDGE('',*,*,#9281,.F.);
#9326 = ORIENTED_EDGE('',*,*,#5275,.F.);
#9327 = ORIENTED_EDGE('',*,*,#9328,.T.);
#9328 = EDGE_CURVE('',#5240,#9329,#9331,.T.);
#9329 = VERTEX_POINT('',#9330);
#9330 = CARTESIAN_POINT('',(109.41537313678,11.650462810343,
    81.331412989897));
#9331 = SURFACE_CURVE('',#9332,(#9336,#9343),.PCURVE_S1.);
#9332 = B_SPLINE_CURVE_WITH_KNOTS('',2,(#9333,#9334,#9335),
  .UNSPECIFIED.,.F.,.F.,(3,3),(0.,1.),.PIECEWISE_BEZIER_KNOTS.);
#9333 = CARTESIAN_POINT('',(58.817535521968,1.422370827768,
    82.386850757683));
#9334 = CARTESIAN_POINT('',(85.613067146907,6.660460218455,
    81.307805299095));
#9335 = CARTESIAN_POINT('',(109.41537313678,11.650462810343,
    81.331412989897));
#9336 = PCURVE('',#5295,#9337);
#9337 = DEFINITIONAL_REPRESENTATION('',(#9338),#9342);
#9338 = LINE('',#9339,#9340);
#9339 = CARTESIAN_POINT('',(35.,0.));
#9340 = VECTOR('',#9341,1.);
#9341 = DIRECTION('',(0.,1.));
#9342 = ( GEOMETRIC_REPRESENTATION_CONTEXT(2) 
PARAMETRIC_REPRESENTATION_CONTEXT() REPRESENTATION_CONTEXT('2D SPACE',''
  ) );
#9343 = PCURVE('',#5259,#9344);
#9344 = DEFINITIONAL_REPRESENTATION('',(#9345),#9349);
#9345 = LINE('',#9346,#9347);
#9346 = CARTESIAN_POINT('',(35.,0.));
#9347 = VECTOR('',#9348,1.);
#9348 = DIRECTION('',(0.,1.));
#9349 = ( GEOMETRIC_REPRESENTATION_CONTEXT(2) 
PARAMETRIC_REPRESENTATION_CONTEXT() REPRESENTATION_CONTEXT('2D SPACE',''
  ) );
#9350 = ORIENTED_EDGE('',*,*,#9351,.F.);
#9351 = EDGE_CURVE('',#9282,#9329,#9352,.T.);
#9352 = SURFACE_CURVE('',#9353,(#9356,#9363),.PCURVE_S1.);
#9353 = B_SPLINE_CURVE_WITH_KNOTS('',1,(#9354,#9355),.UNSPECIFIED.,.F.,
  .F.,(2,2),(34.,35.),.PIECEWISE_BEZIER_KNOTS.);
#9354 = CARTESIAN_POINT('',(109.31049100578,12.447121688245,
    82.531167523336));
#9355 = CARTESIAN_POINT('',(109.41537313678,11.650462810343,
    81.331412989897));
#9356 = PCURVE('',#5295,#9357);
#9357 = DEFINITIONAL_REPRESENTATION('',(#9358),#9362);
#9358 = LINE('',#9359,#9360);
#9359 = CARTESIAN_POINT('',(0.,1.));
#9360 = VECTOR('',#9361,1.);
#9361 = DIRECTION('',(1.,0.));
#9362 = ( GEOMETRIC_REPRESENTATION_CONTEXT(2) 
PARAMETRIC_REPRESENTATION_CONTEXT() REPRESENTATION_CONTEXT('2D SPACE',''
  ) );
#9363 = PCURVE('',#7996,#9364);
#9364 = DEFINITIONAL_REPRESENTATION('',(#9365),#9368);
#9365 = B_SPLINE_CURVE_WITH_KNOTS('',1,(#9366,#9367),.UNSPECIFIED.,.F.,
  .F.,(2,2),(34.,35.),.PIECEWISE_BEZIER_KNOTS.);
#9366 = CARTESIAN_POINT('',(7.032279291744,6.537109638607E-02));
#9367 = CARTESIAN_POINT('',(5.591494779503,-3.063181469618E-02));
#9368 = ( GEOMETRIC_REPRESENTATION_CONTEXT(2) 
PARAMETRIC_REPRESENTATION_CONTEXT() REPRESENTATION_CONTEXT('2D SPACE',''
  ) );
#9369 = ADVANCED_FACE('',(#9370),#5259,.T.);
#9370 = FACE_BOUND('',#9371,.T.);
#9371 = EDGE_LOOP('',(#9372,#9373,#9374,#9397));
#9372 = ORIENTED_EDGE('',*,*,#9328,.F.);
#9373 = ORIENTED_EDGE('',*,*,#5239,.F.);
#9374 = ORIENTED_EDGE('',*,*,#9375,.T.);
#9375 = EDGE_CURVE('',#5211,#9376,#9378,.T.);
#9376 = VERTEX_POINT('',#9377);
#9377 = CARTESIAN_POINT('',(109.51376805109,10.903079235339,
    80.234046305962));
#9378 = SURFACE_CURVE('',#9379,(#9383,#9390),.PCURVE_S1.);
#9379 = B_SPLINE_CURVE_WITH_KNOTS('',2,(#9380,#9381,#9382),
  .UNSPECIFIED.,.F.,.F.,(3,3),(0.,1.),.PIECEWISE_BEZIER_KNOTS.);
#9380 = CARTESIAN_POINT('',(59.025063507846,-0.153960724469,
    81.606693408074));
#9381 = CARTESIAN_POINT('',(85.766448068625,5.495416451503,
    80.21169475512));
#9382 = CARTESIAN_POINT('',(109.51376805109,10.903079235339,
    80.234046305962));
#9383 = PCURVE('',#5259,#9384);
#9384 = DEFINITIONAL_REPRESENTATION('',(#9385),#9389);
#9385 = LINE('',#9386,#9387);
#9386 = CARTESIAN_POINT('',(36.,0.));
#9387 = VECTOR('',#9388,1.);
#9388 = DIRECTION('',(0.,1.));
#9389 = ( GEOMETRIC_REPRESENTATION_CONTEXT(2) 
PARAMETRIC_REPRESENTATION_CONTEXT() REPRESENTATION_CONTEXT('2D SPACE',''
  ) );
#9390 = PCURVE('',#928,#9391);
#9391 = DEFINITIONAL_REPRESENTATION('',(#9392),#9396);
#9392 = LINE('',#9393,#9394);
#9393 = CARTESIAN_POINT('',(36.,0.));
#9394 = VECTOR('',#9395,1.);
#9395 = DIRECTION('',(0.,1.));
#9396 = ( GEOMETRIC_REPRESENTATION_CONTEXT(2) 
PARAMETRIC_REPRESENTATION_CONTEXT() REPRESENTATION_CONTEXT('2D SPACE',''
  ) );
#9397 = ORIENTED_EDGE('',*,*,#9398,.F.);
#9398 = EDGE_CURVE('',#9329,#9376,#9399,.T.);
#9399 = SURFACE_CURVE('',#9400,(#9403,#9410),.PCURVE_S1.);
#9400 = B_SPLINE_CURVE_WITH_KNOTS('',1,(#9401,#9402),.UNSPECIFIED.,.F.,
  .F.,(2,2),(35.,36.),.PIECEWISE_BEZIER_KNOTS.);
#9401 = CARTESIAN_POINT('',(109.41537313678,11.650462810343,
    81.331412989897));
#9402 = CARTESIAN_POINT('',(109.51376805109,10.903079235339,
    80.234046305962));
#9403 = PCURVE('',#5259,#9404);
#9404 = DEFINITIONAL_REPRESENTATION('',(#9405),#9409);
#9405 = LINE('',#9406,#9407);
#9406 = CARTESIAN_POINT('',(0.,1.));
#9407 = VECTOR('',#9408,1.);
#9408 = DIRECTION('',(1.,0.));
#9409 = ( GEOMETRIC_REPRESENTATION_CONTEXT(2) 
PARAMETRIC_REPRESENTATION_CONTEXT() REPRESENTATION_CONTEXT('2D SPACE',''
  ) );
#9410 = PCURVE('',#7996,#9411);
#9411 = DEFINITIONAL_REPRESENTATION('',(#9412),#9415);
#9412 = B_SPLINE_CURVE_WITH_KNOTS('',1,(#9413,#9414),.UNSPECIFIED.,.F.,
  .F.,(2,2),(35.,36.),.PIECEWISE_BEZIER_KNOTS.);
#9413 = CARTESIAN_POINT('',(5.591494779503,-3.063181469618E-02));
#9414 = CARTESIAN_POINT('',(4.264230994743,-0.134786757076));
#9415 = ( GEOMETRIC_REPRESENTATION_CONTEXT(2) 
PARAMETRIC_REPRESENTATION_CONTEXT() REPRESENTATION_CONTEXT('2D SPACE',''
  ) );
#9416 = ADVANCED_FACE('',(#9417),#928,.T.);
#9417 = FACE_BOUND('',#9418,.T.);
#9418 = EDGE_LOOP('',(#9419,#9420,#9421,#9444,#9463));
#9419 = ORIENTED_EDGE('',*,*,#5210,.F.);
#9420 = ORIENTED_EDGE('',*,*,#890,.F.);
#9421 = ORIENTED_EDGE('',*,*,#9422,.T.);
#9422 = EDGE_CURVE('',#846,#9423,#9425,.T.);
#9423 = VERTEX_POINT('',#9424);
#9424 = CARTESIAN_POINT('',(109.6018850105,10.23376447847,
    79.252195063727));
#9425 = SURFACE_CURVE('',#9426,(#9430,#9437),.PCURVE_S1.);
#9426 = B_SPLINE_CURVE_WITH_KNOTS('',2,(#9427,#9428,#9429),
  .UNSPECIFIED.,.F.,.F.,(3,3),(0.,1.),.PIECEWISE_BEZIER_KNOTS.);
#9427 = CARTESIAN_POINT('',(59.212188420467,-1.575315549105,
    80.892431715524));
#9428 = CARTESIAN_POINT('',(85.903266775311,4.456175197493,
    79.219337191392));
#9429 = CARTESIAN_POINT('',(109.6018850105,10.23376447847,
    79.252195063727));
#9430 = PCURVE('',#928,#9431);
#9431 = DEFINITIONAL_REPRESENTATION('',(#9432),#9436);
#9432 = LINE('',#9433,#9434);
#9433 = CARTESIAN_POINT('',(37.,0.));
#9434 = VECTOR('',#9435,1.);
#9435 = DIRECTION('',(0.,1.));
#9436 = ( GEOMETRIC_REPRESENTATION_CONTEXT(2) 
PARAMETRIC_REPRESENTATION_CONTEXT() REPRESENTATION_CONTEXT('2D SPACE',''
  ) );
#9437 = PCURVE('',#871,#9438);
#9438 = DEFINITIONAL_REPRESENTATION('',(#9439),#9443);
#9439 = LINE('',#9440,#9441);
#9440 = CARTESIAN_POINT('',(37.,0.));
#9441 = VECTOR('',#9442,1.);
#9442 = DIRECTION('',(0.,1.));
#9443 = ( GEOMETRIC_REPRESENTATION_CONTEXT(2) 
PARAMETRIC_REPRESENTATION_CONTEXT() REPRESENTATION_CONTEXT('2D SPACE',''
  ) );
#9444 = ORIENTED_EDGE('',*,*,#9445,.F.);
#9445 = EDGE_CURVE('',#9376,#9423,#9446,.T.);
#9446 = SURFACE_CURVE('',#9447,(#9450,#9457),.PCURVE_S1.);
#9447 = B_SPLINE_CURVE_WITH_KNOTS('',1,(#9448,#9449),.UNSPECIFIED.,.F.,
  .F.,(2,2),(36.,37.),.PIECEWISE_BEZIER_KNOTS.);
#9448 = CARTESIAN_POINT('',(109.51376805109,10.903079235339,
    80.234046305962));
#9449 = CARTESIAN_POINT('',(109.6018850105,10.23376447847,
    79.252195063727));
#9450 = PCURVE('',#928,#9451);
#9451 = DEFINITIONAL_REPRESENTATION('',(#9452),#9456);
#9452 = LINE('',#9453,#9454);
#9453 = CARTESIAN_POINT('',(0.,1.));
#9454 = VECTOR('',#9455,1.);
#9455 = DIRECTION('',(1.,0.));
#9456 = ( GEOMETRIC_REPRESENTATION_CONTEXT(2) 
PARAMETRIC_REPRESENTATION_CONTEXT() REPRESENTATION_CONTEXT('2D SPACE',''
  ) );
#9457 = PCURVE('',#7996,#9458);
#9458 = DEFINITIONAL_REPRESENTATION('',(#9459),#9462);
#9459 = B_SPLINE_CURVE_WITH_KNOTS('',1,(#9460,#9461),.UNSPECIFIED.,.F.,
  .F.,(2,2),(36.,37.),.PIECEWISE_BEZIER_KNOTS.);
#9460 = CARTESIAN_POINT('',(4.264230994743,-0.134786757076));
#9461 = CARTESIAN_POINT('',(3.076377752469,-0.22850644016));
#9462 = ( GEOMETRIC_REPRESENTATION_CONTEXT(2) 
PARAMETRIC_REPRESENTATION_CONTEXT() REPRESENTATION_CONTEXT('2D SPACE',''
  ) );
#9463 = ORIENTED_EDGE('',*,*,#9375,.F.);
#9464 = ADVANCED_FACE('',(#9465),#1014,.T.);
#9465 = FACE_BOUND('',#9466,.T.);
#9466 = EDGE_LOOP('',(#9467,#9468,#9469));
#9467 = ORIENTED_EDGE('',*,*,#976,.T.);
#9468 = ORIENTED_EDGE('',*,*,#5182,.F.);
#9469 = ORIENTED_EDGE('',*,*,#9470,.T.);
#9470 = EDGE_CURVE('',#5154,#977,#9471,.T.);
#9471 = SURFACE_CURVE('',#9472,(#9476,#9483),.PCURVE_S1.);
#9472 = B_SPLINE_CURVE_WITH_KNOTS('',2,(#9473,#9474,#9475),
  .UNSPECIFIED.,.F.,.F.,(3,3),(0.,1.),.PIECEWISE_BEZIER_KNOTS.);
#9473 = CARTESIAN_POINT('',(59.184803628093,1.367307399804,
    89.370877068045));
#9474 = CARTESIAN_POINT('',(85.901349462772,-4.470738632098,
    91.336443824057));
#9475 = CARTESIAN_POINT('',(109.62046989605,-10.09259825763,
    91.488342166972));
#9476 = PCURVE('',#1014,#9477);
#9477 = DEFINITIONAL_REPRESENTATION('',(#9478),#9482);
#9478 = LINE('',#9479,#9480);
#9479 = CARTESIAN_POINT('',(15.,0.));
#9480 = VECTOR('',#9481,1.);
#9481 = DIRECTION('',(0.,1.));
#9482 = ( GEOMETRIC_REPRESENTATION_CONTEXT(2) 
PARAMETRIC_REPRESENTATION_CONTEXT() REPRESENTATION_CONTEXT('2D SPACE',''
  ) );
#9483 = PCURVE('',#1065,#9484);
#9484 = DEFINITIONAL_REPRESENTATION('',(#9485),#9489);
#9485 = LINE('',#9486,#9487);
#9486 = CARTESIAN_POINT('',(15.,0.));
#9487 = VECTOR('',#9488,1.);
#9488 = DIRECTION('',(0.,1.));
#9489 = ( GEOMETRIC_REPRESENTATION_CONTEXT(2) 
PARAMETRIC_REPRESENTATION_CONTEXT() REPRESENTATION_CONTEXT('2D SPACE',''
  ) );
#9490 = ADVANCED_FACE('',(#9491),#1065,.T.);
#9491 = FACE_BOUND('',#9492,.T.);
#9492 = EDGE_LOOP('',(#9493,#9494,#9495,#9516));
#9493 = ORIENTED_EDGE('',*,*,#9470,.F.);
#9494 = ORIENTED_EDGE('',*,*,#5153,.F.);
#9495 = ORIENTED_EDGE('',*,*,#9496,.T.);
#9496 = EDGE_CURVE('',#5125,#1040,#9497,.T.);
#9497 = SURFACE_CURVE('',#9498,(#9502,#9509),.PCURVE_S1.);
#9498 = B_SPLINE_CURVE_WITH_KNOTS('',2,(#9499,#9500,#9501),
  .UNSPECIFIED.,.F.,.F.,(3,3),(0.,1.),.PIECEWISE_BEZIER_KNOTS.);
#9499 = CARTESIAN_POINT('',(59.328990221862,2.462513312427,
    90.66032608884));
#9500 = CARTESIAN_POINT('',(85.989250444497,-3.803064388649,
    92.662053493107));
#9501 = CARTESIAN_POINT('',(109.66985340527,-9.717493264401,
    92.652480546588));
#9502 = PCURVE('',#1065,#9503);
#9503 = DEFINITIONAL_REPRESENTATION('',(#9504),#9508);
#9504 = LINE('',#9505,#9506);
#9505 = CARTESIAN_POINT('',(16.,0.));
#9506 = VECTOR('',#9507,1.);
#9507 = DIRECTION('',(0.,1.));
#9508 = ( GEOMETRIC_REPRESENTATION_CONTEXT(2) 
PARAMETRIC_REPRESENTATION_CONTEXT() REPRESENTATION_CONTEXT('2D SPACE',''
  ) );
#9509 = PCURVE('',#1110,#9510);
#9510 = DEFINITIONAL_REPRESENTATION('',(#9511),#9515);
#9511 = LINE('',#9512,#9513);
#9512 = CARTESIAN_POINT('',(16.,0.));
#9513 = VECTOR('',#9514,1.);
#9514 = DIRECTION('',(0.,1.));
#9515 = ( GEOMETRIC_REPRESENTATION_CONTEXT(2) 
PARAMETRIC_REPRESENTATION_CONTEXT() REPRESENTATION_CONTEXT('2D SPACE',''
  ) );
#9516 = ORIENTED_EDGE('',*,*,#1039,.T.);
#9517 = ADVANCED_FACE('',(#9518),#1110,.T.);
#9518 = FACE_BOUND('',#9519,.T.);
#9519 = EDGE_LOOP('',(#9520,#9521,#9522,#9543));
#9520 = ORIENTED_EDGE('',*,*,#9496,.F.);
#9521 = ORIENTED_EDGE('',*,*,#5124,.F.);
#9522 = ORIENTED_EDGE('',*,*,#9523,.T.);
#9523 = EDGE_CURVE('',#5096,#1085,#9524,.T.);
#9524 = SURFACE_CURVE('',#9525,(#9529,#9536),.PCURVE_S1.);
#9525 = B_SPLINE_CURVE_WITH_KNOTS('',2,(#9526,#9527,#9528),
  .UNSPECIFIED.,.F.,.F.,(3,3),(0.,1.),.PIECEWISE_BEZIER_KNOTS.);
#9526 = CARTESIAN_POINT('',(59.447867079834,3.365472695274,
    91.784589289813));
#9527 = CARTESIAN_POINT('',(86.060550744179,-3.261484844099,
    93.803372332438));
#9528 = CARTESIAN_POINT('',(109.70938094281,-9.41725180851,
    93.649695089254));
#9529 = PCURVE('',#1110,#9530);
#9530 = DEFINITIONAL_REPRESENTATION('',(#9531),#9535);
#9531 = LINE('',#9532,#9533);
#9532 = CARTESIAN_POINT('',(17.,0.));
#9533 = VECTOR('',#9534,1.);
#9534 = DIRECTION('',(0.,1.));
#9535 = ( GEOMETRIC_REPRESENTATION_CONTEXT(2) 
PARAMETRIC_REPRESENTATION_CONTEXT() REPRESENTATION_CONTEXT('2D SPACE',''
  ) );
#9536 = PCURVE('',#1149,#9537);
#9537 = DEFINITIONAL_REPRESENTATION('',(#9538),#9542);
#9538 = LINE('',#9539,#9540);
#9539 = CARTESIAN_POINT('',(17.,0.));
#9540 = VECTOR('',#9541,1.);
#9541 = DIRECTION('',(0.,1.));
#9542 = ( GEOMETRIC_REPRESENTATION_CONTEXT(2) 
PARAMETRIC_REPRESENTATION_CONTEXT() REPRESENTATION_CONTEXT('2D SPACE',''
  ) );
#9543 = ORIENTED_EDGE('',*,*,#1084,.T.);
#9544 = ADVANCED_FACE('',(#9545),#1149,.T.);
#9545 = FACE_BOUND('',#9546,.T.);
#9546 = EDGE_LOOP('',(#9547,#9548,#9549,#9570));
#9547 = ORIENTED_EDGE('',*,*,#9523,.F.);
#9548 = ORIENTED_EDGE('',*,*,#5095,.F.);
#9549 = ORIENTED_EDGE('',*,*,#9550,.T.);
#9550 = EDGE_CURVE('',#5067,#1130,#9551,.T.);
#9551 = SURFACE_CURVE('',#9552,(#9556,#9563),.PCURVE_S1.);
#9552 = B_SPLINE_CURVE_WITH_KNOTS('',2,(#9553,#9554,#9555),
  .UNSPECIFIED.,.F.,.F.,(3,3),(0.,1.),.PIECEWISE_BEZIER_KNOTS.);
#9553 = CARTESIAN_POINT('',(59.540629575667,4.070073804504,
    92.704481728364));
#9554 = CARTESIAN_POINT('',(86.115375385944,-2.845050345932,
    94.727772443209));
#9555 = CARTESIAN_POINT('',(109.73940280548,-9.189213121654,
    94.45404195739));
#9556 = PCURVE('',#1149,#9557);
#9557 = DEFINITIONAL_REPRESENTATION('',(#9558),#9562);
#9558 = LINE('',#9559,#9560);
#9559 = CARTESIAN_POINT('',(18.,0.));
#9560 = VECTOR('',#9561,1.);
#9561 = DIRECTION('',(0.,1.));
#9562 = ( GEOMETRIC_REPRESENTATION_CONTEXT(2) 
PARAMETRIC_REPRESENTATION_CONTEXT() REPRESENTATION_CONTEXT('2D SPACE',''
  ) );
#9563 = PCURVE('',#1185,#9564);
#9564 = DEFINITIONAL_REPRESENTATION('',(#9565),#9569);
#9565 = LINE('',#9566,#9567);
#9566 = CARTESIAN_POINT('',(18.,0.));
#9567 = VECTOR('',#9568,1.);
#9568 = DIRECTION('',(0.,1.));
#9569 = ( GEOMETRIC_REPRESENTATION_CONTEXT(2) 
PARAMETRIC_REPRESENTATION_CONTEXT() REPRESENTATION_CONTEXT('2D SPACE',''
  ) );
#9570 = ORIENTED_EDGE('',*,*,#1129,.T.);
#9571 = ADVANCED_FACE('',(#9572),#1185,.T.);
#9572 = FACE_BOUND('',#9573,.T.);
#9573 = EDGE_LOOP('',(#9574,#9575,#9576,#9597));
#9574 = ORIENTED_EDGE('',*,*,#9550,.F.);
#9575 = ORIENTED_EDGE('',*,*,#5066,.F.);
#9576 = ORIENTED_EDGE('',*,*,#9577,.T.);
#9577 = EDGE_CURVE('',#5038,#1166,#9578,.T.);
#9578 = SURFACE_CURVE('',#9579,(#9583,#9590),.PCURVE_S1.);
#9579 = B_SPLINE_CURVE_WITH_KNOTS('',2,(#9580,#9581,#9582),
  .UNSPECIFIED.,.F.,.F.,(3,3),(0.,1.),.PIECEWISE_BEZIER_KNOTS.);
#9580 = CARTESIAN_POINT('',(59.606922874289,4.573621400163,
    93.386987543867));
#9581 = CARTESIAN_POINT('',(86.154078474357,-2.551071202945,
    95.408353648613));
#9582 = CARTESIAN_POINT('',(109.76037597971,-9.029906047246,
    95.044363061895));
#9583 = PCURVE('',#1185,#9584);
#9584 = DEFINITIONAL_REPRESENTATION('',(#9585),#9589);
#9585 = LINE('',#9586,#9587);
#9586 = CARTESIAN_POINT('',(19.,0.));
#9587 = VECTOR('',#9588,1.);
#9588 = DIRECTION('',(0.,1.));
#9589 = ( GEOMETRIC_REPRESENTATION_CONTEXT(2) 
PARAMETRIC_REPRESENTATION_CONTEXT() REPRESENTATION_CONTEXT('2D SPACE',''
  ) );
#9590 = PCURVE('',#1221,#9591);
#9591 = DEFINITIONAL_REPRESENTATION('',(#9592),#9596);
#9592 = LINE('',#9593,#9594);
#9593 = CARTESIAN_POINT('',(19.,0.));
#9594 = VECTOR('',#9595,1.);
#9595 = DIRECTION('',(0.,1.));
#9596 = ( GEOMETRIC_REPRESENTATION_CONTEXT(2) 
PARAMETRIC_REPRESENTATION_CONTEXT() REPRESENTATION_CONTEXT('2D SPACE',''
  ) );
#9597 = ORIENTED_EDGE('',*,*,#1165,.T.);
#9598 = ADVANCED_FACE('',(#9599),#1221,.T.);
#9599 = FACE_BOUND('',#9600,.T.);
#9600 = EDGE_LOOP('',(#9601,#9602,#9603,#9624));
#9601 = ORIENTED_EDGE('',*,*,#9577,.F.);
#9602 = ORIENTED_EDGE('',*,*,#5037,.F.);
#9603 = ORIENTED_EDGE('',*,*,#9604,.T.);
#9604 = EDGE_CURVE('',#5009,#1202,#9605,.T.);
#9605 = SURFACE_CURVE('',#9606,(#9610,#9617),.PCURVE_S1.);
#9606 = B_SPLINE_CURVE_WITH_KNOTS('',2,(#9607,#9608,#9609),
  .UNSPECIFIED.,.F.,.F.,(3,3),(0.,1.),.PIECEWISE_BEZIER_KNOTS.);
#9607 = CARTESIAN_POINT('',(59.64667131586,4.875540788697,
    93.806999004157));
#9608 = CARTESIAN_POINT('',(86.177079168559,-2.376363585363,
    95.825010575971));
#9609 = CARTESIAN_POINT('',(109.77274466457,-8.935956558358,
    95.404987424349));
#9610 = PCURVE('',#1221,#9611);
#9611 = DEFINITIONAL_REPRESENTATION('',(#9612),#9616);
#9612 = LINE('',#9613,#9614);
#9613 = CARTESIAN_POINT('',(20.,0.));
#9614 = VECTOR('',#9615,1.);
#9615 = DIRECTION('',(0.,1.));
#9616 = ( GEOMETRIC_REPRESENTATION_CONTEXT(2) 
PARAMETRIC_REPRESENTATION_CONTEXT() REPRESENTATION_CONTEXT('2D SPACE',''
  ) );
#9617 = PCURVE('',#1257,#9618);
#9618 = DEFINITIONAL_REPRESENTATION('',(#9619),#9623);
#9619 = LINE('',#9620,#9621);
#9620 = CARTESIAN_POINT('',(20.,0.));
#9621 = VECTOR('',#9622,1.);
#9622 = DIRECTION('',(0.,1.));
#9623 = ( GEOMETRIC_REPRESENTATION_CONTEXT(2) 
PARAMETRIC_REPRESENTATION_CONTEXT() REPRESENTATION_CONTEXT('2D SPACE',''
  ) );
#9624 = ORIENTED_EDGE('',*,*,#1201,.T.);
#9625 = ADVANCED_FACE('',(#9626),#1257,.T.);
#9626 = FACE_BOUND('',#9627,.T.);
#9627 = EDGE_LOOP('',(#9628,#9629,#9630,#9651));
#9628 = ORIENTED_EDGE('',*,*,#9604,.F.);
#9629 = ORIENTED_EDGE('',*,*,#5008,.F.);
#9630 = ORIENTED_EDGE('',*,*,#9631,.T.);
#9631 = EDGE_CURVE('',#4980,#1238,#9632,.T.);
#9632 = SURFACE_CURVE('',#9633,(#9637,#9644),.PCURVE_S1.);
#9633 = B_SPLINE_CURVE_WITH_KNOTS('',2,(#9634,#9635,#9636),
  .UNSPECIFIED.,.F.,.F.,(3,3),(0.,1.),.PIECEWISE_BEZIER_KNOTS.);
#9634 = CARTESIAN_POINT('',(59.659911722529,4.976111662109,
    93.948788963498));
#9635 = CARTESIAN_POINT('',(86.184705079853,-2.31843903829,
    95.965300606241));
#9636 = CARTESIAN_POINT('',(109.77682880832,-8.90493440665,
    95.526279441629));
#9637 = PCURVE('',#1257,#9638);
#9638 = DEFINITIONAL_REPRESENTATION('',(#9639),#9643);
#9639 = LINE('',#9640,#9641);
#9640 = CARTESIAN_POINT('',(21.,0.));
#9641 = VECTOR('',#9642,1.);
#9642 = DIRECTION('',(0.,1.));
#9643 = ( GEOMETRIC_REPRESENTATION_CONTEXT(2) 
PARAMETRIC_REPRESENTATION_CONTEXT() REPRESENTATION_CONTEXT('2D SPACE',''
  ) );
#9644 = PCURVE('',#1293,#9645);
#9645 = DEFINITIONAL_REPRESENTATION('',(#9646),#9650);
#9646 = LINE('',#9647,#9648);
#9647 = CARTESIAN_POINT('',(21.,0.));
#9648 = VECTOR('',#9649,1.);
#9649 = DIRECTION('',(0.,1.));
#9650 = ( GEOMETRIC_REPRESENTATION_CONTEXT(2) 
PARAMETRIC_REPRESENTATION_CONTEXT() REPRESENTATION_CONTEXT('2D SPACE',''
  ) );
#9651 = ORIENTED_EDGE('',*,*,#1237,.T.);
#9652 = ADVANCED_FACE('',(#9653),#1293,.T.);
#9653 = FACE_BOUND('',#9654,.T.);
#9654 = EDGE_LOOP('',(#9655,#9656,#9657,#9678));
#9655 = ORIENTED_EDGE('',*,*,#9631,.F.);
#9656 = ORIENTED_EDGE('',*,*,#4979,.F.);
#9657 = ORIENTED_EDGE('',*,*,#9658,.T.);
#9658 = EDGE_CURVE('',#4951,#1274,#9659,.T.);
#9659 = SURFACE_CURVE('',#9660,(#9664,#9671),.PCURVE_S1.);
#9660 = B_SPLINE_CURVE_WITH_KNOTS('',2,(#9661,#9662,#9663),
  .UNSPECIFIED.,.F.,.F.,(3,3),(0.,1.),.PIECEWISE_BEZIER_KNOTS.);
#9661 = CARTESIAN_POINT('',(59.641444525383,4.835839373436,
    93.847020703413));
#9662 = CARTESIAN_POINT('',(86.172093418095,-2.414234119962,
    95.845855171677));
#9663 = CARTESIAN_POINT('',(109.76948419904,-8.960722252852,
    95.414388594775));
#9664 = PCURVE('',#1293,#9665);
#9665 = DEFINITIONAL_REPRESENTATION('',(#9666),#9670);
#9666 = LINE('',#9667,#9668);
#9667 = CARTESIAN_POINT('',(22.,0.));
#9668 = VECTOR('',#9669,1.);
#9669 = DIRECTION('',(0.,1.));
#9670 = ( GEOMETRIC_REPRESENTATION_CONTEXT(2) 
PARAMETRIC_REPRESENTATION_CONTEXT() REPRESENTATION_CONTEXT('2D SPACE',''
  ) );
#9671 = PCURVE('',#1329,#9672);
#9672 = DEFINITIONAL_REPRESENTATION('',(#9673),#9677);
#9673 = LINE('',#9674,#9675);
#9674 = CARTESIAN_POINT('',(22.,0.));
#9675 = VECTOR('',#9676,1.);
#9676 = DIRECTION('',(0.,1.));
#9677 = ( GEOMETRIC_REPRESENTATION_CONTEXT(2) 
PARAMETRIC_REPRESENTATION_CONTEXT() REPRESENTATION_CONTEXT('2D SPACE',''
  ) );
#9678 = ORIENTED_EDGE('',*,*,#1273,.T.);
#9679 = ADVANCED_FACE('',(#9680),#1329,.T.);
#9680 = FACE_BOUND('',#9681,.T.);
#9681 = EDGE_LOOP('',(#9682,#9683,#9684,#9705));
#9682 = ORIENTED_EDGE('',*,*,#9658,.F.);
#9683 = ORIENTED_EDGE('',*,*,#4950,.F.);
#9684 = ORIENTED_EDGE('',*,*,#9685,.T.);
#9685 = EDGE_CURVE('',#4922,#1310,#9686,.T.);
#9686 = SURFACE_CURVE('',#9687,(#9691,#9698),.PCURVE_S1.);
#9687 = B_SPLINE_CURVE_WITH_KNOTS('',2,(#9688,#9689,#9690),
  .UNSPECIFIED.,.F.,.F.,(3,3),(0.,1.),.PIECEWISE_BEZIER_KNOTS.);
#9688 = CARTESIAN_POINT('',(59.586480366438,4.418345137077,
    93.545452900572));
#9689 = CARTESIAN_POINT('',(86.134508923028,-2.699716702941,
    95.491163798516));
#9690 = CARTESIAN_POINT('',(109.74756675179,-9.127201792927,
    95.081801976765));
#9691 = PCURVE('',#1329,#9692);
#9692 = DEFINITIONAL_REPRESENTATION('',(#9693),#9697);
#9693 = LINE('',#9694,#9695);
#9694 = CARTESIAN_POINT('',(23.,0.));
#9695 = VECTOR('',#9696,1.);
#9696 = DIRECTION('',(0.,1.));
#9697 = ( GEOMETRIC_REPRESENTATION_CONTEXT(2) 
PARAMETRIC_REPRESENTATION_CONTEXT() REPRESENTATION_CONTEXT('2D SPACE',''
  ) );
#9698 = PCURVE('',#1365,#9699);
#9699 = DEFINITIONAL_REPRESENTATION('',(#9700),#9704);
#9700 = LINE('',#9701,#9702);
#9701 = CARTESIAN_POINT('',(23.,0.));
#9702 = VECTOR('',#9703,1.);
#9703 = DIRECTION('',(0.,1.));
#9704 = ( GEOMETRIC_REPRESENTATION_CONTEXT(2) 
PARAMETRIC_REPRESENTATION_CONTEXT() REPRESENTATION_CONTEXT('2D SPACE',''
  ) );
#9705 = ORIENTED_EDGE('',*,*,#1309,.T.);
#9706 = ADVANCED_FACE('',(#9707),#1365,.T.);
#9707 = FACE_BOUND('',#9708,.T.);
#9708 = EDGE_LOOP('',(#9709,#9710,#9711,#9732));
#9709 = ORIENTED_EDGE('',*,*,#9685,.F.);
#9710 = ORIENTED_EDGE('',*,*,#4921,.F.);
#9711 = ORIENTED_EDGE('',*,*,#9712,.T.);
#9712 = EDGE_CURVE('',#4893,#1346,#9713,.T.);
#9713 = SURFACE_CURVE('',#9714,(#9718,#9725),.PCURVE_S1.);
#9714 = B_SPLINE_CURVE_WITH_KNOTS('',2,(#9715,#9716,#9717),
  .UNSPECIFIED.,.F.,.F.,(3,3),(0.,1.),.PIECEWISE_BEZIER_KNOTS.);
#9715 = CARTESIAN_POINT('',(59.496304023322,3.733387807984,
    93.055116681825));
#9716 = CARTESIAN_POINT('',(86.072687783976,-3.169294874143,
    94.911999925291));
#9717 = CARTESIAN_POINT('',(109.71141946624,-9.401767685783,
    94.53765495926));
#9718 = PCURVE('',#1365,#9719);
#9719 = DEFINITIONAL_REPRESENTATION('',(#9720),#9724);
#9720 = LINE('',#9721,#9722);
#9721 = CARTESIAN_POINT('',(24.,0.));
#9722 = VECTOR('',#9723,1.);
#9723 = DIRECTION('',(0.,1.));
#9724 = ( GEOMETRIC_REPRESENTATION_CONTEXT(2) 
PARAMETRIC_REPRESENTATION_CONTEXT() REPRESENTATION_CONTEXT('2D SPACE',''
  ) );
#9725 = PCURVE('',#1407,#9726);
#9726 = DEFINITIONAL_REPRESENTATION('',(#9727),#9731);
#9727 = LINE('',#9728,#9729);
#9728 = CARTESIAN_POINT('',(24.,0.));
#9729 = VECTOR('',#9730,1.);
#9730 = DIRECTION('',(0.,1.));
#9731 = ( GEOMETRIC_REPRESENTATION_CONTEXT(2) 
PARAMETRIC_REPRESENTATION_CONTEXT() REPRESENTATION_CONTEXT('2D SPACE',''
  ) );
#9732 = ORIENTED_EDGE('',*,*,#1345,.T.);
#9733 = ADVANCED_FACE('',(#9734),#1407,.T.);
#9734 = FACE_BOUND('',#9735,.T.);
#9735 = EDGE_LOOP('',(#9736,#9737,#9738,#9759));
#9736 = ORIENTED_EDGE('',*,*,#9712,.F.);
#9737 = ORIENTED_EDGE('',*,*,#4892,.F.);
#9738 = ORIENTED_EDGE('',*,*,#9739,.T.);
#9739 = EDGE_CURVE('',#4864,#1382,#9740,.T.);
#9740 = SURFACE_CURVE('',#9741,(#9745,#9752),.PCURVE_S1.);
#9741 = B_SPLINE_CURVE_WITH_KNOTS('',2,(#9742,#9743,#9744),
  .UNSPECIFIED.,.F.,.F.,(3,3),(0.,1.),.PIECEWISE_BEZIER_KNOTS.);
#9742 = CARTESIAN_POINT('',(59.372974763907,2.796609078558,
    92.393782373458));
#9743 = CARTESIAN_POINT('',(85.987813608461,-3.813978241878,
    94.125781762074));
#9744 = CARTESIAN_POINT('',(109.66159800728,-9.78019923759,
    93.796769632324));
#9745 = PCURVE('',#1407,#9746);
#9746 = DEFINITIONAL_REPRESENTATION('',(#9747),#9751);
#9747 = LINE('',#9748,#9749);
#9748 = CARTESIAN_POINT('',(25.,0.));
#9749 = VECTOR('',#9750,1.);
#9750 = DIRECTION('',(0.,1.));
#9751 = ( GEOMETRIC_REPRESENTATION_CONTEXT(2) 
PARAMETRIC_REPRESENTATION_CONTEXT() REPRESENTATION_CONTEXT('2D SPACE',''
  ) );
#9752 = PCURVE('',#1452,#9753);
#9753 = DEFINITIONAL_REPRESENTATION('',(#9754),#9758);
#9754 = LINE('',#9755,#9756);
#9755 = CARTESIAN_POINT('',(25.,0.));
#9756 = VECTOR('',#9757,1.);
#9757 = DIRECTION('',(0.,1.));
#9758 = ( GEOMETRIC_REPRESENTATION_CONTEXT(2) 
PARAMETRIC_REPRESENTATION_CONTEXT() REPRESENTATION_CONTEXT('2D SPACE',''
  ) );
#9759 = ORIENTED_EDGE('',*,*,#1381,.T.);
#9760 = ADVANCED_FACE('',(#9761),#1452,.T.);
#9761 = FACE_BOUND('',#9762,.T.);
#9762 = EDGE_LOOP('',(#9763,#9764,#9765,#9786));
#9763 = ORIENTED_EDGE('',*,*,#9739,.F.);
#9764 = ORIENTED_EDGE('',*,*,#4863,.F.);
#9765 = ORIENTED_EDGE('',*,*,#9766,.T.);
#9766 = EDGE_CURVE('',#4835,#1427,#9767,.T.);
#9767 = SURFACE_CURVE('',#9768,(#9772,#9779),.PCURVE_S1.);
#9768 = B_SPLINE_CURVE_WITH_KNOTS('',2,(#9769,#9770,#9771),
  .UNSPECIFIED.,.F.,.F.,(3,3),(0.,1.),.PIECEWISE_BEZIER_KNOTS.);
#9769 = CARTESIAN_POINT('',(59.219232834979,1.628823189608,
    91.58499215802));
#9770 = CARTESIAN_POINT('',(85.881475345213,-4.621697542281,
    93.155768308041));
#9771 = CARTESIAN_POINT('',(109.59886022351,-10.25674001672,
    92.879064221958));
#9772 = PCURVE('',#1452,#9773);
#9773 = DEFINITIONAL_REPRESENTATION('',(#9774),#9778);
#9774 = LINE('',#9775,#9776);
#9775 = CARTESIAN_POINT('',(26.,0.));
#9776 = VECTOR('',#9777,1.);
#9777 = DIRECTION('',(0.,1.));
#9778 = ( GEOMETRIC_REPRESENTATION_CONTEXT(2) 
PARAMETRIC_REPRESENTATION_CONTEXT() REPRESENTATION_CONTEXT('2D SPACE',''
  ) );
#9779 = PCURVE('',#1509,#9780);
#9780 = DEFINITIONAL_REPRESENTATION('',(#9781),#9785);
#9781 = LINE('',#9782,#9783);
#9782 = CARTESIAN_POINT('',(26.,0.));
#9783 = VECTOR('',#9784,1.);
#9784 = DIRECTION('',(0.,1.));
#9785 = ( GEOMETRIC_REPRESENTATION_CONTEXT(2) 
PARAMETRIC_REPRESENTATION_CONTEXT() REPRESENTATION_CONTEXT('2D SPACE',''
  ) );
#9786 = ORIENTED_EDGE('',*,*,#1426,.T.);
#9787 = ADVANCED_FACE('',(#9788),#1509,.T.);
#9788 = FACE_BOUND('',#9789,.T.);
#9789 = EDGE_LOOP('',(#9790,#9791,#9792,#9813));
#9790 = ORIENTED_EDGE('',*,*,#9766,.F.);
#9791 = ORIENTED_EDGE('',*,*,#4834,.F.);
#9792 = ORIENTED_EDGE('',*,*,#9793,.T.);
#9793 = EDGE_CURVE('',#4806,#1472,#9794,.T.);
#9794 = SURFACE_CURVE('',#9795,(#9799,#9806),.PCURVE_S1.);
#9795 = B_SPLINE_CURVE_WITH_KNOTS('',2,(#9796,#9797,#9798),
  .UNSPECIFIED.,.F.,.F.,(3,3),(0.,1.),.PIECEWISE_BEZIER_KNOTS.);
#9796 = CARTESIAN_POINT('',(59.038413607513,0.25536479892,
    90.656648791298));
#9797 = CARTESIAN_POINT('',(85.755643235238,-5.57748730914,
    92.029944435698));
#9798 = CARTESIAN_POINT('',(109.52417169437,-10.82405571905,
    91.808754134346));
#9799 = PCURVE('',#1509,#9800);
#9800 = DEFINITIONAL_REPRESENTATION('',(#9801),#9805);
#9801 = LINE('',#9802,#9803);
#9802 = CARTESIAN_POINT('',(27.,0.));
#9803 = VECTOR('',#9804,1.);
#9804 = DIRECTION('',(0.,1.));
#9805 = ( GEOMETRIC_REPRESENTATION_CONTEXT(2) 
PARAMETRIC_REPRESENTATION_CONTEXT() REPRESENTATION_CONTEXT('2D SPACE',''
  ) );
#9806 = PCURVE('',#1554,#9807);
#9807 = DEFINITIONAL_REPRESENTATION('',(#9808),#9812);
#9808 = LINE('',#9809,#9810);
#9809 = CARTESIAN_POINT('',(27.,0.));
#9810 = VECTOR('',#9811,1.);
#9811 = DIRECTION('',(0.,1.));
#9812 = ( GEOMETRIC_REPRESENTATION_CONTEXT(2) 
PARAMETRIC_REPRESENTATION_CONTEXT() REPRESENTATION_CONTEXT('2D SPACE',''
  ) );
#9813 = ORIENTED_EDGE('',*,*,#1471,.T.);
#9814 = ADVANCED_FACE('',(#9815),#1554,.T.);
#9815 = FACE_BOUND('',#9816,.T.);
#9816 = EDGE_LOOP('',(#9817,#9818,#9819));
#9817 = ORIENTED_EDGE('',*,*,#4805,.F.);
#9818 = ORIENTED_EDGE('',*,*,#1534,.T.);
#9819 = ORIENTED_EDGE('',*,*,#9793,.F.);
#9820 = ADVANCED_FACE('',(#9821),#3016,.T.);
#9821 = FACE_BOUND('',#9822,.T.);
#9822 = EDGE_LOOP('',(#9823,#9846,#9847,#9848,#9871));
#9823 = ORIENTED_EDGE('',*,*,#9824,.F.);
#9824 = EDGE_CURVE('',#2934,#9825,#9827,.T.);
#9825 = VERTEX_POINT('',#9826);
#9826 = CARTESIAN_POINT('',(85.099047707818,69.791521310051,
    91.808754134346));
#9827 = SURFACE_CURVE('',#9828,(#9832,#9839),.PCURVE_S1.);
#9828 = B_SPLINE_CURVE_WITH_KNOTS('',2,(#9829,#9830,#9831),
  .UNSPECIFIED.,.F.,.F.,(3,3),(0.,1.),.PIECEWISE_BEZIER_KNOTS.);
#9829 = CARTESIAN_POINT('',(41.565892431375,41.927032793361,
    90.656648791298));
#9830 = CARTESIAN_POINT('',(64.582275954926,56.694517758376,
    92.029944435698));
#9831 = CARTESIAN_POINT('',(85.099047707818,69.791521310051,
    91.808754134346));
#9832 = PCURVE('',#3016,#9833);
#9833 = DEFINITIONAL_REPRESENTATION('',(#9834),#9838);
#9834 = LINE('',#9835,#9836);
#9835 = CARTESIAN_POINT('',(27.,0.));
#9836 = VECTOR('',#9837,1.);
#9837 = DIRECTION('',(0.,1.));
#9838 = ( GEOMETRIC_REPRESENTATION_CONTEXT(2) 
PARAMETRIC_REPRESENTATION_CONTEXT() REPRESENTATION_CONTEXT('2D SPACE',''
  ) );
#9839 = PCURVE('',#2971,#9840);
#9840 = DEFINITIONAL_REPRESENTATION('',(#9841),#9845);
#9841 = LINE('',#9842,#9843);
#9842 = CARTESIAN_POINT('',(27.,0.));
#9843 = VECTOR('',#9844,1.);
#9844 = DIRECTION('',(0.,1.));
#9845 = ( GEOMETRIC_REPRESENTATION_CONTEXT(2) 
PARAMETRIC_REPRESENTATION_CONTEXT() REPRESENTATION_CONTEXT('2D SPACE',''
  ) );
#9846 = ORIENTED_EDGE('',*,*,#2996,.F.);
#9847 = ORIENTED_EDGE('',*,*,#4775,.F.);
#9848 = ORIENTED_EDGE('',*,*,#9849,.T.);
#9849 = EDGE_CURVE('',#4740,#9850,#9852,.T.);
#9850 = VERTEX_POINT('',#9851);
#9851 = CARTESIAN_POINT('',(85.497518601278,69.272223931356,
    90.613373379925));
#9852 = SURFACE_CURVE('',#9853,(#9857,#9864),.PCURVE_S1.);
#9853 = B_SPLINE_CURVE_WITH_KNOTS('',2,(#9854,#9855,#9856),
  .UNSPECIFIED.,.F.,.F.,(3,3),(0.,1.),.PIECEWISE_BEZIER_KNOTS.);
#9854 = CARTESIAN_POINT('',(42.517447100046,40.686942605504,
    89.639176225916));
#9855 = CARTESIAN_POINT('',(65.249059089167,55.825549059651,
    90.779624451626));
#9856 = CARTESIAN_POINT('',(85.497518601278,69.272223931356,
    90.613373379925));
#9857 = PCURVE('',#3016,#9858);
#9858 = DEFINITIONAL_REPRESENTATION('',(#9859),#9863);
#9859 = LINE('',#9860,#9861);
#9860 = CARTESIAN_POINT('',(28.,0.));
#9861 = VECTOR('',#9862,1.);
#9862 = DIRECTION('',(0.,1.));
#9863 = ( GEOMETRIC_REPRESENTATION_CONTEXT(2) 
PARAMETRIC_REPRESENTATION_CONTEXT() REPRESENTATION_CONTEXT('2D SPACE',''
  ) );
#9864 = PCURVE('',#4759,#9865);
#9865 = DEFINITIONAL_REPRESENTATION('',(#9866),#9870);
#9866 = LINE('',#9867,#9868);
#9867 = CARTESIAN_POINT('',(28.,0.));
#9868 = VECTOR('',#9869,1.);
#9869 = DIRECTION('',(0.,1.));
#9870 = ( GEOMETRIC_REPRESENTATION_CONTEXT(2) 
PARAMETRIC_REPRESENTATION_CONTEXT() REPRESENTATION_CONTEXT('2D SPACE',''
  ) );
#9871 = ORIENTED_EDGE('',*,*,#9872,.F.);
#9872 = EDGE_CURVE('',#9825,#9850,#9873,.T.);
#9873 = SURFACE_CURVE('',#9874,(#9877,#9884),.PCURVE_S1.);
#9874 = B_SPLINE_CURVE_WITH_KNOTS('',1,(#9875,#9876),.UNSPECIFIED.,.F.,
  .F.,(2,2),(27.,28.),.PIECEWISE_BEZIER_KNOTS.);
#9875 = CARTESIAN_POINT('',(85.099047707818,69.791521310051,
    91.808754134346));
#9876 = CARTESIAN_POINT('',(85.497518601278,69.272223931356,
    90.613373379925));
#9877 = PCURVE('',#3016,#9878);
#9878 = DEFINITIONAL_REPRESENTATION('',(#9879),#9883);
#9879 = LINE('',#9880,#9881);
#9880 = CARTESIAN_POINT('',(0.,1.));
#9881 = VECTOR('',#9882,1.);
#9882 = DIRECTION('',(1.,0.));
#9883 = ( GEOMETRIC_REPRESENTATION_CONTEXT(2) 
PARAMETRIC_REPRESENTATION_CONTEXT() REPRESENTATION_CONTEXT('2D SPACE',''
  ) );
#9884 = PCURVE('',#9885,#9890);
#9885 = PLANE('',#9886);
#9886 = AXIS2_PLACEMENT_3D('',#9887,#9888,#9889);
#9887 = CARTESIAN_POINT('',(90.617055291584,62.600313819357,
    76.473720558371));
#9888 = DIRECTION('',(-0.793353340291,-0.608761429009,0.));
#9889 = DIRECTION('',(-0.304380714504,0.396676670146,0.866025403784));
#9890 = DEFINITIONAL_REPRESENTATION('',(#9891),#9894);
#9891 = B_SPLINE_CURVE_WITH_KNOTS('',1,(#9892,#9893),.UNSPECIFIED.,.F.,
  .F.,(2,2),(27.,28.),.PIECEWISE_BEZIER_KNOTS.);
#9892 = CARTESIAN_POINT('',(17.812687977403,0.182413444284));
#9893 = CARTESIAN_POINT('',(16.450177866623,0.213238215428));
#9894 = ( GEOMETRIC_REPRESENTATION_CONTEXT(2) 
PARAMETRIC_REPRESENTATION_CONTEXT() REPRESENTATION_CONTEXT('2D SPACE',''
  ) );
#9895 = ADVANCED_FACE('',(#9896),#4759,.T.);
#9896 = FACE_BOUND('',#9897,.T.);
#9897 = EDGE_LOOP('',(#9898,#9899,#9900,#9923));
#9898 = ORIENTED_EDGE('',*,*,#9849,.F.);
#9899 = ORIENTED_EDGE('',*,*,#4739,.F.);
#9900 = ORIENTED_EDGE('',*,*,#9901,.T.);
#9901 = EDGE_CURVE('',#4704,#9902,#9904,.T.);
#9902 = VERTEX_POINT('',#9903);
#9903 = CARTESIAN_POINT('',(85.939183978341,68.696634405662,
    89.322661824809));
#9904 = SURFACE_CURVE('',#9905,(#9909,#9916),.PCURVE_S1.);
#9905 = B_SPLINE_CURVE_WITH_KNOTS('',2,(#9906,#9907,#9908),
  .UNSPECIFIED.,.F.,.F.,(3,3),(0.,1.),.PIECEWISE_BEZIER_KNOTS.);
#9906 = CARTESIAN_POINT('',(43.556831564811,39.332390398886,
    88.563360497444));
#9907 = CARTESIAN_POINT('',(65.982767524772,54.869361610103,
    89.437843947987));
#9908 = CARTESIAN_POINT('',(85.939183978341,68.696634405662,
    89.322661824809));
#9909 = PCURVE('',#4759,#9910);
#9910 = DEFINITIONAL_REPRESENTATION('',(#9911),#9915);
#9911 = LINE('',#9912,#9913);
#9912 = CARTESIAN_POINT('',(29.,0.));
#9913 = VECTOR('',#9914,1.);
#9914 = DIRECTION('',(0.,1.));
#9915 = ( GEOMETRIC_REPRESENTATION_CONTEXT(2) 
PARAMETRIC_REPRESENTATION_CONTEXT() REPRESENTATION_CONTEXT('2D SPACE',''
  ) );
#9916 = PCURVE('',#4723,#9917);
#9917 = DEFINITIONAL_REPRESENTATION('',(#9918),#9922);
#9918 = LINE('',#9919,#9920);
#9919 = CARTESIAN_POINT('',(29.,0.));
#9920 = VECTOR('',#9921,1.);
#9921 = DIRECTION('',(0.,1.));
#9922 = ( GEOMETRIC_REPRESENTATION_CONTEXT(2) 
PARAMETRIC_REPRESENTATION_CONTEXT() REPRESENTATION_CONTEXT('2D SPACE',''
  ) );
#9923 = ORIENTED_EDGE('',*,*,#9924,.F.);
#9924 = EDGE_CURVE('',#9850,#9902,#9925,.T.);
#9925 = SURFACE_CURVE('',#9926,(#9929,#9936),.PCURVE_S1.);
#9926 = B_SPLINE_CURVE_WITH_KNOTS('',1,(#9927,#9928),.UNSPECIFIED.,.F.,
  .F.,(2,2),(28.,29.),.PIECEWISE_BEZIER_KNOTS.);
#9927 = CARTESIAN_POINT('',(85.497518601278,69.272223931356,
    90.613373379925));
#9928 = CARTESIAN_POINT('',(85.939183978341,68.696634405662,
    89.322661824809));
#9929 = PCURVE('',#4759,#9930);
#9930 = DEFINITIONAL_REPRESENTATION('',(#9931),#9935);
#9931 = LINE('',#9932,#9933);
#9932 = CARTESIAN_POINT('',(0.,1.));
#9933 = VECTOR('',#9934,1.);
#9934 = DIRECTION('',(1.,0.));
#9935 = ( GEOMETRIC_REPRESENTATION_CONTEXT(2) 
PARAMETRIC_REPRESENTATION_CONTEXT() REPRESENTATION_CONTEXT('2D SPACE',''
  ) );
#9936 = PCURVE('',#9885,#9937);
#9937 = DEFINITIONAL_REPRESENTATION('',(#9938),#9941);
#9938 = B_SPLINE_CURVE_WITH_KNOTS('',1,(#9939,#9940),.UNSPECIFIED.,.F.,
  .F.,(2,2),(28.,29.),.PIECEWISE_BEZIER_KNOTS.);
#9939 = CARTESIAN_POINT('',(16.450177866623,0.213238215428));
#9940 = CARTESIAN_POINT('',(14.969631511469,0.230279815573));
#9941 = ( GEOMETRIC_REPRESENTATION_CONTEXT(2) 
PARAMETRIC_REPRESENTATION_CONTEXT() REPRESENTATION_CONTEXT('2D SPACE',''
  ) );
#9942 = ADVANCED_FACE('',(#9943),#4723,.T.);
#9943 = FACE_BOUND('',#9944,.T.);
#9944 = EDGE_LOOP('',(#9945,#9946,#9947,#9970));
#9945 = ORIENTED_EDGE('',*,*,#9901,.F.);
#9946 = ORIENTED_EDGE('',*,*,#4703,.F.);
#9947 = ORIENTED_EDGE('',*,*,#9948,.T.);
#9948 = EDGE_CURVE('',#4668,#9949,#9951,.T.);
#9949 = VERTEX_POINT('',#9950);
#9950 = CARTESIAN_POINT('',(86.415524356431,68.075855538826,
    87.967390127887));
#9951 = SURFACE_CURVE('',#9952,(#9956,#9963),.PCURVE_S1.);
#9952 = B_SPLINE_CURVE_WITH_KNOTS('',2,(#9953,#9954,#9955),
  .UNSPECIFIED.,.F.,.F.,(3,3),(0.,1.),.PIECEWISE_BEZIER_KNOTS.);
#9953 = CARTESIAN_POINT('',(44.661407084682,37.892879555171,
    87.458100635913));
#9954 = CARTESIAN_POINT('',(66.768209375202,53.84575386173,
    88.037669961887));
#9955 = CARTESIAN_POINT('',(86.415524356431,68.075855538826,
    87.967390127887));
#9956 = PCURVE('',#4723,#9957);
#9957 = DEFINITIONAL_REPRESENTATION('',(#9958),#9962);
#9958 = LINE('',#9959,#9960);
#9959 = CARTESIAN_POINT('',(30.,0.));
#9960 = VECTOR('',#9961,1.);
#9961 = DIRECTION('',(0.,1.));
#9962 = ( GEOMETRIC_REPRESENTATION_CONTEXT(2) 
PARAMETRIC_REPRESENTATION_CONTEXT() REPRESENTATION_CONTEXT('2D SPACE',''
  ) );
#9963 = PCURVE('',#4687,#9964);
#9964 = DEFINITIONAL_REPRESENTATION('',(#9965),#9969);
#9965 = LINE('',#9966,#9967);
#9966 = CARTESIAN_POINT('',(30.,0.));
#9967 = VECTOR('',#9968,1.);
#9968 = DIRECTION('',(0.,1.));
#9969 = ( GEOMETRIC_REPRESENTATION_CONTEXT(2) 
PARAMETRIC_REPRESENTATION_CONTEXT() REPRESENTATION_CONTEXT('2D SPACE',''
  ) );
#9970 = ORIENTED_EDGE('',*,*,#9971,.F.);
#9971 = EDGE_CURVE('',#9902,#9949,#9972,.T.);
#9972 = SURFACE_CURVE('',#9973,(#9976,#9983),.PCURVE_S1.);
#9973 = B_SPLINE_CURVE_WITH_KNOTS('',1,(#9974,#9975),.UNSPECIFIED.,.F.,
  .F.,(2,2),(29.,30.),.PIECEWISE_BEZIER_KNOTS.);
#9974 = CARTESIAN_POINT('',(85.939183978341,68.696634405662,
    89.322661824809));
#9975 = CARTESIAN_POINT('',(86.415524356431,68.075855538826,
    87.967390127887));
#9976 = PCURVE('',#4723,#9977);
#9977 = DEFINITIONAL_REPRESENTATION('',(#9978),#9982);
#9978 = LINE('',#9979,#9980);
#9979 = CARTESIAN_POINT('',(0.,1.));
#9980 = VECTOR('',#9981,1.);
#9981 = DIRECTION('',(1.,0.));
#9982 = ( GEOMETRIC_REPRESENTATION_CONTEXT(2) 
PARAMETRIC_REPRESENTATION_CONTEXT() REPRESENTATION_CONTEXT('2D SPACE',''
  ) );
#9983 = PCURVE('',#9885,#9984);
#9984 = DEFINITIONAL_REPRESENTATION('',(#9985),#9988);
#9985 = B_SPLINE_CURVE_WITH_KNOTS('',1,(#9986,#9987),.UNSPECIFIED.,.F.,
  .F.,(2,2),(29.,30.),.PIECEWISE_BEZIER_KNOTS.);
#9986 = CARTESIAN_POINT('',(14.969631511469,0.230279815573));
#9987 = CARTESIAN_POINT('',(13.404694474481,0.230272750708));
#9988 = ( GEOMETRIC_REPRESENTATION_CONTEXT(2) 
PARAMETRIC_REPRESENTATION_CONTEXT() REPRESENTATION_CONTEXT('2D SPACE',''
  ) );
#9989 = ADVANCED_FACE('',(#9990),#4687,.T.);
#9990 = FACE_BOUND('',#9991,.T.);
#9991 = EDGE_LOOP('',(#9992,#9993,#9994,#10017));
#9992 = ORIENTED_EDGE('',*,*,#9948,.F.);
#9993 = ORIENTED_EDGE('',*,*,#4667,.F.);
#9994 = ORIENTED_EDGE('',*,*,#9995,.T.);
#9995 = EDGE_CURVE('',#4632,#9996,#9998,.T.);
#9996 = VERTEX_POINT('',#9997);
#9997 = CARTESIAN_POINT('',(86.916261340283,67.42328239635,
    86.578224949295));
#9998 = SURFACE_CURVE('',#9999,(#10003,#10010),.PCURVE_S1.);
#9999 = B_SPLINE_CURVE_WITH_KNOTS('',2,(#10000,#10001,#10002),
  .UNSPECIFIED.,.F.,.F.,(3,3),(0.,1.),.PIECEWISE_BEZIER_KNOTS.);
#10000 = CARTESIAN_POINT('',(45.806495658418,36.400571071727,
    86.34840982764));
#10001 = CARTESIAN_POINT('',(67.587873548741,52.777546713566,
    86.610624058818));
#10002 = CARTESIAN_POINT('',(86.916261340283,67.42328239635,
    86.578224949295));
#10003 = PCURVE('',#4687,#10004);
#10004 = DEFINITIONAL_REPRESENTATION('',(#10005),#10009);
#10005 = LINE('',#10006,#10007);
#10006 = CARTESIAN_POINT('',(31.,0.));
#10007 = VECTOR('',#10008,1.);
#10008 = DIRECTION('',(0.,1.));
#10009 = ( GEOMETRIC_REPRESENTATION_CONTEXT(2) 
PARAMETRIC_REPRESENTATION_CONTEXT() REPRESENTATION_CONTEXT('2D SPACE',''
  ) );
#10010 = PCURVE('',#4651,#10011);
#10011 = DEFINITIONAL_REPRESENTATION('',(#10012),#10016);
#10012 = LINE('',#10013,#10014);
#10013 = CARTESIAN_POINT('',(31.,0.));
#10014 = VECTOR('',#10015,1.);
#10015 = DIRECTION('',(0.,1.));
#10016 = ( GEOMETRIC_REPRESENTATION_CONTEXT(2) 
PARAMETRIC_REPRESENTATION_CONTEXT() REPRESENTATION_CONTEXT('2D SPACE',''
  ) );
#10017 = ORIENTED_EDGE('',*,*,#10018,.F.);
#10018 = EDGE_CURVE('',#9949,#9996,#10019,.T.);
#10019 = SURFACE_CURVE('',#10020,(#10023,#10030),.PCURVE_S1.);
#10020 = B_SPLINE_CURVE_WITH_KNOTS('',1,(#10021,#10022),.UNSPECIFIED.,
  .F.,.F.,(2,2),(30.,31.),.PIECEWISE_BEZIER_KNOTS.);
#10021 = CARTESIAN_POINT('',(86.415524356431,68.075855538826,
    87.967390127887));
#10022 = CARTESIAN_POINT('',(86.916261340283,67.42328239635,
    86.578224949295));
#10023 = PCURVE('',#4687,#10024);
#10024 = DEFINITIONAL_REPRESENTATION('',(#10025),#10029);
#10025 = LINE('',#10026,#10027);
#10026 = CARTESIAN_POINT('',(0.,1.));
#10027 = VECTOR('',#10028,1.);
#10028 = DIRECTION('',(1.,0.));
#10029 = ( GEOMETRIC_REPRESENTATION_CONTEXT(2) 
PARAMETRIC_REPRESENTATION_CONTEXT() REPRESENTATION_CONTEXT('2D SPACE',''
  ) );
#10030 = PCURVE('',#9885,#10031);
#10031 = DEFINITIONAL_REPRESENTATION('',(#10032),#10035);
#10032 = B_SPLINE_CURVE_WITH_KNOTS('',1,(#10033,#10034),.UNSPECIFIED.,
  .F.,.F.,(2,2),(30.,31.),.PIECEWISE_BEZIER_KNOTS.);
#10033 = CARTESIAN_POINT('',(13.404694474481,0.230272750708));
#10034 = CARTESIAN_POINT('',(11.79036691766,0.21250575942));
#10035 = ( GEOMETRIC_REPRESENTATION_CONTEXT(2) 
PARAMETRIC_REPRESENTATION_CONTEXT() REPRESENTATION_CONTEXT('2D SPACE',''
  ) );
#10036 = ADVANCED_FACE('',(#10037),#4651,.T.);
#10037 = FACE_BOUND('',#10038,.T.);
#10038 = EDGE_LOOP('',(#10039,#10040,#10041,#10064));
#10039 = ORIENTED_EDGE('',*,*,#9995,.F.);
#10040 = ORIENTED_EDGE('',*,*,#4631,.F.);
#10041 = ORIENTED_EDGE('',*,*,#10042,.T.);
#10042 = EDGE_CURVE('',#4596,#10043,#10045,.T.);
#10043 = VERTEX_POINT('',#10044);
#10044 = CARTESIAN_POINT('',(87.429362440322,66.754596023946,
    85.18475785701));
#10045 = SURFACE_CURVE('',#10046,(#10050,#10057),.PCURVE_S1.);
#10046 = B_SPLINE_CURVE_WITH_KNOTS('',2,(#10047,#10048,#10049),
  .UNSPECIFIED.,.F.,.F.,(3,3),(0.,1.),.PIECEWISE_BEZIER_KNOTS.);
#10047 = CARTESIAN_POINT('',(46.965775106101,34.889768681294,
    85.254051409862));
#10048 = CARTESIAN_POINT('',(68.422055725001,51.690419335892,
    85.185451821224));
#10049 = CARTESIAN_POINT('',(87.429362440322,66.754596023946,
    85.18475785701));
#10050 = PCURVE('',#4651,#10051);
#10051 = DEFINITIONAL_REPRESENTATION('',(#10052),#10056);
#10052 = LINE('',#10053,#10054);
#10053 = CARTESIAN_POINT('',(32.,0.));
#10054 = VECTOR('',#10055,1.);
#10055 = DIRECTION('',(0.,1.));
#10056 = ( GEOMETRIC_REPRESENTATION_CONTEXT(2) 
PARAMETRIC_REPRESENTATION_CONTEXT() REPRESENTATION_CONTEXT('2D SPACE',''
  ) );
#10057 = PCURVE('',#4615,#10058);
#10058 = DEFINITIONAL_REPRESENTATION('',(#10059),#10063);
#10059 = LINE('',#10060,#10061);
#10060 = CARTESIAN_POINT('',(32.,0.));
#10061 = VECTOR('',#10062,1.);
#10062 = DIRECTION('',(0.,1.));
#10063 = ( GEOMETRIC_REPRESENTATION_CONTEXT(2) 
PARAMETRIC_REPRESENTATION_CONTEXT() REPRESENTATION_CONTEXT('2D SPACE',''
  ) );
#10064 = ORIENTED_EDGE('',*,*,#10065,.F.);
#10065 = EDGE_CURVE('',#9996,#10043,#10066,.T.);
#10066 = SURFACE_CURVE('',#10067,(#10070,#10077),.PCURVE_S1.);
#10067 = B_SPLINE_CURVE_WITH_KNOTS('',1,(#10068,#10069),.UNSPECIFIED.,
  .F.,.F.,(2,2),(31.,32.),.PIECEWISE_BEZIER_KNOTS.);
#10068 = CARTESIAN_POINT('',(86.916261340283,67.42328239635,
    86.578224949295));
#10069 = CARTESIAN_POINT('',(87.429362440322,66.754596023946,
    85.18475785701));
#10070 = PCURVE('',#4651,#10071);
#10071 = DEFINITIONAL_REPRESENTATION('',(#10072),#10076);
#10072 = LINE('',#10073,#10074);
#10073 = CARTESIAN_POINT('',(0.,1.));
#10074 = VECTOR('',#10075,1.);
#10075 = DIRECTION('',(1.,0.));
#10076 = ( GEOMETRIC_REPRESENTATION_CONTEXT(2) 
PARAMETRIC_REPRESENTATION_CONTEXT() REPRESENTATION_CONTEXT('2D SPACE',''
  ) );
#10077 = PCURVE('',#9885,#10078);
#10078 = DEFINITIONAL_REPRESENTATION('',(#10079),#10082);
#10079 = B_SPLINE_CURVE_WITH_KNOTS('',1,(#10080,#10081),.UNSPECIFIED.,
  .F.,.F.,(2,2),(31.,32.),.PIECEWISE_BEZIER_KNOTS.);
#10080 = CARTESIAN_POINT('',(11.79036691766,0.21250575942));
#10081 = CARTESIAN_POINT('',(10.162158653384,0.179300504959));
#10082 = ( GEOMETRIC_REPRESENTATION_CONTEXT(2) 
PARAMETRIC_REPRESENTATION_CONTEXT() REPRESENTATION_CONTEXT('2D SPACE',''
  ) );
#10083 = ADVANCED_FACE('',(#10084),#4615,.T.);
#10084 = FACE_BOUND('',#10085,.T.);
#10085 = EDGE_LOOP('',(#10086,#10087,#10088,#10111));
#10086 = ORIENTED_EDGE('',*,*,#10042,.F.);
#10087 = ORIENTED_EDGE('',*,*,#4595,.F.);
#10088 = ORIENTED_EDGE('',*,*,#10089,.T.);
#10089 = EDGE_CURVE('',#4560,#10090,#10092,.T.);
#10090 = VERTEX_POINT('',#10091);
#10091 = CARTESIAN_POINT('',(87.940391501365,66.088609985336,
    83.818309682033));
#10092 = SURFACE_CURVE('',#10093,(#10097,#10104),.PCURVE_S1.);
#10093 = B_SPLINE_CURVE_WITH_KNOTS('',2,(#10094,#10095,#10096),
  .UNSPECIFIED.,.F.,.F.,(3,3),(0.,1.),.PIECEWISE_BEZIER_KNOTS.);
#10094 = CARTESIAN_POINT('',(48.106402356563,33.403274307537,
    84.195770030153));
#10095 = CARTESIAN_POINT('',(69.247050824619,50.6152647896,
    83.793523971452));
#10096 = CARTESIAN_POINT('',(87.940391501365,66.088609985336,
    83.818309682033));
#10097 = PCURVE('',#4615,#10098);
#10098 = DEFINITIONAL_REPRESENTATION('',(#10099),#10103);
#10099 = LINE('',#10100,#10101);
#10100 = CARTESIAN_POINT('',(33.,0.));
#10101 = VECTOR('',#10102,1.);
#10102 = DIRECTION('',(0.,1.));
#10103 = ( GEOMETRIC_REPRESENTATION_CONTEXT(2) 
PARAMETRIC_REPRESENTATION_CONTEXT() REPRESENTATION_CONTEXT('2D SPACE',''
  ) );
#10104 = PCURVE('',#4579,#10105);
#10105 = DEFINITIONAL_REPRESENTATION('',(#10106),#10110);
#10106 = LINE('',#10107,#10108);
#10107 = CARTESIAN_POINT('',(33.,0.));
#10108 = VECTOR('',#10109,1.);
#10109 = DIRECTION('',(0.,1.));
#10110 = ( GEOMETRIC_REPRESENTATION_CONTEXT(2) 
PARAMETRIC_REPRESENTATION_CONTEXT() REPRESENTATION_CONTEXT('2D SPACE',''
  ) );
#10111 = ORIENTED_EDGE('',*,*,#10112,.F.);
#10112 = EDGE_CURVE('',#10043,#10090,#10113,.T.);
#10113 = SURFACE_CURVE('',#10114,(#10117,#10124),.PCURVE_S1.);
#10114 = B_SPLINE_CURVE_WITH_KNOTS('',1,(#10115,#10116),.UNSPECIFIED.,
  .F.,.F.,(2,2),(32.,33.),.PIECEWISE_BEZIER_KNOTS.);
#10115 = CARTESIAN_POINT('',(87.429362440322,66.754596023946,
    85.18475785701));
#10116 = CARTESIAN_POINT('',(87.940391501365,66.088609985336,
    83.818309682033));
#10117 = PCURVE('',#4615,#10118);
#10118 = DEFINITIONAL_REPRESENTATION('',(#10119),#10123);
#10119 = LINE('',#10120,#10121);
#10120 = CARTESIAN_POINT('',(0.,1.));
#10121 = VECTOR('',#10122,1.);
#10122 = DIRECTION('',(1.,0.));
#10123 = ( GEOMETRIC_REPRESENTATION_CONTEXT(2) 
PARAMETRIC_REPRESENTATION_CONTEXT() REPRESENTATION_CONTEXT('2D SPACE',''
  ) );
#10124 = PCURVE('',#9885,#10125);
#10125 = DEFINITIONAL_REPRESENTATION('',(#10126),#10129);
#10126 = B_SPLINE_CURVE_WITH_KNOTS('',1,(#10127,#10128),.UNSPECIFIED.,
  .F.,.F.,(2,2),(32.,33.),.PIECEWISE_BEZIER_KNOTS.);
#10127 = CARTESIAN_POINT('',(10.162158653384,0.179300504959));
#10128 = CARTESIAN_POINT('',(8.559051306007,0.135533479269));
#10129 = ( GEOMETRIC_REPRESENTATION_CONTEXT(2) 
PARAMETRIC_REPRESENTATION_CONTEXT() REPRESENTATION_CONTEXT('2D SPACE',''
  ) );
#10130 = ADVANCED_FACE('',(#10131),#4579,.T.);
#10131 = FACE_BOUND('',#10132,.T.);
#10132 = EDGE_LOOP('',(#10133,#10134,#10135,#10158));
#10133 = ORIENTED_EDGE('',*,*,#10089,.F.);
#10134 = ORIENTED_EDGE('',*,*,#4559,.F.);
#10135 = ORIENTED_EDGE('',*,*,#10136,.T.);
#10136 = EDGE_CURVE('',#4524,#10137,#10139,.T.);
#10137 = VERTEX_POINT('',#10138);
#10138 = CARTESIAN_POINT('',(88.442101267038,65.434769088909,
    82.531167523336));
#10139 = SURFACE_CURVE('',#10140,(#10144,#10151),.PCURVE_S1.);
#10140 = B_SPLINE_CURVE_WITH_KNOTS('',2,(#10141,#10142,#10143),
  .UNSPECIFIED.,.F.,.F.,(3,3),(0.,1.),.PIECEWISE_BEZIER_KNOTS.);
#10141 = CARTESIAN_POINT('',(49.188654125743,31.992856342139,
    83.245749445427));
#10142 = CARTESIAN_POINT('',(70.044327880013,49.576233101827,
    82.503522527937));
#10143 = CARTESIAN_POINT('',(88.442101267038,65.434769088909,
    82.531167523336));
#10144 = PCURVE('',#4579,#10145);
#10145 = DEFINITIONAL_REPRESENTATION('',(#10146),#10150);
#10146 = LINE('',#10147,#10148);
#10147 = CARTESIAN_POINT('',(34.,0.));
#10148 = VECTOR('',#10149,1.);
#10149 = DIRECTION('',(0.,1.));
#10150 = ( GEOMETRIC_REPRESENTATION_CONTEXT(2) 
PARAMETRIC_REPRESENTATION_CONTEXT() REPRESENTATION_CONTEXT('2D SPACE',''
  ) );
#10151 = PCURVE('',#4543,#10152);
#10152 = DEFINITIONAL_REPRESENTATION('',(#10153),#10157);
#10153 = LINE('',#10154,#10155);
#10154 = CARTESIAN_POINT('',(34.,0.));
#10155 = VECTOR('',#10156,1.);
#10156 = DIRECTION('',(0.,1.));
#10157 = ( GEOMETRIC_REPRESENTATION_CONTEXT(2) 
PARAMETRIC_REPRESENTATION_CONTEXT() REPRESENTATION_CONTEXT('2D SPACE',''
  ) );
#10158 = ORIENTED_EDGE('',*,*,#10159,.F.);
#10159 = EDGE_CURVE('',#10090,#10137,#10160,.T.);
#10160 = SURFACE_CURVE('',#10161,(#10164,#10171),.PCURVE_S1.);
#10161 = B_SPLINE_CURVE_WITH_KNOTS('',1,(#10162,#10163),.UNSPECIFIED.,
  .F.,.F.,(2,2),(33.,34.),.PIECEWISE_BEZIER_KNOTS.);
#10162 = CARTESIAN_POINT('',(87.940391501365,66.088609985336,
    83.818309682033));
#10163 = CARTESIAN_POINT('',(88.442101267038,65.434769088909,
    82.531167523336));
#10164 = PCURVE('',#4579,#10165);
#10165 = DEFINITIONAL_REPRESENTATION('',(#10166),#10170);
#10166 = LINE('',#10167,#10168);
#10167 = CARTESIAN_POINT('',(0.,1.));
#10168 = VECTOR('',#10169,1.);
#10169 = DIRECTION('',(1.,0.));
#10170 = ( GEOMETRIC_REPRESENTATION_CONTEXT(2) 
PARAMETRIC_REPRESENTATION_CONTEXT() REPRESENTATION_CONTEXT('2D SPACE',''
  ) );
#10171 = PCURVE('',#9885,#10172);
#10172 = DEFINITIONAL_REPRESENTATION('',(#10173),#10176);
#10173 = B_SPLINE_CURVE_WITH_KNOTS('',1,(#10174,#10175),.UNSPECIFIED.,
  .F.,.F.,(2,2),(33.,34.),.PIECEWISE_BEZIER_KNOTS.);
#10174 = CARTESIAN_POINT('',(8.559051306007,0.135533479269));
#10175 = CARTESIAN_POINT('',(7.032279291744,6.537109638606E-02));
#10176 = ( GEOMETRIC_REPRESENTATION_CONTEXT(2) 
PARAMETRIC_REPRESENTATION_CONTEXT() REPRESENTATION_CONTEXT('2D SPACE',''
  ) );
#10177 = ADVANCED_FACE('',(#10178),#4543,.T.);
#10178 = FACE_BOUND('',#10179,.T.);
#10179 = EDGE_LOOP('',(#10180,#10181,#10182,#10205));
#10180 = ORIENTED_EDGE('',*,*,#10136,.F.);
#10181 = ORIENTED_EDGE('',*,*,#4523,.F.);
#10182 = ORIENTED_EDGE('',*,*,#10183,.T.);
#10183 = EDGE_CURVE('',#4488,#10184,#10186,.T.);
#10184 = VERTEX_POINT('',#10185);
#10185 = CARTESIAN_POINT('',(88.931261295839,64.797283327996,
    81.331412989897));
#10186 = SURFACE_CURVE('',#10187,(#10191,#10198),.PCURVE_S1.);
#10187 = B_SPLINE_CURVE_WITH_KNOTS('',2,(#10188,#10189,#10190),
  .UNSPECIFIED.,.F.,.F.,(3,3),(0.,1.),.PIECEWISE_BEZIER_KNOTS.);
#10188 = CARTESIAN_POINT('',(50.226294536134,30.640577031433,
    82.386850757683));
#10189 = CARTESIAN_POINT('',(70.812860935897,48.574661323531,
    81.307805299095));
#10190 = CARTESIAN_POINT('',(88.931261295839,64.797283327996,
    81.331412989897));
#10191 = PCURVE('',#4543,#10192);
#10192 = DEFINITIONAL_REPRESENTATION('',(#10193),#10197);
#10193 = LINE('',#10194,#10195);
#10194 = CARTESIAN_POINT('',(35.,0.));
#10195 = VECTOR('',#10196,1.);
#10196 = DIRECTION('',(0.,1.));
#10197 = ( GEOMETRIC_REPRESENTATION_CONTEXT(2) 
PARAMETRIC_REPRESENTATION_CONTEXT() REPRESENTATION_CONTEXT('2D SPACE',''
  ) );
#10198 = PCURVE('',#4507,#10199);
#10199 = DEFINITIONAL_REPRESENTATION('',(#10200),#10204);
#10200 = LINE('',#10201,#10202);
#10201 = CARTESIAN_POINT('',(35.,0.));
#10202 = VECTOR('',#10203,1.);
#10203 = DIRECTION('',(0.,1.));
#10204 = ( GEOMETRIC_REPRESENTATION_CONTEXT(2) 
PARAMETRIC_REPRESENTATION_CONTEXT() REPRESENTATION_CONTEXT('2D SPACE',''
  ) );
#10205 = ORIENTED_EDGE('',*,*,#10206,.F.);
#10206 = EDGE_CURVE('',#10137,#10184,#10207,.T.);
#10207 = SURFACE_CURVE('',#10208,(#10211,#10218),.PCURVE_S1.);
#10208 = B_SPLINE_CURVE_WITH_KNOTS('',1,(#10209,#10210),.UNSPECIFIED.,
  .F.,.F.,(2,2),(34.,35.),.PIECEWISE_BEZIER_KNOTS.);
#10209 = CARTESIAN_POINT('',(88.442101267038,65.434769088909,
    82.531167523336));
#10210 = CARTESIAN_POINT('',(88.931261295839,64.797283327996,
    81.331412989897));
#10211 = PCURVE('',#4543,#10212);
#10212 = DEFINITIONAL_REPRESENTATION('',(#10213),#10217);
#10213 = LINE('',#10214,#10215);
#10214 = CARTESIAN_POINT('',(0.,1.));
#10215 = VECTOR('',#10216,1.);
#10216 = DIRECTION('',(1.,0.));
#10217 = ( GEOMETRIC_REPRESENTATION_CONTEXT(2) 
PARAMETRIC_REPRESENTATION_CONTEXT() REPRESENTATION_CONTEXT('2D SPACE',''
  ) );
#10218 = PCURVE('',#9885,#10219);
#10219 = DEFINITIONAL_REPRESENTATION('',(#10220),#10223);
#10220 = B_SPLINE_CURVE_WITH_KNOTS('',1,(#10221,#10222),.UNSPECIFIED.,
  .F.,.F.,(2,2),(34.,35.),.PIECEWISE_BEZIER_KNOTS.);
#10221 = CARTESIAN_POINT('',(7.032279291744,6.537109638606E-02));
#10222 = CARTESIAN_POINT('',(5.591494779503,-3.063181469619E-02));
#10223 = ( GEOMETRIC_REPRESENTATION_CONTEXT(2) 
PARAMETRIC_REPRESENTATION_CONTEXT() REPRESENTATION_CONTEXT('2D SPACE',''
  ) );
#10224 = ADVANCED_FACE('',(#10225),#4507,.T.);
#10225 = FACE_BOUND('',#10226,.T.);
#10226 = EDGE_LOOP('',(#10227,#10228,#10229,#10252));
#10227 = ORIENTED_EDGE('',*,*,#10183,.F.);
#10228 = ORIENTED_EDGE('',*,*,#4487,.F.);
#10229 = ORIENTED_EDGE('',*,*,#10230,.T.);
#10230 = EDGE_CURVE('',#4452,#10231,#10233,.T.);
#10231 = VERTEX_POINT('',#10232);
#10232 = CARTESIAN_POINT('',(89.390165578732,64.199227622824,
    80.234046305962));
#10233 = SURFACE_CURVE('',#10234,(#10238,#10245),.PCURVE_S1.);
#10234 = B_SPLINE_CURVE_WITH_KNOTS('',2,(#10235,#10236,#10237),
  .UNSPECIFIED.,.F.,.F.,(3,3),(0.,1.),.PIECEWISE_BEZIER_KNOTS.);
#10235 = CARTESIAN_POINT('',(51.194184820018,29.379197855348,
    81.606693408074));
#10236 = CARTESIAN_POINT('',(71.528214594036,47.642394285689,
    80.21169475512));
#10237 = CARTESIAN_POINT('',(89.390165578732,64.199227622824,
    80.234046305962));
#10238 = PCURVE('',#4507,#10239);
#10239 = DEFINITIONAL_REPRESENTATION('',(#10240),#10244);
#10240 = LINE('',#10241,#10242);
#10241 = CARTESIAN_POINT('',(36.,0.));
#10242 = VECTOR('',#10243,1.);
#10243 = DIRECTION('',(0.,1.));
#10244 = ( GEOMETRIC_REPRESENTATION_CONTEXT(2) 
PARAMETRIC_REPRESENTATION_CONTEXT() REPRESENTATION_CONTEXT('2D SPACE',''
  ) );
#10245 = PCURVE('',#4471,#10246);
#10246 = DEFINITIONAL_REPRESENTATION('',(#10247),#10251);
#10247 = LINE('',#10248,#10249);
#10248 = CARTESIAN_POINT('',(36.,0.));
#10249 = VECTOR('',#10250,1.);
#10250 = DIRECTION('',(0.,1.));
#10251 = ( GEOMETRIC_REPRESENTATION_CONTEXT(2) 
PARAMETRIC_REPRESENTATION_CONTEXT() REPRESENTATION_CONTEXT('2D SPACE',''
  ) );
#10252 = ORIENTED_EDGE('',*,*,#10253,.F.);
#10253 = EDGE_CURVE('',#10184,#10231,#10254,.T.);
#10254 = SURFACE_CURVE('',#10255,(#10258,#10265),.PCURVE_S1.);
#10255 = B_SPLINE_CURVE_WITH_KNOTS('',1,(#10256,#10257),.UNSPECIFIED.,
  .F.,.F.,(2,2),(35.,36.),.PIECEWISE_BEZIER_KNOTS.);
#10256 = CARTESIAN_POINT('',(88.931261295839,64.797283327996,
    81.331412989897));
#10257 = CARTESIAN_POINT('',(89.390165578732,64.199227622824,
    80.234046305962));
#10258 = PCURVE('',#4507,#10259);
#10259 = DEFINITIONAL_REPRESENTATION('',(#10260),#10264);
#10260 = LINE('',#10261,#10262);
#10261 = CARTESIAN_POINT('',(0.,1.));
#10262 = VECTOR('',#10263,1.);
#10263 = DIRECTION('',(1.,0.));
#10264 = ( GEOMETRIC_REPRESENTATION_CONTEXT(2) 
PARAMETRIC_REPRESENTATION_CONTEXT() REPRESENTATION_CONTEXT('2D SPACE',''
  ) );
#10265 = PCURVE('',#9885,#10266);
#10266 = DEFINITIONAL_REPRESENTATION('',(#10267),#10270);
#10267 = B_SPLINE_CURVE_WITH_KNOTS('',1,(#10268,#10269),.UNSPECIFIED.,
  .F.,.F.,(2,2),(35.,36.),.PIECEWISE_BEZIER_KNOTS.);
#10268 = CARTESIAN_POINT('',(5.591494779503,-3.063181469619E-02));
#10269 = CARTESIAN_POINT('',(4.264230994743,-0.134786757076));
#10270 = ( GEOMETRIC_REPRESENTATION_CONTEXT(2) 
PARAMETRIC_REPRESENTATION_CONTEXT() REPRESENTATION_CONTEXT('2D SPACE',''
  ) );
#10271 = ADVANCED_FACE('',(#10272),#4471,.T.);
#10272 = FACE_BOUND('',#10273,.T.);
#10273 = EDGE_LOOP('',(#10274,#10275,#10276,#10299));
#10274 = ORIENTED_EDGE('',*,*,#10230,.F.);
#10275 = ORIENTED_EDGE('',*,*,#4451,.F.);
#10276 = ORIENTED_EDGE('',*,*,#10277,.T.);
#10277 = EDGE_CURVE('',#4416,#10278,#10280,.T.);
#10278 = VERTEX_POINT('',#10279);
#10279 = CARTESIAN_POINT('',(89.801134482523,63.663642519955,
    79.252195063727));
#10280 = SURFACE_CURVE('',#10281,(#10285,#10292),.PCURVE_S1.);
#10281 = B_SPLINE_CURVE_WITH_KNOTS('',2,(#10282,#10283,#10284),
  .UNSPECIFIED.,.F.,.F.,(3,3),(0.,1.),.PIECEWISE_BEZIER_KNOTS.);
#10282 = CARTESIAN_POINT('',(52.066917160348,28.241830925732,
    80.892431715524));
#10283 = CARTESIAN_POINT('',(72.166323696745,46.810794312399,
    79.219337191392));
#10284 = CARTESIAN_POINT('',(89.801134482523,63.663642519955,
    79.252195063727));
#10285 = PCURVE('',#4471,#10286);
#10286 = DEFINITIONAL_REPRESENTATION('',(#10287),#10291);
#10287 = LINE('',#10288,#10289);
#10288 = CARTESIAN_POINT('',(37.,0.));
#10289 = VECTOR('',#10290,1.);
#10290 = DIRECTION('',(0.,1.));
#10291 = ( GEOMETRIC_REPRESENTATION_CONTEXT(2) 
PARAMETRIC_REPRESENTATION_CONTEXT() REPRESENTATION_CONTEXT('2D SPACE',''
  ) );
#10292 = PCURVE('',#4435,#10293);
#10293 = DEFINITIONAL_REPRESENTATION('',(#10294),#10298);
#10294 = LINE('',#10295,#10296);
#10295 = CARTESIAN_POINT('',(37.,0.));
#10296 = VECTOR('',#10297,1.);
#10297 = DIRECTION('',(0.,1.));
#10298 = ( GEOMETRIC_REPRESENTATION_CONTEXT(2) 
PARAMETRIC_REPRESENTATION_CONTEXT() REPRESENTATION_CONTEXT('2D SPACE',''
  ) );
#10299 = ORIENTED_EDGE('',*,*,#10300,.F.);
#10300 = EDGE_CURVE('',#10231,#10278,#10301,.T.);
#10301 = SURFACE_CURVE('',#10302,(#10305,#10312),.PCURVE_S1.);
#10302 = B_SPLINE_CURVE_WITH_KNOTS('',1,(#10303,#10304),.UNSPECIFIED.,
  .F.,.F.,(2,2),(36.,37.),.PIECEWISE_BEZIER_KNOTS.);
#10303 = CARTESIAN_POINT('',(89.390165578732,64.199227622824,
    80.234046305962));
#10304 = CARTESIAN_POINT('',(89.801134482523,63.663642519955,
    79.252195063727));
#10305 = PCURVE('',#4471,#10306);
#10306 = DEFINITIONAL_REPRESENTATION('',(#10307),#10311);
#10307 = LINE('',#10308,#10309);
#10308 = CARTESIAN_POINT('',(0.,1.));
#10309 = VECTOR('',#10310,1.);
#10310 = DIRECTION('',(1.,0.));
#10311 = ( GEOMETRIC_REPRESENTATION_CONTEXT(2) 
PARAMETRIC_REPRESENTATION_CONTEXT() REPRESENTATION_CONTEXT('2D SPACE',''
  ) );
#10312 = PCURVE('',#9885,#10313);
#10313 = DEFINITIONAL_REPRESENTATION('',(#10314),#10317);
#10314 = B_SPLINE_CURVE_WITH_KNOTS('',1,(#10315,#10316),.UNSPECIFIED.,
  .F.,.F.,(2,2),(36.,37.),.PIECEWISE_BEZIER_KNOTS.);
#10315 = CARTESIAN_POINT('',(4.264230994743,-0.134786757076));
#10316 = CARTESIAN_POINT('',(3.076377752469,-0.22850644016));
#10317 = ( GEOMETRIC_REPRESENTATION_CONTEXT(2) 
PARAMETRIC_REPRESENTATION_CONTEXT() REPRESENTATION_CONTEXT('2D SPACE',''
  ) );
#10318 = ADVANCED_FACE('',(#10319),#4435,.T.);
#10319 = FACE_BOUND('',#10320,.T.);
#10320 = EDGE_LOOP('',(#10321,#10322,#10323,#10346));
#10321 = ORIENTED_EDGE('',*,*,#10277,.F.);
#10322 = ORIENTED_EDGE('',*,*,#4415,.F.);
#10323 = ORIENTED_EDGE('',*,*,#10324,.T.);
#10324 = EDGE_CURVE('',#4380,#10325,#10327,.T.);
#10325 = VERTEX_POINT('',#10326);
#10326 = CARTESIAN_POINT('',(90.147340578817,63.212457951032,
    78.39797633883));
#10327 = SURFACE_CURVE('',#10328,(#10332,#10339),.PCURVE_S1.);
#10328 = B_SPLINE_CURVE_WITH_KNOTS('',2,(#10329,#10330,#10331),
  .UNSPECIFIED.,.F.,.F.,(3,3),(0.,1.),.PIECEWISE_BEZIER_KNOTS.);
#10329 = CARTESIAN_POINT('',(52.818982728421,27.261719995378,
    80.233276156684));
#10330 = CARTESIAN_POINT('',(72.704272914335,46.109725242735,
    78.335587483935));
#10331 = CARTESIAN_POINT('',(90.147340578817,63.212457951032,
    78.39797633883));
#10332 = PCURVE('',#4435,#10333);
#10333 = DEFINITIONAL_REPRESENTATION('',(#10334),#10338);
#10334 = LINE('',#10335,#10336);
#10335 = CARTESIAN_POINT('',(38.,0.));
#10336 = VECTOR('',#10337,1.);
#10337 = DIRECTION('',(0.,1.));
#10338 = ( GEOMETRIC_REPRESENTATION_CONTEXT(2) 
PARAMETRIC_REPRESENTATION_CONTEXT() REPRESENTATION_CONTEXT('2D SPACE',''
  ) );
#10339 = PCURVE('',#4399,#10340);
#10340 = DEFINITIONAL_REPRESENTATION('',(#10341),#10345);
#10341 = LINE('',#10342,#10343);
#10342 = CARTESIAN_POINT('',(38.,0.));
#10343 = VECTOR('',#10344,1.);
#10344 = DIRECTION('',(0.,1.));
#10345 = ( GEOMETRIC_REPRESENTATION_CONTEXT(2) 
PARAMETRIC_REPRESENTATION_CONTEXT() REPRESENTATION_CONTEXT('2D SPACE',''
  ) );
#10346 = ORIENTED_EDGE('',*,*,#10347,.F.);
#10347 = EDGE_CURVE('',#10278,#10325,#10348,.T.);
#10348 = SURFACE_CURVE('',#10349,(#10352,#10359),.PCURVE_S1.);
#10349 = B_SPLINE_CURVE_WITH_KNOTS('',1,(#10350,#10351),.UNSPECIFIED.,
  .F.,.F.,(2,2),(37.,38.),.PIECEWISE_BEZIER_KNOTS.);
#10350 = CARTESIAN_POINT('',(89.801134482523,63.663642519955,
    79.252195063727));
#10351 = CARTESIAN_POINT('',(90.147340578817,63.212457951032,
    78.39797633883));
#10352 = PCURVE('',#4435,#10353);
#10353 = DEFINITIONAL_REPRESENTATION('',(#10354),#10358);
#10354 = LINE('',#10355,#10356);
#10355 = CARTESIAN_POINT('',(0.,1.));
#10356 = VECTOR('',#10357,1.);
#10357 = DIRECTION('',(1.,0.));
#10358 = ( GEOMETRIC_REPRESENTATION_CONTEXT(2) 
PARAMETRIC_REPRESENTATION_CONTEXT() REPRESENTATION_CONTEXT('2D SPACE',''
  ) );
#10359 = PCURVE('',#9885,#10360);
#10360 = DEFINITIONAL_REPRESENTATION('',(#10361),#10364);
#10361 = B_SPLINE_CURVE_WITH_KNOTS('',1,(#10362,#10363),.UNSPECIFIED.,
  .F.,.F.,(2,2),(37.,38.),.PIECEWISE_BEZIER_KNOTS.);
#10362 = CARTESIAN_POINT('',(3.076377752469,-0.22850644016));
#10363 = CARTESIAN_POINT('',(2.052249784943,-0.293910663574));
#10364 = ( GEOMETRIC_REPRESENTATION_CONTEXT(2) 
PARAMETRIC_REPRESENTATION_CONTEXT() REPRESENTATION_CONTEXT('2D SPACE',''
  ) );
#10365 = ADVANCED_FACE('',(#10366),#4399,.T.);
#10366 = FACE_BOUND('',#10367,.T.);
#10367 = EDGE_LOOP('',(#10368,#10369,#10370,#10393));
#10368 = ORIENTED_EDGE('',*,*,#10324,.F.);
#10369 = ORIENTED_EDGE('',*,*,#4379,.F.);
#10370 = ORIENTED_EDGE('',*,*,#10371,.T.);
#10371 = EDGE_CURVE('',#4344,#10372,#10374,.T.);
#10372 = VERTEX_POINT('',#10373);
#10373 = CARTESIAN_POINT('',(90.413551685595,62.865524882147,
    77.682900628505));
#10374 = SURFACE_CURVE('',#10375,(#10379,#10386),.PCURVE_S1.);
#10375 = B_SPLINE_CURVE_WITH_KNOTS('',2,(#10376,#10377,#10378),
  .UNSPECIFIED.,.F.,.F.,(3,3),(0.,1.),.PIECEWISE_BEZIER_KNOTS.);
#10376 = CARTESIAN_POINT('',(53.425414326117,26.471402950369,
    79.621811902299));
#10377 = CARTESIAN_POINT('',(73.121043301067,45.566579500097,
    77.566933341098));
#10378 = CARTESIAN_POINT('',(90.413551685595,62.865524882147,
    77.682900628505));
#10379 = PCURVE('',#4399,#10380);
#10380 = DEFINITIONAL_REPRESENTATION('',(#10381),#10385);
#10381 = LINE('',#10382,#10383);
#10382 = CARTESIAN_POINT('',(39.,0.));
#10383 = VECTOR('',#10384,1.);
#10384 = DIRECTION('',(0.,1.));
#10385 = ( GEOMETRIC_REPRESENTATION_CONTEXT(2) 
PARAMETRIC_REPRESENTATION_CONTEXT() REPRESENTATION_CONTEXT('2D SPACE',''
  ) );
#10386 = PCURVE('',#4363,#10387);
#10387 = DEFINITIONAL_REPRESENTATION('',(#10388),#10392);
#10388 = LINE('',#10389,#10390);
#10389 = CARTESIAN_POINT('',(39.,0.));
#10390 = VECTOR('',#10391,1.);
#10391 = DIRECTION('',(0.,1.));
#10392 = ( GEOMETRIC_REPRESENTATION_CONTEXT(2) 
PARAMETRIC_REPRESENTATION_CONTEXT() REPRESENTATION_CONTEXT('2D SPACE',''
  ) );
#10393 = ORIENTED_EDGE('',*,*,#10394,.F.);
#10394 = EDGE_CURVE('',#10325,#10372,#10395,.T.);
#10395 = SURFACE_CURVE('',#10396,(#10399,#10406),.PCURVE_S1.);
#10396 = B_SPLINE_CURVE_WITH_KNOTS('',1,(#10397,#10398),.UNSPECIFIED.,
  .F.,.F.,(2,2),(38.,39.),.PIECEWISE_BEZIER_KNOTS.);
#10397 = CARTESIAN_POINT('',(90.147340578817,63.212457951032,
    78.39797633883));
#10398 = CARTESIAN_POINT('',(90.413551685595,62.865524882147,
    77.682900628505));
#10399 = PCURVE('',#4399,#10400);
#10400 = DEFINITIONAL_REPRESENTATION('',(#10401),#10405);
#10401 = LINE('',#10402,#10403);
#10402 = CARTESIAN_POINT('',(0.,1.));
#10403 = VECTOR('',#10404,1.);
#10404 = DIRECTION('',(1.,0.));
#10405 = ( GEOMETRIC_REPRESENTATION_CONTEXT(2) 
PARAMETRIC_REPRESENTATION_CONTEXT() REPRESENTATION_CONTEXT('2D SPACE',''
  ) );
#10406 = PCURVE('',#9885,#10407);
#10407 = DEFINITIONAL_REPRESENTATION('',(#10408),#10411);
#10408 = B_SPLINE_CURVE_WITH_KNOTS('',1,(#10409,#10410),.UNSPECIFIED.,
  .F.,.F.,(2,2),(38.,39.),.PIECEWISE_BEZIER_KNOTS.);
#10409 = CARTESIAN_POINT('',(2.052249784943,-0.293910663574));
#10410 = CARTESIAN_POINT('',(1.214326272754,-0.315085338892));
#10411 = ( GEOMETRIC_REPRESENTATION_CONTEXT(2) 
PARAMETRIC_REPRESENTATION_CONTEXT() REPRESENTATION_CONTEXT('2D SPACE',''
  ) );
#10412 = ADVANCED_FACE('',(#10413),#4363,.T.);
#10413 = FACE_BOUND('',#10414,.T.);
#10414 = EDGE_LOOP('',(#10415,#10416,#10417,#10440));
#10415 = ORIENTED_EDGE('',*,*,#10371,.F.);
#10416 = ORIENTED_EDGE('',*,*,#4343,.F.);
#10417 = ORIENTED_EDGE('',*,*,#10418,.T.);
#10418 = EDGE_CURVE('',#4308,#10419,#10421,.T.);
#10419 = VERTEX_POINT('',#10420);
#10420 = CARTESIAN_POINT('',(90.586790368109,62.639755835537,
    77.117761995817));
#10421 = SURFACE_CURVE('',#10422,(#10426,#10433),.PCURVE_S1.);
#10422 = B_SPLINE_CURVE_WITH_KNOTS('',2,(#10423,#10424,#10425),
  .UNSPECIFIED.,.F.,.F.,(3,3),(0.,1.),.PIECEWISE_BEZIER_KNOTS.);
#10423 = CARTESIAN_POINT('',(53.862923122607,25.901230385942,
    79.054259607658));
#10424 = CARTESIAN_POINT('',(73.398287087425,45.205268363253,
    76.921418935889));
#10425 = CARTESIAN_POINT('',(90.586790368109,62.639755835537,
    77.117761995817));
#10426 = PCURVE('',#4363,#10427);
#10427 = DEFINITIONAL_REPRESENTATION('',(#10428),#10432);
#10428 = LINE('',#10429,#10430);
#10429 = CARTESIAN_POINT('',(40.,0.));
#10430 = VECTOR('',#10431,1.);
#10431 = DIRECTION('',(0.,1.));
#10432 = ( GEOMETRIC_REPRESENTATION_CONTEXT(2) 
PARAMETRIC_REPRESENTATION_CONTEXT() REPRESENTATION_CONTEXT('2D SPACE',''
  ) );
#10433 = PCURVE('',#4327,#10434);
#10434 = DEFINITIONAL_REPRESENTATION('',(#10435),#10439);
#10435 = LINE('',#10436,#10437);
#10436 = CARTESIAN_POINT('',(40.,0.));
#10437 = VECTOR('',#10438,1.);
#10438 = DIRECTION('',(0.,1.));
#10439 = ( GEOMETRIC_REPRESENTATION_CONTEXT(2) 
PARAMETRIC_REPRESENTATION_CONTEXT() REPRESENTATION_CONTEXT('2D SPACE',''
  ) );
#10440 = ORIENTED_EDGE('',*,*,#10441,.F.);
#10441 = EDGE_CURVE('',#10372,#10419,#10442,.T.);
#10442 = SURFACE_CURVE('',#10443,(#10446,#10453),.PCURVE_S1.);
#10443 = B_SPLINE_CURVE_WITH_KNOTS('',1,(#10444,#10445),.UNSPECIFIED.,
  .F.,.F.,(2,2),(39.,40.),.PIECEWISE_BEZIER_KNOTS.);
#10444 = CARTESIAN_POINT('',(90.413551685595,62.865524882147,
    77.682900628505));
#10445 = CARTESIAN_POINT('',(90.586790368109,62.639755835537,
    77.117761995817));
#10446 = PCURVE('',#4363,#10447);
#10447 = DEFINITIONAL_REPRESENTATION('',(#10448),#10452);
#10448 = LINE('',#10449,#10450);
#10449 = CARTESIAN_POINT('',(0.,1.));
#10450 = VECTOR('',#10451,1.);
#10451 = DIRECTION('',(1.,0.));
#10452 = ( GEOMETRIC_REPRESENTATION_CONTEXT(2) 
PARAMETRIC_REPRESENTATION_CONTEXT() REPRESENTATION_CONTEXT('2D SPACE',''
  ) );
#10453 = PCURVE('',#9885,#10454);
#10454 = DEFINITIONAL_REPRESENTATION('',(#10455),#10458);
#10455 = B_SPLINE_CURVE_WITH_KNOTS('',1,(#10456,#10457),.UNSPECIFIED.,
  .F.,.F.,(2,2),(39.,40.),.PIECEWISE_BEZIER_KNOTS.);
#10456 = CARTESIAN_POINT('',(1.214326272754,-0.315085338892));
#10457 = CARTESIAN_POINT('',(0.582614032592,-0.27896576924));
#10458 = ( GEOMETRIC_REPRESENTATION_CONTEXT(2) 
PARAMETRIC_REPRESENTATION_CONTEXT() REPRESENTATION_CONTEXT('2D SPACE',''
  ) );
#10459 = ADVANCED_FACE('',(#10460),#4327,.T.);
#10460 = FACE_BOUND('',#10461,.T.);
#10461 = EDGE_LOOP('',(#10462,#10463,#10464,#10487));
#10462 = ORIENTED_EDGE('',*,*,#10418,.F.);
#10463 = ORIENTED_EDGE('',*,*,#4307,.F.);
#10464 = ORIENTED_EDGE('',*,*,#10465,.T.);
#10465 = EDGE_CURVE('',#4272,#10466,#10468,.T.);
#10466 = VERTEX_POINT('',#10467);
#10467 = CARTESIAN_POINT('',(90.65690744688,62.548377479413,
    76.712135192076));
#10468 = SURFACE_CURVE('',#10469,(#10473,#10480),.PCURVE_S1.);
#10469 = B_SPLINE_CURVE_WITH_KNOTS('',2,(#10470,#10471,#10472),
  .UNSPECIFIED.,.F.,.F.,(3,3),(0.,1.),.PIECEWISE_BEZIER_KNOTS.);
#10470 = CARTESIAN_POINT('',(54.11134084642,25.577486105205,
    78.53005407253));
#10471 = CARTESIAN_POINT('',(73.52112888622,45.045177814217,
    76.407843678799));
#10472 = CARTESIAN_POINT('',(90.65690744688,62.548377479413,
    76.712135192076));
#10473 = PCURVE('',#4327,#10474);
#10474 = DEFINITIONAL_REPRESENTATION('',(#10475),#10479);
#10475 = LINE('',#10476,#10477);
#10476 = CARTESIAN_POINT('',(41.,0.));
#10477 = VECTOR('',#10478,1.);
#10478 = DIRECTION('',(0.,1.));
#10479 = ( GEOMETRIC_REPRESENTATION_CONTEXT(2) 
PARAMETRIC_REPRESENTATION_CONTEXT() REPRESENTATION_CONTEXT('2D SPACE',''
  ) );
#10480 = PCURVE('',#4291,#10481);
#10481 = DEFINITIONAL_REPRESENTATION('',(#10482),#10486);
#10482 = LINE('',#10483,#10484);
#10483 = CARTESIAN_POINT('',(41.,0.));
#10484 = VECTOR('',#10485,1.);
#10485 = DIRECTION('',(0.,1.));
#10486 = ( GEOMETRIC_REPRESENTATION_CONTEXT(2) 
PARAMETRIC_REPRESENTATION_CONTEXT() REPRESENTATION_CONTEXT('2D SPACE',''
  ) );
#10487 = ORIENTED_EDGE('',*,*,#10488,.F.);
#10488 = EDGE_CURVE('',#10419,#10466,#10489,.T.);
#10489 = SURFACE_CURVE('',#10490,(#10493,#10500),.PCURVE_S1.);
#10490 = B_SPLINE_CURVE_WITH_KNOTS('',1,(#10491,#10492),.UNSPECIFIED.,
  .F.,.F.,(2,2),(40.,41.),.PIECEWISE_BEZIER_KNOTS.);
#10491 = CARTESIAN_POINT('',(90.586790368109,62.639755835537,
    77.117761995817));
#10492 = CARTESIAN_POINT('',(90.65690744688,62.548377479413,
    76.712135192076));
#10493 = PCURVE('',#4327,#10494);
#10494 = DEFINITIONAL_REPRESENTATION('',(#10495),#10499);
#10495 = LINE('',#10496,#10497);
#10496 = CARTESIAN_POINT('',(0.,1.));
#10497 = VECTOR('',#10498,1.);
#10498 = DIRECTION('',(1.,0.));
#10499 = ( GEOMETRIC_REPRESENTATION_CONTEXT(2) 
PARAMETRIC_REPRESENTATION_CONTEXT() REPRESENTATION_CONTEXT('2D SPACE',''
  ) );
#10500 = PCURVE('',#9885,#10501);
#10501 = DEFINITIONAL_REPRESENTATION('',(#10502),#10505);
#10502 = B_SPLINE_CURVE_WITH_KNOTS('',1,(#10503,#10504),.UNSPECIFIED.,
  .F.,.F.,(2,2),(40.,41.),.PIECEWISE_BEZIER_KNOTS.);
#10503 = CARTESIAN_POINT('',(0.582614032592,-0.27896576924));
#10504 = CARTESIAN_POINT('',(0.17374096753,-0.175901084291));
#10505 = ( GEOMETRIC_REPRESENTATION_CONTEXT(2) 
PARAMETRIC_REPRESENTATION_CONTEXT() REPRESENTATION_CONTEXT('2D SPACE',''
  ) );
#10506 = ADVANCED_FACE('',(#10507),#4291,.T.);
#10507 = FACE_BOUND('',#10508,.T.);
#10508 = EDGE_LOOP('',(#10509,#10510,#10511,#10534));
#10509 = ORIENTED_EDGE('',*,*,#10465,.F.);
#10510 = ORIENTED_EDGE('',*,*,#4271,.F.);
#10511 = ORIENTED_EDGE('',*,*,#10512,.T.);
#10512 = EDGE_CURVE('',#4236,#10513,#10515,.T.);
#10513 = VERTEX_POINT('',#10514);
#10514 = CARTESIAN_POINT('',(90.617055291584,62.600313819357,
    76.473720558371));
#10515 = SURFACE_CURVE('',#10516,(#10520,#10527),.PCURVE_S1.);
#10516 = B_SPLINE_CURVE_WITH_KNOTS('',2,(#10517,#10518,#10519),
  .UNSPECIFIED.,.F.,.F.,(3,3),(0.,1.),.PIECEWISE_BEZIER_KNOTS.);
#10517 = CARTESIAN_POINT('',(54.155054970302,25.52051674981,
    78.051211036502));
#10518 = CARTESIAN_POINT('',(73.478924497678,45.100179644211,
    76.034699393759));
#10519 = CARTESIAN_POINT('',(90.617055291584,62.600313819357,
    76.473720558371));
#10520 = PCURVE('',#4291,#10521);
#10521 = DEFINITIONAL_REPRESENTATION('',(#10522),#10526);
#10522 = LINE('',#10523,#10524);
#10523 = CARTESIAN_POINT('',(42.,0.));
#10524 = VECTOR('',#10525,1.);
#10525 = DIRECTION('',(0.,1.));
#10526 = ( GEOMETRIC_REPRESENTATION_CONTEXT(2) 
PARAMETRIC_REPRESENTATION_CONTEXT() REPRESENTATION_CONTEXT('2D SPACE',''
  ) );
#10527 = PCURVE('',#4255,#10528);
#10528 = DEFINITIONAL_REPRESENTATION('',(#10529),#10533);
#10529 = LINE('',#10530,#10531);
#10530 = CARTESIAN_POINT('',(0.,0.));
#10531 = VECTOR('',#10532,1.);
#10532 = DIRECTION('',(0.,1.));
#10533 = ( GEOMETRIC_REPRESENTATION_CONTEXT(2) 
PARAMETRIC_REPRESENTATION_CONTEXT() REPRESENTATION_CONTEXT('2D SPACE',''
  ) );
#10534 = ORIENTED_EDGE('',*,*,#10535,.F.);
#10535 = EDGE_CURVE('',#10466,#10513,#10536,.T.);
#10536 = SURFACE_CURVE('',#10537,(#10540,#10547),.PCURVE_S1.);
#10537 = B_SPLINE_CURVE_WITH_KNOTS('',1,(#10538,#10539),.UNSPECIFIED.,
  .F.,.F.,(2,2),(41.,42.),.PIECEWISE_BEZIER_KNOTS.);
#10538 = CARTESIAN_POINT('',(90.65690744688,62.548377479413,
    76.712135192076));
#10539 = CARTESIAN_POINT('',(90.617055291584,62.600313819357,
    76.473720558371));
#10540 = PCURVE('',#4291,#10541);
#10541 = DEFINITIONAL_REPRESENTATION('',(#10542),#10546);
#10542 = LINE('',#10543,#10544);
#10543 = CARTESIAN_POINT('',(0.,1.));
#10544 = VECTOR('',#10545,1.);
#10545 = DIRECTION('',(1.,0.));
#10546 = ( GEOMETRIC_REPRESENTATION_CONTEXT(2) 
PARAMETRIC_REPRESENTATION_CONTEXT() REPRESENTATION_CONTEXT('2D SPACE',''
  ) );
#10547 = PCURVE('',#9885,#10548);
#10548 = DEFINITIONAL_REPRESENTATION('',(#10549),#10552);
#10549 = B_SPLINE_CURVE_WITH_KNOTS('',1,(#10550,#10551),.UNSPECIFIED.,
  .F.,.F.,(2,2),(41.,42.),.PIECEWISE_BEZIER_KNOTS.);
#10550 = CARTESIAN_POINT('',(0.17374096753,-0.175901084291));
#10551 = CARTESIAN_POINT('',(0.,0.));
#10552 = ( GEOMETRIC_REPRESENTATION_CONTEXT(2) 
PARAMETRIC_REPRESENTATION_CONTEXT() REPRESENTATION_CONTEXT('2D SPACE',''
  ) );
#10553 = ADVANCED_FACE('',(#10554),#4255,.T.);
#10554 = FACE_BOUND('',#10555,.T.);
#10555 = EDGE_LOOP('',(#10556,#10557,#10558,#10581));
#10556 = ORIENTED_EDGE('',*,*,#10512,.F.);
#10557 = ORIENTED_EDGE('',*,*,#4235,.F.);
#10558 = ORIENTED_EDGE('',*,*,#10559,.T.);
#10559 = EDGE_CURVE('',#4200,#10560,#10562,.T.);
#10560 = VERTEX_POINT('',#10561);
#10561 = CARTESIAN_POINT('',(90.470249920323,62.791634304054,
    76.417606452633));
#10562 = SURFACE_CURVE('',#10563,(#10567,#10574),.PCURVE_S1.);
#10563 = B_SPLINE_CURVE_WITH_KNOTS('',2,(#10564,#10565,#10566),
  .UNSPECIFIED.,.F.,.F.,(3,3),(0.,1.),.PIECEWISE_BEZIER_KNOTS.);
#10564 = CARTESIAN_POINT('',(53.988214922748,25.737946932989,
    77.651169122698));
#10565 = CARTESIAN_POINT('',(73.274097866378,45.367114907155,
    75.828602975567));
#10566 = CARTESIAN_POINT('',(90.470249920323,62.791634304054,
    76.417606452633));
#10567 = PCURVE('',#4255,#10568);
#10568 = DEFINITIONAL_REPRESENTATION('',(#10569),#10573);
#10569 = LINE('',#10570,#10571);
#10570 = CARTESIAN_POINT('',(1.,0.));
#10571 = VECTOR('',#10572,1.);
#10572 = DIRECTION('',(0.,1.));
#10573 = ( GEOMETRIC_REPRESENTATION_CONTEXT(2) 
PARAMETRIC_REPRESENTATION_CONTEXT() REPRESENTATION_CONTEXT('2D SPACE',''
  ) );
#10574 = PCURVE('',#4219,#10575);
#10575 = DEFINITIONAL_REPRESENTATION('',(#10576),#10580);
#10576 = LINE('',#10577,#10578);
#10577 = CARTESIAN_POINT('',(1.,0.));
#10578 = VECTOR('',#10579,1.);
#10579 = DIRECTION('',(0.,1.));
#10580 = ( GEOMETRIC_REPRESENTATION_CONTEXT(2) 
PARAMETRIC_REPRESENTATION_CONTEXT() REPRESENTATION_CONTEXT('2D SPACE',''
  ) );
#10581 = ORIENTED_EDGE('',*,*,#10582,.F.);
#10582 = EDGE_CURVE('',#10513,#10560,#10583,.T.);
#10583 = SURFACE_CURVE('',#10584,(#10587,#10594),.PCURVE_S1.);
#10584 = B_SPLINE_CURVE_WITH_KNOTS('',1,(#10585,#10586),.UNSPECIFIED.,
  .F.,.F.,(2,2),(0.,1.),.PIECEWISE_BEZIER_KNOTS.);
#10585 = CARTESIAN_POINT('',(90.617055291584,62.600313819357,
    76.473720558371));
#10586 = CARTESIAN_POINT('',(90.470249920323,62.791634304054,
    76.417606452633));
#10587 = PCURVE('',#4255,#10588);
#10588 = DEFINITIONAL_REPRESENTATION('',(#10589),#10593);
#10589 = LINE('',#10590,#10591);
#10590 = CARTESIAN_POINT('',(0.,1.));
#10591 = VECTOR('',#10592,1.);
#10592 = DIRECTION('',(1.,0.));
#10593 = ( GEOMETRIC_REPRESENTATION_CONTEXT(2) 
PARAMETRIC_REPRESENTATION_CONTEXT() REPRESENTATION_CONTEXT('2D SPACE',''
  ) );
#10594 = PCURVE('',#9885,#10595);
#10595 = DEFINITIONAL_REPRESENTATION('',(#10596),#10599);
#10596 = B_SPLINE_CURVE_WITH_KNOTS('',1,(#10597,#10598),.UNSPECIFIED.,
  .F.,.F.,(2,2),(0.,1.),.PIECEWISE_BEZIER_KNOTS.);
#10597 = CARTESIAN_POINT('',(0.,0.));
#10598 = CARTESIAN_POINT('',(7.198085551741E-02,0.236902710406));
#10599 = ( GEOMETRIC_REPRESENTATION_CONTEXT(2) 
PARAMETRIC_REPRESENTATION_CONTEXT() REPRESENTATION_CONTEXT('2D SPACE',''
  ) );
#10600 = ADVANCED_FACE('',(#10601),#4219,.T.);
#10601 = FACE_BOUND('',#10602,.T.);
#10602 = EDGE_LOOP('',(#10603,#10604,#10605,#10628));
#10603 = ORIENTED_EDGE('',*,*,#10559,.F.);
#10604 = ORIENTED_EDGE('',*,*,#4199,.F.);
#10605 = ORIENTED_EDGE('',*,*,#10606,.T.);
#10606 = EDGE_CURVE('',#4164,#10607,#10609,.T.);
#10607 = VERTEX_POINT('',#10608);
#10608 = CARTESIAN_POINT('',(90.224574232923,63.111805093364,
    76.557348497402));
#10609 = SURFACE_CURVE('',#10610,(#10614,#10621),.PCURVE_S1.);
#10610 = B_SPLINE_CURVE_WITH_KNOTS('',2,(#10611,#10612,#10613),
  .UNSPECIFIED.,.F.,.F.,(3,3),(0.,1.),.PIECEWISE_BEZIER_KNOTS.);
#10611 = CARTESIAN_POINT('',(53.612801598292,26.227195102722,
    77.369829758116));
#10612 = CARTESIAN_POINT('',(72.916111343134,45.833652027382,
    75.817065819741));
#10613 = CARTESIAN_POINT('',(90.224574232923,63.111805093364,
    76.557348497402));
#10614 = PCURVE('',#4219,#10615);
#10615 = DEFINITIONAL_REPRESENTATION('',(#10616),#10620);
#10616 = LINE('',#10617,#10618);
#10617 = CARTESIAN_POINT('',(2.,0.));
#10618 = VECTOR('',#10619,1.);
#10619 = DIRECTION('',(0.,1.));
#10620 = ( GEOMETRIC_REPRESENTATION_CONTEXT(2) 
PARAMETRIC_REPRESENTATION_CONTEXT() REPRESENTATION_CONTEXT('2D SPACE',''
  ) );
#10621 = PCURVE('',#4183,#10622);
#10622 = DEFINITIONAL_REPRESENTATION('',(#10623),#10627);
#10623 = LINE('',#10624,#10625);
#10624 = CARTESIAN_POINT('',(2.,0.));
#10625 = VECTOR('',#10626,1.);
#10626 = DIRECTION('',(0.,1.));
#10627 = ( GEOMETRIC_REPRESENTATION_CONTEXT(2) 
PARAMETRIC_REPRESENTATION_CONTEXT() REPRESENTATION_CONTEXT('2D SPACE',''
  ) );
#10628 = ORIENTED_EDGE('',*,*,#10629,.F.);
#10629 = EDGE_CURVE('',#10560,#10607,#10630,.T.);
#10630 = SURFACE_CURVE('',#10631,(#10634,#10641),.PCURVE_S1.);
#10631 = B_SPLINE_CURVE_WITH_KNOTS('',1,(#10632,#10633),.UNSPECIFIED.,
  .F.,.F.,(2,2),(1.,2.),.PIECEWISE_BEZIER_KNOTS.);
#10632 = CARTESIAN_POINT('',(90.470249920323,62.791634304054,
    76.417606452633));
#10633 = CARTESIAN_POINT('',(90.224574232923,63.111805093364,
    76.557348497402));
#10634 = PCURVE('',#4219,#10635);
#10635 = DEFINITIONAL_REPRESENTATION('',(#10636),#10640);
#10636 = LINE('',#10637,#10638);
#10637 = CARTESIAN_POINT('',(0.,1.));
#10638 = VECTOR('',#10639,1.);
#10639 = DIRECTION('',(1.,0.));
#10640 = ( GEOMETRIC_REPRESENTATION_CONTEXT(2) 
PARAMETRIC_REPRESENTATION_CONTEXT() REPRESENTATION_CONTEXT('2D SPACE',''
  ) );
#10641 = PCURVE('',#9885,#10642);
#10642 = DEFINITIONAL_REPRESENTATION('',(#10643),#10646);
#10643 = B_SPLINE_CURVE_WITH_KNOTS('',1,(#10644,#10645),.UNSPECIFIED.,
  .F.,.F.,(2,2),(1.,2.),.PIECEWISE_BEZIER_KNOTS.);
#10644 = CARTESIAN_POINT('',(7.198085551741E-02,0.236902710406));
#10645 = CARTESIAN_POINT('',(0.394784240113,0.516530483841));
#10646 = ( GEOMETRIC_REPRESENTATION_CONTEXT(2) 
PARAMETRIC_REPRESENTATION_CONTEXT() REPRESENTATION_CONTEXT('2D SPACE',''
  ) );
#10647 = ADVANCED_FACE('',(#10648),#4183,.T.);
#10648 = FACE_BOUND('',#10649,.T.);
#10649 = EDGE_LOOP('',(#10650,#10651,#10652,#10675));
#10650 = ORIENTED_EDGE('',*,*,#10606,.F.);
#10651 = ORIENTED_EDGE('',*,*,#4163,.F.);
#10652 = ORIENTED_EDGE('',*,*,#10653,.T.);
#10653 = EDGE_CURVE('',#4128,#10654,#10656,.T.);
#10654 = VERTEX_POINT('',#10655);
#10655 = CARTESIAN_POINT('',(89.888030130975,63.550397906103,
    76.895857415592));
#10656 = SURFACE_CURVE('',#10657,(#10661,#10668),.PCURVE_S1.);
#10657 = B_SPLINE_CURVE_WITH_KNOTS('',2,(#10658,#10659,#10660),
  .UNSPECIFIED.,.F.,.F.,(3,3),(0.,1.),.PIECEWISE_BEZIER_KNOTS.);
#10658 = CARTESIAN_POINT('',(53.036243986257,26.978579611632,
    77.227722067914));
#10659 = CARTESIAN_POINT('',(72.414976109642,46.486744178893,
    76.01083222372));
#10660 = CARTESIAN_POINT('',(89.888030130975,63.550397906103,
    76.895857415592));
#10661 = PCURVE('',#4183,#10662);
#10662 = DEFINITIONAL_REPRESENTATION('',(#10663),#10667);
#10663 = LINE('',#10664,#10665);
#10664 = CARTESIAN_POINT('',(3.,0.));
#10665 = VECTOR('',#10666,1.);
#10666 = DIRECTION('',(0.,1.));
#10667 = ( GEOMETRIC_REPRESENTATION_CONTEXT(2) 
PARAMETRIC_REPRESENTATION_CONTEXT() REPRESENTATION_CONTEXT('2D SPACE',''
  ) );
#10668 = PCURVE('',#4147,#10669);
#10669 = DEFINITIONAL_REPRESENTATION('',(#10670),#10674);
#10670 = LINE('',#10671,#10672);
#10671 = CARTESIAN_POINT('',(3.,0.));
#10672 = VECTOR('',#10673,1.);
#10673 = DIRECTION('',(0.,1.));
#10674 = ( GEOMETRIC_REPRESENTATION_CONTEXT(2) 
PARAMETRIC_REPRESENTATION_CONTEXT() REPRESENTATION_CONTEXT('2D SPACE',''
  ) );
#10675 = ORIENTED_EDGE('',*,*,#10676,.F.);
#10676 = EDGE_CURVE('',#10607,#10654,#10677,.T.);
#10677 = SURFACE_CURVE('',#10678,(#10681,#10688),.PCURVE_S1.);
#10678 = B_SPLINE_CURVE_WITH_KNOTS('',1,(#10679,#10680),.UNSPECIFIED.,
  .F.,.F.,(2,2),(2.,3.),.PIECEWISE_BEZIER_KNOTS.);
#10679 = CARTESIAN_POINT('',(90.224574232923,63.111805093364,
    76.557348497402));
#10680 = CARTESIAN_POINT('',(89.888030130975,63.550397906103,
    76.895857415592));
#10681 = PCURVE('',#4183,#10682);
#10682 = DEFINITIONAL_REPRESENTATION('',(#10683),#10687);
#10683 = LINE('',#10684,#10685);
#10684 = CARTESIAN_POINT('',(0.,1.));
#10685 = VECTOR('',#10686,1.);
#10686 = DIRECTION('',(1.,0.));
#10687 = ( GEOMETRIC_REPRESENTATION_CONTEXT(2) 
PARAMETRIC_REPRESENTATION_CONTEXT() REPRESENTATION_CONTEXT('2D SPACE',''
  ) );
#10688 = PCURVE('',#9885,#10689);
#10689 = DEFINITIONAL_REPRESENTATION('',(#10690),#10693);
#10690 = B_SPLINE_CURVE_WITH_KNOTS('',1,(#10691,#10692),.UNSPECIFIED.,
  .F.,.F.,(2,2),(2.,3.),.PIECEWISE_BEZIER_KNOTS.);
#10691 = CARTESIAN_POINT('',(0.394784240113,0.516530483841));
#10692 = CARTESIAN_POINT('',(0.964358633393,0.826044435313));
#10693 = ( GEOMETRIC_REPRESENTATION_CONTEXT(2) 
PARAMETRIC_REPRESENTATION_CONTEXT() REPRESENTATION_CONTEXT('2D SPACE',''
  ) );
#10694 = ADVANCED_FACE('',(#10695),#4147,.T.);
#10695 = FACE_BOUND('',#10696,.T.);
#10696 = EDGE_LOOP('',(#10697,#10698,#10699,#10722));
#10697 = ORIENTED_EDGE('',*,*,#10653,.F.);
#10698 = ORIENTED_EDGE('',*,*,#4127,.F.);
#10699 = ORIENTED_EDGE('',*,*,#10700,.T.);
#10700 = EDGE_CURVE('',#4092,#10701,#10703,.T.);
#10701 = VERTEX_POINT('',#10702);
#10702 = CARTESIAN_POINT('',(89.474076261517,64.089873091966,
    77.434111547357));
#10703 = SURFACE_CURVE('',#10704,(#10708,#10715),.PCURVE_S1.);
#10704 = B_SPLINE_CURVE_WITH_KNOTS('',2,(#10705,#10706,#10707),
  .UNSPECIFIED.,.F.,.F.,(3,3),(0.,1.),.PIECEWISE_BEZIER_KNOTS.);
#10705 = CARTESIAN_POINT('',(52.275301550442,27.970259101257,
    77.252304209735));
#10706 = CARTESIAN_POINT('',(71.788746784054,47.302862125217,
    76.421065110154));
#10707 = CARTESIAN_POINT('',(89.474076261517,64.089873091966,
    77.434111547357));
#10708 = PCURVE('',#4147,#10709);
#10709 = DEFINITIONAL_REPRESENTATION('',(#10710),#10714);
#10710 = LINE('',#10711,#10712);
#10711 = CARTESIAN_POINT('',(4.,0.));
#10712 = VECTOR('',#10713,1.);
#10713 = DIRECTION('',(0.,1.));
#10714 = ( GEOMETRIC_REPRESENTATION_CONTEXT(2) 
PARAMETRIC_REPRESENTATION_CONTEXT() REPRESENTATION_CONTEXT('2D SPACE',''
  ) );
#10715 = PCURVE('',#4111,#10716);
#10716 = DEFINITIONAL_REPRESENTATION('',(#10717),#10721);
#10717 = LINE('',#10718,#10719);
#10718 = CARTESIAN_POINT('',(4.,0.));
#10719 = VECTOR('',#10720,1.);
#10720 = DIRECTION('',(0.,1.));
#10721 = ( GEOMETRIC_REPRESENTATION_CONTEXT(2) 
PARAMETRIC_REPRESENTATION_CONTEXT() REPRESENTATION_CONTEXT('2D SPACE',''
  ) );
#10722 = ORIENTED_EDGE('',*,*,#10723,.F.);
#10723 = EDGE_CURVE('',#10654,#10701,#10724,.T.);
#10724 = SURFACE_CURVE('',#10725,(#10728,#10735),.PCURVE_S1.);
#10725 = B_SPLINE_CURVE_WITH_KNOTS('',1,(#10726,#10727),.UNSPECIFIED.,
  .F.,.F.,(2,2),(3.,4.),.PIECEWISE_BEZIER_KNOTS.);
#10726 = CARTESIAN_POINT('',(89.888030130975,63.550397906103,
    76.895857415592));
#10727 = CARTESIAN_POINT('',(89.474076261517,64.089873091966,
    77.434111547357));
#10728 = PCURVE('',#4147,#10729);
#10729 = DEFINITIONAL_REPRESENTATION('',(#10730),#10734);
#10730 = LINE('',#10731,#10732);
#10731 = CARTESIAN_POINT('',(0.,1.));
#10732 = VECTOR('',#10733,1.);
#10733 = DIRECTION('',(1.,0.));
#10734 = ( GEOMETRIC_REPRESENTATION_CONTEXT(2) 
PARAMETRIC_REPRESENTATION_CONTEXT() REPRESENTATION_CONTEXT('2D SPACE',''
  ) );
#10735 = PCURVE('',#9885,#10736);
#10736 = DEFINITIONAL_REPRESENTATION('',(#10737),#10740);
#10737 = B_SPLINE_CURVE_WITH_KNOTS('',1,(#10738,#10739),.UNSPECIFIED.,
  .F.,.F.,(2,2),(3.,4.),.PIECEWISE_BEZIER_KNOTS.);
#10738 = CARTESIAN_POINT('',(0.964358633393,0.826044435313));
#10739 = CARTESIAN_POINT('',(1.770497180105,1.145809092628));
#10740 = ( GEOMETRIC_REPRESENTATION_CONTEXT(2) 
PARAMETRIC_REPRESENTATION_CONTEXT() REPRESENTATION_CONTEXT('2D SPACE',''
  ) );
#10741 = ADVANCED_FACE('',(#10742),#4111,.T.);
#10742 = FACE_BOUND('',#10743,.T.);
#10743 = EDGE_LOOP('',(#10744,#10745,#10746,#10769));
#10744 = ORIENTED_EDGE('',*,*,#10700,.F.);
#10745 = ORIENTED_EDGE('',*,*,#4091,.F.);
#10746 = ORIENTED_EDGE('',*,*,#10747,.T.);
#10747 = EDGE_CURVE('',#4056,#10748,#10750,.T.);
#10748 = VERTEX_POINT('',#10749);
#10749 = CARTESIAN_POINT('',(89.000488139669,64.707065148634,
    78.169663996046));
#10750 = SURFACE_CURVE('',#10751,(#10755,#10762),.PCURVE_S1.);
#10751 = B_SPLINE_CURVE_WITH_KNOTS('',2,(#10752,#10753,#10754),
  .UNSPECIFIED.,.F.,.F.,(3,3),(0.,1.),.PIECEWISE_BEZIER_KNOTS.);
#10752 = CARTESIAN_POINT('',(51.355406098133,29.169090195067,
    77.473369727142));
#10753 = CARTESIAN_POINT('',(71.062163622209,48.249763737212,
    77.056354542386));
#10754 = CARTESIAN_POINT('',(89.000488139669,64.707065148634,
    78.169663996046));
#10755 = PCURVE('',#4111,#10756);
#10756 = DEFINITIONAL_REPRESENTATION('',(#10757),#10761);
#10757 = LINE('',#10758,#10759);
#10758 = CARTESIAN_POINT('',(5.,0.));
#10759 = VECTOR('',#10760,1.);
#10760 = DIRECTION('',(0.,1.));
#10761 = ( GEOMETRIC_REPRESENTATION_CONTEXT(2) 
PARAMETRIC_REPRESENTATION_CONTEXT() REPRESENTATION_CONTEXT('2D SPACE',''
  ) );
#10762 = PCURVE('',#4075,#10763);
#10763 = DEFINITIONAL_REPRESENTATION('',(#10764),#10768);
#10764 = LINE('',#10765,#10766);
#10765 = CARTESIAN_POINT('',(5.,0.));
#10766 = VECTOR('',#10767,1.);
#10767 = DIRECTION('',(0.,1.));
#10768 = ( GEOMETRIC_REPRESENTATION_CONTEXT(2) 
PARAMETRIC_REPRESENTATION_CONTEXT() REPRESENTATION_CONTEXT('2D SPACE',''
  ) );
#10769 = ORIENTED_EDGE('',*,*,#10770,.F.);
#10770 = EDGE_CURVE('',#10701,#10748,#10771,.T.);
#10771 = SURFACE_CURVE('',#10772,(#10775,#10782),.PCURVE_S1.);
#10772 = B_SPLINE_CURVE_WITH_KNOTS('',1,(#10773,#10774),.UNSPECIFIED.,
  .F.,.F.,(2,2),(4.,5.),.PIECEWISE_BEZIER_KNOTS.);
#10773 = CARTESIAN_POINT('',(89.474076261517,64.089873091966,
    77.434111547357));
#10774 = CARTESIAN_POINT('',(89.000488139669,64.707065148634,
    78.169663996046));
#10775 = PCURVE('',#4111,#10776);
#10776 = DEFINITIONAL_REPRESENTATION('',(#10777),#10781);
#10777 = LINE('',#10778,#10779);
#10778 = CARTESIAN_POINT('',(0.,1.));
#10779 = VECTOR('',#10780,1.);
#10780 = DIRECTION('',(1.,0.));
#10781 = ( GEOMETRIC_REPRESENTATION_CONTEXT(2) 
PARAMETRIC_REPRESENTATION_CONTEXT() REPRESENTATION_CONTEXT('2D SPACE',''
  ) );
#10782 = PCURVE('',#9885,#10783);
#10783 = DEFINITIONAL_REPRESENTATION('',(#10784),#10787);
#10784 = B_SPLINE_CURVE_WITH_KNOTS('',1,(#10785,#10786),.UNSPECIFIED.,
  .F.,.F.,(2,2),(4.,5.),.PIECEWISE_BEZIER_KNOTS.);
#10785 = CARTESIAN_POINT('',(1.770497180105,1.145809092628));
#10786 = CARTESIAN_POINT('',(2.796481067275,1.451760415574));
#10787 = ( GEOMETRIC_REPRESENTATION_CONTEXT(2) 
PARAMETRIC_REPRESENTATION_CONTEXT() REPRESENTATION_CONTEXT('2D SPACE',''
  ) );
#10788 = ADVANCED_FACE('',(#10789),#4075,.T.);
#10789 = FACE_BOUND('',#10790,.T.);
#10790 = EDGE_LOOP('',(#10791,#10792,#10793,#10816));
#10791 = ORIENTED_EDGE('',*,*,#10747,.F.);
#10792 = ORIENTED_EDGE('',*,*,#4055,.F.);
#10793 = ORIENTED_EDGE('',*,*,#10794,.T.);
#10794 = EDGE_CURVE('',#4020,#10795,#10797,.T.);
#10795 = VERTEX_POINT('',#10796);
#10796 = CARTESIAN_POINT('',(88.487862184388,65.375132300334,
    79.095124364617));
#10797 = SURFACE_CURVE('',#10798,(#10802,#10809),.PCURVE_S1.);
#10798 = B_SPLINE_CURVE_WITH_KNOTS('',2,(#10799,#10800,#10801),
  .UNSPECIFIED.,.F.,.F.,(3,3),(0.,1.),.PIECEWISE_BEZIER_KNOTS.);
#10799 = CARTESIAN_POINT('',(50.309400637422,30.532271051596,
    77.91763068507));
#10800 = CARTESIAN_POINT('',(70.264732856948,49.288995743584,
    77.919515872288));
#10801 = CARTESIAN_POINT('',(88.487862184388,65.375132300334,
    79.095124364617));
#10802 = PCURVE('',#4075,#10803);
#10803 = DEFINITIONAL_REPRESENTATION('',(#10804),#10808);
#10804 = LINE('',#10805,#10806);
#10805 = CARTESIAN_POINT('',(6.,0.));
#10806 = VECTOR('',#10807,1.);
#10807 = DIRECTION('',(0.,1.));
#10808 = ( GEOMETRIC_REPRESENTATION_CONTEXT(2) 
PARAMETRIC_REPRESENTATION_CONTEXT() REPRESENTATION_CONTEXT('2D SPACE',''
  ) );
#10809 = PCURVE('',#4039,#10810);
#10810 = DEFINITIONAL_REPRESENTATION('',(#10811),#10815);
#10811 = LINE('',#10812,#10813);
#10812 = CARTESIAN_POINT('',(6.,0.));
#10813 = VECTOR('',#10814,1.);
#10814 = DIRECTION('',(0.,1.));
#10815 = ( GEOMETRIC_REPRESENTATION_CONTEXT(2) 
PARAMETRIC_REPRESENTATION_CONTEXT() REPRESENTATION_CONTEXT('2D SPACE',''
  ) );
#10816 = ORIENTED_EDGE('',*,*,#10817,.F.);
#10817 = EDGE_CURVE('',#10748,#10795,#10818,.T.);
#10818 = SURFACE_CURVE('',#10819,(#10822,#10829),.PCURVE_S1.);
#10819 = B_SPLINE_CURVE_WITH_KNOTS('',1,(#10820,#10821),.UNSPECIFIED.,
  .F.,.F.,(2,2),(5.,6.),.PIECEWISE_BEZIER_KNOTS.);
#10820 = CARTESIAN_POINT('',(89.000488139669,64.707065148634,
    78.169663996046));
#10821 = CARTESIAN_POINT('',(88.487862184388,65.375132300334,
    79.095124364617));
#10822 = PCURVE('',#4075,#10823);
#10823 = DEFINITIONAL_REPRESENTATION('',(#10824),#10828);
#10824 = LINE('',#10825,#10826);
#10825 = CARTESIAN_POINT('',(0.,1.));
#10826 = VECTOR('',#10827,1.);
#10827 = DIRECTION('',(1.,0.));
#10828 = ( GEOMETRIC_REPRESENTATION_CONTEXT(2) 
PARAMETRIC_REPRESENTATION_CONTEXT() REPRESENTATION_CONTEXT('2D SPACE',''
  ) );
#10829 = PCURVE('',#9885,#10830);
#10830 = DEFINITIONAL_REPRESENTATION('',(#10831),#10834);
#10831 = B_SPLINE_CURVE_WITH_KNOTS('',1,(#10832,#10833),.UNSPECIFIED.,
  .F.,.F.,(2,2),(5.,6.),.PIECEWISE_BEZIER_KNOTS.);
#10832 = CARTESIAN_POINT('',(2.796481067275,1.451760415574));
#10833 = CARTESIAN_POINT('',(4.018993364365,1.71829308987));
#10834 = ( GEOMETRIC_REPRESENTATION_CONTEXT(2) 
PARAMETRIC_REPRESENTATION_CONTEXT() REPRESENTATION_CONTEXT('2D SPACE',''
  ) );
#10835 = ADVANCED_FACE('',(#10836),#4039,.T.);
#10836 = FACE_BOUND('',#10837,.T.);
#10837 = EDGE_LOOP('',(#10838,#10839,#10840,#10863));
#10838 = ORIENTED_EDGE('',*,*,#10794,.F.);
#10839 = ORIENTED_EDGE('',*,*,#4019,.F.);
#10840 = ORIENTED_EDGE('',*,*,#10841,.T.);
#10841 = EDGE_CURVE('',#3984,#10842,#10844,.T.);
#10842 = VERTEX_POINT('',#10843);
#10843 = CARTESIAN_POINT('',(87.957918516121,66.065768334996,
    80.196995068474));
#10844 = SURFACE_CURVE('',#10845,(#10849,#10856),.PCURVE_S1.);
#10845 = B_SPLINE_CURVE_WITH_KNOTS('',2,(#10846,#10847,#10848),
  .UNSPECIFIED.,.F.,.F.,(3,3),(0.,1.),.PIECEWISE_BEZIER_KNOTS.);
#10846 = CARTESIAN_POINT('',(49.175566647831,32.00991227542,
    78.603436681754));
#10847 = CARTESIAN_POINT('',(69.428393377547,50.378934573448,
    79.004906631609));
#10848 = CARTESIAN_POINT('',(87.957918516121,66.065768334996,
    80.196995068474));
#10849 = PCURVE('',#4039,#10850);
#10850 = DEFINITIONAL_REPRESENTATION('',(#10851),#10855);
#10851 = LINE('',#10852,#10853);
#10852 = CARTESIAN_POINT('',(7.,0.));
#10853 = VECTOR('',#10854,1.);
#10854 = DIRECTION('',(0.,1.));
#10855 = ( GEOMETRIC_REPRESENTATION_CONTEXT(2) 
PARAMETRIC_REPRESENTATION_CONTEXT() REPRESENTATION_CONTEXT('2D SPACE',''
  ) );
#10856 = PCURVE('',#4003,#10857);
#10857 = DEFINITIONAL_REPRESENTATION('',(#10858),#10862);
#10858 = LINE('',#10859,#10860);
#10859 = CARTESIAN_POINT('',(7.,0.));
#10860 = VECTOR('',#10861,1.);
#10861 = DIRECTION('',(0.,1.));
#10862 = ( GEOMETRIC_REPRESENTATION_CONTEXT(2) 
PARAMETRIC_REPRESENTATION_CONTEXT() REPRESENTATION_CONTEXT('2D SPACE',''
  ) );
#10863 = ORIENTED_EDGE('',*,*,#10864,.F.);
#10864 = EDGE_CURVE('',#10795,#10842,#10865,.T.);
#10865 = SURFACE_CURVE('',#10866,(#10869,#10876),.PCURVE_S1.);
#10866 = B_SPLINE_CURVE_WITH_KNOTS('',1,(#10867,#10868),.UNSPECIFIED.,
  .F.,.F.,(2,2),(6.,7.),.PIECEWISE_BEZIER_KNOTS.);
#10867 = CARTESIAN_POINT('',(88.487862184388,65.375132300334,
    79.095124364617));
#10868 = CARTESIAN_POINT('',(87.957918516121,66.065768334996,
    80.196995068474));
#10869 = PCURVE('',#4039,#10870);
#10870 = DEFINITIONAL_REPRESENTATION('',(#10871),#10875);
#10871 = LINE('',#10872,#10873);
#10872 = CARTESIAN_POINT('',(0.,1.));
#10873 = VECTOR('',#10874,1.);
#10874 = DIRECTION('',(1.,0.));
#10875 = ( GEOMETRIC_REPRESENTATION_CONTEXT(2) 
PARAMETRIC_REPRESENTATION_CONTEXT() REPRESENTATION_CONTEXT('2D SPACE',''
  ) );
#10876 = PCURVE('',#9885,#10877);
#10877 = DEFINITIONAL_REPRESENTATION('',(#10878),#10881);
#10878 = B_SPLINE_CURVE_WITH_KNOTS('',1,(#10879,#10880),.UNSPECIFIED.,
  .F.,.F.,(2,2),(6.,7.),.PIECEWISE_BEZIER_KNOTS.);
#10879 = CARTESIAN_POINT('',(4.018993364365,1.71829308987));
#10880 = CARTESIAN_POINT('',(5.408505220497,1.921256814696));
#10881 = ( GEOMETRIC_REPRESENTATION_CONTEXT(2) 
PARAMETRIC_REPRESENTATION_CONTEXT() REPRESENTATION_CONTEXT('2D SPACE',''
  ) );
#10882 = ADVANCED_FACE('',(#10883),#4003,.T.);
#10883 = FACE_BOUND('',#10884,.T.);
#10884 = EDGE_LOOP('',(#10885,#10886,#10887,#10910));
#10885 = ORIENTED_EDGE('',*,*,#10841,.F.);
#10886 = ORIENTED_EDGE('',*,*,#3983,.F.);
#10887 = ORIENTED_EDGE('',*,*,#10888,.T.);
#10888 = EDGE_CURVE('',#3948,#10889,#10891,.T.);
#10889 = VERTEX_POINT('',#10890);
#10890 = CARTESIAN_POINT('',(87.431790997647,66.751431066421,
    81.455137690848));
#10891 = SURFACE_CURVE('',#10892,(#10896,#10903),.PCURVE_S1.);
#10892 = B_SPLINE_CURVE_WITH_KNOTS('',2,(#10893,#10894,#10895),
  .UNSPECIFIED.,.F.,.F.,(3,3),(0.,1.),.PIECEWISE_BEZIER_KNOTS.);
#10893 = CARTESIAN_POINT('',(47.994982129955,33.5484799739,
    79.536553820928));
#10894 = CARTESIAN_POINT('',(68.585013240944,51.47804896642,
    80.296835066466));
#10895 = CARTESIAN_POINT('',(87.431790997647,66.751431066421,
    81.455137690848));
#10896 = PCURVE('',#4003,#10897);
#10897 = DEFINITIONAL_REPRESENTATION('',(#10898),#10902);
#10898 = LINE('',#10899,#10900);
#10899 = CARTESIAN_POINT('',(8.,0.));
#10900 = VECTOR('',#10901,1.);
#10901 = DIRECTION('',(0.,1.));
#10902 = ( GEOMETRIC_REPRESENTATION_CONTEXT(2) 
PARAMETRIC_REPRESENTATION_CONTEXT() REPRESENTATION_CONTEXT('2D SPACE',''
  ) );
#10903 = PCURVE('',#3967,#10904);
#10904 = DEFINITIONAL_REPRESENTATION('',(#10905),#10909);
#10905 = LINE('',#10906,#10907);
#10906 = CARTESIAN_POINT('',(8.,0.));
#10907 = VECTOR('',#10908,1.);
#10908 = DIRECTION('',(0.,1.));
#10909 = ( GEOMETRIC_REPRESENTATION_CONTEXT(2) 
PARAMETRIC_REPRESENTATION_CONTEXT() REPRESENTATION_CONTEXT('2D SPACE',''
  ) );
#10910 = ORIENTED_EDGE('',*,*,#10911,.F.);
#10911 = EDGE_CURVE('',#10842,#10889,#10912,.T.);
#10912 = SURFACE_CURVE('',#10913,(#10916,#10923),.PCURVE_S1.);
#10913 = B_SPLINE_CURVE_WITH_KNOTS('',1,(#10914,#10915),.UNSPECIFIED.,
  .F.,.F.,(2,2),(7.,8.),.PIECEWISE_BEZIER_KNOTS.);
#10914 = CARTESIAN_POINT('',(87.957918516121,66.065768334996,
    80.196995068474));
#10915 = CARTESIAN_POINT('',(87.431790997647,66.751431066421,
    81.455137690848));
#10916 = PCURVE('',#4003,#10917);
#10917 = DEFINITIONAL_REPRESENTATION('',(#10918),#10922);
#10918 = LINE('',#10919,#10920);
#10919 = CARTESIAN_POINT('',(0.,1.));
#10920 = VECTOR('',#10921,1.);
#10921 = DIRECTION('',(1.,0.));
#10922 = ( GEOMETRIC_REPRESENTATION_CONTEXT(2) 
PARAMETRIC_REPRESENTATION_CONTEXT() REPRESENTATION_CONTEXT('2D SPACE',''
  ) );
#10923 = PCURVE('',#9885,#10924);
#10924 = DEFINITIONAL_REPRESENTATION('',(#10925),#10928);
#10925 = B_SPLINE_CURVE_WITH_KNOTS('',1,(#10926,#10927),.UNSPECIFIED.,
  .F.,.F.,(2,2),(7.,8.),.PIECEWISE_BEZIER_KNOTS.);
#10926 = CARTESIAN_POINT('',(5.408505220497,1.921256814696));
#10927 = CARTESIAN_POINT('',(6.930218172195,2.040655716825));
#10928 = ( GEOMETRIC_REPRESENTATION_CONTEXT(2) 
PARAMETRIC_REPRESENTATION_CONTEXT() REPRESENTATION_CONTEXT('2D SPACE',''
  ) );
#10929 = ADVANCED_FACE('',(#10930),#3967,.T.);
#10930 = FACE_BOUND('',#10931,.T.);
#10931 = EDGE_LOOP('',(#10932,#10933,#10934,#10957));
#10932 = ORIENTED_EDGE('',*,*,#10888,.F.);
#10933 = ORIENTED_EDGE('',*,*,#3947,.F.);
#10934 = ORIENTED_EDGE('',*,*,#10935,.T.);
#10935 = EDGE_CURVE('',#3912,#10936,#10938,.T.);
#10936 = VERTEX_POINT('',#10937);
#10937 = CARTESIAN_POINT('',(86.928500009175,67.40733265252,
    82.842968858058));
#10938 = SURFACE_CURVE('',#10939,(#10943,#10950),.PCURVE_S1.);
#10939 = B_SPLINE_CURVE_WITH_KNOTS('',2,(#10940,#10941,#10942),
  .UNSPECIFIED.,.F.,.F.,(3,3),(0.,1.),.PIECEWISE_BEZIER_KNOTS.);
#10940 = CARTESIAN_POINT('',(46.80846853206,35.094774599898,
    80.707706764192));
#10941 = CARTESIAN_POINT('',(67.764029785987,52.547975435602,
    81.769320764642));
#10942 = CARTESIAN_POINT('',(86.928500009175,67.40733265252,
    82.842968858058));
#10943 = PCURVE('',#3967,#10944);
#10944 = DEFINITIONAL_REPRESENTATION('',(#10945),#10949);
#10945 = LINE('',#10946,#10947);
#10946 = CARTESIAN_POINT('',(9.,0.));
#10947 = VECTOR('',#10948,1.);
#10948 = DIRECTION('',(0.,1.));
#10949 = ( GEOMETRIC_REPRESENTATION_CONTEXT(2) 
PARAMETRIC_REPRESENTATION_CONTEXT() REPRESENTATION_CONTEXT('2D SPACE',''
  ) );
#10950 = PCURVE('',#3931,#10951);
#10951 = DEFINITIONAL_REPRESENTATION('',(#10952),#10956);
#10952 = LINE('',#10953,#10954);
#10953 = CARTESIAN_POINT('',(9.,0.));
#10954 = VECTOR('',#10955,1.);
#10955 = DIRECTION('',(0.,1.));
#10956 = ( GEOMETRIC_REPRESENTATION_CONTEXT(2) 
PARAMETRIC_REPRESENTATION_CONTEXT() REPRESENTATION_CONTEXT('2D SPACE',''
  ) );
#10957 = ORIENTED_EDGE('',*,*,#10958,.F.);
#10958 = EDGE_CURVE('',#10889,#10936,#10959,.T.);
#10959 = SURFACE_CURVE('',#10960,(#10963,#10970),.PCURVE_S1.);
#10960 = B_SPLINE_CURVE_WITH_KNOTS('',1,(#10961,#10962),.UNSPECIFIED.,
  .F.,.F.,(2,2),(8.,9.),.PIECEWISE_BEZIER_KNOTS.);
#10961 = CARTESIAN_POINT('',(87.431790997647,66.751431066421,
    81.455137690848));
#10962 = CARTESIAN_POINT('',(86.928500009175,67.40733265252,
    82.842968858058));
#10963 = PCURVE('',#3967,#10964);
#10964 = DEFINITIONAL_REPRESENTATION('',(#10965),#10969);
#10965 = LINE('',#10966,#10967);
#10966 = CARTESIAN_POINT('',(0.,1.));
#10967 = VECTOR('',#10968,1.);
#10968 = DIRECTION('',(1.,0.));
#10969 = ( GEOMETRIC_REPRESENTATION_CONTEXT(2) 
PARAMETRIC_REPRESENTATION_CONTEXT() REPRESENTATION_CONTEXT('2D SPACE',''
  ) );
#10970 = PCURVE('',#9885,#10971);
#10971 = DEFINITIONAL_REPRESENTATION('',(#10972),#10975);
#10972 = B_SPLINE_CURVE_WITH_KNOTS('',1,(#10973,#10974),.UNSPECIFIED.,
  .F.,.F.,(2,2),(8.,9.),.PIECEWISE_BEZIER_KNOTS.);
#10973 = CARTESIAN_POINT('',(6.930218172195,2.040655716825));
#10974 = CARTESIAN_POINT('',(8.545488146954,2.062723046628));
#10975 = ( GEOMETRIC_REPRESENTATION_CONTEXT(2) 
PARAMETRIC_REPRESENTATION_CONTEXT() REPRESENTATION_CONTEXT('2D SPACE',''
  ) );
#10976 = ADVANCED_FACE('',(#10977),#3931,.T.);
#10977 = FACE_BOUND('',#10978,.T.);
#10978 = EDGE_LOOP('',(#10979,#10980,#10981,#11004));
#10979 = ORIENTED_EDGE('',*,*,#10935,.F.);
#10980 = ORIENTED_EDGE('',*,*,#3911,.F.);
#10981 = ORIENTED_EDGE('',*,*,#10982,.T.);
#10982 = EDGE_CURVE('',#3876,#10983,#10985,.T.);
#10983 = VERTEX_POINT('',#10984);
#10984 = CARTESIAN_POINT('',(86.461586456123,68.015826241781,
    84.303429998749));
#10985 = SURFACE_CURVE('',#10986,(#10990,#10997),.PCURVE_S1.);
#10986 = B_SPLINE_CURVE_WITH_KNOTS('',2,(#10987,#10988,#10989),
  .UNSPECIFIED.,.F.,.F.,(3,3),(0.,1.),.PIECEWISE_BEZIER_KNOTS.);
#10987 = CARTESIAN_POINT('',(45.673836753721,36.573455522262,
    82.034934207004));
#10988 = CARTESIAN_POINT('',(66.993343790457,53.55235297947,
    83.343201516549));
#10989 = CARTESIAN_POINT('',(86.461586456123,68.015826241781,
    84.303429998749));
#10990 = PCURVE('',#3931,#10991);
#10991 = DEFINITIONAL_REPRESENTATION('',(#10992),#10996);
#10992 = LINE('',#10993,#10994);
#10993 = CARTESIAN_POINT('',(10.,0.));
#10994 = VECTOR('',#10995,1.);
#10995 = DIRECTION('',(0.,1.));
#10996 = ( GEOMETRIC_REPRESENTATION_CONTEXT(2) 
PARAMETRIC_REPRESENTATION_CONTEXT() REPRESENTATION_CONTEXT('2D SPACE',''
  ) );
#10997 = PCURVE('',#3895,#10998);
#10998 = DEFINITIONAL_REPRESENTATION('',(#10999),#11003);
#10999 = LINE('',#11000,#11001);
#11000 = CARTESIAN_POINT('',(10.,0.));
#11001 = VECTOR('',#11002,1.);
#11002 = DIRECTION('',(0.,1.));
#11003 = ( GEOMETRIC_REPRESENTATION_CONTEXT(2) 
PARAMETRIC_REPRESENTATION_CONTEXT() REPRESENTATION_CONTEXT('2D SPACE',''
  ) );
#11004 = ORIENTED_EDGE('',*,*,#11005,.F.);
#11005 = EDGE_CURVE('',#10936,#10983,#11006,.T.);
#11006 = SURFACE_CURVE('',#11007,(#11010,#11017),.PCURVE_S1.);
#11007 = B_SPLINE_CURVE_WITH_KNOTS('',1,(#11008,#11009),.UNSPECIFIED.,
  .F.,.F.,(2,2),(9.,10.),.PIECEWISE_BEZIER_KNOTS.);
#11008 = CARTESIAN_POINT('',(86.928500009175,67.40733265252,
    82.842968858058));
#11009 = CARTESIAN_POINT('',(86.461586456123,68.015826241781,
    84.303429998749));
#11010 = PCURVE('',#3931,#11011);
#11011 = DEFINITIONAL_REPRESENTATION('',(#11012),#11016);
#11012 = LINE('',#11013,#11014);
#11013 = CARTESIAN_POINT('',(0.,1.));
#11014 = VECTOR('',#11015,1.);
#11015 = DIRECTION('',(1.,0.));
#11016 = ( GEOMETRIC_REPRESENTATION_CONTEXT(2) 
PARAMETRIC_REPRESENTATION_CONTEXT() REPRESENTATION_CONTEXT('2D SPACE',''
  ) );
#11017 = PCURVE('',#9885,#11018);
#11018 = DEFINITIONAL_REPRESENTATION('',(#11019),#11022);
#11019 = B_SPLINE_CURVE_WITH_KNOTS('',1,(#11020,#11021),.UNSPECIFIED.,
  .F.,.F.,(2,2),(9.,10.),.PIECEWISE_BEZIER_KNOTS.);
#11020 = CARTESIAN_POINT('',(8.545488146954,2.062723046628));
#11021 = CARTESIAN_POINT('',(10.193779287715,1.996724766711));
#11022 = ( GEOMETRIC_REPRESENTATION_CONTEXT(2) 
PARAMETRIC_REPRESENTATION_CONTEXT() REPRESENTATION_CONTEXT('2D SPACE',''
  ) );
#11023 = ADVANCED_FACE('',(#11024),#3895,.T.);
#11024 = FACE_BOUND('',#11025,.T.);
#11025 = EDGE_LOOP('',(#11026,#11027,#11028,#11051));
#11026 = ORIENTED_EDGE('',*,*,#10982,.F.);
#11027 = ORIENTED_EDGE('',*,*,#3875,.F.);
#11028 = ORIENTED_EDGE('',*,*,#11029,.T.);
#11029 = EDGE_CURVE('',#3840,#11030,#11032,.T.);
#11030 = VERTEX_POINT('',#11031);
#11031 = CARTESIAN_POINT('',(86.021999000216,68.588707767902,
    85.803230313802));
#11032 = SURFACE_CURVE('',#11033,(#11037,#11044),.PCURVE_S1.);
#11033 = B_SPLINE_CURVE_WITH_KNOTS('',2,(#11034,#11035,#11036),
  .UNSPECIFIED.,.F.,.F.,(3,3),(0.,1.),.PIECEWISE_BEZIER_KNOTS.);
#11034 = CARTESIAN_POINT('',(44.574562186326,38.00605803021,
    83.464505093504));
#11035 = CARTESIAN_POINT('',(66.259990013518,54.508078228847,
    84.980050506975));
#11036 = CARTESIAN_POINT('',(86.021999000216,68.588707767902,
    85.803230313802));
#11037 = PCURVE('',#3895,#11038);
#11038 = DEFINITIONAL_REPRESENTATION('',(#11039),#11043);
#11039 = LINE('',#11040,#11041);
#11040 = CARTESIAN_POINT('',(11.,0.));
#11041 = VECTOR('',#11042,1.);
#11042 = DIRECTION('',(0.,1.));
#11043 = ( GEOMETRIC_REPRESENTATION_CONTEXT(2) 
PARAMETRIC_REPRESENTATION_CONTEXT() REPRESENTATION_CONTEXT('2D SPACE',''
  ) );
#11044 = PCURVE('',#3859,#11045);
#11045 = DEFINITIONAL_REPRESENTATION('',(#11046),#11050);
#11046 = LINE('',#11047,#11048);
#11047 = CARTESIAN_POINT('',(11.,0.));
#11048 = VECTOR('',#11049,1.);
#11049 = DIRECTION('',(0.,1.));
#11050 = ( GEOMETRIC_REPRESENTATION_CONTEXT(2) 
PARAMETRIC_REPRESENTATION_CONTEXT() REPRESENTATION_CONTEXT('2D SPACE',''
  ) );
#11051 = ORIENTED_EDGE('',*,*,#11052,.F.);
#11052 = EDGE_CURVE('',#10983,#11030,#11053,.T.);
#11053 = SURFACE_CURVE('',#11054,(#11057,#11064),.PCURVE_S1.);
#11054 = B_SPLINE_CURVE_WITH_KNOTS('',1,(#11055,#11056),.UNSPECIFIED.,
  .F.,.F.,(2,2),(10.,11.),.PIECEWISE_BEZIER_KNOTS.);
#11055 = CARTESIAN_POINT('',(86.461586456123,68.015826241781,
    84.303429998749));
#11056 = CARTESIAN_POINT('',(86.021999000216,68.588707767902,
    85.803230313802));
#11057 = PCURVE('',#3895,#11058);
#11058 = DEFINITIONAL_REPRESENTATION('',(#11059),#11063);
#11059 = LINE('',#11060,#11061);
#11060 = CARTESIAN_POINT('',(0.,1.));
#11061 = VECTOR('',#11062,1.);
#11062 = DIRECTION('',(1.,0.));
#11063 = ( GEOMETRIC_REPRESENTATION_CONTEXT(2) 
PARAMETRIC_REPRESENTATION_CONTEXT() REPRESENTATION_CONTEXT('2D SPACE',''
  ) );
#11064 = PCURVE('',#9885,#11065);
#11065 = DEFINITIONAL_REPRESENTATION('',(#11066),#11069);
#11066 = B_SPLINE_CURVE_WITH_KNOTS('',1,(#11067,#11068),.UNSPECIFIED.,
  .F.,.F.,(2,2),(10.,11.),.PIECEWISE_BEZIER_KNOTS.);
#11067 = CARTESIAN_POINT('',(10.193779287715,1.996724766711));
#11068 = CARTESIAN_POINT('',(11.853695141241,1.8721827312));
#11069 = ( GEOMETRIC_REPRESENTATION_CONTEXT(2) 
PARAMETRIC_REPRESENTATION_CONTEXT() REPRESENTATION_CONTEXT('2D SPACE',''
  ) );
#11070 = ADVANCED_FACE('',(#11071),#3859,.T.);
#11071 = FACE_BOUND('',#11072,.T.);
#11072 = EDGE_LOOP('',(#11073,#11074,#11075,#11098));
#11073 = ORIENTED_EDGE('',*,*,#11029,.F.);
#11074 = ORIENTED_EDGE('',*,*,#3839,.F.);
#11075 = ORIENTED_EDGE('',*,*,#11076,.T.);
#11076 = EDGE_CURVE('',#3804,#11077,#11079,.T.);
#11077 = VERTEX_POINT('',#11078);
#11078 = CARTESIAN_POINT('',(85.616072327373,69.117721707464,
    87.308575522958));
#11079 = SURFACE_CURVE('',#11080,(#11084,#11091),.PCURVE_S1.);
#11080 = B_SPLINE_CURVE_WITH_KNOTS('',2,(#11081,#11082,#11083),
  .UNSPECIFIED.,.F.,.F.,(3,3),(0.,1.),.PIECEWISE_BEZIER_KNOTS.);
#11081 = CARTESIAN_POINT('',(43.527657601293,39.370410648369,
    84.959215502296));
#11082 = CARTESIAN_POINT('',(65.574630066418,55.401256701436,
    86.641955762793));
#11083 = CARTESIAN_POINT('',(85.616072327373,69.117721707464,
    87.308575522958));
#11084 = PCURVE('',#3859,#11085);
#11085 = DEFINITIONAL_REPRESENTATION('',(#11086),#11090);
#11086 = LINE('',#11087,#11088);
#11087 = CARTESIAN_POINT('',(12.,0.));
#11088 = VECTOR('',#11089,1.);
#11089 = DIRECTION('',(0.,1.));
#11090 = ( GEOMETRIC_REPRESENTATION_CONTEXT(2) 
PARAMETRIC_REPRESENTATION_CONTEXT() REPRESENTATION_CONTEXT('2D SPACE',''
  ) );
#11091 = PCURVE('',#3823,#11092);
#11092 = DEFINITIONAL_REPRESENTATION('',(#11093),#11097);
#11093 = LINE('',#11094,#11095);
#11094 = CARTESIAN_POINT('',(12.,0.));
#11095 = VECTOR('',#11096,1.);
#11096 = DIRECTION('',(0.,1.));
#11097 = ( GEOMETRIC_REPRESENTATION_CONTEXT(2) 
PARAMETRIC_REPRESENTATION_CONTEXT() REPRESENTATION_CONTEXT('2D SPACE',''
  ) );
#11098 = ORIENTED_EDGE('',*,*,#11099,.F.);
#11099 = EDGE_CURVE('',#11030,#11077,#11100,.T.);
#11100 = SURFACE_CURVE('',#11101,(#11104,#11111),.PCURVE_S1.);
#11101 = B_SPLINE_CURVE_WITH_KNOTS('',1,(#11102,#11103),.UNSPECIFIED.,
  .F.,.F.,(2,2),(11.,12.),.PIECEWISE_BEZIER_KNOTS.);
#11102 = CARTESIAN_POINT('',(86.021999000216,68.588707767902,
    85.803230313802));
#11103 = CARTESIAN_POINT('',(85.616072327373,69.117721707464,
    87.308575522958));
#11104 = PCURVE('',#3859,#11105);
#11105 = DEFINITIONAL_REPRESENTATION('',(#11106),#11110);
#11106 = LINE('',#11107,#11108);
#11107 = CARTESIAN_POINT('',(0.,1.));
#11108 = VECTOR('',#11109,1.);
#11109 = DIRECTION('',(1.,0.));
#11110 = ( GEOMETRIC_REPRESENTATION_CONTEXT(2) 
PARAMETRIC_REPRESENTATION_CONTEXT() REPRESENTATION_CONTEXT('2D SPACE',''
  ) );
#11111 = PCURVE('',#9885,#11112);
#11112 = DEFINITIONAL_REPRESENTATION('',(#11113),#11116);
#11113 = B_SPLINE_CURVE_WITH_KNOTS('',1,(#11114,#11115),.UNSPECIFIED.,
  .F.,.F.,(2,2),(11.,12.),.PIECEWISE_BEZIER_KNOTS.);
#11114 = CARTESIAN_POINT('',(11.853695141241,1.8721827312));
#11115 = CARTESIAN_POINT('',(13.490766072558,1.696982341522));
#11116 = ( GEOMETRIC_REPRESENTATION_CONTEXT(2) 
PARAMETRIC_REPRESENTATION_CONTEXT() REPRESENTATION_CONTEXT('2D SPACE',''
  ) );
#11117 = ADVANCED_FACE('',(#11118),#3823,.T.);
#11118 = FACE_BOUND('',#11119,.T.);
#11119 = EDGE_LOOP('',(#11120,#11121,#11122,#11145));
#11120 = ORIENTED_EDGE('',*,*,#11076,.F.);
#11121 = ORIENTED_EDGE('',*,*,#3803,.F.);
#11122 = ORIENTED_EDGE('',*,*,#11123,.T.);
#11123 = EDGE_CURVE('',#3768,#11124,#11126,.T.);
#11124 = VERTEX_POINT('',#11125);
#11125 = CARTESIAN_POINT('',(85.249673701979,69.595221692651,
    88.782166444134));
#11126 = SURFACE_CURVE('',#11127,(#11131,#11138),.PCURVE_S1.);
#11127 = B_SPLINE_CURVE_WITH_KNOTS('',2,(#11128,#11129,#11130),
  .UNSPECIFIED.,.F.,.F.,(3,3),(0.,1.),.PIECEWISE_BEZIER_KNOTS.);
#11128 = CARTESIAN_POINT('',(42.55301690484,40.640587133389,
    86.473422977206));
#11129 = CARTESIAN_POINT('',(64.948185909303,56.217654621657,
    88.284594664473));
#11130 = CARTESIAN_POINT('',(85.249673701979,69.595221692651,
    88.782166444134));
#11131 = PCURVE('',#3823,#11132);
#11132 = DEFINITIONAL_REPRESENTATION('',(#11133),#11137);
#11133 = LINE('',#11134,#11135);
#11134 = CARTESIAN_POINT('',(13.,0.));
#11135 = VECTOR('',#11136,1.);
#11136 = DIRECTION('',(0.,1.));
#11137 = ( GEOMETRIC_REPRESENTATION_CONTEXT(2) 
PARAMETRIC_REPRESENTATION_CONTEXT() REPRESENTATION_CONTEXT('2D SPACE',''
  ) );
#11138 = PCURVE('',#3787,#11139);
#11139 = DEFINITIONAL_REPRESENTATION('',(#11140),#11144);
#11140 = LINE('',#11141,#11142);
#11141 = CARTESIAN_POINT('',(13.,0.));
#11142 = VECTOR('',#11143,1.);
#11143 = DIRECTION('',(0.,1.));
#11144 = ( GEOMETRIC_REPRESENTATION_CONTEXT(2) 
PARAMETRIC_REPRESENTATION_CONTEXT() REPRESENTATION_CONTEXT('2D SPACE',''
  ) );
#11145 = ORIENTED_EDGE('',*,*,#11146,.F.);
#11146 = EDGE_CURVE('',#11077,#11124,#11147,.T.);
#11147 = SURFACE_CURVE('',#11148,(#11151,#11158),.PCURVE_S1.);
#11148 = B_SPLINE_CURVE_WITH_KNOTS('',1,(#11149,#11150),.UNSPECIFIED.,
  .F.,.F.,(2,2),(12.,13.),.PIECEWISE_BEZIER_KNOTS.);
#11149 = CARTESIAN_POINT('',(85.616072327373,69.117721707464,
    87.308575522958));
#11150 = CARTESIAN_POINT('',(85.249673701979,69.595221692651,
    88.782166444134));
#11151 = PCURVE('',#3823,#11152);
#11152 = DEFINITIONAL_REPRESENTATION('',(#11153),#11157);
#11153 = LINE('',#11154,#11155);
#11154 = CARTESIAN_POINT('',(0.,1.));
#11155 = VECTOR('',#11156,1.);
#11156 = DIRECTION('',(1.,0.));
#11157 = ( GEOMETRIC_REPRESENTATION_CONTEXT(2) 
PARAMETRIC_REPRESENTATION_CONTEXT() REPRESENTATION_CONTEXT('2D SPACE',''
  ) );
#11158 = PCURVE('',#9885,#11159);
#11159 = DEFINITIONAL_REPRESENTATION('',(#11160),#11163);
#11160 = B_SPLINE_CURVE_WITH_KNOTS('',1,(#11161,#11162),.UNSPECIFIED.,
  .F.,.F.,(2,2),(12.,13.),.PIECEWISE_BEZIER_KNOTS.);
#11161 = CARTESIAN_POINT('',(13.490766072558,1.696982341522));
#11162 = CARTESIAN_POINT('',(15.067871024591,1.481426404962));
#11163 = ( GEOMETRIC_REPRESENTATION_CONTEXT(2) 
PARAMETRIC_REPRESENTATION_CONTEXT() REPRESENTATION_CONTEXT('2D SPACE',''
  ) );
#11164 = ADVANCED_FACE('',(#11165),#3787,.T.);
#11165 = FACE_BOUND('',#11166,.T.);
#11166 = EDGE_LOOP('',(#11167,#11168,#11169,#11192));
#11167 = ORIENTED_EDGE('',*,*,#11123,.F.);
#11168 = ORIENTED_EDGE('',*,*,#3767,.F.);
#11169 = ORIENTED_EDGE('',*,*,#11170,.T.);
#11170 = EDGE_CURVE('',#3739,#11171,#11173,.T.);
#11171 = VERTEX_POINT('',#11172);
#11172 = CARTESIAN_POINT('',(84.926852026618,70.015931090885,
    90.187211617259));
#11173 = SURFACE_CURVE('',#11174,(#11178,#11185),.PCURVE_S1.);
#11174 = B_SPLINE_CURVE_WITH_KNOTS('',2,(#11175,#11176,#11177),
  .UNSPECIFIED.,.F.,.F.,(3,3),(0.,1.),.PIECEWISE_BEZIER_KNOTS.);
#11175 = CARTESIAN_POINT('',(41.667153810396,41.795066394933,
    87.959812804482));
#11176 = CARTESIAN_POINT('',(64.38896469116,56.946445902172,
    89.863746384998));
#11177 = CARTESIAN_POINT('',(84.926852026618,70.015931090885,
    90.187211617259));
#11178 = PCURVE('',#3787,#11179);
#11179 = DEFINITIONAL_REPRESENTATION('',(#11180),#11184);
#11180 = LINE('',#11181,#11182);
#11181 = CARTESIAN_POINT('',(14.,0.));
#11182 = VECTOR('',#11183,1.);
#11183 = DIRECTION('',(0.,1.));
#11184 = ( GEOMETRIC_REPRESENTATION_CONTEXT(2) 
PARAMETRIC_REPRESENTATION_CONTEXT() REPRESENTATION_CONTEXT('2D SPACE',''
  ) );
#11185 = PCURVE('',#2449,#11186);
#11186 = DEFINITIONAL_REPRESENTATION('',(#11187),#11191);
#11187 = LINE('',#11188,#11189);
#11188 = CARTESIAN_POINT('',(14.,0.));
#11189 = VECTOR('',#11190,1.);
#11190 = DIRECTION('',(0.,1.));
#11191 = ( GEOMETRIC_REPRESENTATION_CONTEXT(2) 
PARAMETRIC_REPRESENTATION_CONTEXT() REPRESENTATION_CONTEXT('2D SPACE',''
  ) );
#11192 = ORIENTED_EDGE('',*,*,#11193,.F.);
#11193 = EDGE_CURVE('',#11124,#11171,#11194,.T.);
#11194 = SURFACE_CURVE('',#11195,(#11198,#11205),.PCURVE_S1.);
#11195 = B_SPLINE_CURVE_WITH_KNOTS('',1,(#11196,#11197),.UNSPECIFIED.,
  .F.,.F.,(2,2),(13.,14.),.PIECEWISE_BEZIER_KNOTS.);
#11196 = CARTESIAN_POINT('',(85.249673701979,69.595221692651,
    88.782166444134));
#11197 = CARTESIAN_POINT('',(84.926852026618,70.015931090885,
    90.187211617259));
#11198 = PCURVE('',#3787,#11199);
#11199 = DEFINITIONAL_REPRESENTATION('',(#11200),#11204);
#11200 = LINE('',#11201,#11202);
#11201 = CARTESIAN_POINT('',(0.,1.));
#11202 = VECTOR('',#11203,1.);
#11203 = DIRECTION('',(1.,0.));
#11204 = ( GEOMETRIC_REPRESENTATION_CONTEXT(2) 
PARAMETRIC_REPRESENTATION_CONTEXT() REPRESENTATION_CONTEXT('2D SPACE',''
  ) );
#11205 = PCURVE('',#9885,#11206);
#11206 = DEFINITIONAL_REPRESENTATION('',(#11207),#11210);
#11207 = B_SPLINE_CURVE_WITH_KNOTS('',1,(#11208,#11209),.UNSPECIFIED.,
  .F.,.F.,(2,2),(13.,14.),.PIECEWISE_BEZIER_KNOTS.);
#11208 = CARTESIAN_POINT('',(15.067871024591,1.481426404962));
#11209 = CARTESIAN_POINT('',(16.549822133377,1.238150673461));
#11210 = ( GEOMETRIC_REPRESENTATION_CONTEXT(2) 
PARAMETRIC_REPRESENTATION_CONTEXT() REPRESENTATION_CONTEXT('2D SPACE',''
  ) );
#11211 = ADVANCED_FACE('',(#11212),#2449,.T.);
#11212 = FACE_BOUND('',#11213,.T.);
#11213 = EDGE_LOOP('',(#11214,#11215,#11216,#11239,#11258));
#11214 = ORIENTED_EDGE('',*,*,#3738,.F.);
#11215 = ORIENTED_EDGE('',*,*,#2411,.F.);
#11216 = ORIENTED_EDGE('',*,*,#11217,.T.);
#11217 = EDGE_CURVE('',#2412,#11218,#11220,.T.);
#11218 = VERTEX_POINT('',#11219);
#11219 = CARTESIAN_POINT('',(84.64992228812,70.376832952589,
    91.488342166972));
#11220 = SURFACE_CURVE('',#11221,(#11225,#11232),.PCURVE_S1.);
#11221 = B_SPLINE_CURVE_WITH_KNOTS('',2,(#11222,#11223,#11224),
  .UNSPECIFIED.,.F.,.F.,(3,3),(0.,1.),.PIECEWISE_BEZIER_KNOTS.);
#11222 = CARTESIAN_POINT('',(40.883143654251,42.816808322986,
    89.370877068045));
#11223 = CARTESIAN_POINT('',(63.902716321871,57.580137114532,
    91.336443824057));
#11224 = CARTESIAN_POINT('',(84.64992228812,70.376832952589,
    91.488342166972));
#11225 = PCURVE('',#2449,#11226);
#11226 = DEFINITIONAL_REPRESENTATION('',(#11227),#11231);
#11227 = LINE('',#11228,#11229);
#11228 = CARTESIAN_POINT('',(15.,0.));
#11229 = VECTOR('',#11230,1.);
#11230 = DIRECTION('',(0.,1.));
#11231 = ( GEOMETRIC_REPRESENTATION_CONTEXT(2) 
PARAMETRIC_REPRESENTATION_CONTEXT() REPRESENTATION_CONTEXT('2D SPACE',''
  ) );
#11232 = PCURVE('',#2512,#11233);
#11233 = DEFINITIONAL_REPRESENTATION('',(#11234),#11238);
#11234 = LINE('',#11235,#11236);
#11235 = CARTESIAN_POINT('',(15.,0.));
#11236 = VECTOR('',#11237,1.);
#11237 = DIRECTION('',(0.,1.));
#11238 = ( GEOMETRIC_REPRESENTATION_CONTEXT(2) 
PARAMETRIC_REPRESENTATION_CONTEXT() REPRESENTATION_CONTEXT('2D SPACE',''
  ) );
#11239 = ORIENTED_EDGE('',*,*,#11240,.F.);
#11240 = EDGE_CURVE('',#11171,#11218,#11241,.T.);
#11241 = SURFACE_CURVE('',#11242,(#11245,#11252),.PCURVE_S1.);
#11242 = B_SPLINE_CURVE_WITH_KNOTS('',1,(#11243,#11244),.UNSPECIFIED.,
  .F.,.F.,(2,2),(14.,15.),.PIECEWISE_BEZIER_KNOTS.);
#11243 = CARTESIAN_POINT('',(84.926852026618,70.015931090885,
    90.187211617259));
#11244 = CARTESIAN_POINT('',(84.64992228812,70.376832952589,
    91.488342166972));
#11245 = PCURVE('',#2449,#11246);
#11246 = DEFINITIONAL_REPRESENTATION('',(#11247),#11251);
#11247 = LINE('',#11248,#11249);
#11248 = CARTESIAN_POINT('',(0.,1.));
#11249 = VECTOR('',#11250,1.);
#11250 = DIRECTION('',(1.,0.));
#11251 = ( GEOMETRIC_REPRESENTATION_CONTEXT(2) 
PARAMETRIC_REPRESENTATION_CONTEXT() REPRESENTATION_CONTEXT('2D SPACE',''
  ) );
#11252 = PCURVE('',#9885,#11253);
#11253 = DEFINITIONAL_REPRESENTATION('',(#11254),#11257);
#11254 = B_SPLINE_CURVE_WITH_KNOTS('',1,(#11255,#11256),.UNSPECIFIED.,
  .F.,.F.,(2,2),(14.,15.),.PIECEWISE_BEZIER_KNOTS.);
#11255 = CARTESIAN_POINT('',(16.549822133377,1.238150673461));
#11256 = CARTESIAN_POINT('',(17.90408766349,0.98154627913));
#11257 = ( GEOMETRIC_REPRESENTATION_CONTEXT(2) 
PARAMETRIC_REPRESENTATION_CONTEXT() REPRESENTATION_CONTEXT('2D SPACE',''
  ) );
#11258 = ORIENTED_EDGE('',*,*,#11170,.F.);
#11259 = ADVANCED_FACE('',(#11260),#2363,.T.);
#11260 = FACE_BOUND('',#11261,.T.);
#11261 = EDGE_LOOP('',(#11262,#11263,#11264));
#11262 = ORIENTED_EDGE('',*,*,#2325,.T.);
#11263 = ORIENTED_EDGE('',*,*,#3710,.F.);
#11264 = ORIENTED_EDGE('',*,*,#11265,.T.);
#11265 = EDGE_CURVE('',#3682,#2263,#11266,.T.);
#11266 = SURFACE_CURVE('',#11267,(#11271,#11278),.PCURVE_S1.);
#11267 = B_SPLINE_CURVE_WITH_KNOTS('',2,(#11268,#11269,#11270),
  .UNSPECIFIED.,.F.,.F.,(3,3),(0.,1.),.PIECEWISE_BEZIER_KNOTS.);
#11268 = CARTESIAN_POINT('',(42.983256268289,40.755423653727,
    80.892431715524));
#11269 = CARTESIAN_POINT('',(57.591790762597,63.893774163202,
    79.219337191392));
#11270 = CARTESIAN_POINT('',(70.263871861964,84.736600381549,
    79.252195063727));
#11271 = PCURVE('',#2363,#11272);
#11272 = DEFINITIONAL_REPRESENTATION('',(#11273),#11277);
#11273 = LINE('',#11274,#11275);
#11274 = CARTESIAN_POINT('',(37.,0.));
#11275 = VECTOR('',#11276,1.);
#11276 = DIRECTION('',(0.,1.));
#11277 = ( GEOMETRIC_REPRESENTATION_CONTEXT(2) 
PARAMETRIC_REPRESENTATION_CONTEXT() REPRESENTATION_CONTEXT('2D SPACE',''
  ) );
#11278 = PCURVE('',#2300,#11279);
#11279 = DEFINITIONAL_REPRESENTATION('',(#11280),#11284);
#11280 = LINE('',#11281,#11282);
#11281 = CARTESIAN_POINT('',(37.,0.));
#11282 = VECTOR('',#11283,1.);
#11283 = DIRECTION('',(0.,1.));
#11284 = ( GEOMETRIC_REPRESENTATION_CONTEXT(2) 
PARAMETRIC_REPRESENTATION_CONTEXT() REPRESENTATION_CONTEXT('2D SPACE',''
  ) );
#11285 = ADVANCED_FACE('',(#11286),#2300,.T.);
#11286 = FACE_BOUND('',#11287,.T.);
#11287 = EDGE_LOOP('',(#11288,#11289,#11290,#11311));
#11288 = ORIENTED_EDGE('',*,*,#11265,.F.);
#11289 = ORIENTED_EDGE('',*,*,#3681,.F.);
#11290 = ORIENTED_EDGE('',*,*,#11291,.T.);
#11291 = EDGE_CURVE('',#3653,#2218,#11292,.T.);
#11292 = SURFACE_CURVE('',#11293,(#11297,#11304),.PCURVE_S1.);
#11293 = B_SPLINE_CURVE_WITH_KNOTS('',2,(#11294,#11295,#11296),
  .UNSPECIFIED.,.F.,.F.,(3,3),(0.,1.),.PIECEWISE_BEZIER_KNOTS.);
#11294 = CARTESIAN_POINT('',(43.963367198642,40.003358085653,
    80.233276156684));
#11295 = CARTESIAN_POINT('',(58.29285983226,63.355824945612,
    78.335587483935));
#11296 = CARTESIAN_POINT('',(70.715056430887,84.390394285255,
    78.39797633883));
#11297 = PCURVE('',#2300,#11298);
#11298 = DEFINITIONAL_REPRESENTATION('',(#11299),#11303);
#11299 = LINE('',#11300,#11301);
#11300 = CARTESIAN_POINT('',(38.,0.));
#11301 = VECTOR('',#11302,1.);
#11302 = DIRECTION('',(0.,1.));
#11303 = ( GEOMETRIC_REPRESENTATION_CONTEXT(2) 
PARAMETRIC_REPRESENTATION_CONTEXT() REPRESENTATION_CONTEXT('2D SPACE',''
  ) );
#11304 = PCURVE('',#2243,#11305);
#11305 = DEFINITIONAL_REPRESENTATION('',(#11306),#11310);
#11306 = LINE('',#11307,#11308);
#11307 = CARTESIAN_POINT('',(38.,0.));
#11308 = VECTOR('',#11309,1.);
#11309 = DIRECTION('',(0.,1.));
#11310 = ( GEOMETRIC_REPRESENTATION_CONTEXT(2) 
PARAMETRIC_REPRESENTATION_CONTEXT() REPRESENTATION_CONTEXT('2D SPACE',''
  ) );
#11311 = ORIENTED_EDGE('',*,*,#2262,.T.);
#11312 = ADVANCED_FACE('',(#11313),#2243,.T.);
#11313 = FACE_BOUND('',#11314,.T.);
#11314 = EDGE_LOOP('',(#11315,#11316,#11317,#11338));
#11315 = ORIENTED_EDGE('',*,*,#11291,.F.);
#11316 = ORIENTED_EDGE('',*,*,#3652,.F.);
#11317 = ORIENTED_EDGE('',*,*,#11318,.T.);
#11318 = EDGE_CURVE('',#3624,#2182,#11319,.T.);
#11319 = SURFACE_CURVE('',#11320,(#11324,#11331),.PCURVE_S1.);
#11320 = B_SPLINE_CURVE_WITH_KNOTS('',2,(#11321,#11322,#11323),
  .UNSPECIFIED.,.F.,.F.,(3,3),(0.,1.),.PIECEWISE_BEZIER_KNOTS.);
#11321 = CARTESIAN_POINT('',(44.753684243652,39.396926487958,
    79.621811902299));
#11322 = CARTESIAN_POINT('',(58.836005574899,62.93905455888,
    77.566933341098));
#11323 = CARTESIAN_POINT('',(71.061989499772,84.124183178477,
    77.682900628505));
#11324 = PCURVE('',#2243,#11325);
#11325 = DEFINITIONAL_REPRESENTATION('',(#11326),#11330);
#11326 = LINE('',#11327,#11328);
#11327 = CARTESIAN_POINT('',(39.,0.));
#11328 = VECTOR('',#11329,1.);
#11329 = DIRECTION('',(0.,1.));
#11330 = ( GEOMETRIC_REPRESENTATION_CONTEXT(2) 
PARAMETRIC_REPRESENTATION_CONTEXT() REPRESENTATION_CONTEXT('2D SPACE',''
  ) );
#11331 = PCURVE('',#2201,#11332);
#11332 = DEFINITIONAL_REPRESENTATION('',(#11333),#11337);
#11333 = LINE('',#11334,#11335);
#11334 = CARTESIAN_POINT('',(39.,0.));
#11335 = VECTOR('',#11336,1.);
#11336 = DIRECTION('',(0.,1.));
#11337 = ( GEOMETRIC_REPRESENTATION_CONTEXT(2) 
PARAMETRIC_REPRESENTATION_CONTEXT() REPRESENTATION_CONTEXT('2D SPACE',''
  ) );
#11338 = ORIENTED_EDGE('',*,*,#2217,.T.);
#11339 = ADVANCED_FACE('',(#11340),#2201,.T.);
#11340 = FACE_BOUND('',#11341,.T.);
#11341 = EDGE_LOOP('',(#11342,#11343,#11344,#11365));
#11342 = ORIENTED_EDGE('',*,*,#11318,.F.);
#11343 = ORIENTED_EDGE('',*,*,#3623,.F.);
#11344 = ORIENTED_EDGE('',*,*,#11345,.T.);
#11345 = EDGE_CURVE('',#3595,#2146,#11346,.T.);
#11346 = SURFACE_CURVE('',#11347,(#11351,#11358),.PCURVE_S1.);
#11347 = B_SPLINE_CURVE_WITH_KNOTS('',2,(#11348,#11349,#11350),
  .UNSPECIFIED.,.F.,.F.,(3,3),(0.,1.),.PIECEWISE_BEZIER_KNOTS.);
#11348 = CARTESIAN_POINT('',(45.323856808078,38.959417691468,
    79.054259607658));
#11349 = CARTESIAN_POINT('',(59.197316711742,62.661810772522,
    76.921418935889));
#11350 = CARTESIAN_POINT('',(71.287758546381,83.950944495963,
    77.117761995817));
#11351 = PCURVE('',#2201,#11352);
#11352 = DEFINITIONAL_REPRESENTATION('',(#11353),#11357);
#11353 = LINE('',#11354,#11355);
#11354 = CARTESIAN_POINT('',(40.,0.));
#11355 = VECTOR('',#11356,1.);
#11356 = DIRECTION('',(0.,1.));
#11357 = ( GEOMETRIC_REPRESENTATION_CONTEXT(2) 
PARAMETRIC_REPRESENTATION_CONTEXT() REPRESENTATION_CONTEXT('2D SPACE',''
  ) );
#11358 = PCURVE('',#2165,#11359);
#11359 = DEFINITIONAL_REPRESENTATION('',(#11360),#11364);
#11360 = LINE('',#11361,#11362);
#11361 = CARTESIAN_POINT('',(40.,0.));
#11362 = VECTOR('',#11363,1.);
#11363 = DIRECTION('',(0.,1.));
#11364 = ( GEOMETRIC_REPRESENTATION_CONTEXT(2) 
PARAMETRIC_REPRESENTATION_CONTEXT() REPRESENTATION_CONTEXT('2D SPACE',''
  ) );
#11365 = ORIENTED_EDGE('',*,*,#2181,.T.);
#11366 = ADVANCED_FACE('',(#11367),#2165,.T.);
#11367 = FACE_BOUND('',#11368,.T.);
#11368 = EDGE_LOOP('',(#11369,#11370,#11371,#11392));
#11369 = ORIENTED_EDGE('',*,*,#11345,.F.);
#11370 = ORIENTED_EDGE('',*,*,#3594,.F.);
#11371 = ORIENTED_EDGE('',*,*,#11372,.T.);
#11372 = EDGE_CURVE('',#3566,#2110,#11373,.T.);
#11373 = SURFACE_CURVE('',#11374,(#11378,#11385),.PCURVE_S1.);
#11374 = B_SPLINE_CURVE_WITH_KNOTS('',2,(#11375,#11376,#11377),
  .UNSPECIFIED.,.F.,.F.,(3,3),(0.,1.),.PIECEWISE_BEZIER_KNOTS.);
#11375 = CARTESIAN_POINT('',(45.647601088816,38.710999967654,
    78.53005407253));
#11376 = CARTESIAN_POINT('',(59.357407260778,62.538968973727,
    76.407843678799));
#11377 = CARTESIAN_POINT('',(71.379136902505,83.880827417192,
    76.712135192076));
#11378 = PCURVE('',#2165,#11379);
#11379 = DEFINITIONAL_REPRESENTATION('',(#11380),#11384);
#11380 = LINE('',#11381,#11382);
#11381 = CARTESIAN_POINT('',(41.,0.));
#11382 = VECTOR('',#11383,1.);
#11383 = DIRECTION('',(0.,1.));
#11384 = ( GEOMETRIC_REPRESENTATION_CONTEXT(2) 
PARAMETRIC_REPRESENTATION_CONTEXT() REPRESENTATION_CONTEXT('2D SPACE',''
  ) );
#11385 = PCURVE('',#2129,#11386);
#11386 = DEFINITIONAL_REPRESENTATION('',(#11387),#11391);
#11387 = LINE('',#11388,#11389);
#11388 = CARTESIAN_POINT('',(41.,0.));
#11389 = VECTOR('',#11390,1.);
#11390 = DIRECTION('',(0.,1.));
#11391 = ( GEOMETRIC_REPRESENTATION_CONTEXT(2) 
PARAMETRIC_REPRESENTATION_CONTEXT() REPRESENTATION_CONTEXT('2D SPACE',''
  ) );
#11392 = ORIENTED_EDGE('',*,*,#2145,.T.);
#11393 = ADVANCED_FACE('',(#11394),#2129,.T.);
#11394 = FACE_BOUND('',#11395,.T.);
#11395 = EDGE_LOOP('',(#11396,#11397,#11398,#11419));
#11396 = ORIENTED_EDGE('',*,*,#11372,.F.);
#11397 = ORIENTED_EDGE('',*,*,#3565,.F.);
#11398 = ORIENTED_EDGE('',*,*,#11399,.T.);
#11399 = EDGE_CURVE('',#3537,#2074,#11400,.T.);
#11400 = SURFACE_CURVE('',#11401,(#11405,#11412),.PCURVE_S1.);
#11401 = B_SPLINE_CURVE_WITH_KNOTS('',2,(#11402,#11403,#11404),
  .UNSPECIFIED.,.F.,.F.,(3,3),(0.,1.),.PIECEWISE_BEZIER_KNOTS.);
#11402 = CARTESIAN_POINT('',(45.70457044421,38.667285843773,
    78.051211036502));
#11403 = CARTESIAN_POINT('',(59.302405430785,62.581173362269,
    76.034699393759));
#11404 = CARTESIAN_POINT('',(71.327200562561,83.920679572488,
    76.473720558371));
#11405 = PCURVE('',#2129,#11406);
#11406 = DEFINITIONAL_REPRESENTATION('',(#11407),#11411);
#11407 = LINE('',#11408,#11409);
#11408 = CARTESIAN_POINT('',(42.,0.));
#11409 = VECTOR('',#11410,1.);
#11410 = DIRECTION('',(0.,1.));
#11411 = ( GEOMETRIC_REPRESENTATION_CONTEXT(2) 
PARAMETRIC_REPRESENTATION_CONTEXT() REPRESENTATION_CONTEXT('2D SPACE',''
  ) );
#11412 = PCURVE('',#2093,#11413);
#11413 = DEFINITIONAL_REPRESENTATION('',(#11414),#11418);
#11414 = LINE('',#11415,#11416);
#11415 = CARTESIAN_POINT('',(0.,0.));
#11416 = VECTOR('',#11417,1.);
#11417 = DIRECTION('',(0.,1.));
#11418 = ( GEOMETRIC_REPRESENTATION_CONTEXT(2) 
PARAMETRIC_REPRESENTATION_CONTEXT() REPRESENTATION_CONTEXT('2D SPACE',''
  ) );
#11419 = ORIENTED_EDGE('',*,*,#2109,.T.);
#11420 = ADVANCED_FACE('',(#11421),#2093,.T.);
#11421 = FACE_BOUND('',#11422,.T.);
#11422 = EDGE_LOOP('',(#11423,#11424,#11425,#11446));
#11423 = ORIENTED_EDGE('',*,*,#11399,.F.);
#11424 = ORIENTED_EDGE('',*,*,#3536,.F.);
#11425 = ORIENTED_EDGE('',*,*,#11426,.T.);
#11426 = EDGE_CURVE('',#3508,#2038,#11427,.T.);
#11427 = SURFACE_CURVE('',#11428,(#11432,#11439),.PCURVE_S1.);
#11428 = B_SPLINE_CURVE_WITH_KNOTS('',2,(#11429,#11430,#11431),
  .UNSPECIFIED.,.F.,.F.,(3,3),(0.,1.),.PIECEWISE_BEZIER_KNOTS.);
#11429 = CARTESIAN_POINT('',(45.487140261031,38.834125891327,
    77.651169122698));
#11430 = CARTESIAN_POINT('',(59.035470167841,62.785999993569,
    75.828602975567));
#11431 = CARTESIAN_POINT('',(71.135880077864,84.067484943749,
    76.417606452633));
#11432 = PCURVE('',#2093,#11433);
#11433 = DEFINITIONAL_REPRESENTATION('',(#11434),#11438);
#11434 = LINE('',#11435,#11436);
#11435 = CARTESIAN_POINT('',(1.,0.));
#11436 = VECTOR('',#11437,1.);
#11437 = DIRECTION('',(0.,1.));
#11438 = ( GEOMETRIC_REPRESENTATION_CONTEXT(2) 
PARAMETRIC_REPRESENTATION_CONTEXT() REPRESENTATION_CONTEXT('2D SPACE',''
  ) );
#11439 = PCURVE('',#2057,#11440);
#11440 = DEFINITIONAL_REPRESENTATION('',(#11441),#11445);
#11441 = LINE('',#11442,#11443);
#11442 = CARTESIAN_POINT('',(1.,0.));
#11443 = VECTOR('',#11444,1.);
#11444 = DIRECTION('',(0.,1.));
#11445 = ( GEOMETRIC_REPRESENTATION_CONTEXT(2) 
PARAMETRIC_REPRESENTATION_CONTEXT() REPRESENTATION_CONTEXT('2D SPACE',''
  ) );
#11446 = ORIENTED_EDGE('',*,*,#2073,.T.);
#11447 = ADVANCED_FACE('',(#11448),#2057,.T.);
#11448 = FACE_BOUND('',#11449,.T.);
#11449 = EDGE_LOOP('',(#11450,#11451,#11452,#11473));
#11450 = ORIENTED_EDGE('',*,*,#11426,.F.);
#11451 = ORIENTED_EDGE('',*,*,#3507,.F.);
#11452 = ORIENTED_EDGE('',*,*,#11453,.T.);
#11453 = EDGE_CURVE('',#3479,#2002,#11454,.T.);
#11454 = SURFACE_CURVE('',#11455,(#11459,#11466),.PCURVE_S1.);
#11455 = B_SPLINE_CURVE_WITH_KNOTS('',2,(#11456,#11457,#11458),
  .UNSPECIFIED.,.F.,.F.,(3,3),(0.,1.),.PIECEWISE_BEZIER_KNOTS.);
#11456 = CARTESIAN_POINT('',(44.997892091298,39.209539215782,
    77.369829758116));
#11457 = CARTESIAN_POINT('',(58.568933047614,63.143986516813,
    75.817065819741));
#11458 = CARTESIAN_POINT('',(70.815709288555,84.313160631148,
    76.557348497402));
#11459 = PCURVE('',#2057,#11460);
#11460 = DEFINITIONAL_REPRESENTATION('',(#11461),#11465);
#11461 = LINE('',#11462,#11463);
#11462 = CARTESIAN_POINT('',(2.,0.));
#11463 = VECTOR('',#11464,1.);
#11464 = DIRECTION('',(0.,1.));
#11465 = ( GEOMETRIC_REPRESENTATION_CONTEXT(2) 
PARAMETRIC_REPRESENTATION_CONTEXT() REPRESENTATION_CONTEXT('2D SPACE',''
  ) );
#11466 = PCURVE('',#2021,#11467);
#11467 = DEFINITIONAL_REPRESENTATION('',(#11468),#11472);
#11468 = LINE('',#11469,#11470);
#11469 = CARTESIAN_POINT('',(2.,0.));
#11470 = VECTOR('',#11471,1.);
#11471 = DIRECTION('',(0.,1.));
#11472 = ( GEOMETRIC_REPRESENTATION_CONTEXT(2) 
PARAMETRIC_REPRESENTATION_CONTEXT() REPRESENTATION_CONTEXT('2D SPACE',''
  ) );
#11473 = ORIENTED_EDGE('',*,*,#2037,.T.);
#11474 = ADVANCED_FACE('',(#11475),#2021,.T.);
#11475 = FACE_BOUND('',#11476,.T.);
#11476 = EDGE_LOOP('',(#11477,#11478,#11479,#11500));
#11477 = ORIENTED_EDGE('',*,*,#11453,.F.);
#11478 = ORIENTED_EDGE('',*,*,#3478,.F.);
#11479 = ORIENTED_EDGE('',*,*,#11480,.T.);
#11480 = EDGE_CURVE('',#3450,#1957,#11481,.T.);
#11481 = SURFACE_CURVE('',#11482,(#11486,#11493),.PCURVE_S1.);
#11482 = B_SPLINE_CURVE_WITH_KNOTS('',2,(#11483,#11484,#11485),
  .UNSPECIFIED.,.F.,.F.,(3,3),(0.,1.),.PIECEWISE_BEZIER_KNOTS.);
#11483 = CARTESIAN_POINT('',(44.246507582389,39.786096827818,
    77.227722067914));
#11484 = CARTESIAN_POINT('',(57.915840896103,63.645121750305,
    76.01083222372));
#11485 = CARTESIAN_POINT('',(70.377116475816,84.649704733097,
    76.895857415592));
#11486 = PCURVE('',#2021,#11487);
#11487 = DEFINITIONAL_REPRESENTATION('',(#11488),#11492);
#11488 = LINE('',#11489,#11490);
#11489 = CARTESIAN_POINT('',(3.,0.));
#11490 = VECTOR('',#11491,1.);
#11491 = DIRECTION('',(0.,1.));
#11492 = ( GEOMETRIC_REPRESENTATION_CONTEXT(2) 
PARAMETRIC_REPRESENTATION_CONTEXT() REPRESENTATION_CONTEXT('2D SPACE',''
  ) );
#11493 = PCURVE('',#1982,#11494);
#11494 = DEFINITIONAL_REPRESENTATION('',(#11495),#11499);
#11495 = LINE('',#11496,#11497);
#11496 = CARTESIAN_POINT('',(3.,0.));
#11497 = VECTOR('',#11498,1.);
#11498 = DIRECTION('',(0.,1.));
#11499 = ( GEOMETRIC_REPRESENTATION_CONTEXT(2) 
PARAMETRIC_REPRESENTATION_CONTEXT() REPRESENTATION_CONTEXT('2D SPACE',''
  ) );
#11500 = ORIENTED_EDGE('',*,*,#2001,.T.);
#11501 = ADVANCED_FACE('',(#11502),#1982,.T.);
#11502 = FACE_BOUND('',#11503,.T.);
#11503 = EDGE_LOOP('',(#11504,#11505,#11506,#11527));
#11504 = ORIENTED_EDGE('',*,*,#11480,.F.);
#11505 = ORIENTED_EDGE('',*,*,#3449,.F.);
#11506 = ORIENTED_EDGE('',*,*,#11507,.T.);
#11507 = EDGE_CURVE('',#3421,#1912,#11508,.T.);
#11508 = SURFACE_CURVE('',#11509,(#11513,#11520),.PCURVE_S1.);
#11509 = B_SPLINE_CURVE_WITH_KNOTS('',2,(#11510,#11511,#11512),
  .UNSPECIFIED.,.F.,.F.,(3,3),(0.,1.),.PIECEWISE_BEZIER_KNOTS.);
#11510 = CARTESIAN_POINT('',(43.254828092763,40.547039263633,
    77.252304209735));
#11511 = CARTESIAN_POINT('',(57.099722949779,64.271351075893,
    76.421065110154));
#11512 = CARTESIAN_POINT('',(69.837641289953,85.063658602554,
    77.434111547357));
#11513 = PCURVE('',#1982,#11514);
#11514 = DEFINITIONAL_REPRESENTATION('',(#11515),#11519);
#11515 = LINE('',#11516,#11517);
#11516 = CARTESIAN_POINT('',(4.,0.));
#11517 = VECTOR('',#11518,1.);
#11518 = DIRECTION('',(0.,1.));
#11519 = ( GEOMETRIC_REPRESENTATION_CONTEXT(2) 
PARAMETRIC_REPRESENTATION_CONTEXT() REPRESENTATION_CONTEXT('2D SPACE',''
  ) );
#11520 = PCURVE('',#1937,#11521);
#11521 = DEFINITIONAL_REPRESENTATION('',(#11522),#11526);
#11522 = LINE('',#11523,#11524);
#11523 = CARTESIAN_POINT('',(4.,0.));
#11524 = VECTOR('',#11525,1.);
#11525 = DIRECTION('',(0.,1.));
#11526 = ( GEOMETRIC_REPRESENTATION_CONTEXT(2) 
PARAMETRIC_REPRESENTATION_CONTEXT() REPRESENTATION_CONTEXT('2D SPACE',''
  ) );
#11527 = ORIENTED_EDGE('',*,*,#1956,.T.);
#11528 = ADVANCED_FACE('',(#11529),#1937,.T.);
#11529 = FACE_BOUND('',#11530,.T.);
#11530 = EDGE_LOOP('',(#11531,#11532,#11533,#11554));
#11531 = ORIENTED_EDGE('',*,*,#11507,.F.);
#11532 = ORIENTED_EDGE('',*,*,#3420,.F.);
#11533 = ORIENTED_EDGE('',*,*,#11534,.T.);
#11534 = EDGE_CURVE('',#3392,#1876,#11535,.T.);
#11535 = SURFACE_CURVE('',#11536,(#11540,#11547),.PCURVE_S1.);
#11536 = B_SPLINE_CURVE_WITH_KNOTS('',2,(#11537,#11538,#11539),
  .UNSPECIFIED.,.F.,.F.,(3,3),(0.,1.),.PIECEWISE_BEZIER_KNOTS.);
#11537 = CARTESIAN_POINT('',(42.055996998953,41.466934715942,
    77.473369727142));
#11538 = CARTESIAN_POINT('',(56.152821337784,64.997934237738,
    77.056354542386));
#11539 = CARTESIAN_POINT('',(69.220449233284,85.537246724403,
    78.169663996046));
#11540 = PCURVE('',#1937,#11541);
#11541 = DEFINITIONAL_REPRESENTATION('',(#11542),#11546);
#11542 = LINE('',#11543,#11544);
#11543 = CARTESIAN_POINT('',(5.,0.));
#11544 = VECTOR('',#11545,1.);
#11545 = DIRECTION('',(0.,1.));
#11546 = ( GEOMETRIC_REPRESENTATION_CONTEXT(2) 
PARAMETRIC_REPRESENTATION_CONTEXT() REPRESENTATION_CONTEXT('2D SPACE',''
  ) );
#11547 = PCURVE('',#1895,#11548);
#11548 = DEFINITIONAL_REPRESENTATION('',(#11549),#11553);
#11549 = LINE('',#11550,#11551);
#11550 = CARTESIAN_POINT('',(5.,0.));
#11551 = VECTOR('',#11552,1.);
#11552 = DIRECTION('',(0.,1.));
#11553 = ( GEOMETRIC_REPRESENTATION_CONTEXT(2) 
PARAMETRIC_REPRESENTATION_CONTEXT() REPRESENTATION_CONTEXT('2D SPACE',''
  ) );
#11554 = ORIENTED_EDGE('',*,*,#1911,.T.);
#11555 = ADVANCED_FACE('',(#11556),#1895,.T.);
#11556 = FACE_BOUND('',#11557,.T.);
#11557 = EDGE_LOOP('',(#11558,#11559,#11560));
#11558 = ORIENTED_EDGE('',*,*,#3391,.F.);
#11559 = ORIENTED_EDGE('',*,*,#1875,.T.);
#11560 = ORIENTED_EDGE('',*,*,#11534,.F.);
#11561 = ADVANCED_FACE('',(#11562),#6379,.T.);
#11562 = FACE_BOUND('',#11563,.T.);
#11563 = EDGE_LOOP('',(#11564,#11587,#11588,#11611));
#11564 = ORIENTED_EDGE('',*,*,#11565,.F.);
#11565 = EDGE_CURVE('',#6360,#11566,#11568,.T.);
#11566 = VERTEX_POINT('',#11567);
#11567 = CARTESIAN_POINT('',(103.63922173986,37.23663755462,
    76.417606452633));
#11568 = SURFACE_CURVE('',#11569,(#11573,#11580),.PCURVE_S1.);
#11569 = B_SPLINE_CURVE_WITH_KNOTS('',2,(#11570,#11571,#11572),
  .UNSPECIFIED.,.F.,.F.,(3,3),(0.,1.),.PIECEWISE_BEZIER_KNOTS.);
#11570 = CARTESIAN_POINT('',(58.810081957223,10.887769425136,
    77.651169122698));
#11571 = CARTESIAN_POINT('',(82.519216886493,24.85653591252,
    75.828602975567));
#11572 = CARTESIAN_POINT('',(103.63922173986,37.23663755462,
    76.417606452633));
#11573 = PCURVE('',#6379,#11574);
#11574 = DEFINITIONAL_REPRESENTATION('',(#11575),#11579);
#11575 = LINE('',#11576,#11577);
#11576 = CARTESIAN_POINT('',(1.,0.));
#11577 = VECTOR('',#11578,1.);
#11578 = DIRECTION('',(0.,1.));
#11579 = ( GEOMETRIC_REPRESENTATION_CONTEXT(2) 
PARAMETRIC_REPRESENTATION_CONTEXT() REPRESENTATION_CONTEXT('2D SPACE',''
  ) );
#11580 = PCURVE('',#6415,#11581);
#11581 = DEFINITIONAL_REPRESENTATION('',(#11582),#11586);
#11582 = LINE('',#11583,#11584);
#11583 = CARTESIAN_POINT('',(1.,0.));
#11584 = VECTOR('',#11585,1.);
#11585 = DIRECTION('',(0.,1.));
#11586 = ( GEOMETRIC_REPRESENTATION_CONTEXT(2) 
PARAMETRIC_REPRESENTATION_CONTEXT() REPRESENTATION_CONTEXT('2D SPACE',''
  ) );
#11587 = ORIENTED_EDGE('',*,*,#6357,.F.);
#11588 = ORIENTED_EDGE('',*,*,#11589,.T.);
#11589 = EDGE_CURVE('',#6358,#11590,#11592,.T.);
#11590 = VERTEX_POINT('',#11591);
#11591 = CARTESIAN_POINT('',(103.48478354647,37.609484335655,
    76.557348497402));
#11592 = SURFACE_CURVE('',#11593,(#11597,#11604),.PCURVE_S1.);
#11593 = B_SPLINE_CURVE_WITH_KNOTS('',2,(#11594,#11595,#11596),
  .UNSPECIFIED.,.F.,.F.,(3,3),(0.,1.),.PIECEWISE_BEZIER_KNOTS.);
#11594 = CARTESIAN_POINT('',(58.574087275706,11.457510985901,
    77.369829758116));
#11595 = CARTESIAN_POINT('',(82.29417715019,25.399829895975,
    75.817065819741));
#11596 = CARTESIAN_POINT('',(103.48478354647,37.609484335655,
    76.557348497402));
#11597 = PCURVE('',#6379,#11598);
#11598 = DEFINITIONAL_REPRESENTATION('',(#11599),#11603);
#11599 = LINE('',#11600,#11601);
#11600 = CARTESIAN_POINT('',(2.,0.));
#11601 = VECTOR('',#11602,1.);
#11602 = DIRECTION('',(0.,1.));
#11603 = ( GEOMETRIC_REPRESENTATION_CONTEXT(2) 
PARAMETRIC_REPRESENTATION_CONTEXT() REPRESENTATION_CONTEXT('2D SPACE',''
  ) );
#11604 = PCURVE('',#7853,#11605);
#11605 = DEFINITIONAL_REPRESENTATION('',(#11606),#11610);
#11606 = LINE('',#11607,#11608);
#11607 = CARTESIAN_POINT('',(2.,0.));
#11608 = VECTOR('',#11609,1.);
#11609 = DIRECTION('',(0.,1.));
#11610 = ( GEOMETRIC_REPRESENTATION_CONTEXT(2) 
PARAMETRIC_REPRESENTATION_CONTEXT() REPRESENTATION_CONTEXT('2D SPACE',''
  ) );
#11611 = ORIENTED_EDGE('',*,*,#11612,.F.);
#11612 = EDGE_CURVE('',#11566,#11590,#11613,.T.);
#11613 = SURFACE_CURVE('',#11614,(#11617,#11624),.PCURVE_S1.);
#11614 = B_SPLINE_CURVE_WITH_KNOTS('',1,(#11615,#11616),.UNSPECIFIED.,
  .F.,.F.,(2,2),(1.,2.),.PIECEWISE_BEZIER_KNOTS.);
#11615 = CARTESIAN_POINT('',(103.63922173986,37.23663755462,
    76.417606452633));
#11616 = CARTESIAN_POINT('',(103.48478354647,37.609484335655,
    76.557348497402));
#11617 = PCURVE('',#6379,#11618);
#11618 = DEFINITIONAL_REPRESENTATION('',(#11619),#11623);
#11619 = LINE('',#11620,#11621);
#11620 = CARTESIAN_POINT('',(0.,1.));
#11621 = VECTOR('',#11622,1.);
#11622 = DIRECTION('',(1.,0.));
#11623 = ( GEOMETRIC_REPRESENTATION_CONTEXT(2) 
PARAMETRIC_REPRESENTATION_CONTEXT() REPRESENTATION_CONTEXT('2D SPACE',''
  ) );
#11624 = PCURVE('',#11625,#11630);
#11625 = PLANE('',#11626);
#11626 = AXIS2_PLACEMENT_3D('',#11627,#11628,#11629);
#11627 = CARTESIAN_POINT('',(103.73150745425,37.013840131348,
    76.473720558371));
#11628 = DIRECTION('',(-0.923879532511,-0.382683432365,0.));
#11629 = DIRECTION('',(-0.191341716183,0.461939766256,0.866025403784));
#11630 = DEFINITIONAL_REPRESENTATION('',(#11631),#11634);
#11631 = B_SPLINE_CURVE_WITH_KNOTS('',1,(#11632,#11633),.UNSPECIFIED.,
  .F.,.F.,(2,2),(1.,2.),.PIECEWISE_BEZIER_KNOTS.);
#11632 = CARTESIAN_POINT('',(7.198085551741E-02,0.236902710406));
#11633 = CARTESIAN_POINT('',(0.394784240113,0.516530483841));
#11634 = ( GEOMETRIC_REPRESENTATION_CONTEXT(2) 
PARAMETRIC_REPRESENTATION_CONTEXT() REPRESENTATION_CONTEXT('2D SPACE',''
  ) );
#11635 = ADVANCED_FACE('',(#11636),#7853,.T.);
#11636 = FACE_BOUND('',#11637,.T.);
#11637 = EDGE_LOOP('',(#11638,#11639,#11640,#11663));
#11638 = ORIENTED_EDGE('',*,*,#11589,.F.);
#11639 = ORIENTED_EDGE('',*,*,#7835,.F.);
#11640 = ORIENTED_EDGE('',*,*,#11641,.T.);
#11641 = EDGE_CURVE('',#7800,#11642,#11644,.T.);
#11642 = VERTEX_POINT('',#11643);
#11643 = CARTESIAN_POINT('',(103.2732230797,38.120236483806,
    76.895857415592));
#11644 = SURFACE_CURVE('',#11645,(#11649,#11656),.PCURVE_S1.);
#11645 = B_SPLINE_CURVE_WITH_KNOTS('',2,(#11646,#11647,#11648),
  .UNSPECIFIED.,.F.,.F.,(3,3),(0.,1.),.PIECEWISE_BEZIER_KNOTS.);
#11646 = CARTESIAN_POINT('',(58.211648008998,12.332516779124,
    77.227722067914));
#11647 = CARTESIAN_POINT('',(81.979150372715,26.160371814666,
    76.01083222372));
#11648 = CARTESIAN_POINT('',(103.2732230797,38.120236483806,
    76.895857415592));
#11649 = PCURVE('',#7853,#11650);
#11650 = DEFINITIONAL_REPRESENTATION('',(#11651),#11655);
#11651 = LINE('',#11652,#11653);
#11652 = CARTESIAN_POINT('',(3.,0.));
#11653 = VECTOR('',#11654,1.);
#11654 = DIRECTION('',(0.,1.));
#11655 = ( GEOMETRIC_REPRESENTATION_CONTEXT(2) 
PARAMETRIC_REPRESENTATION_CONTEXT() REPRESENTATION_CONTEXT('2D SPACE',''
  ) );
#11656 = PCURVE('',#7819,#11657);
#11657 = DEFINITIONAL_REPRESENTATION('',(#11658),#11662);
#11658 = LINE('',#11659,#11660);
#11659 = CARTESIAN_POINT('',(3.,0.));
#11660 = VECTOR('',#11661,1.);
#11661 = DIRECTION('',(0.,1.));
#11662 = ( GEOMETRIC_REPRESENTATION_CONTEXT(2) 
PARAMETRIC_REPRESENTATION_CONTEXT() REPRESENTATION_CONTEXT('2D SPACE',''
  ) );
#11663 = ORIENTED_EDGE('',*,*,#11664,.F.);
#11664 = EDGE_CURVE('',#11590,#11642,#11665,.T.);
#11665 = SURFACE_CURVE('',#11666,(#11669,#11676),.PCURVE_S1.);
#11666 = B_SPLINE_CURVE_WITH_KNOTS('',1,(#11667,#11668),.UNSPECIFIED.,
  .F.,.F.,(2,2),(2.,3.),.PIECEWISE_BEZIER_KNOTS.);
#11667 = CARTESIAN_POINT('',(103.48478354647,37.609484335655,
    76.557348497402));
#11668 = CARTESIAN_POINT('',(103.2732230797,38.120236483806,
    76.895857415592));
#11669 = PCURVE('',#7853,#11670);
#11670 = DEFINITIONAL_REPRESENTATION('',(#11671),#11675);
#11671 = LINE('',#11672,#11673);
#11672 = CARTESIAN_POINT('',(0.,1.));
#11673 = VECTOR('',#11674,1.);
#11674 = DIRECTION('',(1.,0.));
#11675 = ( GEOMETRIC_REPRESENTATION_CONTEXT(2) 
PARAMETRIC_REPRESENTATION_CONTEXT() REPRESENTATION_CONTEXT('2D SPACE',''
  ) );
#11676 = PCURVE('',#11625,#11677);
#11677 = DEFINITIONAL_REPRESENTATION('',(#11678),#11681);
#11678 = B_SPLINE_CURVE_WITH_KNOTS('',1,(#11679,#11680),.UNSPECIFIED.,
  .F.,.F.,(2,2),(2.,3.),.PIECEWISE_BEZIER_KNOTS.);
#11679 = CARTESIAN_POINT('',(0.394784240113,0.516530483841));
#11680 = CARTESIAN_POINT('',(0.964358633393,0.826044435313));
#11681 = ( GEOMETRIC_REPRESENTATION_CONTEXT(2) 
PARAMETRIC_REPRESENTATION_CONTEXT() REPRESENTATION_CONTEXT('2D SPACE',''
  ) );
#11682 = ADVANCED_FACE('',(#11683),#6415,.T.);
#11683 = FACE_BOUND('',#11684,.T.);
#11684 = EDGE_LOOP('',(#11685,#11708,#11709,#11710));
#11685 = ORIENTED_EDGE('',*,*,#11686,.F.);
#11686 = EDGE_CURVE('',#6396,#11687,#11689,.T.);
#11687 = VERTEX_POINT('',#11688);
#11688 = CARTESIAN_POINT('',(103.73150745425,37.013840131348,
    76.473720558371));
#11689 = SURFACE_CURVE('',#11690,(#11694,#11701),.PCURVE_S1.);
#11690 = B_SPLINE_CURVE_WITH_KNOTS('',2,(#11691,#11692,#11693),
  .UNSPECIFIED.,.F.,.F.,(3,3),(0.,1.),.PIECEWISE_BEZIER_KNOTS.);
#11691 = CARTESIAN_POINT('',(58.914961995628,10.634566613996,
    78.051211036502));
#11692 = CARTESIAN_POINT('',(82.647976289718,24.545683214971,
    76.034699393759));
#11693 = CARTESIAN_POINT('',(103.73150745425,37.013840131348,
    76.473720558371));
#11694 = PCURVE('',#6415,#11695);
#11695 = DEFINITIONAL_REPRESENTATION('',(#11696),#11700);
#11696 = LINE('',#11697,#11698);
#11697 = CARTESIAN_POINT('',(0.,0.));
#11698 = VECTOR('',#11699,1.);
#11699 = DIRECTION('',(0.,1.));
#11700 = ( GEOMETRIC_REPRESENTATION_CONTEXT(2) 
PARAMETRIC_REPRESENTATION_CONTEXT() REPRESENTATION_CONTEXT('2D SPACE',''
  ) );
#11701 = PCURVE('',#6451,#11702);
#11702 = DEFINITIONAL_REPRESENTATION('',(#11703),#11707);
#11703 = LINE('',#11704,#11705);
#11704 = CARTESIAN_POINT('',(42.,0.));
#11705 = VECTOR('',#11706,1.);
#11706 = DIRECTION('',(0.,1.));
#11707 = ( GEOMETRIC_REPRESENTATION_CONTEXT(2) 
PARAMETRIC_REPRESENTATION_CONTEXT() REPRESENTATION_CONTEXT('2D SPACE',''
  ) );
#11708 = ORIENTED_EDGE('',*,*,#6395,.F.);
#11709 = ORIENTED_EDGE('',*,*,#11565,.T.);
#11710 = ORIENTED_EDGE('',*,*,#11711,.F.);
#11711 = EDGE_CURVE('',#11687,#11566,#11712,.T.);
#11712 = SURFACE_CURVE('',#11713,(#11716,#11723),.PCURVE_S1.);
#11713 = B_SPLINE_CURVE_WITH_KNOTS('',1,(#11714,#11715),.UNSPECIFIED.,
  .F.,.F.,(2,2),(0.,1.),.PIECEWISE_BEZIER_KNOTS.);
#11714 = CARTESIAN_POINT('',(103.73150745425,37.013840131348,
    76.473720558371));
#11715 = CARTESIAN_POINT('',(103.63922173986,37.23663755462,
    76.417606452633));
#11716 = PCURVE('',#6415,#11717);
#11717 = DEFINITIONAL_REPRESENTATION('',(#11718),#11722);
#11718 = LINE('',#11719,#11720);
#11719 = CARTESIAN_POINT('',(0.,1.));
#11720 = VECTOR('',#11721,1.);
#11721 = DIRECTION('',(1.,0.));
#11722 = ( GEOMETRIC_REPRESENTATION_CONTEXT(2) 
PARAMETRIC_REPRESENTATION_CONTEXT() REPRESENTATION_CONTEXT('2D SPACE',''
  ) );
#11723 = PCURVE('',#11625,#11724);
#11724 = DEFINITIONAL_REPRESENTATION('',(#11725),#11728);
#11725 = B_SPLINE_CURVE_WITH_KNOTS('',1,(#11726,#11727),.UNSPECIFIED.,
  .F.,.F.,(2,2),(0.,1.),.PIECEWISE_BEZIER_KNOTS.);
#11726 = CARTESIAN_POINT('',(0.,0.));
#11727 = CARTESIAN_POINT('',(7.198085551741E-02,0.236902710406));
#11728 = ( GEOMETRIC_REPRESENTATION_CONTEXT(2) 
PARAMETRIC_REPRESENTATION_CONTEXT() REPRESENTATION_CONTEXT('2D SPACE',''
  ) );
#11729 = ADVANCED_FACE('',(#11730),#7819,.T.);
#11730 = FACE_BOUND('',#11731,.T.);
#11731 = EDGE_LOOP('',(#11732,#11733,#11734,#11757));
#11732 = ORIENTED_EDGE('',*,*,#11641,.F.);
#11733 = ORIENTED_EDGE('',*,*,#7799,.F.);
#11734 = ORIENTED_EDGE('',*,*,#11735,.T.);
#11735 = EDGE_CURVE('',#7764,#11736,#11738,.T.);
#11736 = VERTEX_POINT('',#11737);
#11737 = CARTESIAN_POINT('',(103.01300079876,38.748468643682,
    77.434111547357));
#11738 = SURFACE_CURVE('',#11739,(#11743,#11750),.PCURVE_S1.);
#11739 = B_SPLINE_CURVE_WITH_KNOTS('',2,(#11740,#11741,#11742),
  .UNSPECIFIED.,.F.,.F.,(3,3),(0.,1.),.PIECEWISE_BEZIER_KNOTS.);
#11740 = CARTESIAN_POINT('',(57.733299596478,13.487352004169,
    77.252304209735));
#11741 = CARTESIAN_POINT('',(81.585486161508,27.110761292383,
    76.421065110154));
#11742 = CARTESIAN_POINT('',(103.01300079876,38.748468643682,
    77.434111547357));
#11743 = PCURVE('',#7819,#11744);
#11744 = DEFINITIONAL_REPRESENTATION('',(#11745),#11749);
#11745 = LINE('',#11746,#11747);
#11746 = CARTESIAN_POINT('',(4.,0.));
#11747 = VECTOR('',#11748,1.);
#11748 = DIRECTION('',(0.,1.));
#11749 = ( GEOMETRIC_REPRESENTATION_CONTEXT(2) 
PARAMETRIC_REPRESENTATION_CONTEXT() REPRESENTATION_CONTEXT('2D SPACE',''
  ) );
#11750 = PCURVE('',#7783,#11751);
#11751 = DEFINITIONAL_REPRESENTATION('',(#11752),#11756);
#11752 = LINE('',#11753,#11754);
#11753 = CARTESIAN_POINT('',(4.,0.));
#11754 = VECTOR('',#11755,1.);
#11755 = DIRECTION('',(0.,1.));
#11756 = ( GEOMETRIC_REPRESENTATION_CONTEXT(2) 
PARAMETRIC_REPRESENTATION_CONTEXT() REPRESENTATION_CONTEXT('2D SPACE',''
  ) );
#11757 = ORIENTED_EDGE('',*,*,#11758,.F.);
#11758 = EDGE_CURVE('',#11642,#11736,#11759,.T.);
#11759 = SURFACE_CURVE('',#11760,(#11763,#11770),.PCURVE_S1.);
#11760 = B_SPLINE_CURVE_WITH_KNOTS('',1,(#11761,#11762),.UNSPECIFIED.,
  .F.,.F.,(2,2),(3.,4.),.PIECEWISE_BEZIER_KNOTS.);
#11761 = CARTESIAN_POINT('',(103.2732230797,38.120236483806,
    76.895857415592));
#11762 = CARTESIAN_POINT('',(103.01300079876,38.748468643682,
    77.434111547357));
#11763 = PCURVE('',#7819,#11764);
#11764 = DEFINITIONAL_REPRESENTATION('',(#11765),#11769);
#11765 = LINE('',#11766,#11767);
#11766 = CARTESIAN_POINT('',(0.,1.));
#11767 = VECTOR('',#11768,1.);
#11768 = DIRECTION('',(1.,0.));
#11769 = ( GEOMETRIC_REPRESENTATION_CONTEXT(2) 
PARAMETRIC_REPRESENTATION_CONTEXT() REPRESENTATION_CONTEXT('2D SPACE',''
  ) );
#11770 = PCURVE('',#11625,#11771);
#11771 = DEFINITIONAL_REPRESENTATION('',(#11772),#11775);
#11772 = B_SPLINE_CURVE_WITH_KNOTS('',1,(#11773,#11774),.UNSPECIFIED.,
  .F.,.F.,(2,2),(3.,4.),.PIECEWISE_BEZIER_KNOTS.);
#11773 = CARTESIAN_POINT('',(0.964358633393,0.826044435313));
#11774 = CARTESIAN_POINT('',(1.770497180105,1.145809092628));
#11775 = ( GEOMETRIC_REPRESENTATION_CONTEXT(2) 
PARAMETRIC_REPRESENTATION_CONTEXT() REPRESENTATION_CONTEXT('2D SPACE',''
  ) );
#11776 = ADVANCED_FACE('',(#11777),#6451,.T.);
#11777 = FACE_BOUND('',#11778,.T.);
#11778 = EDGE_LOOP('',(#11779,#11802,#11803,#11804));
#11779 = ORIENTED_EDGE('',*,*,#11780,.F.);
#11780 = EDGE_CURVE('',#6432,#11781,#11783,.T.);
#11781 = VERTEX_POINT('',#11782);
#11782 = CARTESIAN_POINT('',(103.75655956637,36.953358982494,
    76.712135192076));
#11783 = SURFACE_CURVE('',#11784,(#11788,#11795),.PCURVE_S1.);
#11784 = B_SPLINE_CURVE_WITH_KNOTS('',2,(#11785,#11786,#11787),
  .UNSPECIFIED.,.F.,.F.,(3,3),(0.,1.),.PIECEWISE_BEZIER_KNOTS.);
#11785 = CARTESIAN_POINT('',(58.88748214856,10.700908833479,
    78.53005407253));
#11786 = CARTESIAN_POINT('',(82.674507077476,24.481632227345,
    76.407843678799));
#11787 = CARTESIAN_POINT('',(103.75655956637,36.953358982494,
    76.712135192076));
#11788 = PCURVE('',#6451,#11789);
#11789 = DEFINITIONAL_REPRESENTATION('',(#11790),#11794);
#11790 = LINE('',#11791,#11792);
#11791 = CARTESIAN_POINT('',(41.,0.));
#11792 = VECTOR('',#11793,1.);
#11793 = DIRECTION('',(0.,1.));
#11794 = ( GEOMETRIC_REPRESENTATION_CONTEXT(2) 
PARAMETRIC_REPRESENTATION_CONTEXT() REPRESENTATION_CONTEXT('2D SPACE',''
  ) );
#11795 = PCURVE('',#6487,#11796);
#11796 = DEFINITIONAL_REPRESENTATION('',(#11797),#11801);
#11797 = LINE('',#11798,#11799);
#11798 = CARTESIAN_POINT('',(41.,0.));
#11799 = VECTOR('',#11800,1.);
#11800 = DIRECTION('',(0.,1.));
#11801 = ( GEOMETRIC_REPRESENTATION_CONTEXT(2) 
PARAMETRIC_REPRESENTATION_CONTEXT() REPRESENTATION_CONTEXT('2D SPACE',''
  ) );
#11802 = ORIENTED_EDGE('',*,*,#6431,.F.);
#11803 = ORIENTED_EDGE('',*,*,#11686,.T.);
#11804 = ORIENTED_EDGE('',*,*,#11805,.F.);
#11805 = EDGE_CURVE('',#11781,#11687,#11806,.T.);
#11806 = SURFACE_CURVE('',#11807,(#11810,#11817),.PCURVE_S1.);
#11807 = B_SPLINE_CURVE_WITH_KNOTS('',1,(#11808,#11809),.UNSPECIFIED.,
  .F.,.F.,(2,2),(41.,42.),.PIECEWISE_BEZIER_KNOTS.);
#11808 = CARTESIAN_POINT('',(103.75655956637,36.953358982494,
    76.712135192076));
#11809 = CARTESIAN_POINT('',(103.73150745425,37.013840131348,
    76.473720558371));
#11810 = PCURVE('',#6451,#11811);
#11811 = DEFINITIONAL_REPRESENTATION('',(#11812),#11816);
#11812 = LINE('',#11813,#11814);
#11813 = CARTESIAN_POINT('',(0.,1.));
#11814 = VECTOR('',#11815,1.);
#11815 = DIRECTION('',(1.,0.));
#11816 = ( GEOMETRIC_REPRESENTATION_CONTEXT(2) 
PARAMETRIC_REPRESENTATION_CONTEXT() REPRESENTATION_CONTEXT('2D SPACE',''
  ) );
#11817 = PCURVE('',#11625,#11818);
#11818 = DEFINITIONAL_REPRESENTATION('',(#11819),#11822);
#11819 = B_SPLINE_CURVE_WITH_KNOTS('',1,(#11820,#11821),.UNSPECIFIED.,
  .F.,.F.,(2,2),(41.,42.),.PIECEWISE_BEZIER_KNOTS.);
#11820 = CARTESIAN_POINT('',(0.17374096753,-0.175901084291));
#11821 = CARTESIAN_POINT('',(0.,0.));
#11822 = ( GEOMETRIC_REPRESENTATION_CONTEXT(2) 
PARAMETRIC_REPRESENTATION_CONTEXT() REPRESENTATION_CONTEXT('2D SPACE',''
  ) );
#11823 = ADVANCED_FACE('',(#11824),#7783,.T.);
#11824 = FACE_BOUND('',#11825,.T.);
#11825 = EDGE_LOOP('',(#11826,#11827,#11828,#11851));
#11826 = ORIENTED_EDGE('',*,*,#11735,.F.);
#11827 = ORIENTED_EDGE('',*,*,#7763,.F.);
#11828 = ORIENTED_EDGE('',*,*,#11829,.T.);
#11829 = EDGE_CURVE('',#7728,#11830,#11832,.T.);
#11830 = VERTEX_POINT('',#11831);
#11831 = CARTESIAN_POINT('',(102.71529085959,39.467204016468,
    78.169663996046));
#11832 = SURFACE_CURVE('',#11833,(#11837,#11844),.PCURVE_S1.);
#11833 = B_SPLINE_CURVE_WITH_KNOTS('',2,(#11834,#11835,#11836),
  .UNSPECIFIED.,.F.,.F.,(3,3),(0.,1.),.PIECEWISE_BEZIER_KNOTS.);
#11834 = CARTESIAN_POINT('',(57.155029140546,14.8834203816,
    77.473369727142));
#11835 = CARTESIAN_POINT('',(81.128736891559,28.2134515745,
    77.056354542386));
#11836 = CARTESIAN_POINT('',(102.71529085959,39.467204016468,
    78.169663996046));
#11837 = PCURVE('',#7783,#11838);
#11838 = DEFINITIONAL_REPRESENTATION('',(#11839),#11843);
#11839 = LINE('',#11840,#11841);
#11840 = CARTESIAN_POINT('',(5.,0.));
#11841 = VECTOR('',#11842,1.);
#11842 = DIRECTION('',(0.,1.));
#11843 = ( GEOMETRIC_REPRESENTATION_CONTEXT(2) 
PARAMETRIC_REPRESENTATION_CONTEXT() REPRESENTATION_CONTEXT('2D SPACE',''
  ) );
#11844 = PCURVE('',#7747,#11845);
#11845 = DEFINITIONAL_REPRESENTATION('',(#11846),#11850);
#11846 = LINE('',#11847,#11848);
#11847 = CARTESIAN_POINT('',(5.,0.));
#11848 = VECTOR('',#11849,1.);
#11849 = DIRECTION('',(0.,1.));
#11850 = ( GEOMETRIC_REPRESENTATION_CONTEXT(2) 
PARAMETRIC_REPRESENTATION_CONTEXT() REPRESENTATION_CONTEXT('2D SPACE',''
  ) );
#11851 = ORIENTED_EDGE('',*,*,#11852,.F.);
#11852 = EDGE_CURVE('',#11736,#11830,#11853,.T.);
#11853 = SURFACE_CURVE('',#11854,(#11857,#11864),.PCURVE_S1.);
#11854 = B_SPLINE_CURVE_WITH_KNOTS('',1,(#11855,#11856),.UNSPECIFIED.,
  .F.,.F.,(2,2),(4.,5.),.PIECEWISE_BEZIER_KNOTS.);
#11855 = CARTESIAN_POINT('',(103.01300079876,38.748468643682,
    77.434111547357));
#11856 = CARTESIAN_POINT('',(102.71529085959,39.467204016468,
    78.169663996046));
#11857 = PCURVE('',#7783,#11858);
#11858 = DEFINITIONAL_REPRESENTATION('',(#11859),#11863);
#11859 = LINE('',#11860,#11861);
#11860 = CARTESIAN_POINT('',(0.,1.));
#11861 = VECTOR('',#11862,1.);
#11862 = DIRECTION('',(1.,0.));
#11863 = ( GEOMETRIC_REPRESENTATION_CONTEXT(2) 
PARAMETRIC_REPRESENTATION_CONTEXT() REPRESENTATION_CONTEXT('2D SPACE',''
  ) );
#11864 = PCURVE('',#11625,#11865);
#11865 = DEFINITIONAL_REPRESENTATION('',(#11866),#11869);
#11866 = B_SPLINE_CURVE_WITH_KNOTS('',1,(#11867,#11868),.UNSPECIFIED.,
  .F.,.F.,(2,2),(4.,5.),.PIECEWISE_BEZIER_KNOTS.);
#11867 = CARTESIAN_POINT('',(1.770497180105,1.145809092628));
#11868 = CARTESIAN_POINT('',(2.796481067275,1.451760415574));
#11869 = ( GEOMETRIC_REPRESENTATION_CONTEXT(2) 
PARAMETRIC_REPRESENTATION_CONTEXT() REPRESENTATION_CONTEXT('2D SPACE',''
  ) );
#11870 = ADVANCED_FACE('',(#11871),#6487,.T.);
#11871 = FACE_BOUND('',#11872,.T.);
#11872 = EDGE_LOOP('',(#11873,#11896,#11897,#11898));
#11873 = ORIENTED_EDGE('',*,*,#11874,.F.);
#11874 = EDGE_CURVE('',#6468,#11875,#11877,.T.);
#11875 = VERTEX_POINT('',#11876);
#11876 = CARTESIAN_POINT('',(103.71248212799,37.059771332011,
    77.117761995817));
#11877 = SURFACE_CURVE('',#11878,(#11882,#11889),.PCURVE_S1.);
#11878 = B_SPLINE_CURVE_WITH_KNOTS('',2,(#11879,#11880,#11881),
  .UNSPECIFIED.,.F.,.F.,(3,3),(0.,1.),.PIECEWISE_BEZIER_KNOTS.);
#11879 = CARTESIAN_POINT('',(58.731320239018,11.077917033421,
    79.054259607658));
#11880 = CARTESIAN_POINT('',(82.597285494503,24.668061620267,
    76.921418935889));
#11881 = CARTESIAN_POINT('',(103.71248212799,37.059771332011,
    77.117761995817));
#11882 = PCURVE('',#6487,#11883);
#11883 = DEFINITIONAL_REPRESENTATION('',(#11884),#11888);
#11884 = LINE('',#11885,#11886);
#11885 = CARTESIAN_POINT('',(40.,0.));
#11886 = VECTOR('',#11887,1.);
#11887 = DIRECTION('',(0.,1.));
#11888 = ( GEOMETRIC_REPRESENTATION_CONTEXT(2) 
PARAMETRIC_REPRESENTATION_CONTEXT() REPRESENTATION_CONTEXT('2D SPACE',''
  ) );
#11889 = PCURVE('',#6523,#11890);
#11890 = DEFINITIONAL_REPRESENTATION('',(#11891),#11895);
#11891 = LINE('',#11892,#11893);
#11892 = CARTESIAN_POINT('',(40.,0.));
#11893 = VECTOR('',#11894,1.);
#11894 = DIRECTION('',(0.,1.));
#11895 = ( GEOMETRIC_REPRESENTATION_CONTEXT(2) 
PARAMETRIC_REPRESENTATION_CONTEXT() REPRESENTATION_CONTEXT('2D SPACE',''
  ) );
#11896 = ORIENTED_EDGE('',*,*,#6467,.F.);
#11897 = ORIENTED_EDGE('',*,*,#11780,.T.);
#11898 = ORIENTED_EDGE('',*,*,#11899,.F.);
#11899 = EDGE_CURVE('',#11875,#11781,#11900,.T.);
#11900 = SURFACE_CURVE('',#11901,(#11904,#11911),.PCURVE_S1.);
#11901 = B_SPLINE_CURVE_WITH_KNOTS('',1,(#11902,#11903),.UNSPECIFIED.,
  .F.,.F.,(2,2),(40.,41.),.PIECEWISE_BEZIER_KNOTS.);
#11902 = CARTESIAN_POINT('',(103.71248212799,37.059771332011,
    77.117761995817));
#11903 = CARTESIAN_POINT('',(103.75655956637,36.953358982494,
    76.712135192076));
#11904 = PCURVE('',#6487,#11905);
#11905 = DEFINITIONAL_REPRESENTATION('',(#11906),#11910);
#11906 = LINE('',#11907,#11908);
#11907 = CARTESIAN_POINT('',(0.,1.));
#11908 = VECTOR('',#11909,1.);
#11909 = DIRECTION('',(1.,0.));
#11910 = ( GEOMETRIC_REPRESENTATION_CONTEXT(2) 
PARAMETRIC_REPRESENTATION_CONTEXT() REPRESENTATION_CONTEXT('2D SPACE',''
  ) );
#11911 = PCURVE('',#11625,#11912);
#11912 = DEFINITIONAL_REPRESENTATION('',(#11913),#11916);
#11913 = B_SPLINE_CURVE_WITH_KNOTS('',1,(#11914,#11915),.UNSPECIFIED.,
  .F.,.F.,(2,2),(40.,41.),.PIECEWISE_BEZIER_KNOTS.);
#11914 = CARTESIAN_POINT('',(0.582614032592,-0.27896576924));
#11915 = CARTESIAN_POINT('',(0.17374096753,-0.175901084291));
#11916 = ( GEOMETRIC_REPRESENTATION_CONTEXT(2) 
PARAMETRIC_REPRESENTATION_CONTEXT() REPRESENTATION_CONTEXT('2D SPACE',''
  ) );
#11917 = ADVANCED_FACE('',(#11918),#7747,.T.);
#11918 = FACE_BOUND('',#11919,.T.);
#11919 = EDGE_LOOP('',(#11920,#11921,#11922,#11945));
#11920 = ORIENTED_EDGE('',*,*,#11829,.F.);
#11921 = ORIENTED_EDGE('',*,*,#7727,.F.);
#11922 = ORIENTED_EDGE('',*,*,#11923,.T.);
#11923 = EDGE_CURVE('',#7692,#11924,#11926,.T.);
#11924 = VERTEX_POINT('',#11925);
#11925 = CARTESIAN_POINT('',(102.39304071243,40.24518469223,
    79.095124364617));
#11926 = SURFACE_CURVE('',#11927,(#11931,#11938),.PCURVE_S1.);
#11927 = B_SPLINE_CURVE_WITH_KNOTS('',2,(#11928,#11929,#11930),
  .UNSPECIFIED.,.F.,.F.,(3,3),(0.,1.),.PIECEWISE_BEZIER_KNOTS.);
#11928 = CARTESIAN_POINT('',(56.497482619195,16.470878111337,
    77.91763068507));
#11929 = CARTESIAN_POINT('',(80.627450956245,29.42366287816,
    77.919515872288));
#11930 = CARTESIAN_POINT('',(102.39304071243,40.24518469223,
    79.095124364617));
#11931 = PCURVE('',#7747,#11932);
#11932 = DEFINITIONAL_REPRESENTATION('',(#11933),#11937);
#11933 = LINE('',#11934,#11935);
#11934 = CARTESIAN_POINT('',(6.,0.));
#11935 = VECTOR('',#11936,1.);
#11936 = DIRECTION('',(0.,1.));
#11937 = ( GEOMETRIC_REPRESENTATION_CONTEXT(2) 
PARAMETRIC_REPRESENTATION_CONTEXT() REPRESENTATION_CONTEXT('2D SPACE',''
  ) );
#11938 = PCURVE('',#7711,#11939);
#11939 = DEFINITIONAL_REPRESENTATION('',(#11940),#11944);
#11940 = LINE('',#11941,#11942);
#11941 = CARTESIAN_POINT('',(6.,0.));
#11942 = VECTOR('',#11943,1.);
#11943 = DIRECTION('',(0.,1.));
#11944 = ( GEOMETRIC_REPRESENTATION_CONTEXT(2) 
PARAMETRIC_REPRESENTATION_CONTEXT() REPRESENTATION_CONTEXT('2D SPACE',''
  ) );
#11945 = ORIENTED_EDGE('',*,*,#11946,.F.);
#11946 = EDGE_CURVE('',#11830,#11924,#11947,.T.);
#11947 = SURFACE_CURVE('',#11948,(#11951,#11958),.PCURVE_S1.);
#11948 = B_SPLINE_CURVE_WITH_KNOTS('',1,(#11949,#11950),.UNSPECIFIED.,
  .F.,.F.,(2,2),(5.,6.),.PIECEWISE_BEZIER_KNOTS.);
#11949 = CARTESIAN_POINT('',(102.71529085959,39.467204016468,
    78.169663996046));
#11950 = CARTESIAN_POINT('',(102.39304071243,40.24518469223,
    79.095124364617));
#11951 = PCURVE('',#7747,#11952);
#11952 = DEFINITIONAL_REPRESENTATION('',(#11953),#11957);
#11953 = LINE('',#11954,#11955);
#11954 = CARTESIAN_POINT('',(0.,1.));
#11955 = VECTOR('',#11956,1.);
#11956 = DIRECTION('',(1.,0.));
#11957 = ( GEOMETRIC_REPRESENTATION_CONTEXT(2) 
PARAMETRIC_REPRESENTATION_CONTEXT() REPRESENTATION_CONTEXT('2D SPACE',''
  ) );
#11958 = PCURVE('',#11625,#11959);
#11959 = DEFINITIONAL_REPRESENTATION('',(#11960),#11963);
#11960 = B_SPLINE_CURVE_WITH_KNOTS('',1,(#11961,#11962),.UNSPECIFIED.,
  .F.,.F.,(2,2),(5.,6.),.PIECEWISE_BEZIER_KNOTS.);
#11961 = CARTESIAN_POINT('',(2.796481067275,1.451760415574));
#11962 = CARTESIAN_POINT('',(4.018993364365,1.71829308987));
#11963 = ( GEOMETRIC_REPRESENTATION_CONTEXT(2) 
PARAMETRIC_REPRESENTATION_CONTEXT() REPRESENTATION_CONTEXT('2D SPACE',''
  ) );
#11964 = ADVANCED_FACE('',(#11965),#6523,.T.);
#11965 = FACE_BOUND('',#11966,.T.);
#11966 = EDGE_LOOP('',(#11967,#11990,#11991,#11992));
#11967 = ORIENTED_EDGE('',*,*,#11968,.F.);
#11968 = EDGE_CURVE('',#6504,#11969,#11971,.T.);
#11969 = VERTEX_POINT('',#11970);
#11970 = CARTESIAN_POINT('',(103.6035797395,37.322684955291,
    77.682900628505));
#11971 = SURFACE_CURVE('',#11972,(#11976,#11983),.PCURVE_S1.);
#11972 = B_SPLINE_CURVE_WITH_KNOTS('',2,(#11973,#11974,#11975),
  .UNSPECIFIED.,.F.,.F.,(3,3),(0.,1.),.PIECEWISE_BEZIER_KNOTS.);
#11973 = CARTESIAN_POINT('',(58.456290711929,11.741897047774,
    79.621811902299));
#11974 = CARTESIAN_POINT('',(82.423002764505,25.088817350715,
    77.566933341098));
#11975 = CARTESIAN_POINT('',(103.6035797395,37.322684955291,
    77.682900628505));
#11976 = PCURVE('',#6523,#11977);
#11977 = DEFINITIONAL_REPRESENTATION('',(#11978),#11982);
#11978 = LINE('',#11979,#11980);
#11979 = CARTESIAN_POINT('',(39.,0.));
#11980 = VECTOR('',#11981,1.);
#11981 = DIRECTION('',(0.,1.));
#11982 = ( GEOMETRIC_REPRESENTATION_CONTEXT(2) 
PARAMETRIC_REPRESENTATION_CONTEXT() REPRESENTATION_CONTEXT('2D SPACE',''
  ) );
#11983 = PCURVE('',#6559,#11984);
#11984 = DEFINITIONAL_REPRESENTATION('',(#11985),#11989);
#11985 = LINE('',#11986,#11987);
#11986 = CARTESIAN_POINT('',(39.,0.));
#11987 = VECTOR('',#11988,1.);
#11988 = DIRECTION('',(0.,1.));
#11989 = ( GEOMETRIC_REPRESENTATION_CONTEXT(2) 
PARAMETRIC_REPRESENTATION_CONTEXT() REPRESENTATION_CONTEXT('2D SPACE',''
  ) );
#11990 = ORIENTED_EDGE('',*,*,#6503,.F.);
#11991 = ORIENTED_EDGE('',*,*,#11874,.T.);
#11992 = ORIENTED_EDGE('',*,*,#11993,.F.);
#11993 = EDGE_CURVE('',#11969,#11875,#11994,.T.);
#11994 = SURFACE_CURVE('',#11995,(#11998,#12005),.PCURVE_S1.);
#11995 = B_SPLINE_CURVE_WITH_KNOTS('',1,(#11996,#11997),.UNSPECIFIED.,
  .F.,.F.,(2,2),(39.,40.),.PIECEWISE_BEZIER_KNOTS.);
#11996 = CARTESIAN_POINT('',(103.6035797395,37.322684955291,
    77.682900628505));
#11997 = CARTESIAN_POINT('',(103.71248212799,37.059771332011,
    77.117761995817));
#11998 = PCURVE('',#6523,#11999);
#11999 = DEFINITIONAL_REPRESENTATION('',(#12000),#12004);
#12000 = LINE('',#12001,#12002);
#12001 = CARTESIAN_POINT('',(0.,1.));
#12002 = VECTOR('',#12003,1.);
#12003 = DIRECTION('',(1.,0.));
#12004 = ( GEOMETRIC_REPRESENTATION_CONTEXT(2) 
PARAMETRIC_REPRESENTATION_CONTEXT() REPRESENTATION_CONTEXT('2D SPACE',''
  ) );
#12005 = PCURVE('',#11625,#12006);
#12006 = DEFINITIONAL_REPRESENTATION('',(#12007),#12010);
#12007 = B_SPLINE_CURVE_WITH_KNOTS('',1,(#12008,#12009),.UNSPECIFIED.,
  .F.,.F.,(2,2),(39.,40.),.PIECEWISE_BEZIER_KNOTS.);
#12008 = CARTESIAN_POINT('',(1.214326272754,-0.315085338892));
#12009 = CARTESIAN_POINT('',(0.582614032592,-0.27896576924));
#12010 = ( GEOMETRIC_REPRESENTATION_CONTEXT(2) 
PARAMETRIC_REPRESENTATION_CONTEXT() REPRESENTATION_CONTEXT('2D SPACE',''
  ) );
#12011 = ADVANCED_FACE('',(#12012),#7711,.T.);
#12012 = FACE_BOUND('',#12013,.T.);
#12013 = EDGE_LOOP('',(#12014,#12015,#12016,#12039));
#12014 = ORIENTED_EDGE('',*,*,#11923,.F.);
#12015 = ORIENTED_EDGE('',*,*,#7691,.F.);
#12016 = ORIENTED_EDGE('',*,*,#12017,.T.);
#12017 = EDGE_CURVE('',#7656,#12018,#12020,.T.);
#12018 = VERTEX_POINT('',#12019);
#12019 = CARTESIAN_POINT('',(102.05990419577,41.049447388855,
    80.196995068474));
#12020 = SURFACE_CURVE('',#12021,(#12025,#12032),.PCURVE_S1.);
#12021 = B_SPLINE_CURVE_WITH_KNOTS('',2,(#12022,#12023,#12024),
  .UNSPECIFIED.,.F.,.F.,(3,3),(0.,1.),.PIECEWISE_BEZIER_KNOTS.);
#12022 = CARTESIAN_POINT('',(55.784724776479,18.191627761909,
    78.603436681754));
#12023 = CARTESIAN_POINT('',(80.101705980712,30.692923528442,
    79.004906631609));
#12024 = CARTESIAN_POINT('',(102.05990419577,41.049447388855,
    80.196995068474));
#12025 = PCURVE('',#7711,#12026);
#12026 = DEFINITIONAL_REPRESENTATION('',(#12027),#12031);
#12027 = LINE('',#12028,#12029);
#12028 = CARTESIAN_POINT('',(7.,0.));
#12029 = VECTOR('',#12030,1.);
#12030 = DIRECTION('',(0.,1.));
#12031 = ( GEOMETRIC_REPRESENTATION_CONTEXT(2) 
PARAMETRIC_REPRESENTATION_CONTEXT() REPRESENTATION_CONTEXT('2D SPACE',''
  ) );
#12032 = PCURVE('',#7675,#12033);
#12033 = DEFINITIONAL_REPRESENTATION('',(#12034),#12038);
#12034 = LINE('',#12035,#12036);
#12035 = CARTESIAN_POINT('',(7.,0.));
#12036 = VECTOR('',#12037,1.);
#12037 = DIRECTION('',(0.,1.));
#12038 = ( GEOMETRIC_REPRESENTATION_CONTEXT(2) 
PARAMETRIC_REPRESENTATION_CONTEXT() REPRESENTATION_CONTEXT('2D SPACE',''
  ) );
#12039 = ORIENTED_EDGE('',*,*,#12040,.F.);
#12040 = EDGE_CURVE('',#11924,#12018,#12041,.T.);
#12041 = SURFACE_CURVE('',#12042,(#12045,#12052),.PCURVE_S1.);
#12042 = B_SPLINE_CURVE_WITH_KNOTS('',1,(#12043,#12044),.UNSPECIFIED.,
  .F.,.F.,(2,2),(6.,7.),.PIECEWISE_BEZIER_KNOTS.);
#12043 = CARTESIAN_POINT('',(102.39304071243,40.24518469223,
    79.095124364617));
#12044 = CARTESIAN_POINT('',(102.05990419577,41.049447388855,
    80.196995068474));
#12045 = PCURVE('',#7711,#12046);
#12046 = DEFINITIONAL_REPRESENTATION('',(#12047),#12051);
#12047 = LINE('',#12048,#12049);
#12048 = CARTESIAN_POINT('',(0.,1.));
#12049 = VECTOR('',#12050,1.);
#12050 = DIRECTION('',(1.,0.));
#12051 = ( GEOMETRIC_REPRESENTATION_CONTEXT(2) 
PARAMETRIC_REPRESENTATION_CONTEXT() REPRESENTATION_CONTEXT('2D SPACE',''
  ) );
#12052 = PCURVE('',#11625,#12053);
#12053 = DEFINITIONAL_REPRESENTATION('',(#12054),#12057);
#12054 = B_SPLINE_CURVE_WITH_KNOTS('',1,(#12055,#12056),.UNSPECIFIED.,
  .F.,.F.,(2,2),(6.,7.),.PIECEWISE_BEZIER_KNOTS.);
#12055 = CARTESIAN_POINT('',(4.018993364365,1.71829308987));
#12056 = CARTESIAN_POINT('',(5.408505220497,1.921256814696));
#12057 = ( GEOMETRIC_REPRESENTATION_CONTEXT(2) 
PARAMETRIC_REPRESENTATION_CONTEXT() REPRESENTATION_CONTEXT('2D SPACE',''
  ) );
#12058 = ADVANCED_FACE('',(#12059),#6559,.T.);
#12059 = FACE_BOUND('',#12060,.T.);
#12060 = EDGE_LOOP('',(#12061,#12084,#12085,#12086));
#12061 = ORIENTED_EDGE('',*,*,#12062,.F.);
#12062 = EDGE_CURVE('',#6540,#12063,#12065,.T.);
#12063 = VERTEX_POINT('',#12064);
#12064 = CARTESIAN_POINT('',(103.43623244182,37.726697070972,
    78.39797633883));
#12065 = SURFACE_CURVE('',#12066,(#12070,#12077),.PCURVE_S1.);
#12066 = B_SPLINE_CURVE_WITH_KNOTS('',2,(#12067,#12068,#12069),
  .UNSPECIFIED.,.F.,.F.,(3,3),(0.,1.),.PIECEWISE_BEZIER_KNOTS.);
#12067 = CARTESIAN_POINT('',(58.075071872754,12.66224073954,
    80.233276156684));
#12068 = CARTESIAN_POINT('',(82.161009946789,25.72132396449,
    78.335587483935));
#12069 = CARTESIAN_POINT('',(103.43623244182,37.726697070972,
    78.39797633883));
#12070 = PCURVE('',#6559,#12071);
#12071 = DEFINITIONAL_REPRESENTATION('',(#12072),#12076);
#12072 = LINE('',#12073,#12074);
#12073 = CARTESIAN_POINT('',(38.,0.));
#12074 = VECTOR('',#12075,1.);
#12075 = DIRECTION('',(0.,1.));
#12076 = ( GEOMETRIC_REPRESENTATION_CONTEXT(2) 
PARAMETRIC_REPRESENTATION_CONTEXT() REPRESENTATION_CONTEXT('2D SPACE',''
  ) );
#12077 = PCURVE('',#6595,#12078);
#12078 = DEFINITIONAL_REPRESENTATION('',(#12079),#12083);
#12079 = LINE('',#12080,#12081);
#12080 = CARTESIAN_POINT('',(38.,0.));
#12081 = VECTOR('',#12082,1.);
#12082 = DIRECTION('',(0.,1.));
#12083 = ( GEOMETRIC_REPRESENTATION_CONTEXT(2) 
PARAMETRIC_REPRESENTATION_CONTEXT() REPRESENTATION_CONTEXT('2D SPACE',''
  ) );
#12084 = ORIENTED_EDGE('',*,*,#6539,.F.);
#12085 = ORIENTED_EDGE('',*,*,#11968,.T.);
#12086 = ORIENTED_EDGE('',*,*,#12087,.F.);
#12087 = EDGE_CURVE('',#12063,#11969,#12088,.T.);
#12088 = SURFACE_CURVE('',#12089,(#12092,#12099),.PCURVE_S1.);
#12089 = B_SPLINE_CURVE_WITH_KNOTS('',1,(#12090,#12091),.UNSPECIFIED.,
  .F.,.F.,(2,2),(38.,39.),.PIECEWISE_BEZIER_KNOTS.);
#12090 = CARTESIAN_POINT('',(103.43623244182,37.726697070972,
    78.39797633883));
#12091 = CARTESIAN_POINT('',(103.6035797395,37.322684955291,
    77.682900628505));
#12092 = PCURVE('',#6559,#12093);
#12093 = DEFINITIONAL_REPRESENTATION('',(#12094),#12098);
#12094 = LINE('',#12095,#12096);
#12095 = CARTESIAN_POINT('',(0.,1.));
#12096 = VECTOR('',#12097,1.);
#12097 = DIRECTION('',(1.,0.));
#12098 = ( GEOMETRIC_REPRESENTATION_CONTEXT(2) 
PARAMETRIC_REPRESENTATION_CONTEXT() REPRESENTATION_CONTEXT('2D SPACE',''
  ) );
#12099 = PCURVE('',#11625,#12100);
#12100 = DEFINITIONAL_REPRESENTATION('',(#12101),#12104);
#12101 = B_SPLINE_CURVE_WITH_KNOTS('',1,(#12102,#12103),.UNSPECIFIED.,
  .F.,.F.,(2,2),(38.,39.),.PIECEWISE_BEZIER_KNOTS.);
#12102 = CARTESIAN_POINT('',(2.052249784943,-0.293910663574));
#12103 = CARTESIAN_POINT('',(1.214326272754,-0.315085338892));
#12104 = ( GEOMETRIC_REPRESENTATION_CONTEXT(2) 
PARAMETRIC_REPRESENTATION_CONTEXT() REPRESENTATION_CONTEXT('2D SPACE',''
  ) );
#12105 = ADVANCED_FACE('',(#12106),#7675,.T.);
#12106 = FACE_BOUND('',#12107,.T.);
#12107 = EDGE_LOOP('',(#12108,#12109,#12110,#12133));
#12108 = ORIENTED_EDGE('',*,*,#12017,.F.);
#12109 = ORIENTED_EDGE('',*,*,#7655,.F.);
#12110 = ORIENTED_EDGE('',*,*,#12111,.T.);
#12111 = EDGE_CURVE('',#7620,#12112,#12114,.T.);
#12112 = VERTEX_POINT('',#12113);
#12113 = CARTESIAN_POINT('',(101.72916661117,41.847918551197,
    81.455137690848));
#12114 = SURFACE_CURVE('',#12115,(#12119,#12126),.PCURVE_S1.);
#12115 = B_SPLINE_CURVE_WITH_KNOTS('',2,(#12116,#12117,#12118),
  .UNSPECIFIED.,.F.,.F.,(3,3),(0.,1.),.PIECEWISE_BEZIER_KNOTS.);
#12116 = CARTESIAN_POINT('',(55.042578323092,19.983327794944,
    79.536553820928));
#12117 = CARTESIAN_POINT('',(79.571535063035,31.972869348274,
    80.296835066466));
#12118 = CARTESIAN_POINT('',(101.72916661117,41.847918551197,
    81.455137690848));
#12119 = PCURVE('',#7675,#12120);
#12120 = DEFINITIONAL_REPRESENTATION('',(#12121),#12125);
#12121 = LINE('',#12122,#12123);
#12122 = CARTESIAN_POINT('',(8.,0.));
#12123 = VECTOR('',#12124,1.);
#12124 = DIRECTION('',(0.,1.));
#12125 = ( GEOMETRIC_REPRESENTATION_CONTEXT(2) 
PARAMETRIC_REPRESENTATION_CONTEXT() REPRESENTATION_CONTEXT('2D SPACE',''
  ) );
#12126 = PCURVE('',#7639,#12127);
#12127 = DEFINITIONAL_REPRESENTATION('',(#12128),#12132);
#12128 = LINE('',#12129,#12130);
#12129 = CARTESIAN_POINT('',(8.,0.));
#12130 = VECTOR('',#12131,1.);
#12131 = DIRECTION('',(0.,1.));
#12132 = ( GEOMETRIC_REPRESENTATION_CONTEXT(2) 
PARAMETRIC_REPRESENTATION_CONTEXT() REPRESENTATION_CONTEXT('2D SPACE',''
  ) );
#12133 = ORIENTED_EDGE('',*,*,#12134,.F.);
#12134 = EDGE_CURVE('',#12018,#12112,#12135,.T.);
#12135 = SURFACE_CURVE('',#12136,(#12139,#12146),.PCURVE_S1.);
#12136 = B_SPLINE_CURVE_WITH_KNOTS('',1,(#12137,#12138),.UNSPECIFIED.,
  .F.,.F.,(2,2),(7.,8.),.PIECEWISE_BEZIER_KNOTS.);
#12137 = CARTESIAN_POINT('',(102.05990419577,41.049447388855,
    80.196995068474));
#12138 = CARTESIAN_POINT('',(101.72916661117,41.847918551197,
    81.455137690848));
#12139 = PCURVE('',#7675,#12140);
#12140 = DEFINITIONAL_REPRESENTATION('',(#12141),#12145);
#12141 = LINE('',#12142,#12143);
#12142 = CARTESIAN_POINT('',(0.,1.));
#12143 = VECTOR('',#12144,1.);
#12144 = DIRECTION('',(1.,0.));
#12145 = ( GEOMETRIC_REPRESENTATION_CONTEXT(2) 
PARAMETRIC_REPRESENTATION_CONTEXT() REPRESENTATION_CONTEXT('2D SPACE',''
  ) );
#12146 = PCURVE('',#11625,#12147);
#12147 = DEFINITIONAL_REPRESENTATION('',(#12148),#12151);
#12148 = B_SPLINE_CURVE_WITH_KNOTS('',1,(#12149,#12150),.UNSPECIFIED.,
  .F.,.F.,(2,2),(7.,8.),.PIECEWISE_BEZIER_KNOTS.);
#12149 = CARTESIAN_POINT('',(5.408505220497,1.921256814696));
#12150 = CARTESIAN_POINT('',(6.930218172195,2.040655716825));
#12151 = ( GEOMETRIC_REPRESENTATION_CONTEXT(2) 
PARAMETRIC_REPRESENTATION_CONTEXT() REPRESENTATION_CONTEXT('2D SPACE',''
  ) );
#12152 = ADVANCED_FACE('',(#12153),#6595,.T.);
#12153 = FACE_BOUND('',#12154,.T.);
#12154 = EDGE_LOOP('',(#12155,#12178,#12179,#12180));
#12155 = ORIENTED_EDGE('',*,*,#12156,.F.);
#12156 = EDGE_CURVE('',#6576,#12157,#12159,.T.);
#12157 = VERTEX_POINT('',#12158);
#12158 = CARTESIAN_POINT('',(103.21859819149,38.252112629769,
    79.252195063727));
#12159 = SURFACE_CURVE('',#12160,(#12164,#12171),.PCURVE_S1.);
#12160 = B_SPLINE_CURVE_WITH_KNOTS('',2,(#12161,#12162,#12163),
  .UNSPECIFIED.,.F.,.F.,(3,3),(0.,1.),.PIECEWISE_BEZIER_KNOTS.);
#12161 = CARTESIAN_POINT('',(57.602303692578,13.80360409198,
    80.892431715524));
#12162 = CARTESIAN_POINT('',(81.822840931448,26.5377361877,
    79.219337191392));
#12163 = CARTESIAN_POINT('',(103.21859819149,38.252112629769,
    79.252195063727));
#12164 = PCURVE('',#6595,#12165);
#12165 = DEFINITIONAL_REPRESENTATION('',(#12166),#12170);
#12166 = LINE('',#12167,#12168);
#12167 = CARTESIAN_POINT('',(37.,0.));
#12168 = VECTOR('',#12169,1.);
#12169 = DIRECTION('',(0.,1.));
#12170 = ( GEOMETRIC_REPRESENTATION_CONTEXT(2) 
PARAMETRIC_REPRESENTATION_CONTEXT() REPRESENTATION_CONTEXT('2D SPACE',''
  ) );
#12171 = PCURVE('',#6631,#12172);
#12172 = DEFINITIONAL_REPRESENTATION('',(#12173),#12177);
#12173 = LINE('',#12174,#12175);
#12174 = CARTESIAN_POINT('',(37.,0.));
#12175 = VECTOR('',#12176,1.);
#12176 = DIRECTION('',(0.,1.));
#12177 = ( GEOMETRIC_REPRESENTATION_CONTEXT(2) 
PARAMETRIC_REPRESENTATION_CONTEXT() REPRESENTATION_CONTEXT('2D SPACE',''
  ) );
#12178 = ORIENTED_EDGE('',*,*,#6575,.F.);
#12179 = ORIENTED_EDGE('',*,*,#12062,.T.);
#12180 = ORIENTED_EDGE('',*,*,#12181,.F.);
#12181 = EDGE_CURVE('',#12157,#12063,#12182,.T.);
#12182 = SURFACE_CURVE('',#12183,(#12186,#12193),.PCURVE_S1.);
#12183 = B_SPLINE_CURVE_WITH_KNOTS('',1,(#12184,#12185),.UNSPECIFIED.,
  .F.,.F.,(2,2),(37.,38.),.PIECEWISE_BEZIER_KNOTS.);
#12184 = CARTESIAN_POINT('',(103.21859819149,38.252112629769,
    79.252195063727));
#12185 = CARTESIAN_POINT('',(103.43623244182,37.726697070972,
    78.39797633883));
#12186 = PCURVE('',#6595,#12187);
#12187 = DEFINITIONAL_REPRESENTATION('',(#12188),#12192);
#12188 = LINE('',#12189,#12190);
#12189 = CARTESIAN_POINT('',(0.,1.));
#12190 = VECTOR('',#12191,1.);
#12191 = DIRECTION('',(1.,0.));
#12192 = ( GEOMETRIC_REPRESENTATION_CONTEXT(2) 
PARAMETRIC_REPRESENTATION_CONTEXT() REPRESENTATION_CONTEXT('2D SPACE',''
  ) );
#12193 = PCURVE('',#11625,#12194);
#12194 = DEFINITIONAL_REPRESENTATION('',(#12195),#12198);
#12195 = B_SPLINE_CURVE_WITH_KNOTS('',1,(#12196,#12197),.UNSPECIFIED.,
  .F.,.F.,(2,2),(37.,38.),.PIECEWISE_BEZIER_KNOTS.);
#12196 = CARTESIAN_POINT('',(3.076377752469,-0.22850644016));
#12197 = CARTESIAN_POINT('',(2.052249784943,-0.293910663574));
#12198 = ( GEOMETRIC_REPRESENTATION_CONTEXT(2) 
PARAMETRIC_REPRESENTATION_CONTEXT() REPRESENTATION_CONTEXT('2D SPACE',''
  ) );
#12199 = ADVANCED_FACE('',(#12200),#7639,.T.);
#12200 = FACE_BOUND('',#12201,.T.);
#12201 = EDGE_LOOP('',(#12202,#12203,#12204,#12227));
#12202 = ORIENTED_EDGE('',*,*,#12111,.F.);
#12203 = ORIENTED_EDGE('',*,*,#7619,.F.);
#12204 = ORIENTED_EDGE('',*,*,#12205,.T.);
#12205 = EDGE_CURVE('',#7584,#12206,#12208,.T.);
#12206 = VERTEX_POINT('',#12207);
#12207 = CARTESIAN_POINT('',(101.41278466946,42.611732125758,
    82.842968858058));
#12208 = SURFACE_CURVE('',#12209,(#12213,#12220),.PCURVE_S1.);
#12209 = B_SPLINE_CURVE_WITH_KNOTS('',2,(#12210,#12211,#12212),
  .UNSPECIFIED.,.F.,.F.,(3,3),(0.,1.),.PIECEWISE_BEZIER_KNOTS.);
#12210 = CARTESIAN_POINT('',(54.29670469419,21.784026025656,
    80.707706764192));
#12211 = CARTESIAN_POINT('',(79.05544328802,33.218825110944,
    81.769320764642));
#12212 = CARTESIAN_POINT('',(101.41278466946,42.611732125758,
    82.842968858058));
#12213 = PCURVE('',#7639,#12214);
#12214 = DEFINITIONAL_REPRESENTATION('',(#12215),#12219);
#12215 = LINE('',#12216,#12217);
#12216 = CARTESIAN_POINT('',(9.,0.));
#12217 = VECTOR('',#12218,1.);
#12218 = DIRECTION('',(0.,1.));
#12219 = ( GEOMETRIC_REPRESENTATION_CONTEXT(2) 
PARAMETRIC_REPRESENTATION_CONTEXT() REPRESENTATION_CONTEXT('2D SPACE',''
  ) );
#12220 = PCURVE('',#7603,#12221);
#12221 = DEFINITIONAL_REPRESENTATION('',(#12222),#12226);
#12222 = LINE('',#12223,#12224);
#12223 = CARTESIAN_POINT('',(9.,0.));
#12224 = VECTOR('',#12225,1.);
#12225 = DIRECTION('',(0.,1.));
#12226 = ( GEOMETRIC_REPRESENTATION_CONTEXT(2) 
PARAMETRIC_REPRESENTATION_CONTEXT() REPRESENTATION_CONTEXT('2D SPACE',''
  ) );
#12227 = ORIENTED_EDGE('',*,*,#12228,.F.);
#12228 = EDGE_CURVE('',#12112,#12206,#12229,.T.);
#12229 = SURFACE_CURVE('',#12230,(#12233,#12240),.PCURVE_S1.);
#12230 = B_SPLINE_CURVE_WITH_KNOTS('',1,(#12231,#12232),.UNSPECIFIED.,
  .F.,.F.,(2,2),(8.,9.),.PIECEWISE_BEZIER_KNOTS.);
#12231 = CARTESIAN_POINT('',(101.72916661117,41.847918551197,
    81.455137690848));
#12232 = CARTESIAN_POINT('',(101.41278466946,42.611732125758,
    82.842968858058));
#12233 = PCURVE('',#7639,#12234);
#12234 = DEFINITIONAL_REPRESENTATION('',(#12235),#12239);
#12235 = LINE('',#12236,#12237);
#12236 = CARTESIAN_POINT('',(0.,1.));
#12237 = VECTOR('',#12238,1.);
#12238 = DIRECTION('',(1.,0.));
#12239 = ( GEOMETRIC_REPRESENTATION_CONTEXT(2) 
PARAMETRIC_REPRESENTATION_CONTEXT() REPRESENTATION_CONTEXT('2D SPACE',''
  ) );
#12240 = PCURVE('',#11625,#12241);
#12241 = DEFINITIONAL_REPRESENTATION('',(#12242),#12245);
#12242 = B_SPLINE_CURVE_WITH_KNOTS('',1,(#12243,#12244),.UNSPECIFIED.,
  .F.,.F.,(2,2),(8.,9.),.PIECEWISE_BEZIER_KNOTS.);
#12243 = CARTESIAN_POINT('',(6.930218172195,2.040655716825));
#12244 = CARTESIAN_POINT('',(8.545488146954,2.062723046628));
#12245 = ( GEOMETRIC_REPRESENTATION_CONTEXT(2) 
PARAMETRIC_REPRESENTATION_CONTEXT() REPRESENTATION_CONTEXT('2D SPACE',''
  ) );
#12246 = ADVANCED_FACE('',(#12247),#6631,.T.);
#12247 = FACE_BOUND('',#12248,.T.);
#12248 = EDGE_LOOP('',(#12249,#12272,#12273,#12274));
#12249 = ORIENTED_EDGE('',*,*,#12250,.F.);
#12250 = EDGE_CURVE('',#6612,#12251,#12253,.T.);
#12251 = VERTEX_POINT('',#12252);
#12252 = CARTESIAN_POINT('',(102.96025233841,38.875814692053,
    80.234046305962));
#12253 = SURFACE_CURVE('',#12254,(#12258,#12265),.PCURVE_S1.);
#12254 = B_SPLINE_CURVE_WITH_KNOTS('',2,(#12255,#12256,#12257),
  .UNSPECIFIED.,.F.,.F.,(3,3),(0.,1.),.PIECEWISE_BEZIER_KNOTS.);
#12255 = CARTESIAN_POINT('',(57.053681208271,15.128095934218,
    81.606693408074));
#12256 = CARTESIAN_POINT('',(81.421708780146,27.506154867677,
    80.21169475512));
#12257 = CARTESIAN_POINT('',(102.96025233841,38.875814692053,
    80.234046305962));
#12258 = PCURVE('',#6631,#12259);
#12259 = DEFINITIONAL_REPRESENTATION('',(#12260),#12264);
#12260 = LINE('',#12261,#12262);
#12261 = CARTESIAN_POINT('',(36.,0.));
#12262 = VECTOR('',#12263,1.);
#12263 = DIRECTION('',(0.,1.));
#12264 = ( GEOMETRIC_REPRESENTATION_CONTEXT(2) 
PARAMETRIC_REPRESENTATION_CONTEXT() REPRESENTATION_CONTEXT('2D SPACE',''
  ) );
#12265 = PCURVE('',#6667,#12266);
#12266 = DEFINITIONAL_REPRESENTATION('',(#12267),#12271);
#12267 = LINE('',#12268,#12269);
#12268 = CARTESIAN_POINT('',(36.,0.));
#12269 = VECTOR('',#12270,1.);
#12270 = DIRECTION('',(0.,1.));
#12271 = ( GEOMETRIC_REPRESENTATION_CONTEXT(2) 
PARAMETRIC_REPRESENTATION_CONTEXT() REPRESENTATION_CONTEXT('2D SPACE',''
  ) );
#12272 = ORIENTED_EDGE('',*,*,#6611,.F.);
#12273 = ORIENTED_EDGE('',*,*,#12156,.T.);
#12274 = ORIENTED_EDGE('',*,*,#12275,.F.);
#12275 = EDGE_CURVE('',#12251,#12157,#12276,.T.);
#12276 = SURFACE_CURVE('',#12277,(#12280,#12287),.PCURVE_S1.);
#12277 = B_SPLINE_CURVE_WITH_KNOTS('',1,(#12278,#12279),.UNSPECIFIED.,
  .F.,.F.,(2,2),(36.,37.),.PIECEWISE_BEZIER_KNOTS.);
#12278 = CARTESIAN_POINT('',(102.96025233841,38.875814692053,
    80.234046305962));
#12279 = CARTESIAN_POINT('',(103.21859819149,38.252112629769,
    79.252195063727));
#12280 = PCURVE('',#6631,#12281);
#12281 = DEFINITIONAL_REPRESENTATION('',(#12282),#12286);
#12282 = LINE('',#12283,#12284);
#12283 = CARTESIAN_POINT('',(0.,1.));
#12284 = VECTOR('',#12285,1.);
#12285 = DIRECTION('',(1.,0.));
#12286 = ( GEOMETRIC_REPRESENTATION_CONTEXT(2) 
PARAMETRIC_REPRESENTATION_CONTEXT() REPRESENTATION_CONTEXT('2D SPACE',''
  ) );
#12287 = PCURVE('',#11625,#12288);
#12288 = DEFINITIONAL_REPRESENTATION('',(#12289),#12292);
#12289 = B_SPLINE_CURVE_WITH_KNOTS('',1,(#12290,#12291),.UNSPECIFIED.,
  .F.,.F.,(2,2),(36.,37.),.PIECEWISE_BEZIER_KNOTS.);
#12290 = CARTESIAN_POINT('',(4.264230994743,-0.134786757076));
#12291 = CARTESIAN_POINT('',(3.076377752469,-0.22850644016));
#12292 = ( GEOMETRIC_REPRESENTATION_CONTEXT(2) 
PARAMETRIC_REPRESENTATION_CONTEXT() REPRESENTATION_CONTEXT('2D SPACE',''
  ) );
#12293 = ADVANCED_FACE('',(#12294),#7603,.T.);
#12294 = FACE_BOUND('',#12295,.T.);
#12295 = EDGE_LOOP('',(#12296,#12297,#12298,#12321));
#12296 = ORIENTED_EDGE('',*,*,#12205,.F.);
#12297 = ORIENTED_EDGE('',*,*,#7583,.F.);
#12298 = ORIENTED_EDGE('',*,*,#12299,.T.);
#12299 = EDGE_CURVE('',#7548,#12300,#12302,.T.);
#12300 = VERTEX_POINT('',#12301);
#12301 = CARTESIAN_POINT('',(101.11927053965,43.320337918703,
    84.303429998749));
#12302 = SURFACE_CURVE('',#12303,(#12307,#12314),.PCURVE_S1.);
#12303 = B_SPLINE_CURVE_WITH_KNOTS('',2,(#12304,#12305,#12306),
  .UNSPECIFIED.,.F.,.F.,(3,3),(0.,1.),.PIECEWISE_BEZIER_KNOTS.);
#12304 = CARTESIAN_POINT('',(53.583445340501,23.505986430821,
    82.034934207004));
#12305 = CARTESIAN_POINT('',(78.570969817805,34.388447533348,
    83.343201516549));
#12306 = CARTESIAN_POINT('',(101.11927053965,43.320337918703,
    84.303429998749));
#12307 = PCURVE('',#7603,#12308);
#12308 = DEFINITIONAL_REPRESENTATION('',(#12309),#12313);
#12309 = LINE('',#12310,#12311);
#12310 = CARTESIAN_POINT('',(10.,0.));
#12311 = VECTOR('',#12312,1.);
#12312 = DIRECTION('',(0.,1.));
#12313 = ( GEOMETRIC_REPRESENTATION_CONTEXT(2) 
PARAMETRIC_REPRESENTATION_CONTEXT() REPRESENTATION_CONTEXT('2D SPACE',''
  ) );
#12314 = PCURVE('',#7567,#12315);
#12315 = DEFINITIONAL_REPRESENTATION('',(#12316),#12320);
#12316 = LINE('',#12317,#12318);
#12317 = CARTESIAN_POINT('',(10.,0.));
#12318 = VECTOR('',#12319,1.);
#12319 = DIRECTION('',(0.,1.));
#12320 = ( GEOMETRIC_REPRESENTATION_CONTEXT(2) 
PARAMETRIC_REPRESENTATION_CONTEXT() REPRESENTATION_CONTEXT('2D SPACE',''
  ) );
#12321 = ORIENTED_EDGE('',*,*,#12322,.F.);
#12322 = EDGE_CURVE('',#12206,#12300,#12323,.T.);
#12323 = SURFACE_CURVE('',#12324,(#12327,#12334),.PCURVE_S1.);
#12324 = B_SPLINE_CURVE_WITH_KNOTS('',1,(#12325,#12326),.UNSPECIFIED.,
  .F.,.F.,(2,2),(9.,10.),.PIECEWISE_BEZIER_KNOTS.);
#12325 = CARTESIAN_POINT('',(101.41278466946,42.611732125758,
    82.842968858058));
#12326 = CARTESIAN_POINT('',(101.11927053965,43.320337918703,
    84.303429998749));
#12327 = PCURVE('',#7603,#12328);
#12328 = DEFINITIONAL_REPRESENTATION('',(#12329),#12333);
#12329 = LINE('',#12330,#12331);
#12330 = CARTESIAN_POINT('',(0.,1.));
#12331 = VECTOR('',#12332,1.);
#12332 = DIRECTION('',(1.,0.));
#12333 = ( GEOMETRIC_REPRESENTATION_CONTEXT(2) 
PARAMETRIC_REPRESENTATION_CONTEXT() REPRESENTATION_CONTEXT('2D SPACE',''
  ) );
#12334 = PCURVE('',#11625,#12335);
#12335 = DEFINITIONAL_REPRESENTATION('',(#12336),#12339);
#12336 = B_SPLINE_CURVE_WITH_KNOTS('',1,(#12337,#12338),.UNSPECIFIED.,
  .F.,.F.,(2,2),(9.,10.),.PIECEWISE_BEZIER_KNOTS.);
#12337 = CARTESIAN_POINT('',(8.545488146954,2.062723046628));
#12338 = CARTESIAN_POINT('',(10.193779287715,1.996724766711));
#12339 = ( GEOMETRIC_REPRESENTATION_CONTEXT(2) 
PARAMETRIC_REPRESENTATION_CONTEXT() REPRESENTATION_CONTEXT('2D SPACE',''
  ) );
#12340 = ADVANCED_FACE('',(#12341),#6667,.T.);
#12341 = FACE_BOUND('',#12342,.T.);
#12342 = EDGE_LOOP('',(#12343,#12366,#12367,#12368));
#12343 = ORIENTED_EDGE('',*,*,#12344,.F.);
#12344 = EDGE_CURVE('',#6648,#12345,#12347,.T.);
#12345 = VERTEX_POINT('',#12346);
#12346 = CARTESIAN_POINT('',(102.6717730463,39.57226531153,
    81.331412989897));
#12347 = SURFACE_CURVE('',#12348,(#12352,#12359),.PCURVE_S1.);
#12348 = B_SPLINE_CURVE_WITH_KNOTS('',2,(#12349,#12350,#12351),
  .UNSPECIFIED.,.F.,.F.,(3,3),(0.,1.),.PIECEWISE_BEZIER_KNOTS.);
#12349 = CARTESIAN_POINT('',(56.445239939919,16.597003096181,
    82.386850757683));
#12350 = CARTESIAN_POINT('',(80.972018671334,28.591802827237,
    81.307805299095));
#12351 = CARTESIAN_POINT('',(102.6717730463,39.57226531153,
    81.331412989897));
#12352 = PCURVE('',#6667,#12353);
#12353 = DEFINITIONAL_REPRESENTATION('',(#12354),#12358);
#12354 = LINE('',#12355,#12356);
#12355 = CARTESIAN_POINT('',(35.,0.));
#12356 = VECTOR('',#12357,1.);
#12357 = DIRECTION('',(0.,1.));
#12358 = ( GEOMETRIC_REPRESENTATION_CONTEXT(2) 
PARAMETRIC_REPRESENTATION_CONTEXT() REPRESENTATION_CONTEXT('2D SPACE',''
  ) );
#12359 = PCURVE('',#6703,#12360);
#12360 = DEFINITIONAL_REPRESENTATION('',(#12361),#12365);
#12361 = LINE('',#12362,#12363);
#12362 = CARTESIAN_POINT('',(35.,0.));
#12363 = VECTOR('',#12364,1.);
#12364 = DIRECTION('',(0.,1.));
#12365 = ( GEOMETRIC_REPRESENTATION_CONTEXT(2) 
PARAMETRIC_REPRESENTATION_CONTEXT() REPRESENTATION_CONTEXT('2D SPACE',''
  ) );
#12366 = ORIENTED_EDGE('',*,*,#6647,.F.);
#12367 = ORIENTED_EDGE('',*,*,#12250,.T.);
#12368 = ORIENTED_EDGE('',*,*,#12369,.F.);
#12369 = EDGE_CURVE('',#12345,#12251,#12370,.T.);
#12370 = SURFACE_CURVE('',#12371,(#12374,#12381),.PCURVE_S1.);
#12371 = B_SPLINE_CURVE_WITH_KNOTS('',1,(#12372,#12373),.UNSPECIFIED.,
  .F.,.F.,(2,2),(35.,36.),.PIECEWISE_BEZIER_KNOTS.);
#12372 = CARTESIAN_POINT('',(102.6717730463,39.57226531153,
    81.331412989897));
#12373 = CARTESIAN_POINT('',(102.96025233841,38.875814692053,
    80.234046305962));
#12374 = PCURVE('',#6667,#12375);
#12375 = DEFINITIONAL_REPRESENTATION('',(#12376),#12380);
#12376 = LINE('',#12377,#12378);
#12377 = CARTESIAN_POINT('',(0.,1.));
#12378 = VECTOR('',#12379,1.);
#12379 = DIRECTION('',(1.,0.));
#12380 = ( GEOMETRIC_REPRESENTATION_CONTEXT(2) 
PARAMETRIC_REPRESENTATION_CONTEXT() REPRESENTATION_CONTEXT('2D SPACE',''
  ) );
#12381 = PCURVE('',#11625,#12382);
#12382 = DEFINITIONAL_REPRESENTATION('',(#12383),#12386);
#12383 = B_SPLINE_CURVE_WITH_KNOTS('',1,(#12384,#12385),.UNSPECIFIED.,
  .F.,.F.,(2,2),(35.,36.),.PIECEWISE_BEZIER_KNOTS.);
#12384 = CARTESIAN_POINT('',(5.591494779503,-3.063181469616E-02));
#12385 = CARTESIAN_POINT('',(4.264230994743,-0.134786757076));
#12386 = ( GEOMETRIC_REPRESENTATION_CONTEXT(2) 
PARAMETRIC_REPRESENTATION_CONTEXT() REPRESENTATION_CONTEXT('2D SPACE',''
  ) );
#12387 = ADVANCED_FACE('',(#12388),#7567,.T.);
#12388 = FACE_BOUND('',#12389,.T.);
#12389 = EDGE_LOOP('',(#12390,#12391,#12392,#12415));
#12390 = ORIENTED_EDGE('',*,*,#12299,.F.);
#12391 = ORIENTED_EDGE('',*,*,#7547,.F.);
#12392 = ORIENTED_EDGE('',*,*,#12393,.T.);
#12393 = EDGE_CURVE('',#7512,#12394,#12396,.T.);
#12394 = VERTEX_POINT('',#12395);
#12395 = CARTESIAN_POINT('',(100.84293431262,43.987472585764,
    85.803230313802));
#12396 = SURFACE_CURVE('',#12397,(#12401,#12408),.PCURVE_S1.);
#12397 = B_SPLINE_CURVE_WITH_KNOTS('',2,(#12398,#12399,#12400),
  .UNSPECIFIED.,.F.,.F.,(3,3),(0.,1.),.PIECEWISE_BEZIER_KNOTS.);
#12398 = CARTESIAN_POINT('',(52.89241245879,25.174287385893,
    83.464505093504));
#12399 = CARTESIAN_POINT('',(78.109964361276,35.501413158827,
    84.980050506975));
#12400 = CARTESIAN_POINT('',(100.84293431262,43.987472585764,
    85.803230313802));
#12401 = PCURVE('',#7567,#12402);
#12402 = DEFINITIONAL_REPRESENTATION('',(#12403),#12407);
#12403 = LINE('',#12404,#12405);
#12404 = CARTESIAN_POINT('',(11.,0.));
#12405 = VECTOR('',#12406,1.);
#12406 = DIRECTION('',(0.,1.));
#12407 = ( GEOMETRIC_REPRESENTATION_CONTEXT(2) 
PARAMETRIC_REPRESENTATION_CONTEXT() REPRESENTATION_CONTEXT('2D SPACE',''
  ) );
#12408 = PCURVE('',#7531,#12409);
#12409 = DEFINITIONAL_REPRESENTATION('',(#12410),#12414);
#12410 = LINE('',#12411,#12412);
#12411 = CARTESIAN_POINT('',(11.,0.));
#12412 = VECTOR('',#12413,1.);
#12413 = DIRECTION('',(0.,1.));
#12414 = ( GEOMETRIC_REPRESENTATION_CONTEXT(2) 
PARAMETRIC_REPRESENTATION_CONTEXT() REPRESENTATION_CONTEXT('2D SPACE',''
  ) );
#12415 = ORIENTED_EDGE('',*,*,#12416,.F.);
#12416 = EDGE_CURVE('',#12300,#12394,#12417,.T.);
#12417 = SURFACE_CURVE('',#12418,(#12421,#12428),.PCURVE_S1.);
#12418 = B_SPLINE_CURVE_WITH_KNOTS('',1,(#12419,#12420),.UNSPECIFIED.,
  .F.,.F.,(2,2),(10.,11.),.PIECEWISE_BEZIER_KNOTS.);
#12419 = CARTESIAN_POINT('',(101.11927053965,43.320337918703,
    84.303429998749));
#12420 = CARTESIAN_POINT('',(100.84293431262,43.987472585764,
    85.803230313802));
#12421 = PCURVE('',#7567,#12422);
#12422 = DEFINITIONAL_REPRESENTATION('',(#12423),#12427);
#12423 = LINE('',#12424,#12425);
#12424 = CARTESIAN_POINT('',(0.,1.));
#12425 = VECTOR('',#12426,1.);
#12426 = DIRECTION('',(1.,0.));
#12427 = ( GEOMETRIC_REPRESENTATION_CONTEXT(2) 
PARAMETRIC_REPRESENTATION_CONTEXT() REPRESENTATION_CONTEXT('2D SPACE',''
  ) );
#12428 = PCURVE('',#11625,#12429);
#12429 = DEFINITIONAL_REPRESENTATION('',(#12430),#12433);
#12430 = B_SPLINE_CURVE_WITH_KNOTS('',1,(#12431,#12432),.UNSPECIFIED.,
  .F.,.F.,(2,2),(10.,11.),.PIECEWISE_BEZIER_KNOTS.);
#12431 = CARTESIAN_POINT('',(10.193779287715,1.996724766711));
#12432 = CARTESIAN_POINT('',(11.853695141241,1.8721827312));
#12433 = ( GEOMETRIC_REPRESENTATION_CONTEXT(2) 
PARAMETRIC_REPRESENTATION_CONTEXT() REPRESENTATION_CONTEXT('2D SPACE',''
  ) );
#12434 = ADVANCED_FACE('',(#12435),#6703,.T.);
#12435 = FACE_BOUND('',#12436,.T.);
#12436 = EDGE_LOOP('',(#12437,#12460,#12461,#12462));
#12437 = ORIENTED_EDGE('',*,*,#12438,.F.);
#12438 = EDGE_CURVE('',#6684,#12439,#12441,.T.);
#12439 = VERTEX_POINT('',#12440);
#12440 = CARTESIAN_POINT('',(102.3642741972,40.314633203444,
    82.531167523336));
#12441 = SURFACE_CURVE('',#12442,(#12446,#12453),.PCURVE_S1.);
#12442 = B_SPLINE_CURVE_WITH_KNOTS('',2,(#12443,#12444,#12445),
  .UNSPECIFIED.,.F.,.F.,(3,3),(0.,1.),.PIECEWISE_BEZIER_KNOTS.);
#12443 = CARTESIAN_POINT('',(55.79295190903,18.171765706925,
    83.245749445427));
#12444 = CARTESIAN_POINT('',(80.488898595559,29.758157866428,
    82.503522527937));
#12445 = CARTESIAN_POINT('',(102.3642741972,40.314633203444,
    82.531167523336));
#12446 = PCURVE('',#6703,#12447);
#12447 = DEFINITIONAL_REPRESENTATION('',(#12448),#12452);
#12448 = LINE('',#12449,#12450);
#12449 = CARTESIAN_POINT('',(34.,0.));
#12450 = VECTOR('',#12451,1.);
#12451 = DIRECTION('',(0.,1.));
#12452 = ( GEOMETRIC_REPRESENTATION_CONTEXT(2) 
PARAMETRIC_REPRESENTATION_CONTEXT() REPRESENTATION_CONTEXT('2D SPACE',''
  ) );
#12453 = PCURVE('',#6739,#12454);
#12454 = DEFINITIONAL_REPRESENTATION('',(#12455),#12459);
#12455 = LINE('',#12456,#12457);
#12456 = CARTESIAN_POINT('',(34.,0.));
#12457 = VECTOR('',#12458,1.);
#12458 = DIRECTION('',(0.,1.));
#12459 = ( GEOMETRIC_REPRESENTATION_CONTEXT(2) 
PARAMETRIC_REPRESENTATION_CONTEXT() REPRESENTATION_CONTEXT('2D SPACE',''
  ) );
#12460 = ORIENTED_EDGE('',*,*,#6683,.F.);
#12461 = ORIENTED_EDGE('',*,*,#12344,.T.);
#12462 = ORIENTED_EDGE('',*,*,#12463,.F.);
#12463 = EDGE_CURVE('',#12439,#12345,#12464,.T.);
#12464 = SURFACE_CURVE('',#12465,(#12468,#12475),.PCURVE_S1.);
#12465 = B_SPLINE_CURVE_WITH_KNOTS('',1,(#12466,#12467),.UNSPECIFIED.,
  .F.,.F.,(2,2),(34.,35.),.PIECEWISE_BEZIER_KNOTS.);
#12466 = CARTESIAN_POINT('',(102.3642741972,40.314633203444,
    82.531167523336));
#12467 = CARTESIAN_POINT('',(102.6717730463,39.57226531153,
    81.331412989897));
#12468 = PCURVE('',#6703,#12469);
#12469 = DEFINITIONAL_REPRESENTATION('',(#12470),#12474);
#12470 = LINE('',#12471,#12472);
#12471 = CARTESIAN_POINT('',(0.,1.));
#12472 = VECTOR('',#12473,1.);
#12473 = DIRECTION('',(1.,0.));
#12474 = ( GEOMETRIC_REPRESENTATION_CONTEXT(2) 
PARAMETRIC_REPRESENTATION_CONTEXT() REPRESENTATION_CONTEXT('2D SPACE',''
  ) );
#12475 = PCURVE('',#11625,#12476);
#12476 = DEFINITIONAL_REPRESENTATION('',(#12477),#12480);
#12477 = B_SPLINE_CURVE_WITH_KNOTS('',1,(#12478,#12479),.UNSPECIFIED.,
  .F.,.F.,(2,2),(34.,35.),.PIECEWISE_BEZIER_KNOTS.);
#12478 = CARTESIAN_POINT('',(7.032279291744,6.537109638608E-02));
#12479 = CARTESIAN_POINT('',(5.591494779503,-3.063181469616E-02));
#12480 = ( GEOMETRIC_REPRESENTATION_CONTEXT(2) 
PARAMETRIC_REPRESENTATION_CONTEXT() REPRESENTATION_CONTEXT('2D SPACE',''
  ) );
#12481 = ADVANCED_FACE('',(#12482),#7531,.T.);
#12482 = FACE_BOUND('',#12483,.T.);
#12483 = EDGE_LOOP('',(#12484,#12485,#12486,#12509));
#12484 = ORIENTED_EDGE('',*,*,#12393,.F.);
#12485 = ORIENTED_EDGE('',*,*,#7511,.F.);
#12486 = ORIENTED_EDGE('',*,*,#12487,.T.);
#12487 = EDGE_CURVE('',#7476,#12488,#12490,.T.);
#12488 = VERTEX_POINT('',#12489);
#12489 = CARTESIAN_POINT('',(100.58775813843,44.603522366301,
    87.308575522958));
#12490 = SURFACE_CURVE('',#12491,(#12495,#12502),.PCURVE_S1.);
#12491 = B_SPLINE_CURVE_WITH_KNOTS('',2,(#12492,#12493,#12494),
  .UNSPECIFIED.,.F.,.F.,(3,3),(0.,1.),.PIECEWISE_BEZIER_KNOTS.);
#12492 = CARTESIAN_POINT('',(52.234300724261,26.76310966095,
    84.959215502296));
#12493 = CARTESIAN_POINT('',(77.67912908745,36.541541520046,
    86.641955762793));
#12494 = CARTESIAN_POINT('',(100.58775813843,44.603522366301,
    87.308575522958));
#12495 = PCURVE('',#7531,#12496);
#12496 = DEFINITIONAL_REPRESENTATION('',(#12497),#12501);
#12497 = LINE('',#12498,#12499);
#12498 = CARTESIAN_POINT('',(12.,0.));
#12499 = VECTOR('',#12500,1.);
#12500 = DIRECTION('',(0.,1.));
#12501 = ( GEOMETRIC_REPRESENTATION_CONTEXT(2) 
PARAMETRIC_REPRESENTATION_CONTEXT() REPRESENTATION_CONTEXT('2D SPACE',''
  ) );
#12502 = PCURVE('',#7495,#12503);
#12503 = DEFINITIONAL_REPRESENTATION('',(#12504),#12508);
#12504 = LINE('',#12505,#12506);
#12505 = CARTESIAN_POINT('',(12.,0.));
#12506 = VECTOR('',#12507,1.);
#12507 = DIRECTION('',(0.,1.));
#12508 = ( GEOMETRIC_REPRESENTATION_CONTEXT(2) 
PARAMETRIC_REPRESENTATION_CONTEXT() REPRESENTATION_CONTEXT('2D SPACE',''
  ) );
#12509 = ORIENTED_EDGE('',*,*,#12510,.F.);
#12510 = EDGE_CURVE('',#12394,#12488,#12511,.T.);
#12511 = SURFACE_CURVE('',#12512,(#12515,#12522),.PCURVE_S1.);
#12512 = B_SPLINE_CURVE_WITH_KNOTS('',1,(#12513,#12514),.UNSPECIFIED.,
  .F.,.F.,(2,2),(11.,12.),.PIECEWISE_BEZIER_KNOTS.);
#12513 = CARTESIAN_POINT('',(100.84293431262,43.987472585764,
    85.803230313802));
#12514 = CARTESIAN_POINT('',(100.58775813843,44.603522366301,
    87.308575522958));
#12515 = PCURVE('',#7531,#12516);
#12516 = DEFINITIONAL_REPRESENTATION('',(#12517),#12521);
#12517 = LINE('',#12518,#12519);
#12518 = CARTESIAN_POINT('',(0.,1.));
#12519 = VECTOR('',#12520,1.);
#12520 = DIRECTION('',(1.,0.));
#12521 = ( GEOMETRIC_REPRESENTATION_CONTEXT(2) 
PARAMETRIC_REPRESENTATION_CONTEXT() REPRESENTATION_CONTEXT('2D SPACE',''
  ) );
#12522 = PCURVE('',#11625,#12523);
#12523 = DEFINITIONAL_REPRESENTATION('',(#12524),#12527);
#12524 = B_SPLINE_CURVE_WITH_KNOTS('',1,(#12525,#12526),.UNSPECIFIED.,
  .F.,.F.,(2,2),(11.,12.),.PIECEWISE_BEZIER_KNOTS.);
#12525 = CARTESIAN_POINT('',(11.853695141241,1.8721827312));
#12526 = CARTESIAN_POINT('',(13.490766072558,1.696982341522));
#12527 = ( GEOMETRIC_REPRESENTATION_CONTEXT(2) 
PARAMETRIC_REPRESENTATION_CONTEXT() REPRESENTATION_CONTEXT('2D SPACE',''
  ) );
#12528 = ADVANCED_FACE('',(#12529),#6739,.T.);
#12529 = FACE_BOUND('',#12530,.T.);
#12530 = EDGE_LOOP('',(#12531,#12554,#12555,#12556));
#12531 = ORIENTED_EDGE('',*,*,#12532,.F.);
#12532 = EDGE_CURVE('',#6720,#12533,#12535,.T.);
#12533 = VERTEX_POINT('',#12534);
#12534 = CARTESIAN_POINT('',(102.04888625369,41.076047054056,
    83.818309682033));
#12535 = SURFACE_CURVE('',#12536,(#12540,#12547),.PCURVE_S1.);
#12536 = B_SPLINE_CURVE_WITH_KNOTS('',2,(#12537,#12538,#12539),
  .UNSPECIFIED.,.F.,.F.,(3,3),(0.,1.),.PIECEWISE_BEZIER_KNOTS.);
#12537 = CARTESIAN_POINT('',(55.112620005632,19.814232215025,
    84.195770030153));
#12538 = CARTESIAN_POINT('',(79.987709286307,30.96813589414,
    83.793523971452));
#12539 = CARTESIAN_POINT('',(102.04888625369,41.076047054056,
    83.818309682033));
#12540 = PCURVE('',#6739,#12541);
#12541 = DEFINITIONAL_REPRESENTATION('',(#12542),#12546);
#12542 = LINE('',#12543,#12544);
#12543 = CARTESIAN_POINT('',(33.,0.));
#12544 = VECTOR('',#12545,1.);
#12545 = DIRECTION('',(0.,1.));
#12546 = ( GEOMETRIC_REPRESENTATION_CONTEXT(2) 
PARAMETRIC_REPRESENTATION_CONTEXT() REPRESENTATION_CONTEXT('2D SPACE',''
  ) );
#12547 = PCURVE('',#6775,#12548);
#12548 = DEFINITIONAL_REPRESENTATION('',(#12549),#12553);
#12549 = LINE('',#12550,#12551);
#12550 = CARTESIAN_POINT('',(33.,0.));
#12551 = VECTOR('',#12552,1.);
#12552 = DIRECTION('',(0.,1.));
#12553 = ( GEOMETRIC_REPRESENTATION_CONTEXT(2) 
PARAMETRIC_REPRESENTATION_CONTEXT() REPRESENTATION_CONTEXT('2D SPACE',''
  ) );
#12554 = ORIENTED_EDGE('',*,*,#6719,.F.);
#12555 = ORIENTED_EDGE('',*,*,#12438,.T.);
#12556 = ORIENTED_EDGE('',*,*,#12557,.F.);
#12557 = EDGE_CURVE('',#12533,#12439,#12558,.T.);
#12558 = SURFACE_CURVE('',#12559,(#12562,#12569),.PCURVE_S1.);
#12559 = B_SPLINE_CURVE_WITH_KNOTS('',1,(#12560,#12561),.UNSPECIFIED.,
  .F.,.F.,(2,2),(33.,34.),.PIECEWISE_BEZIER_KNOTS.);
#12560 = CARTESIAN_POINT('',(102.04888625369,41.076047054056,
    83.818309682033));
#12561 = CARTESIAN_POINT('',(102.3642741972,40.314633203444,
    82.531167523336));
#12562 = PCURVE('',#6739,#12563);
#12563 = DEFINITIONAL_REPRESENTATION('',(#12564),#12568);
#12564 = LINE('',#12565,#12566);
#12565 = CARTESIAN_POINT('',(0.,1.));
#12566 = VECTOR('',#12567,1.);
#12567 = DIRECTION('',(1.,0.));
#12568 = ( GEOMETRIC_REPRESENTATION_CONTEXT(2) 
PARAMETRIC_REPRESENTATION_CONTEXT() REPRESENTATION_CONTEXT('2D SPACE',''
  ) );
#12569 = PCURVE('',#11625,#12570);
#12570 = DEFINITIONAL_REPRESENTATION('',(#12571),#12574);
#12571 = B_SPLINE_CURVE_WITH_KNOTS('',1,(#12572,#12573),.UNSPECIFIED.,
  .F.,.F.,(2,2),(33.,34.),.PIECEWISE_BEZIER_KNOTS.);
#12572 = CARTESIAN_POINT('',(8.559051306007,0.135533479269));
#12573 = CARTESIAN_POINT('',(7.032279291744,6.537109638608E-02));
#12574 = ( GEOMETRIC_REPRESENTATION_CONTEXT(2) 
PARAMETRIC_REPRESENTATION_CONTEXT() REPRESENTATION_CONTEXT('2D SPACE',''
  ) );
#12575 = ADVANCED_FACE('',(#12576),#7495,.T.);
#12576 = FACE_BOUND('',#12577,.T.);
#12577 = EDGE_LOOP('',(#12578,#12579,#12580,#12603));
#12578 = ORIENTED_EDGE('',*,*,#12487,.F.);
#12579 = ORIENTED_EDGE('',*,*,#7475,.F.);
#12580 = ORIENTED_EDGE('',*,*,#12581,.T.);
#12581 = EDGE_CURVE('',#7440,#12582,#12584,.T.);
#12582 = VERTEX_POINT('',#12583);
#12583 = CARTESIAN_POINT('',(100.35743033364,45.159582876397,
    88.782166444134));
#12584 = SURFACE_CURVE('',#12585,(#12589,#12596),.PCURVE_S1.);
#12585 = B_SPLINE_CURVE_WITH_KNOTS('',2,(#12586,#12587,#12588),
  .UNSPECIFIED.,.F.,.F.,(3,3),(0.,1.),.PIECEWISE_BEZIER_KNOTS.);
#12586 = CARTESIAN_POINT('',(51.62161596917,28.24226150615,
    86.473422977206));
#12587 = CARTESIAN_POINT('',(77.2853298275,37.492257034271,
    88.284594664473));
#12588 = CARTESIAN_POINT('',(100.35743033364,45.159582876397,
    88.782166444134));
#12589 = PCURVE('',#7495,#12590);
#12590 = DEFINITIONAL_REPRESENTATION('',(#12591),#12595);
#12591 = LINE('',#12592,#12593);
#12592 = CARTESIAN_POINT('',(13.,0.));
#12593 = VECTOR('',#12594,1.);
#12594 = DIRECTION('',(0.,1.));
#12595 = ( GEOMETRIC_REPRESENTATION_CONTEXT(2) 
PARAMETRIC_REPRESENTATION_CONTEXT() REPRESENTATION_CONTEXT('2D SPACE',''
  ) );
#12596 = PCURVE('',#7459,#12597);
#12597 = DEFINITIONAL_REPRESENTATION('',(#12598),#12602);
#12598 = LINE('',#12599,#12600);
#12599 = CARTESIAN_POINT('',(13.,0.));
#12600 = VECTOR('',#12601,1.);
#12601 = DIRECTION('',(0.,1.));
#12602 = ( GEOMETRIC_REPRESENTATION_CONTEXT(2) 
PARAMETRIC_REPRESENTATION_CONTEXT() REPRESENTATION_CONTEXT('2D SPACE',''
  ) );
#12603 = ORIENTED_EDGE('',*,*,#12604,.F.);
#12604 = EDGE_CURVE('',#12488,#12582,#12605,.T.);
#12605 = SURFACE_CURVE('',#12606,(#12609,#12616),.PCURVE_S1.);
#12606 = B_SPLINE_CURVE_WITH_KNOTS('',1,(#12607,#12608),.UNSPECIFIED.,
  .F.,.F.,(2,2),(12.,13.),.PIECEWISE_BEZIER_KNOTS.);
#12607 = CARTESIAN_POINT('',(100.58775813843,44.603522366301,
    87.308575522958));
#12608 = CARTESIAN_POINT('',(100.35743033364,45.159582876397,
    88.782166444134));
#12609 = PCURVE('',#7495,#12610);
#12610 = DEFINITIONAL_REPRESENTATION('',(#12611),#12615);
#12611 = LINE('',#12612,#12613);
#12612 = CARTESIAN_POINT('',(0.,1.));
#12613 = VECTOR('',#12614,1.);
#12614 = DIRECTION('',(1.,0.));
#12615 = ( GEOMETRIC_REPRESENTATION_CONTEXT(2) 
PARAMETRIC_REPRESENTATION_CONTEXT() REPRESENTATION_CONTEXT('2D SPACE',''
  ) );
#12616 = PCURVE('',#11625,#12617);
#12617 = DEFINITIONAL_REPRESENTATION('',(#12618),#12621);
#12618 = B_SPLINE_CURVE_WITH_KNOTS('',1,(#12619,#12620),.UNSPECIFIED.,
  .F.,.F.,(2,2),(12.,13.),.PIECEWISE_BEZIER_KNOTS.);
#12619 = CARTESIAN_POINT('',(13.490766072558,1.696982341522));
#12620 = CARTESIAN_POINT('',(15.067871024591,1.481426404962));
#12621 = ( GEOMETRIC_REPRESENTATION_CONTEXT(2) 
PARAMETRIC_REPRESENTATION_CONTEXT() REPRESENTATION_CONTEXT('2D SPACE',''
  ) );
#12622 = ADVANCED_FACE('',(#12623),#6775,.T.);
#12623 = FACE_BOUND('',#12624,.T.);
#12624 = EDGE_LOOP('',(#12625,#12648,#12649,#12650));
#12625 = ORIENTED_EDGE('',*,*,#12626,.F.);
#12626 = EDGE_CURVE('',#6756,#12627,#12629,.T.);
#12627 = VERTEX_POINT('',#12628);
#12628 = CARTESIAN_POINT('',(101.72763995621,41.851604222296,
    85.18475785701));
#12629 = SURFACE_CURVE('',#12630,(#12634,#12641),.PCURVE_S1.);
#12630 = B_SPLINE_CURVE_WITH_KNOTS('',2,(#12631,#12632,#12633),
  .UNSPECIFIED.,.F.,.F.,(3,3),(0.,1.),.PIECEWISE_BEZIER_KNOTS.);
#12631 = CARTESIAN_POINT('',(54.395591740607,21.545291577053,
    85.254051409862));
#12632 = CARTESIAN_POINT('',(79.469095686032,32.220179881554,
    85.185451821224));
#12633 = CARTESIAN_POINT('',(101.72763995621,41.851604222296,
    85.18475785701));
#12634 = PCURVE('',#6775,#12635);
#12635 = DEFINITIONAL_REPRESENTATION('',(#12636),#12640);
#12636 = LINE('',#12637,#12638);
#12637 = CARTESIAN_POINT('',(32.,0.));
#12638 = VECTOR('',#12639,1.);
#12639 = DIRECTION('',(0.,1.));
#12640 = ( GEOMETRIC_REPRESENTATION_CONTEXT(2) 
PARAMETRIC_REPRESENTATION_CONTEXT() REPRESENTATION_CONTEXT('2D SPACE',''
  ) );
#12641 = PCURVE('',#6811,#12642);
#12642 = DEFINITIONAL_REPRESENTATION('',(#12643),#12647);
#12643 = LINE('',#12644,#12645);
#12644 = CARTESIAN_POINT('',(32.,0.));
#12645 = VECTOR('',#12646,1.);
#12646 = DIRECTION('',(0.,1.));
#12647 = ( GEOMETRIC_REPRESENTATION_CONTEXT(2) 
PARAMETRIC_REPRESENTATION_CONTEXT() REPRESENTATION_CONTEXT('2D SPACE',''
  ) );
#12648 = ORIENTED_EDGE('',*,*,#6755,.F.);
#12649 = ORIENTED_EDGE('',*,*,#12532,.T.);
#12650 = ORIENTED_EDGE('',*,*,#12651,.F.);
#12651 = EDGE_CURVE('',#12627,#12533,#12652,.T.);
#12652 = SURFACE_CURVE('',#12653,(#12656,#12663),.PCURVE_S1.);
#12653 = B_SPLINE_CURVE_WITH_KNOTS('',1,(#12654,#12655),.UNSPECIFIED.,
  .F.,.F.,(2,2),(32.,33.),.PIECEWISE_BEZIER_KNOTS.);
#12654 = CARTESIAN_POINT('',(101.72763995621,41.851604222296,
    85.18475785701));
#12655 = CARTESIAN_POINT('',(102.04888625369,41.076047054056,
    83.818309682033));
#12656 = PCURVE('',#6775,#12657);
#12657 = DEFINITIONAL_REPRESENTATION('',(#12658),#12662);
#12658 = LINE('',#12659,#12660);
#12659 = CARTESIAN_POINT('',(0.,1.));
#12660 = VECTOR('',#12661,1.);
#12661 = DIRECTION('',(1.,0.));
#12662 = ( GEOMETRIC_REPRESENTATION_CONTEXT(2) 
PARAMETRIC_REPRESENTATION_CONTEXT() REPRESENTATION_CONTEXT('2D SPACE',''
  ) );
#12663 = PCURVE('',#11625,#12664);
#12664 = DEFINITIONAL_REPRESENTATION('',(#12665),#12668);
#12665 = B_SPLINE_CURVE_WITH_KNOTS('',1,(#12666,#12667),.UNSPECIFIED.,
  .F.,.F.,(2,2),(32.,33.),.PIECEWISE_BEZIER_KNOTS.);
#12666 = CARTESIAN_POINT('',(10.162158653384,0.179300504959));
#12667 = CARTESIAN_POINT('',(8.559051306007,0.135533479269));
#12668 = ( GEOMETRIC_REPRESENTATION_CONTEXT(2) 
PARAMETRIC_REPRESENTATION_CONTEXT() REPRESENTATION_CONTEXT('2D SPACE',''
  ) );
#12669 = ADVANCED_FACE('',(#12670),#7459,.T.);
#12670 = FACE_BOUND('',#12671,.T.);
#12671 = EDGE_LOOP('',(#12672,#12673,#12674,#12697));
#12672 = ORIENTED_EDGE('',*,*,#12581,.F.);
#12673 = ORIENTED_EDGE('',*,*,#7439,.F.);
#12674 = ORIENTED_EDGE('',*,*,#12675,.T.);
#12675 = EDGE_CURVE('',#7404,#12676,#12678,.T.);
#12676 = VERTEX_POINT('',#12677);
#12677 = CARTESIAN_POINT('',(100.15449614484,45.649509347269,
    90.187211617259));
#12678 = SURFACE_CURVE('',#12679,(#12683,#12690),.PCURVE_S1.);
#12679 = B_SPLINE_CURVE_WITH_KNOTS('',2,(#12680,#12681,#12682),
  .UNSPECIFIED.,.F.,.F.,(3,3),(0.,1.),.PIECEWISE_BEZIER_KNOTS.);
#12680 = CARTESIAN_POINT('',(51.064739147753,29.586681080986,
    87.959812804482));
#12681 = CARTESIAN_POINT('',(76.933788673589,38.340952455776,
    89.863746384998));
#12682 = CARTESIAN_POINT('',(100.15449614484,45.649509347269,
    90.187211617259));
#12683 = PCURVE('',#7459,#12684);
#12684 = DEFINITIONAL_REPRESENTATION('',(#12685),#12689);
#12685 = LINE('',#12686,#12687);
#12686 = CARTESIAN_POINT('',(14.,0.));
#12687 = VECTOR('',#12688,1.);
#12688 = DIRECTION('',(0.,1.));
#12689 = ( GEOMETRIC_REPRESENTATION_CONTEXT(2) 
PARAMETRIC_REPRESENTATION_CONTEXT() REPRESENTATION_CONTEXT('2D SPACE',''
  ) );
#12690 = PCURVE('',#7423,#12691);
#12691 = DEFINITIONAL_REPRESENTATION('',(#12692),#12696);
#12692 = LINE('',#12693,#12694);
#12693 = CARTESIAN_POINT('',(14.,0.));
#12694 = VECTOR('',#12695,1.);
#12695 = DIRECTION('',(0.,1.));
#12696 = ( GEOMETRIC_REPRESENTATION_CONTEXT(2) 
PARAMETRIC_REPRESENTATION_CONTEXT() REPRESENTATION_CONTEXT('2D SPACE',''
  ) );
#12697 = ORIENTED_EDGE('',*,*,#12698,.F.);
#12698 = EDGE_CURVE('',#12582,#12676,#12699,.T.);
#12699 = SURFACE_CURVE('',#12700,(#12703,#12710),.PCURVE_S1.);
#12700 = B_SPLINE_CURVE_WITH_KNOTS('',1,(#12701,#12702),.UNSPECIFIED.,
  .F.,.F.,(2,2),(13.,14.),.PIECEWISE_BEZIER_KNOTS.);
#12701 = CARTESIAN_POINT('',(100.35743033364,45.159582876397,
    88.782166444134));
#12702 = CARTESIAN_POINT('',(100.15449614484,45.649509347269,
    90.187211617259));
#12703 = PCURVE('',#7459,#12704);
#12704 = DEFINITIONAL_REPRESENTATION('',(#12705),#12709);
#12705 = LINE('',#12706,#12707);
#12706 = CARTESIAN_POINT('',(0.,1.));
#12707 = VECTOR('',#12708,1.);
#12708 = DIRECTION('',(1.,0.));
#12709 = ( GEOMETRIC_REPRESENTATION_CONTEXT(2) 
PARAMETRIC_REPRESENTATION_CONTEXT() REPRESENTATION_CONTEXT('2D SPACE',''
  ) );
#12710 = PCURVE('',#11625,#12711);
#12711 = DEFINITIONAL_REPRESENTATION('',(#12712),#12715);
#12712 = B_SPLINE_CURVE_WITH_KNOTS('',1,(#12713,#12714),.UNSPECIFIED.,
  .F.,.F.,(2,2),(13.,14.),.PIECEWISE_BEZIER_KNOTS.);
#12713 = CARTESIAN_POINT('',(15.067871024591,1.481426404962));
#12714 = CARTESIAN_POINT('',(16.549822133377,1.238150673461));
#12715 = ( GEOMETRIC_REPRESENTATION_CONTEXT(2) 
PARAMETRIC_REPRESENTATION_CONTEXT() REPRESENTATION_CONTEXT('2D SPACE',''
  ) );
#12716 = ADVANCED_FACE('',(#12717),#6811,.T.);
#12717 = FACE_BOUND('',#12718,.T.);
#12718 = EDGE_LOOP('',(#12719,#12742,#12743,#12744));
#12719 = ORIENTED_EDGE('',*,*,#12720,.F.);
#12720 = EDGE_CURVE('',#6792,#12721,#12723,.T.);
#12721 = VERTEX_POINT('',#12722);
#12722 = CARTESIAN_POINT('',(101.40509112057,42.630305995843,
    86.578224949295));
#12723 = SURFACE_CURVE('',#12724,(#12728,#12735),.PCURVE_S1.);
#12724 = B_SPLINE_CURVE_WITH_KNOTS('',2,(#12725,#12726,#12727),
  .UNSPECIFIED.,.F.,.F.,(3,3),(0.,1.),.PIECEWISE_BEZIER_KNOTS.);
#12725 = CARTESIAN_POINT('',(53.666838214235,23.304658224047,
    86.34840982764));
#12726 = CARTESIAN_POINT('',(78.944706847947,33.486166526416,
    86.610624058818));
#12727 = CARTESIAN_POINT('',(101.40509112057,42.630305995843,
    86.578224949295));
#12728 = PCURVE('',#6811,#12729);
#12729 = DEFINITIONAL_REPRESENTATION('',(#12730),#12734);
#12730 = LINE('',#12731,#12732);
#12731 = CARTESIAN_POINT('',(31.,0.));
#12732 = VECTOR('',#12733,1.);
#12733 = DIRECTION('',(0.,1.));
#12734 = ( GEOMETRIC_REPRESENTATION_CONTEXT(2) 
PARAMETRIC_REPRESENTATION_CONTEXT() REPRESENTATION_CONTEXT('2D SPACE',''
  ) );
#12735 = PCURVE('',#6847,#12736);
#12736 = DEFINITIONAL_REPRESENTATION('',(#12737),#12741);
#12737 = LINE('',#12738,#12739);
#12738 = CARTESIAN_POINT('',(31.,0.));
#12739 = VECTOR('',#12740,1.);
#12740 = DIRECTION('',(0.,1.));
#12741 = ( GEOMETRIC_REPRESENTATION_CONTEXT(2) 
PARAMETRIC_REPRESENTATION_CONTEXT() REPRESENTATION_CONTEXT('2D SPACE',''
  ) );
#12742 = ORIENTED_EDGE('',*,*,#6791,.F.);
#12743 = ORIENTED_EDGE('',*,*,#12626,.T.);
#12744 = ORIENTED_EDGE('',*,*,#12745,.F.);
#12745 = EDGE_CURVE('',#12721,#12627,#12746,.T.);
#12746 = SURFACE_CURVE('',#12747,(#12750,#12757),.PCURVE_S1.);
#12747 = B_SPLINE_CURVE_WITH_KNOTS('',1,(#12748,#12749),.UNSPECIFIED.,
  .F.,.F.,(2,2),(31.,32.),.PIECEWISE_BEZIER_KNOTS.);
#12748 = CARTESIAN_POINT('',(101.40509112057,42.630305995843,
    86.578224949295));
#12749 = CARTESIAN_POINT('',(101.72763995621,41.851604222296,
    85.18475785701));
#12750 = PCURVE('',#6811,#12751);
#12751 = DEFINITIONAL_REPRESENTATION('',(#12752),#12756);
#12752 = LINE('',#12753,#12754);
#12753 = CARTESIAN_POINT('',(0.,1.));
#12754 = VECTOR('',#12755,1.);
#12755 = DIRECTION('',(1.,0.));
#12756 = ( GEOMETRIC_REPRESENTATION_CONTEXT(2) 
PARAMETRIC_REPRESENTATION_CONTEXT() REPRESENTATION_CONTEXT('2D SPACE',''
  ) );
#12757 = PCURVE('',#11625,#12758);
#12758 = DEFINITIONAL_REPRESENTATION('',(#12759),#12762);
#12759 = B_SPLINE_CURVE_WITH_KNOTS('',1,(#12760,#12761),.UNSPECIFIED.,
  .F.,.F.,(2,2),(31.,32.),.PIECEWISE_BEZIER_KNOTS.);
#12760 = CARTESIAN_POINT('',(11.79036691766,0.21250575942));
#12761 = CARTESIAN_POINT('',(10.162158653384,0.179300504959));
#12762 = ( GEOMETRIC_REPRESENTATION_CONTEXT(2) 
PARAMETRIC_REPRESENTATION_CONTEXT() REPRESENTATION_CONTEXT('2D SPACE',''
  ) );
#12763 = ADVANCED_FACE('',(#12764),#7423,.T.);
#12764 = FACE_BOUND('',#12765,.T.);
#12765 = EDGE_LOOP('',(#12766,#12767,#12768,#12791));
#12766 = ORIENTED_EDGE('',*,*,#12675,.F.);
#12767 = ORIENTED_EDGE('',*,*,#7403,.F.);
#12768 = ORIENTED_EDGE('',*,*,#12769,.T.);
#12769 = EDGE_CURVE('',#7368,#12770,#12772,.T.);
#12770 = VERTEX_POINT('',#12771);
#12771 = CARTESIAN_POINT('',(99.980410833587,46.069788466724,
    91.488342166972));
#12772 = SURFACE_CURVE('',#12773,(#12777,#12784),.PCURVE_S1.);
#12773 = B_SPLINE_CURVE_WITH_KNOTS('',2,(#12774,#12775,#12776),
  .UNSPECIFIED.,.F.,.F.,(3,3),(0.,1.),.PIECEWISE_BEZIER_KNOTS.);
#12774 = CARTESIAN_POINT('',(50.57188976002,30.776524757059,
    89.370877068045));
#12775 = CARTESIAN_POINT('',(76.628120170174,39.078901502309,
    91.336443824057));
#12776 = CARTESIAN_POINT('',(99.980410833587,46.069788466724,
    91.488342166972));
#12777 = PCURVE('',#7423,#12778);
#12778 = DEFINITIONAL_REPRESENTATION('',(#12779),#12783);
#12779 = LINE('',#12780,#12781);
#12780 = CARTESIAN_POINT('',(15.,0.));
#12781 = VECTOR('',#12782,1.);
#12782 = DIRECTION('',(0.,1.));
#12783 = ( GEOMETRIC_REPRESENTATION_CONTEXT(2) 
PARAMETRIC_REPRESENTATION_CONTEXT() REPRESENTATION_CONTEXT('2D SPACE',''
  ) );
#12784 = PCURVE('',#7387,#12785);
#12785 = DEFINITIONAL_REPRESENTATION('',(#12786),#12790);
#12786 = LINE('',#12787,#12788);
#12787 = CARTESIAN_POINT('',(15.,0.));
#12788 = VECTOR('',#12789,1.);
#12789 = DIRECTION('',(0.,1.));
#12790 = ( GEOMETRIC_REPRESENTATION_CONTEXT(2) 
PARAMETRIC_REPRESENTATION_CONTEXT() REPRESENTATION_CONTEXT('2D SPACE',''
  ) );
#12791 = ORIENTED_EDGE('',*,*,#12792,.F.);
#12792 = EDGE_CURVE('',#12676,#12770,#12793,.T.);
#12793 = SURFACE_CURVE('',#12794,(#12797,#12804),.PCURVE_S1.);
#12794 = B_SPLINE_CURVE_WITH_KNOTS('',1,(#12795,#12796),.UNSPECIFIED.,
  .F.,.F.,(2,2),(14.,15.),.PIECEWISE_BEZIER_KNOTS.);
#12795 = CARTESIAN_POINT('',(100.15449614484,45.649509347269,
    90.187211617259));
#12796 = CARTESIAN_POINT('',(99.980410833587,46.069788466724,
    91.488342166972));
#12797 = PCURVE('',#7423,#12798);
#12798 = DEFINITIONAL_REPRESENTATION('',(#12799),#12803);
#12799 = LINE('',#12800,#12801);
#12800 = CARTESIAN_POINT('',(0.,1.));
#12801 = VECTOR('',#12802,1.);
#12802 = DIRECTION('',(1.,0.));
#12803 = ( GEOMETRIC_REPRESENTATION_CONTEXT(2) 
PARAMETRIC_REPRESENTATION_CONTEXT() REPRESENTATION_CONTEXT('2D SPACE',''
  ) );
#12804 = PCURVE('',#11625,#12805);
#12805 = DEFINITIONAL_REPRESENTATION('',(#12806),#12809);
#12806 = B_SPLINE_CURVE_WITH_KNOTS('',1,(#12807,#12808),.UNSPECIFIED.,
  .F.,.F.,(2,2),(14.,15.),.PIECEWISE_BEZIER_KNOTS.);
#12807 = CARTESIAN_POINT('',(16.549822133377,1.238150673461));
#12808 = CARTESIAN_POINT('',(17.90408766349,0.98154627913));
#12809 = ( GEOMETRIC_REPRESENTATION_CONTEXT(2) 
PARAMETRIC_REPRESENTATION_CONTEXT() REPRESENTATION_CONTEXT('2D SPACE',''
  ) );
#12810 = ADVANCED_FACE('',(#12811),#6847,.T.);
#12811 = FACE_BOUND('',#12812,.T.);
#12812 = EDGE_LOOP('',(#12813,#12836,#12837,#12838));
#12813 = ORIENTED_EDGE('',*,*,#12814,.F.);
#12814 = EDGE_CURVE('',#6828,#12815,#12817,.T.);
#12815 = VERTEX_POINT('',#12816);
#12816 = CARTESIAN_POINT('',(101.09031469328,43.390243515711,
    87.967390127887));
#12817 = SURFACE_CURVE('',#12818,(#12822,#12829),.PCURVE_S1.);
#12818 = B_SPLINE_CURVE_WITH_KNOTS('',2,(#12819,#12820,#12821),
  .UNSPECIFIED.,.F.,.F.,(3,3),(0.,1.),.PIECEWISE_BEZIER_KNOTS.);
#12819 = CARTESIAN_POINT('',(52.947005444158,25.042488260208,
    87.458100635913));
#12820 = CARTESIAN_POINT('',(78.429444407902,34.730120097354,
    88.037669961887));
#12821 = CARTESIAN_POINT('',(101.09031469328,43.390243515711,
    87.967390127887));
#12822 = PCURVE('',#6847,#12823);
#12823 = DEFINITIONAL_REPRESENTATION('',(#12824),#12828);
#12824 = LINE('',#12825,#12826);
#12825 = CARTESIAN_POINT('',(30.,0.));
#12826 = VECTOR('',#12827,1.);
#12827 = DIRECTION('',(0.,1.));
#12828 = ( GEOMETRIC_REPRESENTATION_CONTEXT(2) 
PARAMETRIC_REPRESENTATION_CONTEXT() REPRESENTATION_CONTEXT('2D SPACE',''
  ) );
#12829 = PCURVE('',#6883,#12830);
#12830 = DEFINITIONAL_REPRESENTATION('',(#12831),#12835);
#12831 = LINE('',#12832,#12833);
#12832 = CARTESIAN_POINT('',(30.,0.));
#12833 = VECTOR('',#12834,1.);
#12834 = DIRECTION('',(0.,1.));
#12835 = ( GEOMETRIC_REPRESENTATION_CONTEXT(2) 
PARAMETRIC_REPRESENTATION_CONTEXT() REPRESENTATION_CONTEXT('2D SPACE',''
  ) );
#12836 = ORIENTED_EDGE('',*,*,#6827,.F.);
#12837 = ORIENTED_EDGE('',*,*,#12720,.T.);
#12838 = ORIENTED_EDGE('',*,*,#12839,.F.);
#12839 = EDGE_CURVE('',#12815,#12721,#12840,.T.);
#12840 = SURFACE_CURVE('',#12841,(#12844,#12851),.PCURVE_S1.);
#12841 = B_SPLINE_CURVE_WITH_KNOTS('',1,(#12842,#12843),.UNSPECIFIED.,
  .F.,.F.,(2,2),(30.,31.),.PIECEWISE_BEZIER_KNOTS.);
#12842 = CARTESIAN_POINT('',(101.09031469328,43.390243515711,
    87.967390127887));
#12843 = CARTESIAN_POINT('',(101.40509112057,42.630305995843,
    86.578224949295));
#12844 = PCURVE('',#6847,#12845);
#12845 = DEFINITIONAL_REPRESENTATION('',(#12846),#12850);
#12846 = LINE('',#12847,#12848);
#12847 = CARTESIAN_POINT('',(0.,1.));
#12848 = VECTOR('',#12849,1.);
#12849 = DIRECTION('',(1.,0.));
#12850 = ( GEOMETRIC_REPRESENTATION_CONTEXT(2) 
PARAMETRIC_REPRESENTATION_CONTEXT() REPRESENTATION_CONTEXT('2D SPACE',''
  ) );
#12851 = PCURVE('',#11625,#12852);
#12852 = DEFINITIONAL_REPRESENTATION('',(#12853),#12856);
#12853 = B_SPLINE_CURVE_WITH_KNOTS('',1,(#12854,#12855),.UNSPECIFIED.,
  .F.,.F.,(2,2),(30.,31.),.PIECEWISE_BEZIER_KNOTS.);
#12854 = CARTESIAN_POINT('',(13.404694474481,0.230272750708));
#12855 = CARTESIAN_POINT('',(11.79036691766,0.21250575942));
#12856 = ( GEOMETRIC_REPRESENTATION_CONTEXT(2) 
PARAMETRIC_REPRESENTATION_CONTEXT() REPRESENTATION_CONTEXT('2D SPACE',''
  ) );
#12857 = ADVANCED_FACE('',(#12858),#7387,.T.);
#12858 = FACE_BOUND('',#12859,.T.);
#12859 = EDGE_LOOP('',(#12860,#12861,#12862,#12885));
#12860 = ORIENTED_EDGE('',*,*,#12769,.F.);
#12861 = ORIENTED_EDGE('',*,*,#7367,.F.);
#12862 = ORIENTED_EDGE('',*,*,#12863,.T.);
#12863 = EDGE_CURVE('',#7332,#12864,#12866,.T.);
#12864 = VERTEX_POINT('',#12865);
#12865 = CARTESIAN_POINT('',(99.835625710479,46.419330674559,
    92.652480546588));
#12866 = SURFACE_CURVE('',#12867,(#12871,#12878),.PCURVE_S1.);
#12867 = B_SPLINE_CURVE_WITH_KNOTS('',2,(#12868,#12869,#12870),
  .UNSPECIFIED.,.F.,.F.,(3,3),(0.,1.),.PIECEWISE_BEZIER_KNOTS.);
#12868 = CARTESIAN_POINT('',(50.149156056798,31.797094196651,
    90.66032608884));
#12869 = CARTESIAN_POINT('',(76.370407531641,39.70107484945,
    92.662053493107));
#12870 = CARTESIAN_POINT('',(99.835625710479,46.419330674559,
    92.652480546588));
#12871 = PCURVE('',#7387,#12872);
#12872 = DEFINITIONAL_REPRESENTATION('',(#12873),#12877);
#12873 = LINE('',#12874,#12875);
#12874 = CARTESIAN_POINT('',(16.,0.));
#12875 = VECTOR('',#12876,1.);
#12876 = DIRECTION('',(0.,1.));
#12877 = ( GEOMETRIC_REPRESENTATION_CONTEXT(2) 
PARAMETRIC_REPRESENTATION_CONTEXT() REPRESENTATION_CONTEXT('2D SPACE',''
  ) );
#12878 = PCURVE('',#7351,#12879);
#12879 = DEFINITIONAL_REPRESENTATION('',(#12880),#12884);
#12880 = LINE('',#12881,#12882);
#12881 = CARTESIAN_POINT('',(16.,0.));
#12882 = VECTOR('',#12883,1.);
#12883 = DIRECTION('',(0.,1.));
#12884 = ( GEOMETRIC_REPRESENTATION_CONTEXT(2) 
PARAMETRIC_REPRESENTATION_CONTEXT() REPRESENTATION_CONTEXT('2D SPACE',''
  ) );
#12885 = ORIENTED_EDGE('',*,*,#12886,.F.);
#12886 = EDGE_CURVE('',#12770,#12864,#12887,.T.);
#12887 = SURFACE_CURVE('',#12888,(#12891,#12898),.PCURVE_S1.);
#12888 = B_SPLINE_CURVE_WITH_KNOTS('',1,(#12889,#12890),.UNSPECIFIED.,
  .F.,.F.,(2,2),(15.,16.),.PIECEWISE_BEZIER_KNOTS.);
#12889 = CARTESIAN_POINT('',(99.980410833587,46.069788466724,
    91.488342166972));
#12890 = CARTESIAN_POINT('',(99.835625710479,46.419330674559,
    92.652480546588));
#12891 = PCURVE('',#7387,#12892);
#12892 = DEFINITIONAL_REPRESENTATION('',(#12893),#12897);
#12893 = LINE('',#12894,#12895);
#12894 = CARTESIAN_POINT('',(0.,1.));
#12895 = VECTOR('',#12896,1.);
#12896 = DIRECTION('',(1.,0.));
#12897 = ( GEOMETRIC_REPRESENTATION_CONTEXT(2) 
PARAMETRIC_REPRESENTATION_CONTEXT() REPRESENTATION_CONTEXT('2D SPACE',''
  ) );
#12898 = PCURVE('',#11625,#12899);
#12899 = DEFINITIONAL_REPRESENTATION('',(#12900),#12903);
#12900 = B_SPLINE_CURVE_WITH_KNOTS('',1,(#12901,#12902),.UNSPECIFIED.,
  .F.,.F.,(2,2),(15.,16.),.PIECEWISE_BEZIER_KNOTS.);
#12901 = CARTESIAN_POINT('',(17.90408766349,0.98154627913));
#12902 = CARTESIAN_POINT('',(19.101431953475,0.727130664305));
#12903 = ( GEOMETRIC_REPRESENTATION_CONTEXT(2) 
PARAMETRIC_REPRESENTATION_CONTEXT() REPRESENTATION_CONTEXT('2D SPACE',''
  ) );
#12904 = ADVANCED_FACE('',(#12905),#6883,.T.);
#12905 = FACE_BOUND('',#12906,.T.);
#12906 = EDGE_LOOP('',(#12907,#12930,#12931,#12932));
#12907 = ORIENTED_EDGE('',*,*,#12908,.F.);
#12908 = EDGE_CURVE('',#6864,#12909,#12911,.T.);
#12909 = VERTEX_POINT('',#12910);
#12910 = CARTESIAN_POINT('',(100.79087461351,44.113155817403,
    89.322661824809));
#12911 = SURFACE_CURVE('',#12912,(#12916,#12923),.PCURVE_S1.);
#12912 = B_SPLINE_CURVE_WITH_KNOTS('',2,(#12913,#12914,#12915),
  .UNSPECIFIED.,.F.,.F.,(3,3),(0.,1.),.PIECEWISE_BEZIER_KNOTS.);
#12913 = CARTESIAN_POINT('',(52.252640244413,26.718834142673,
    88.563360497444));
#12914 = CARTESIAN_POINT('',(77.935695019516,35.922136567209,
    89.437843947987));
#12915 = CARTESIAN_POINT('',(100.79087461351,44.113155817403,
    89.322661824809));
#12916 = PCURVE('',#6883,#12917);
#12917 = DEFINITIONAL_REPRESENTATION('',(#12918),#12922);
#12918 = LINE('',#12919,#12920);
#12919 = CARTESIAN_POINT('',(29.,0.));
#12920 = VECTOR('',#12921,1.);
#12921 = DIRECTION('',(0.,1.));
#12922 = ( GEOMETRIC_REPRESENTATION_CONTEXT(2) 
PARAMETRIC_REPRESENTATION_CONTEXT() REPRESENTATION_CONTEXT('2D SPACE',''
  ) );
#12923 = PCURVE('',#6919,#12924);
#12924 = DEFINITIONAL_REPRESENTATION('',(#12925),#12929);
#12925 = LINE('',#12926,#12927);
#12926 = CARTESIAN_POINT('',(29.,0.));
#12927 = VECTOR('',#12928,1.);
#12928 = DIRECTION('',(0.,1.));
#12929 = ( GEOMETRIC_REPRESENTATION_CONTEXT(2) 
PARAMETRIC_REPRESENTATION_CONTEXT() REPRESENTATION_CONTEXT('2D SPACE',''
  ) );
#12930 = ORIENTED_EDGE('',*,*,#6863,.F.);
#12931 = ORIENTED_EDGE('',*,*,#12814,.T.);
#12932 = ORIENTED_EDGE('',*,*,#12933,.F.);
#12933 = EDGE_CURVE('',#12909,#12815,#12934,.T.);
#12934 = SURFACE_CURVE('',#12935,(#12938,#12945),.PCURVE_S1.);
#12935 = B_SPLINE_CURVE_WITH_KNOTS('',1,(#12936,#12937),.UNSPECIFIED.,
  .F.,.F.,(2,2),(29.,30.),.PIECEWISE_BEZIER_KNOTS.);
#12936 = CARTESIAN_POINT('',(100.79087461351,44.113155817403,
    89.322661824809));
#12937 = CARTESIAN_POINT('',(101.09031469328,43.390243515711,
    87.967390127887));
#12938 = PCURVE('',#6883,#12939);
#12939 = DEFINITIONAL_REPRESENTATION('',(#12940),#12944);
#12940 = LINE('',#12941,#12942);
#12941 = CARTESIAN_POINT('',(0.,1.));
#12942 = VECTOR('',#12943,1.);
#12943 = DIRECTION('',(1.,0.));
#12944 = ( GEOMETRIC_REPRESENTATION_CONTEXT(2) 
PARAMETRIC_REPRESENTATION_CONTEXT() REPRESENTATION_CONTEXT('2D SPACE',''
  ) );
#12945 = PCURVE('',#11625,#12946);
#12946 = DEFINITIONAL_REPRESENTATION('',(#12947),#12950);
#12947 = B_SPLINE_CURVE_WITH_KNOTS('',1,(#12948,#12949),.UNSPECIFIED.,
  .F.,.F.,(2,2),(29.,30.),.PIECEWISE_BEZIER_KNOTS.);
#12948 = CARTESIAN_POINT('',(14.969631511469,0.230279815573));
#12949 = CARTESIAN_POINT('',(13.404694474481,0.230272750708));
#12950 = ( GEOMETRIC_REPRESENTATION_CONTEXT(2) 
PARAMETRIC_REPRESENTATION_CONTEXT() REPRESENTATION_CONTEXT('2D SPACE',''
  ) );
#12951 = ADVANCED_FACE('',(#12952),#7351,.T.);
#12952 = FACE_BOUND('',#12953,.T.);
#12953 = EDGE_LOOP('',(#12954,#12955,#12956,#12979));
#12954 = ORIENTED_EDGE('',*,*,#12863,.F.);
#12955 = ORIENTED_EDGE('',*,*,#7331,.F.);
#12956 = ORIENTED_EDGE('',*,*,#12957,.T.);
#12957 = EDGE_CURVE('',#7296,#12958,#12960,.T.);
#12958 = VERTEX_POINT('',#12959);
#12959 = CARTESIAN_POINT('',(99.719736834199,46.699111171404,
    93.649695089254));
#12960 = SURFACE_CURVE('',#12961,(#12965,#12972),.PCURVE_S1.);
#12961 = B_SPLINE_CURVE_WITH_KNOTS('',2,(#12962,#12963,#12964),
  .UNSPECIFIED.,.F.,.F.,(3,3),(0.,1.),.PIECEWISE_BEZIER_KNOTS.);
#12962 = CARTESIAN_POINT('',(49.8006267443,32.638518389767,
    91.784589289813));
#12963 = CARTESIAN_POINT('',(76.161365630188,40.205746643042,
    93.803372332438));
#12964 = CARTESIAN_POINT('',(99.719736834199,46.699111171404,
    93.649695089254));
#12965 = PCURVE('',#7351,#12966);
#12966 = DEFINITIONAL_REPRESENTATION('',(#12967),#12971);
#12967 = LINE('',#12968,#12969);
#12968 = CARTESIAN_POINT('',(17.,0.));
#12969 = VECTOR('',#12970,1.);
#12970 = DIRECTION('',(0.,1.));
#12971 = ( GEOMETRIC_REPRESENTATION_CONTEXT(2) 
PARAMETRIC_REPRESENTATION_CONTEXT() REPRESENTATION_CONTEXT('2D SPACE',''
  ) );
#12972 = PCURVE('',#7315,#12973);
#12973 = DEFINITIONAL_REPRESENTATION('',(#12974),#12978);
#12974 = LINE('',#12975,#12976);
#12975 = CARTESIAN_POINT('',(17.,0.));
#12976 = VECTOR('',#12977,1.);
#12977 = DIRECTION('',(0.,1.));
#12978 = ( GEOMETRIC_REPRESENTATION_CONTEXT(2) 
PARAMETRIC_REPRESENTATION_CONTEXT() REPRESENTATION_CONTEXT('2D SPACE',''
  ) );
#12979 = ORIENTED_EDGE('',*,*,#12980,.F.);
#12980 = EDGE_CURVE('',#12864,#12958,#12981,.T.);
#12981 = SURFACE_CURVE('',#12982,(#12985,#12992),.PCURVE_S1.);
#12982 = B_SPLINE_CURVE_WITH_KNOTS('',1,(#12983,#12984),.UNSPECIFIED.,
  .F.,.F.,(2,2),(16.,17.),.PIECEWISE_BEZIER_KNOTS.);
#12983 = CARTESIAN_POINT('',(99.835625710479,46.419330674559,
    92.652480546588));
#12984 = CARTESIAN_POINT('',(99.719736834199,46.699111171404,
    93.649695089254));
#12985 = PCURVE('',#7351,#12986);
#12986 = DEFINITIONAL_REPRESENTATION('',(#12987),#12991);
#12987 = LINE('',#12988,#12989);
#12988 = CARTESIAN_POINT('',(0.,1.));
#12989 = VECTOR('',#12990,1.);
#12990 = DIRECTION('',(1.,0.));
#12991 = ( GEOMETRIC_REPRESENTATION_CONTEXT(2) 
PARAMETRIC_REPRESENTATION_CONTEXT() REPRESENTATION_CONTEXT('2D SPACE',''
  ) );
#12992 = PCURVE('',#11625,#12993);
#12993 = DEFINITIONAL_REPRESENTATION('',(#12994),#12997);
#12994 = B_SPLINE_CURVE_WITH_KNOTS('',1,(#12995,#12996),.UNSPECIFIED.,
  .F.,.F.,(2,2),(16.,17.),.PIECEWISE_BEZIER_KNOTS.);
#12995 = CARTESIAN_POINT('',(19.101431953475,0.727130664305));
#12996 = CARTESIAN_POINT('',(20.116461194236,0.490783795139));
#12997 = ( GEOMETRIC_REPRESENTATION_CONTEXT(2) 
PARAMETRIC_REPRESENTATION_CONTEXT() REPRESENTATION_CONTEXT('2D SPACE',''
  ) );
#12998 = ADVANCED_FACE('',(#12999),#6919,.T.);
#12999 = FACE_BOUND('',#13000,.T.);
#13000 = EDGE_LOOP('',(#13001,#13024,#13025,#13026));
#13001 = ORIENTED_EDGE('',*,*,#13002,.F.);
#13002 = EDGE_CURVE('',#6900,#13003,#13005,.T.);
#13003 = VERTEX_POINT('',#13004);
#13004 = CARTESIAN_POINT('',(100.51323215064,44.783444016759,
    90.613373379925));
#13005 = SURFACE_CURVE('',#13006,(#13010,#13017),.PCURVE_S1.);
#13006 = B_SPLINE_CURVE_WITH_KNOTS('',2,(#13007,#13008,#13009),
  .UNSPECIFIED.,.F.,.F.,(3,3),(0.,1.),.PIECEWISE_BEZIER_KNOTS.);
#13007 = CARTESIAN_POINT('',(51.599255855112,28.296243596766,
    89.639176225916));
#13008 = CARTESIAN_POINT('',(77.47446661523,37.035640436188,
    90.779624451626));
#13009 = CARTESIAN_POINT('',(100.51323215064,44.783444016759,
    90.613373379925));
#13010 = PCURVE('',#6919,#13011);
#13011 = DEFINITIONAL_REPRESENTATION('',(#13012),#13016);
#13012 = LINE('',#13013,#13014);
#13013 = CARTESIAN_POINT('',(28.,0.));
#13014 = VECTOR('',#13015,1.);
#13015 = DIRECTION('',(0.,1.));
#13016 = ( GEOMETRIC_REPRESENTATION_CONTEXT(2) 
PARAMETRIC_REPRESENTATION_CONTEXT() REPRESENTATION_CONTEXT('2D SPACE',''
  ) );
#13017 = PCURVE('',#6955,#13018);
#13018 = DEFINITIONAL_REPRESENTATION('',(#13019),#13023);
#13019 = LINE('',#13020,#13021);
#13020 = CARTESIAN_POINT('',(28.,0.));
#13021 = VECTOR('',#13022,1.);
#13022 = DIRECTION('',(0.,1.));
#13023 = ( GEOMETRIC_REPRESENTATION_CONTEXT(2) 
PARAMETRIC_REPRESENTATION_CONTEXT() REPRESENTATION_CONTEXT('2D SPACE',''
  ) );
#13024 = ORIENTED_EDGE('',*,*,#6899,.F.);
#13025 = ORIENTED_EDGE('',*,*,#12908,.T.);
#13026 = ORIENTED_EDGE('',*,*,#13027,.F.);
#13027 = EDGE_CURVE('',#13003,#12909,#13028,.T.);
#13028 = SURFACE_CURVE('',#13029,(#13032,#13039),.PCURVE_S1.);
#13029 = B_SPLINE_CURVE_WITH_KNOTS('',1,(#13030,#13031),.UNSPECIFIED.,
  .F.,.F.,(2,2),(28.,29.),.PIECEWISE_BEZIER_KNOTS.);
#13030 = CARTESIAN_POINT('',(100.51323215064,44.783444016759,
    90.613373379925));
#13031 = CARTESIAN_POINT('',(100.79087461351,44.113155817403,
    89.322661824809));
#13032 = PCURVE('',#6919,#13033);
#13033 = DEFINITIONAL_REPRESENTATION('',(#13034),#13038);
#13034 = LINE('',#13035,#13036);
#13035 = CARTESIAN_POINT('',(0.,1.));
#13036 = VECTOR('',#13037,1.);
#13037 = DIRECTION('',(1.,0.));
#13038 = ( GEOMETRIC_REPRESENTATION_CONTEXT(2) 
PARAMETRIC_REPRESENTATION_CONTEXT() REPRESENTATION_CONTEXT('2D SPACE',''
  ) );
#13039 = PCURVE('',#11625,#13040);
#13040 = DEFINITIONAL_REPRESENTATION('',(#13041),#13044);
#13041 = B_SPLINE_CURVE_WITH_KNOTS('',1,(#13042,#13043),.UNSPECIFIED.,
  .F.,.F.,(2,2),(28.,29.),.PIECEWISE_BEZIER_KNOTS.);
#13042 = CARTESIAN_POINT('',(16.450177866623,0.213238215428));
#13043 = CARTESIAN_POINT('',(14.969631511469,0.230279815573));
#13044 = ( GEOMETRIC_REPRESENTATION_CONTEXT(2) 
PARAMETRIC_REPRESENTATION_CONTEXT() REPRESENTATION_CONTEXT('2D SPACE',''
  ) );
#13045 = ADVANCED_FACE('',(#13046),#7315,.T.);
#13046 = FACE_BOUND('',#13047,.T.);
#13047 = EDGE_LOOP('',(#13048,#13049,#13050,#13073));
#13048 = ORIENTED_EDGE('',*,*,#12957,.F.);
#13049 = ORIENTED_EDGE('',*,*,#7295,.F.);
#13050 = ORIENTED_EDGE('',*,*,#13051,.T.);
#13051 = EDGE_CURVE('',#7260,#13052,#13054,.T.);
#13052 = VERTEX_POINT('',#13053);
#13053 = CARTESIAN_POINT('',(99.631717186513,46.911609398602,
    94.45404195739));
#13054 = SURFACE_CURVE('',#13055,(#13059,#13066),.PCURVE_S1.);
#13055 = B_SPLINE_CURVE_WITH_KNOTS('',2,(#13056,#13057,#13058),
  .UNSPECIFIED.,.F.,.F.,(3,3),(0.,1.),.PIECEWISE_BEZIER_KNOTS.);
#13056 = CARTESIAN_POINT('',(49.528660867595,33.295102097812,
    92.704481728364));
#13057 = CARTESIAN_POINT('',(76.000627913627,40.59380181835,
    94.727772443209));
#13058 = CARTESIAN_POINT('',(99.631717186513,46.911609398602,
    94.45404195739));
#13059 = PCURVE('',#7315,#13060);
#13060 = DEFINITIONAL_REPRESENTATION('',(#13061),#13065);
#13061 = LINE('',#13062,#13063);
#13062 = CARTESIAN_POINT('',(18.,0.));
#13063 = VECTOR('',#13064,1.);
#13064 = DIRECTION('',(0.,1.));
#13065 = ( GEOMETRIC_REPRESENTATION_CONTEXT(2) 
PARAMETRIC_REPRESENTATION_CONTEXT() REPRESENTATION_CONTEXT('2D SPACE',''
  ) );
#13066 = PCURVE('',#7279,#13067);
#13067 = DEFINITIONAL_REPRESENTATION('',(#13068),#13072);
#13068 = LINE('',#13069,#13070);
#13069 = CARTESIAN_POINT('',(18.,0.));
#13070 = VECTOR('',#13071,1.);
#13071 = DIRECTION('',(0.,1.));
#13072 = ( GEOMETRIC_REPRESENTATION_CONTEXT(2) 
PARAMETRIC_REPRESENTATION_CONTEXT() REPRESENTATION_CONTEXT('2D SPACE',''
  ) );
#13073 = ORIENTED_EDGE('',*,*,#13074,.F.);
#13074 = EDGE_CURVE('',#12958,#13052,#13075,.T.);
#13075 = SURFACE_CURVE('',#13076,(#13079,#13086),.PCURVE_S1.);
#13076 = B_SPLINE_CURVE_WITH_KNOTS('',1,(#13077,#13078),.UNSPECIFIED.,
  .F.,.F.,(2,2),(17.,18.),.PIECEWISE_BEZIER_KNOTS.);
#13077 = CARTESIAN_POINT('',(99.719736834199,46.699111171404,
    93.649695089254));
#13078 = CARTESIAN_POINT('',(99.631717186513,46.911609398602,
    94.45404195739));
#13079 = PCURVE('',#7315,#13080);
#13080 = DEFINITIONAL_REPRESENTATION('',(#13081),#13085);
#13081 = LINE('',#13082,#13083);
#13082 = CARTESIAN_POINT('',(0.,1.));
#13083 = VECTOR('',#13084,1.);
#13084 = DIRECTION('',(1.,0.));
#13085 = ( GEOMETRIC_REPRESENTATION_CONTEXT(2) 
PARAMETRIC_REPRESENTATION_CONTEXT() REPRESENTATION_CONTEXT('2D SPACE',''
  ) );
#13086 = PCURVE('',#11625,#13087);
#13087 = DEFINITIONAL_REPRESENTATION('',(#13088),#13091);
#13088 = B_SPLINE_CURVE_WITH_KNOTS('',1,(#13089,#13090),.UNSPECIFIED.,
  .F.,.F.,(2,2),(17.,18.),.PIECEWISE_BEZIER_KNOTS.);
#13089 = CARTESIAN_POINT('',(20.116461194236,0.490783795139));
#13090 = CARTESIAN_POINT('',(20.928049227344,0.287801767025));
#13091 = ( GEOMETRIC_REPRESENTATION_CONTEXT(2) 
PARAMETRIC_REPRESENTATION_CONTEXT() REPRESENTATION_CONTEXT('2D SPACE',''
  ) );
#13092 = ADVANCED_FACE('',(#13093),#6955,.T.);
#13093 = FACE_BOUND('',#13094,.T.);
#13094 = EDGE_LOOP('',(#13095,#13118,#13119,#13120));
#13095 = ORIENTED_EDGE('',*,*,#13096,.F.);
#13096 = EDGE_CURVE('',#6936,#13097,#13099,.T.);
#13097 = VERTEX_POINT('',#13098);
#13098 = CARTESIAN_POINT('',(100.2627428753,45.38817862251,
    91.808754134346));
#13099 = SURFACE_CURVE('',#13100,(#13104,#13111),.PCURVE_S1.);
#13100 = B_SPLINE_CURVE_WITH_KNOTS('',2,(#13101,#13102,#13103),
  .UNSPECIFIED.,.F.,.F.,(3,3),(0.,1.),.PIECEWISE_BEZIER_KNOTS.);
#13101 = CARTESIAN_POINT('',(51.001083583779,29.740359206854,
    90.656648791298));
#13102 = CARTESIAN_POINT('',(77.055309214161,38.047575918619,
    92.029944435698));
#13103 = CARTESIAN_POINT('',(100.2627428753,45.38817862251,
    91.808754134346));
#13104 = PCURVE('',#6955,#13105);
#13105 = DEFINITIONAL_REPRESENTATION('',(#13106),#13110);
#13106 = LINE('',#13107,#13108);
#13107 = CARTESIAN_POINT('',(27.,0.));
#13108 = VECTOR('',#13109,1.);
#13109 = DIRECTION('',(0.,1.));
#13110 = ( GEOMETRIC_REPRESENTATION_CONTEXT(2) 
PARAMETRIC_REPRESENTATION_CONTEXT() REPRESENTATION_CONTEXT('2D SPACE',''
  ) );
#13111 = PCURVE('',#6991,#13112);
#13112 = DEFINITIONAL_REPRESENTATION('',(#13113),#13117);
#13113 = LINE('',#13114,#13115);
#13114 = CARTESIAN_POINT('',(27.,0.));
#13115 = VECTOR('',#13116,1.);
#13116 = DIRECTION('',(0.,1.));
#13117 = ( GEOMETRIC_REPRESENTATION_CONTEXT(2) 
PARAMETRIC_REPRESENTATION_CONTEXT() REPRESENTATION_CONTEXT('2D SPACE',''
  ) );
#13118 = ORIENTED_EDGE('',*,*,#6935,.F.);
#13119 = ORIENTED_EDGE('',*,*,#13002,.T.);
#13120 = ORIENTED_EDGE('',*,*,#13121,.F.);
#13121 = EDGE_CURVE('',#13097,#13003,#13122,.T.);
#13122 = SURFACE_CURVE('',#13123,(#13126,#13133),.PCURVE_S1.);
#13123 = B_SPLINE_CURVE_WITH_KNOTS('',1,(#13124,#13125),.UNSPECIFIED.,
  .F.,.F.,(2,2),(27.,28.),.PIECEWISE_BEZIER_KNOTS.);
#13124 = CARTESIAN_POINT('',(100.2627428753,45.38817862251,
    91.808754134346));
#13125 = CARTESIAN_POINT('',(100.51323215064,44.783444016759,
    90.613373379925));
#13126 = PCURVE('',#6955,#13127);
#13127 = DEFINITIONAL_REPRESENTATION('',(#13128),#13132);
#13128 = LINE('',#13129,#13130);
#13129 = CARTESIAN_POINT('',(0.,1.));
#13130 = VECTOR('',#13131,1.);
#13131 = DIRECTION('',(1.,0.));
#13132 = ( GEOMETRIC_REPRESENTATION_CONTEXT(2) 
PARAMETRIC_REPRESENTATION_CONTEXT() REPRESENTATION_CONTEXT('2D SPACE',''
  ) );
#13133 = PCURVE('',#11625,#13134);
#13134 = DEFINITIONAL_REPRESENTATION('',(#13135),#13138);
#13135 = B_SPLINE_CURVE_WITH_KNOTS('',1,(#13136,#13137),.UNSPECIFIED.,
  .F.,.F.,(2,2),(27.,28.),.PIECEWISE_BEZIER_KNOTS.);
#13136 = CARTESIAN_POINT('',(17.812687977403,0.182413444284));
#13137 = CARTESIAN_POINT('',(16.450177866623,0.213238215428));
#13138 = ( GEOMETRIC_REPRESENTATION_CONTEXT(2) 
PARAMETRIC_REPRESENTATION_CONTEXT() REPRESENTATION_CONTEXT('2D SPACE',''
  ) );
#13139 = ADVANCED_FACE('',(#13140),#7279,.T.);
#13140 = FACE_BOUND('',#13141,.T.);
#13141 = EDGE_LOOP('',(#13142,#13143,#13144,#13167));
#13142 = ORIENTED_EDGE('',*,*,#13051,.F.);
#13143 = ORIENTED_EDGE('',*,*,#7259,.F.);
#13144 = ORIENTED_EDGE('',*,*,#13145,.T.);
#13145 = EDGE_CURVE('',#7224,#13146,#13148,.T.);
#13146 = VERTEX_POINT('',#13147);
#13147 = CARTESIAN_POINT('',(99.570226950989,47.060059959157,
    95.044363061895));
#13148 = SURFACE_CURVE('',#13149,(#13153,#13160),.PCURVE_S1.);
#13149 = B_SPLINE_CURVE_WITH_KNOTS('',2,(#13150,#13151,#13152),
  .UNSPECIFIED.,.F.,.F.,(3,3),(0.,1.),.PIECEWISE_BEZIER_KNOTS.);
#13150 = CARTESIAN_POINT('',(49.334298750473,33.764333756978,
    93.386987543867));
#13151 = CARTESIAN_POINT('',(75.887156199904,40.867746768565,
    95.408353648613));
#13152 = CARTESIAN_POINT('',(99.570226950989,47.060059959157,
    95.044363061895));
#13153 = PCURVE('',#7279,#13154);
#13154 = DEFINITIONAL_REPRESENTATION('',(#13155),#13159);
#13155 = LINE('',#13156,#13157);
#13156 = CARTESIAN_POINT('',(19.,0.));
#13157 = VECTOR('',#13158,1.);
#13158 = DIRECTION('',(0.,1.));
#13159 = ( GEOMETRIC_REPRESENTATION_CONTEXT(2) 
PARAMETRIC_REPRESENTATION_CONTEXT() REPRESENTATION_CONTEXT('2D SPACE',''
  ) );
#13160 = PCURVE('',#7243,#13161);
#13161 = DEFINITIONAL_REPRESENTATION('',(#13162),#13166);
#13162 = LINE('',#13163,#13164);
#13163 = CARTESIAN_POINT('',(19.,0.));
#13164 = VECTOR('',#13165,1.);
#13165 = DIRECTION('',(0.,1.));
#13166 = ( GEOMETRIC_REPRESENTATION_CONTEXT(2) 
PARAMETRIC_REPRESENTATION_CONTEXT() REPRESENTATION_CONTEXT('2D SPACE',''
  ) );
#13167 = ORIENTED_EDGE('',*,*,#13168,.F.);
#13168 = EDGE_CURVE('',#13052,#13146,#13169,.T.);
#13169 = SURFACE_CURVE('',#13170,(#13173,#13180),.PCURVE_S1.);
#13170 = B_SPLINE_CURVE_WITH_KNOTS('',1,(#13171,#13172),.UNSPECIFIED.,
  .F.,.F.,(2,2),(18.,19.),.PIECEWISE_BEZIER_KNOTS.);
#13171 = CARTESIAN_POINT('',(99.631717186513,46.911609398602,
    94.45404195739));
#13172 = CARTESIAN_POINT('',(99.570226950989,47.060059959157,
    95.044363061895));
#13173 = PCURVE('',#7279,#13174);
#13174 = DEFINITIONAL_REPRESENTATION('',(#13175),#13179);
#13175 = LINE('',#13176,#13177);
#13176 = CARTESIAN_POINT('',(0.,1.));
#13177 = VECTOR('',#13178,1.);
#13178 = DIRECTION('',(1.,0.));
#13179 = ( GEOMETRIC_REPRESENTATION_CONTEXT(2) 
PARAMETRIC_REPRESENTATION_CONTEXT() REPRESENTATION_CONTEXT('2D SPACE',''
  ) );
#13180 = PCURVE('',#11625,#13181);
#13181 = DEFINITIONAL_REPRESENTATION('',(#13182),#13185);
#13182 = B_SPLINE_CURVE_WITH_KNOTS('',1,(#13183,#13184),.UNSPECIFIED.,
  .F.,.F.,(2,2),(18.,19.),.PIECEWISE_BEZIER_KNOTS.);
#13183 = CARTESIAN_POINT('',(20.928049227344,0.287801767025));
#13184 = CARTESIAN_POINT('',(21.519623164673,0.131795673901));
#13185 = ( GEOMETRIC_REPRESENTATION_CONTEXT(2) 
PARAMETRIC_REPRESENTATION_CONTEXT() REPRESENTATION_CONTEXT('2D SPACE',''
  ) );
#13186 = ADVANCED_FACE('',(#13187),#6991,.T.);
#13187 = FACE_BOUND('',#13188,.T.);
#13188 = EDGE_LOOP('',(#13189,#13212,#13213,#13214));
#13189 = ORIENTED_EDGE('',*,*,#13190,.F.);
#13190 = EDGE_CURVE('',#6972,#13191,#13193,.T.);
#13191 = VERTEX_POINT('',#13192);
#13192 = CARTESIAN_POINT('',(100.04376718774,45.916832697257,
    92.879064221958));
#13193 = SURFACE_CURVE('',#13194,(#13198,#13205),.PCURVE_S1.);
#13194 = B_SPLINE_CURVE_WITH_KNOTS('',2,(#13195,#13196,#13197),
  .UNSPECIFIED.,.F.,.F.,(3,3),(0.,1.),.PIECEWISE_BEZIER_KNOTS.);
#13195 = CARTESIAN_POINT('',(50.470948432913,31.020218677963,
    91.58499215802));
#13196 = CARTESIAN_POINT('',(76.686388134582,38.938230192383,
    93.155768308041));
#13197 = CARTESIAN_POINT('',(100.04376718774,45.916832697257,
    92.879064221958));
#13198 = PCURVE('',#6991,#13199);
#13199 = DEFINITIONAL_REPRESENTATION('',(#13200),#13204);
#13200 = LINE('',#13201,#13202);
#13201 = CARTESIAN_POINT('',(26.,0.));
#13202 = VECTOR('',#13203,1.);
#13203 = DIRECTION('',(0.,1.));
#13204 = ( GEOMETRIC_REPRESENTATION_CONTEXT(2) 
PARAMETRIC_REPRESENTATION_CONTEXT() REPRESENTATION_CONTEXT('2D SPACE',''
  ) );
#13205 = PCURVE('',#7027,#13206);
#13206 = DEFINITIONAL_REPRESENTATION('',(#13207),#13211);
#13207 = LINE('',#13208,#13209);
#13208 = CARTESIAN_POINT('',(26.,0.));
#13209 = VECTOR('',#13210,1.);
#13210 = DIRECTION('',(0.,1.));
#13211 = ( GEOMETRIC_REPRESENTATION_CONTEXT(2) 
PARAMETRIC_REPRESENTATION_CONTEXT() REPRESENTATION_CONTEXT('2D SPACE',''
  ) );
#13212 = ORIENTED_EDGE('',*,*,#6971,.F.);
#13213 = ORIENTED_EDGE('',*,*,#13096,.T.);
#13214 = ORIENTED_EDGE('',*,*,#13215,.F.);
#13215 = EDGE_CURVE('',#13191,#13097,#13216,.T.);
#13216 = SURFACE_CURVE('',#13217,(#13220,#13227),.PCURVE_S1.);
#13217 = B_SPLINE_CURVE_WITH_KNOTS('',1,(#13218,#13219),.UNSPECIFIED.,
  .F.,.F.,(2,2),(26.,27.),.PIECEWISE_BEZIER_KNOTS.);
#13218 = CARTESIAN_POINT('',(100.04376718774,45.916832697257,
    92.879064221958));
#13219 = CARTESIAN_POINT('',(100.2627428753,45.38817862251,
    91.808754134346));
#13220 = PCURVE('',#6991,#13221);
#13221 = DEFINITIONAL_REPRESENTATION('',(#13222),#13226);
#13222 = LINE('',#13223,#13224);
#13223 = CARTESIAN_POINT('',(0.,1.));
#13224 = VECTOR('',#13225,1.);
#13225 = DIRECTION('',(1.,0.));
#13226 = ( GEOMETRIC_REPRESENTATION_CONTEXT(2) 
PARAMETRIC_REPRESENTATION_CONTEXT() REPRESENTATION_CONTEXT('2D SPACE',''
  ) );
#13227 = PCURVE('',#11625,#13228);
#13228 = DEFINITIONAL_REPRESENTATION('',(#13229),#13232);
#13229 = B_SPLINE_CURVE_WITH_KNOTS('',1,(#13230,#13231),.UNSPECIFIED.,
  .F.,.F.,(2,2),(26.,27.),.PIECEWISE_BEZIER_KNOTS.);
#13230 = CARTESIAN_POINT('',(19.025709226781,0.142807703643));
#13231 = CARTESIAN_POINT('',(17.812687977403,0.182413444284));
#13232 = ( GEOMETRIC_REPRESENTATION_CONTEXT(2) 
PARAMETRIC_REPRESENTATION_CONTEXT() REPRESENTATION_CONTEXT('2D SPACE',''
  ) );
#13233 = ADVANCED_FACE('',(#13234),#7243,.T.);
#13234 = FACE_BOUND('',#13235,.T.);
#13235 = EDGE_LOOP('',(#13236,#13237,#13238,#13261));
#13236 = ORIENTED_EDGE('',*,*,#13145,.F.);
#13237 = ORIENTED_EDGE('',*,*,#7223,.F.);
#13238 = ORIENTED_EDGE('',*,*,#13239,.T.);
#13239 = EDGE_CURVE('',#7188,#13240,#13242,.T.);
#13240 = VERTEX_POINT('',#13241);
#13241 = CARTESIAN_POINT('',(99.533963801845,47.147606945636,
    95.404987424349));
#13242 = SURFACE_CURVE('',#13243,(#13247,#13254),.PCURVE_S1.);
#13243 = B_SPLINE_CURVE_WITH_KNOTS('',2,(#13244,#13245,#13246),
  .UNSPECIFIED.,.F.,.F.,(3,3),(0.,1.),.PIECEWISE_BEZIER_KNOTS.);
#13244 = CARTESIAN_POINT('',(49.217762216367,34.045677838129,
    93.806999004157));
#13245 = CARTESIAN_POINT('',(75.819721576597,41.030548350727,
    95.825010575971));
#13246 = CARTESIAN_POINT('',(99.533963801845,47.147606945636,
    95.404987424349));
#13247 = PCURVE('',#7243,#13248);
#13248 = DEFINITIONAL_REPRESENTATION('',(#13249),#13253);
#13249 = LINE('',#13250,#13251);
#13250 = CARTESIAN_POINT('',(20.,0.));
#13251 = VECTOR('',#13252,1.);
#13252 = DIRECTION('',(0.,1.));
#13253 = ( GEOMETRIC_REPRESENTATION_CONTEXT(2) 
PARAMETRIC_REPRESENTATION_CONTEXT() REPRESENTATION_CONTEXT('2D SPACE',''
  ) );
#13254 = PCURVE('',#7207,#13255);
#13255 = DEFINITIONAL_REPRESENTATION('',(#13256),#13260);
#13256 = LINE('',#13257,#13258);
#13257 = CARTESIAN_POINT('',(20.,0.));
#13258 = VECTOR('',#13259,1.);
#13259 = DIRECTION('',(0.,1.));
#13260 = ( GEOMETRIC_REPRESENTATION_CONTEXT(2) 
PARAMETRIC_REPRESENTATION_CONTEXT() REPRESENTATION_CONTEXT('2D SPACE',''
  ) );
#13261 = ORIENTED_EDGE('',*,*,#13262,.F.);
#13262 = EDGE_CURVE('',#13146,#13240,#13263,.T.);
#13263 = SURFACE_CURVE('',#13264,(#13267,#13274),.PCURVE_S1.);
#13264 = B_SPLINE_CURVE_WITH_KNOTS('',1,(#13265,#13266),.UNSPECIFIED.,
  .F.,.F.,(2,2),(19.,20.),.PIECEWISE_BEZIER_KNOTS.);
#13265 = CARTESIAN_POINT('',(99.570226950989,47.060059959157,
    95.044363061895));
#13266 = CARTESIAN_POINT('',(99.533963801845,47.147606945636,
    95.404987424349));
#13267 = PCURVE('',#7243,#13268);
#13268 = DEFINITIONAL_REPRESENTATION('',(#13269),#13273);
#13269 = LINE('',#13270,#13271);
#13270 = CARTESIAN_POINT('',(0.,1.));
#13271 = VECTOR('',#13272,1.);
#13272 = DIRECTION('',(1.,0.));
#13273 = ( GEOMETRIC_REPRESENTATION_CONTEXT(2) 
PARAMETRIC_REPRESENTATION_CONTEXT() REPRESENTATION_CONTEXT('2D SPACE',''
  ) );
#13274 = PCURVE('',#11625,#13275);
#13275 = DEFINITIONAL_REPRESENTATION('',(#13276),#13279);
#13276 = B_SPLINE_CURVE_WITH_KNOTS('',1,(#13277,#13278),.UNSPECIFIED.,
  .F.,.F.,(2,2),(19.,20.),.PIECEWISE_BEZIER_KNOTS.);
#13277 = CARTESIAN_POINT('',(21.519623164673,0.131795673901));
#13278 = CARTESIAN_POINT('',(21.879313111443,3.354821177135E-02));
#13279 = ( GEOMETRIC_REPRESENTATION_CONTEXT(2) 
PARAMETRIC_REPRESENTATION_CONTEXT() REPRESENTATION_CONTEXT('2D SPACE',''
  ) );
#13280 = ADVANCED_FACE('',(#13281),#7027,.T.);
#13281 = FACE_BOUND('',#13282,.T.);
#13282 = EDGE_LOOP('',(#13283,#13306,#13307,#13308));
#13283 = ORIENTED_EDGE('',*,*,#13284,.F.);
#13284 = EDGE_CURVE('',#7008,#13285,#13287,.T.);
#13285 = VERTEX_POINT('',#13286);
#13286 = CARTESIAN_POINT('',(99.859829312702,46.360898009816,
    93.796769632324));
#13287 = SURFACE_CURVE('',#13288,(#13292,#13299),.PCURVE_S1.);
#13288 = B_SPLINE_CURVE_WITH_KNOTS('',2,(#13289,#13290,#13291),
  .UNSPECIFIED.,.F.,.F.,(3,3),(0.,1.),.PIECEWISE_BEZIER_KNOTS.);
#13289 = CARTESIAN_POINT('',(50.020199904517,32.108421888439,
    92.393782373458));
#13290 = CARTESIAN_POINT('',(76.374620121747,39.690904757283,
    94.125781762074));
#13291 = CARTESIAN_POINT('',(99.859829312702,46.360898009816,
    93.796769632324));
#13292 = PCURVE('',#7027,#13293);
#13293 = DEFINITIONAL_REPRESENTATION('',(#13294),#13298);
#13294 = LINE('',#13295,#13296);
#13295 = CARTESIAN_POINT('',(25.,0.));
#13296 = VECTOR('',#13297,1.);
#13297 = DIRECTION('',(0.,1.));
#13298 = ( GEOMETRIC_REPRESENTATION_CONTEXT(2) 
PARAMETRIC_REPRESENTATION_CONTEXT() REPRESENTATION_CONTEXT('2D SPACE',''
  ) );
#13299 = PCURVE('',#7063,#13300);
#13300 = DEFINITIONAL_REPRESENTATION('',(#13301),#13305);
#13301 = LINE('',#13302,#13303);
#13302 = CARTESIAN_POINT('',(25.,0.));
#13303 = VECTOR('',#13304,1.);
#13304 = DIRECTION('',(0.,1.));
#13305 = ( GEOMETRIC_REPRESENTATION_CONTEXT(2) 
PARAMETRIC_REPRESENTATION_CONTEXT() REPRESENTATION_CONTEXT('2D SPACE',''
  ) );
#13306 = ORIENTED_EDGE('',*,*,#7007,.F.);
#13307 = ORIENTED_EDGE('',*,*,#13190,.T.);
#13308 = ORIENTED_EDGE('',*,*,#13309,.F.);
#13309 = EDGE_CURVE('',#13285,#13191,#13310,.T.);
#13310 = SURFACE_CURVE('',#13311,(#13314,#13321),.PCURVE_S1.);
#13311 = B_SPLINE_CURVE_WITH_KNOTS('',1,(#13312,#13313),.UNSPECIFIED.,
  .F.,.F.,(2,2),(25.,26.),.PIECEWISE_BEZIER_KNOTS.);
#13312 = CARTESIAN_POINT('',(99.859829312702,46.360898009816,
    93.796769632324));
#13313 = CARTESIAN_POINT('',(100.04376718774,45.916832697257,
    92.879064221958));
#13314 = PCURVE('',#7027,#13315);
#13315 = DEFINITIONAL_REPRESENTATION('',(#13316),#13320);
#13316 = LINE('',#13317,#13318);
#13317 = CARTESIAN_POINT('',(0.,1.));
#13318 = VECTOR('',#13319,1.);
#13319 = DIRECTION('',(1.,0.));
#13320 = ( GEOMETRIC_REPRESENTATION_CONTEXT(2) 
PARAMETRIC_REPRESENTATION_CONTEXT() REPRESENTATION_CONTEXT('2D SPACE',''
  ) );
#13321 = PCURVE('',#11625,#13322);
#13322 = DEFINITIONAL_REPRESENTATION('',(#13323),#13326);
#13323 = B_SPLINE_CURVE_WITH_KNOTS('',1,(#13324,#13325),.UNSPECIFIED.,
  .F.,.F.,(2,2),(25.,26.),.PIECEWISE_BEZIER_KNOTS.);
#13324 = CARTESIAN_POINT('',(20.060791840716,0.100212560277));
#13325 = CARTESIAN_POINT('',(19.025709226781,0.142807703643));
#13326 = ( GEOMETRIC_REPRESENTATION_CONTEXT(2) 
PARAMETRIC_REPRESENTATION_CONTEXT() REPRESENTATION_CONTEXT('2D SPACE',''
  ) );
#13327 = ADVANCED_FACE('',(#13328),#7207,.T.);
#13328 = FACE_BOUND('',#13329,.T.);
#13329 = EDGE_LOOP('',(#13330,#13331,#13332,#13355));
#13330 = ORIENTED_EDGE('',*,*,#13239,.F.);
#13331 = ORIENTED_EDGE('',*,*,#7187,.F.);
#13332 = ORIENTED_EDGE('',*,*,#13333,.T.);
#13333 = EDGE_CURVE('',#7152,#13334,#13336,.T.);
#13334 = VERTEX_POINT('',#13335);
#13335 = CARTESIAN_POINT('',(99.521989698234,47.176514988972,
    95.526279441629));
#13336 = SURFACE_CURVE('',#13337,(#13341,#13348),.PCURVE_S1.);
#13337 = B_SPLINE_CURVE_WITH_KNOTS('',2,(#13338,#13339,#13340),
  .UNSPECIFIED.,.F.,.F.,(3,3),(0.,1.),.PIECEWISE_BEZIER_KNOTS.);
#13338 = CARTESIAN_POINT('',(49.178943308193,34.139394972719,
    93.948788963498));
#13339 = CARTESIAN_POINT('',(75.797363535967,41.084525435642,
    95.965300606241));
#13340 = CARTESIAN_POINT('',(99.521989698234,47.176514988972,
    95.526279441629));
#13341 = PCURVE('',#7207,#13342);
#13342 = DEFINITIONAL_REPRESENTATION('',(#13343),#13347);
#13343 = LINE('',#13344,#13345);
#13344 = CARTESIAN_POINT('',(21.,0.));
#13345 = VECTOR('',#13346,1.);
#13346 = DIRECTION('',(0.,1.));
#13347 = ( GEOMETRIC_REPRESENTATION_CONTEXT(2) 
PARAMETRIC_REPRESENTATION_CONTEXT() REPRESENTATION_CONTEXT('2D SPACE',''
  ) );
#13348 = PCURVE('',#7171,#13349);
#13349 = DEFINITIONAL_REPRESENTATION('',(#13350),#13354);
#13350 = LINE('',#13351,#13352);
#13351 = CARTESIAN_POINT('',(21.,0.));
#13352 = VECTOR('',#13353,1.);
#13353 = DIRECTION('',(0.,1.));
#13354 = ( GEOMETRIC_REPRESENTATION_CONTEXT(2) 
PARAMETRIC_REPRESENTATION_CONTEXT() REPRESENTATION_CONTEXT('2D SPACE',''
  ) );
#13355 = ORIENTED_EDGE('',*,*,#13356,.F.);
#13356 = EDGE_CURVE('',#13240,#13334,#13357,.T.);
#13357 = SURFACE_CURVE('',#13358,(#13361,#13368),.PCURVE_S1.);
#13358 = B_SPLINE_CURVE_WITH_KNOTS('',1,(#13359,#13360),.UNSPECIFIED.,
  .F.,.F.,(2,2),(20.,21.),.PIECEWISE_BEZIER_KNOTS.);
#13359 = CARTESIAN_POINT('',(99.533963801845,47.147606945636,
    95.404987424349));
#13360 = CARTESIAN_POINT('',(99.521989698234,47.176514988972,
    95.526279441629));
#13361 = PCURVE('',#7207,#13362);
#13362 = DEFINITIONAL_REPRESENTATION('',(#13363),#13367);
#13363 = LINE('',#13364,#13365);
#13364 = CARTESIAN_POINT('',(0.,1.));
#13365 = VECTOR('',#13366,1.);
#13366 = DIRECTION('',(1.,0.));
#13367 = ( GEOMETRIC_REPRESENTATION_CONTEXT(2) 
PARAMETRIC_REPRESENTATION_CONTEXT() REPRESENTATION_CONTEXT('2D SPACE',''
  ) );
#13368 = PCURVE('',#11625,#13369);
#13369 = DEFINITIONAL_REPRESENTATION('',(#13370),#13373);
#13370 = B_SPLINE_CURVE_WITH_KNOTS('',1,(#13371,#13372),.UNSPECIFIED.,
  .F.,.F.,(2,2),(20.,21.),.PIECEWISE_BEZIER_KNOTS.);
#13371 = CARTESIAN_POINT('',(21.879313111443,3.354821177135E-02));
#13372 = CARTESIAN_POINT('',(22.,1.42108547152E-14));
#13373 = ( GEOMETRIC_REPRESENTATION_CONTEXT(2) 
PARAMETRIC_REPRESENTATION_CONTEXT() REPRESENTATION_CONTEXT('2D SPACE',''
  ) );
#13374 = ADVANCED_FACE('',(#13375),#7063,.T.);
#13375 = FACE_BOUND('',#13376,.T.);
#13376 = EDGE_LOOP('',(#13377,#13400,#13401,#13402));
#13377 = ORIENTED_EDGE('',*,*,#13378,.F.);
#13378 = EDGE_CURVE('',#7044,#13379,#13381,.T.);
#13379 = VERTEX_POINT('',#13380);
#13380 = CARTESIAN_POINT('',(99.713760185912,46.713540076756,
    94.53765495926));
#13381 = SURFACE_CURVE('',#13382,(#13386,#13393),.PCURVE_S1.);
#13382 = B_SPLINE_CURVE_WITH_KNOTS('',2,(#13383,#13384,#13385),
  .UNSPECIFIED.,.F.,.F.,(3,3),(0.,1.),.PIECEWISE_BEZIER_KNOTS.);
#13383 = CARTESIAN_POINT('',(49.658616811487,32.981360695555,
    93.055116681825));
#13384 = CARTESIAN_POINT('',(76.125781630001,40.291654018897,
    94.911999925291));
#13385 = CARTESIAN_POINT('',(99.713760185912,46.713540076756,
    94.53765495926));
#13386 = PCURVE('',#7063,#13387);
#13387 = DEFINITIONAL_REPRESENTATION('',(#13388),#13392);
#13388 = LINE('',#13389,#13390);
#13389 = CARTESIAN_POINT('',(24.,0.));
#13390 = VECTOR('',#13391,1.);
#13391 = DIRECTION('',(0.,1.));
#13392 = ( GEOMETRIC_REPRESENTATION_CONTEXT(2) 
PARAMETRIC_REPRESENTATION_CONTEXT() REPRESENTATION_CONTEXT('2D SPACE',''
  ) );
#13393 = PCURVE('',#7099,#13394);
#13394 = DEFINITIONAL_REPRESENTATION('',(#13395),#13399);
#13395 = LINE('',#13396,#13397);
#13396 = CARTESIAN_POINT('',(24.,0.));
#13397 = VECTOR('',#13398,1.);
#13398 = DIRECTION('',(0.,1.));
#13399 = ( GEOMETRIC_REPRESENTATION_CONTEXT(2) 
PARAMETRIC_REPRESENTATION_CONTEXT() REPRESENTATION_CONTEXT('2D SPACE',''
  ) );
#13400 = ORIENTED_EDGE('',*,*,#7043,.F.);
#13401 = ORIENTED_EDGE('',*,*,#13284,.T.);
#13402 = ORIENTED_EDGE('',*,*,#13403,.F.);
#13403 = EDGE_CURVE('',#13379,#13285,#13404,.T.);
#13404 = SURFACE_CURVE('',#13405,(#13408,#13415),.PCURVE_S1.);
#13405 = B_SPLINE_CURVE_WITH_KNOTS('',1,(#13406,#13407),.UNSPECIFIED.,
  .F.,.F.,(2,2),(24.,25.),.PIECEWISE_BEZIER_KNOTS.);
#13406 = CARTESIAN_POINT('',(99.713760185912,46.713540076756,
    94.53765495926));
#13407 = CARTESIAN_POINT('',(99.859829312702,46.360898009816,
    93.796769632324));
#13408 = PCURVE('',#7063,#13409);
#13409 = DEFINITIONAL_REPRESENTATION('',(#13410),#13414);
#13410 = LINE('',#13411,#13412);
#13411 = CARTESIAN_POINT('',(0.,1.));
#13412 = VECTOR('',#13413,1.);
#13413 = DIRECTION('',(1.,0.));
#13414 = ( GEOMETRIC_REPRESENTATION_CONTEXT(2) 
PARAMETRIC_REPRESENTATION_CONTEXT() REPRESENTATION_CONTEXT('2D SPACE',''
  ) );
#13415 = PCURVE('',#11625,#13416);
#13416 = DEFINITIONAL_REPRESENTATION('',(#13417),#13420);
#13417 = B_SPLINE_CURVE_WITH_KNOTS('',1,(#13418,#13419),.UNSPECIFIED.,
  .F.,.F.,(2,2),(24.,25.),.PIECEWISE_BEZIER_KNOTS.);
#13418 = CARTESIAN_POINT('',(20.893265866509,6.032921505923E-02));
#13419 = CARTESIAN_POINT('',(20.060791840716,0.100212560277));
#13420 = ( GEOMETRIC_REPRESENTATION_CONTEXT(2) 
PARAMETRIC_REPRESENTATION_CONTEXT() REPRESENTATION_CONTEXT('2D SPACE',''
  ) );
#13421 = ADVANCED_FACE('',(#13422),#7171,.T.);
#13422 = FACE_BOUND('',#13423,.T.);
#13423 = EDGE_LOOP('',(#13424,#13425,#13426,#13449));
#13424 = ORIENTED_EDGE('',*,*,#13333,.F.);
#13425 = ORIENTED_EDGE('',*,*,#7151,.F.);
#13426 = ORIENTED_EDGE('',*,*,#13427,.T.);
#13427 = EDGE_CURVE('',#7116,#13428,#13430,.T.);
#13428 = VERTEX_POINT('',#13429);
#13429 = CARTESIAN_POINT('',(99.543523003111,47.124528992294,
    95.414388594775));
#13430 = SURFACE_CURVE('',#13431,(#13435,#13442),.PCURVE_S1.);
#13431 = B_SPLINE_CURVE_WITH_KNOTS('',2,(#13432,#13433,#13434),
  .UNSPECIFIED.,.F.,.F.,(3,3),(0.,1.),.PIECEWISE_BEZIER_KNOTS.);
#13432 = CARTESIAN_POINT('',(49.233086390664,34.008682008708,
    93.847020703413));
#13433 = CARTESIAN_POINT('',(75.834339057336,40.995258630477,
    95.845855171677));
#13434 = CARTESIAN_POINT('',(99.543523003111,47.124528992294,
    95.414388594775));
#13435 = PCURVE('',#7171,#13436);
#13436 = DEFINITIONAL_REPRESENTATION('',(#13437),#13441);
#13437 = LINE('',#13438,#13439);
#13438 = CARTESIAN_POINT('',(22.,0.));
#13439 = VECTOR('',#13440,1.);
#13440 = DIRECTION('',(0.,1.));
#13441 = ( GEOMETRIC_REPRESENTATION_CONTEXT(2) 
PARAMETRIC_REPRESENTATION_CONTEXT() REPRESENTATION_CONTEXT('2D SPACE',''
  ) );
#13442 = PCURVE('',#7135,#13443);
#13443 = DEFINITIONAL_REPRESENTATION('',(#13444),#13448);
#13444 = LINE('',#13445,#13446);
#13445 = CARTESIAN_POINT('',(22.,0.));
#13446 = VECTOR('',#13447,1.);
#13447 = DIRECTION('',(0.,1.));
#13448 = ( GEOMETRIC_REPRESENTATION_CONTEXT(2) 
PARAMETRIC_REPRESENTATION_CONTEXT() REPRESENTATION_CONTEXT('2D SPACE',''
  ) );
#13449 = ORIENTED_EDGE('',*,*,#13450,.F.);
#13450 = EDGE_CURVE('',#13334,#13428,#13451,.T.);
#13451 = SURFACE_CURVE('',#13452,(#13455,#13462),.PCURVE_S1.);
#13452 = B_SPLINE_CURVE_WITH_KNOTS('',1,(#13453,#13454),.UNSPECIFIED.,
  .F.,.F.,(2,2),(21.,22.),.PIECEWISE_BEZIER_KNOTS.);
#13453 = CARTESIAN_POINT('',(99.521989698234,47.176514988972,
    95.526279441629));
#13454 = CARTESIAN_POINT('',(99.543523003111,47.124528992294,
    95.414388594775));
#13455 = PCURVE('',#7171,#13456);
#13456 = DEFINITIONAL_REPRESENTATION('',(#13457),#13461);
#13457 = LINE('',#13458,#13459);
#13458 = CARTESIAN_POINT('',(0.,1.));
#13459 = VECTOR('',#13460,1.);
#13460 = DIRECTION('',(1.,0.));
#13461 = ( GEOMETRIC_REPRESENTATION_CONTEXT(2) 
PARAMETRIC_REPRESENTATION_CONTEXT() REPRESENTATION_CONTEXT('2D SPACE',''
  ) );
#13462 = PCURVE('',#11625,#13463);
#13463 = DEFINITIONAL_REPRESENTATION('',(#13464),#13467);
#13464 = B_SPLINE_CURVE_WITH_KNOTS('',1,(#13465,#13466),.UNSPECIFIED.,
  .F.,.F.,(2,2),(21.,22.),.PIECEWISE_BEZIER_KNOTS.);
#13465 = CARTESIAN_POINT('',(22.,1.42108547152E-14));
#13466 = CARTESIAN_POINT('',(21.87496506551,7.214834448895E-03));
#13467 = ( GEOMETRIC_REPRESENTATION_CONTEXT(2) 
PARAMETRIC_REPRESENTATION_CONTEXT() REPRESENTATION_CONTEXT('2D SPACE',''
  ) );
#13468 = ADVANCED_FACE('',(#13469),#7099,.T.);
#13469 = FACE_BOUND('',#13470,.T.);
#13470 = EDGE_LOOP('',(#13471,#13494,#13495,#13496));
#13471 = ORIENTED_EDGE('',*,*,#13472,.F.);
#13472 = EDGE_CURVE('',#7080,#13473,#13475,.T.);
#13473 = VERTEX_POINT('',#13474);
#13474 = CARTESIAN_POINT('',(99.607781707046,46.969394757755,
    95.081801976765));
#13475 = SURFACE_CURVE('',#13476,(#13480,#13487),.PCURVE_S1.);
#13476 = B_SPLINE_CURVE_WITH_KNOTS('',2,(#13477,#13478,#13479),
  .UNSPECIFIED.,.F.,.F.,(3,3),(0.,1.),.PIECEWISE_BEZIER_KNOTS.);
#13477 = CARTESIAN_POINT('',(49.3942331509,33.619639314615,
    93.545452900572));
#13478 = CARTESIAN_POINT('',(75.94453122131,40.729231213746,
    95.491163798516));
#13479 = CARTESIAN_POINT('',(99.607781707046,46.969394757755,
    95.081801976765));
#13480 = PCURVE('',#7099,#13481);
#13481 = DEFINITIONAL_REPRESENTATION('',(#13482),#13486);
#13482 = LINE('',#13483,#13484);
#13483 = CARTESIAN_POINT('',(23.,0.));
#13484 = VECTOR('',#13485,1.);
#13485 = DIRECTION('',(0.,1.));
#13486 = ( GEOMETRIC_REPRESENTATION_CONTEXT(2) 
PARAMETRIC_REPRESENTATION_CONTEXT() REPRESENTATION_CONTEXT('2D SPACE',''
  ) );
#13487 = PCURVE('',#7135,#13488);
#13488 = DEFINITIONAL_REPRESENTATION('',(#13489),#13493);
#13489 = LINE('',#13490,#13491);
#13490 = CARTESIAN_POINT('',(23.,0.));
#13491 = VECTOR('',#13492,1.);
#13492 = DIRECTION('',(0.,1.));
#13493 = ( GEOMETRIC_REPRESENTATION_CONTEXT(2) 
PARAMETRIC_REPRESENTATION_CONTEXT() REPRESENTATION_CONTEXT('2D SPACE',''
  ) );
#13494 = ORIENTED_EDGE('',*,*,#7079,.F.);
#13495 = ORIENTED_EDGE('',*,*,#13378,.T.);
#13496 = ORIENTED_EDGE('',*,*,#13497,.F.);
#13497 = EDGE_CURVE('',#13473,#13379,#13498,.T.);
#13498 = SURFACE_CURVE('',#13499,(#13502,#13509),.PCURVE_S1.);
#13499 = B_SPLINE_CURVE_WITH_KNOTS('',1,(#13500,#13501),.UNSPECIFIED.,
  .F.,.F.,(2,2),(23.,24.),.PIECEWISE_BEZIER_KNOTS.);
#13500 = CARTESIAN_POINT('',(99.607781707046,46.969394757755,
    95.081801976765));
#13501 = CARTESIAN_POINT('',(99.713760185912,46.713540076756,
    94.53765495926));
#13502 = PCURVE('',#7099,#13503);
#13503 = DEFINITIONAL_REPRESENTATION('',(#13504),#13508);
#13504 = LINE('',#13505,#13506);
#13505 = CARTESIAN_POINT('',(0.,1.));
#13506 = VECTOR('',#13507,1.);
#13507 = DIRECTION('',(1.,0.));
#13508 = ( GEOMETRIC_REPRESENTATION_CONTEXT(2) 
PARAMETRIC_REPRESENTATION_CONTEXT() REPRESENTATION_CONTEXT('2D SPACE',''
  ) );
#13509 = PCURVE('',#11625,#13510);
#13510 = DEFINITIONAL_REPRESENTATION('',(#13511),#13514);
#13511 = B_SPLINE_CURVE_WITH_KNOTS('',1,(#13512,#13513),.UNSPECIFIED.,
  .F.,.F.,(2,2),(23.,24.),.PIECEWISE_BEZIER_KNOTS.);
#13512 = CARTESIAN_POINT('',(21.502978562623,2.808854773805E-02));
#13513 = CARTESIAN_POINT('',(20.893265866509,6.032921505923E-02));
#13514 = ( GEOMETRIC_REPRESENTATION_CONTEXT(2) 
PARAMETRIC_REPRESENTATION_CONTEXT() REPRESENTATION_CONTEXT('2D SPACE',''
  ) );
#13515 = ADVANCED_FACE('',(#13516),#7135,.T.);
#13516 = FACE_BOUND('',#13517,.T.);
#13517 = EDGE_LOOP('',(#13518,#13519,#13520,#13521));
#13518 = ORIENTED_EDGE('',*,*,#13427,.F.);
#13519 = ORIENTED_EDGE('',*,*,#7115,.F.);
#13520 = ORIENTED_EDGE('',*,*,#13472,.T.);
#13521 = ORIENTED_EDGE('',*,*,#13522,.F.);
#13522 = EDGE_CURVE('',#13428,#13473,#13523,.T.);
#13523 = SURFACE_CURVE('',#13524,(#13527,#13534),.PCURVE_S1.);
#13524 = B_SPLINE_CURVE_WITH_KNOTS('',1,(#13525,#13526),.UNSPECIFIED.,
  .F.,.F.,(2,2),(22.,23.),.PIECEWISE_BEZIER_KNOTS.);
#13525 = CARTESIAN_POINT('',(99.543523003111,47.124528992294,
    95.414388594775));
#13526 = CARTESIAN_POINT('',(99.607781707046,46.969394757755,
    95.081801976765));
#13527 = PCURVE('',#7135,#13528);
#13528 = DEFINITIONAL_REPRESENTATION('',(#13529),#13533);
#13529 = LINE('',#13530,#13531);
#13530 = CARTESIAN_POINT('',(0.,1.));
#13531 = VECTOR('',#13532,1.);
#13532 = DIRECTION('',(1.,0.));
#13533 = ( GEOMETRIC_REPRESENTATION_CONTEXT(2) 
PARAMETRIC_REPRESENTATION_CONTEXT() REPRESENTATION_CONTEXT('2D SPACE',''
  ) );
#13534 = PCURVE('',#11625,#13535);
#13535 = DEFINITIONAL_REPRESENTATION('',(#13536),#13539);
#13536 = B_SPLINE_CURVE_WITH_KNOTS('',1,(#13537,#13538),.UNSPECIFIED.,
  .F.,.F.,(2,2),(22.,23.),.PIECEWISE_BEZIER_KNOTS.);
#13537 = CARTESIAN_POINT('',(21.87496506551,7.214834448895E-03));
#13538 = CARTESIAN_POINT('',(21.502978562623,2.808854773805E-02));
#13539 = ( GEOMETRIC_REPRESENTATION_CONTEXT(2) 
PARAMETRIC_REPRESENTATION_CONTEXT() REPRESENTATION_CONTEXT('2D SPACE',''
  ) );
#13540 = ADVANCED_FACE('',(#13541),#871,.T.);
#13541 = FACE_BOUND('',#13542,.T.);
#13542 = EDGE_LOOP('',(#13543,#13544,#13545,#13568));
#13543 = ORIENTED_EDGE('',*,*,#9422,.F.);
#13544 = ORIENTED_EDGE('',*,*,#845,.F.);
#13545 = ORIENTED_EDGE('',*,*,#13546,.T.);
#13546 = EDGE_CURVE('',#801,#13547,#13549,.T.);
#13547 = VERTEX_POINT('',#13548);
#13548 = CARTESIAN_POINT('',(109.67611600037,9.669924131841,
    78.39797633883));
#13549 = SURFACE_CURVE('',#13550,(#13554,#13561),.PCURVE_S1.);
#13550 = B_SPLINE_CURVE_WITH_KNOTS('',2,(#13551,#13552,#13553),
  .UNSPECIFIED.,.F.,.F.,(3,3),(0.,1.),.PIECEWISE_BEZIER_KNOTS.);
#13551 = CARTESIAN_POINT('',(59.373440842553,-2.800149297355,
    80.233276156684));
#13552 = CARTESIAN_POINT('',(86.018609928858,3.580056964562,
    78.335587483935));
#13553 = CARTESIAN_POINT('',(109.67611600037,9.669924131841,
    78.39797633883));
#13554 = PCURVE('',#871,#13555);
#13555 = DEFINITIONAL_REPRESENTATION('',(#13556),#13560);
#13556 = LINE('',#13557,#13558);
#13557 = CARTESIAN_POINT('',(38.,0.));
#13558 = VECTOR('',#13559,1.);
#13559 = DIRECTION('',(0.,1.));
#13560 = ( GEOMETRIC_REPRESENTATION_CONTEXT(2) 
PARAMETRIC_REPRESENTATION_CONTEXT() REPRESENTATION_CONTEXT('2D SPACE',''
  ) );
#13561 = PCURVE('',#826,#13562);
#13562 = DEFINITIONAL_REPRESENTATION('',(#13563),#13567);
#13563 = LINE('',#13564,#13565);
#13564 = CARTESIAN_POINT('',(38.,0.));
#13565 = VECTOR('',#13566,1.);
#13566 = DIRECTION('',(0.,1.));
#13567 = ( GEOMETRIC_REPRESENTATION_CONTEXT(2) 
PARAMETRIC_REPRESENTATION_CONTEXT() REPRESENTATION_CONTEXT('2D SPACE',''
  ) );
#13568 = ORIENTED_EDGE('',*,*,#13569,.F.);
#13569 = EDGE_CURVE('',#9423,#13547,#13570,.T.);
#13570 = SURFACE_CURVE('',#13571,(#13574,#13581),.PCURVE_S1.);
#13571 = B_SPLINE_CURVE_WITH_KNOTS('',1,(#13572,#13573),.UNSPECIFIED.,
  .F.,.F.,(2,2),(37.,38.),.PIECEWISE_BEZIER_KNOTS.);
#13572 = CARTESIAN_POINT('',(109.6018850105,10.23376447847,
    79.252195063727));
#13573 = CARTESIAN_POINT('',(109.67611600037,9.669924131841,
    78.39797633883));
#13574 = PCURVE('',#871,#13575);
#13575 = DEFINITIONAL_REPRESENTATION('',(#13576),#13580);
#13576 = LINE('',#13577,#13578);
#13577 = CARTESIAN_POINT('',(0.,1.));
#13578 = VECTOR('',#13579,1.);
#13579 = DIRECTION('',(1.,0.));
#13580 = ( GEOMETRIC_REPRESENTATION_CONTEXT(2) 
PARAMETRIC_REPRESENTATION_CONTEXT() REPRESENTATION_CONTEXT('2D SPACE',''
  ) );
#13581 = PCURVE('',#7996,#13582);
#13582 = DEFINITIONAL_REPRESENTATION('',(#13583),#13586);
#13583 = B_SPLINE_CURVE_WITH_KNOTS('',1,(#13584,#13585),.UNSPECIFIED.,
  .F.,.F.,(2,2),(37.,38.),.PIECEWISE_BEZIER_KNOTS.);
#13584 = CARTESIAN_POINT('',(3.076377752469,-0.22850644016));
#13585 = CARTESIAN_POINT('',(2.052249784943,-0.293910663574));
#13586 = ( GEOMETRIC_REPRESENTATION_CONTEXT(2) 
PARAMETRIC_REPRESENTATION_CONTEXT() REPRESENTATION_CONTEXT('2D SPACE',''
  ) );
#13587 = ADVANCED_FACE('',(#13588),#826,.T.);
#13588 = FACE_BOUND('',#13589,.T.);
#13589 = EDGE_LOOP('',(#13590,#13591,#13592,#13615));
#13590 = ORIENTED_EDGE('',*,*,#13546,.F.);
#13591 = ORIENTED_EDGE('',*,*,#800,.F.);
#13592 = ORIENTED_EDGE('',*,*,#13593,.T.);
#13593 = EDGE_CURVE('',#765,#13594,#13596,.T.);
#13594 = VERTEX_POINT('',#13595);
#13595 = CARTESIAN_POINT('',(109.73319504717,9.236365727385,
    77.682900628505));
#13596 = SURFACE_CURVE('',#13597,(#13601,#13608),.PCURVE_S1.);
#13597 = B_SPLINE_CURVE_WITH_KNOTS('',2,(#13598,#13599,#13600),
  .UNSPECIFIED.,.F.,.F.,(3,3),(0.,1.),.PIECEWISE_BEZIER_KNOTS.);
#13598 = CARTESIAN_POINT('',(59.50346748931,-3.787799734225,
    79.621811902299));
#13599 = CARTESIAN_POINT('',(86.107970799995,2.901293760113,
    77.566933341098));
#13600 = CARTESIAN_POINT('',(109.73319504717,9.236365727385,
    77.682900628505));
#13601 = PCURVE('',#826,#13602);
#13602 = DEFINITIONAL_REPRESENTATION('',(#13603),#13607);
#13603 = LINE('',#13604,#13605);
#13604 = CARTESIAN_POINT('',(39.,0.));
#13605 = VECTOR('',#13606,1.);
#13606 = DIRECTION('',(0.,1.));
#13607 = ( GEOMETRIC_REPRESENTATION_CONTEXT(2) 
PARAMETRIC_REPRESENTATION_CONTEXT() REPRESENTATION_CONTEXT('2D SPACE',''
  ) );
#13608 = PCURVE('',#784,#13609);
#13609 = DEFINITIONAL_REPRESENTATION('',(#13610),#13614);
#13610 = LINE('',#13611,#13612);
#13611 = CARTESIAN_POINT('',(39.,0.));
#13612 = VECTOR('',#13613,1.);
#13613 = DIRECTION('',(0.,1.));
#13614 = ( GEOMETRIC_REPRESENTATION_CONTEXT(2) 
PARAMETRIC_REPRESENTATION_CONTEXT() REPRESENTATION_CONTEXT('2D SPACE',''
  ) );
#13615 = ORIENTED_EDGE('',*,*,#13616,.F.);
#13616 = EDGE_CURVE('',#13547,#13594,#13617,.T.);
#13617 = SURFACE_CURVE('',#13618,(#13621,#13628),.PCURVE_S1.);
#13618 = B_SPLINE_CURVE_WITH_KNOTS('',1,(#13619,#13620),.UNSPECIFIED.,
  .F.,.F.,(2,2),(38.,39.),.PIECEWISE_BEZIER_KNOTS.);
#13619 = CARTESIAN_POINT('',(109.67611600037,9.669924131841,
    78.39797633883));
#13620 = CARTESIAN_POINT('',(109.73319504717,9.236365727385,
    77.682900628505));
#13621 = PCURVE('',#826,#13622);
#13622 = DEFINITIONAL_REPRESENTATION('',(#13623),#13627);
#13623 = LINE('',#13624,#13625);
#13624 = CARTESIAN_POINT('',(0.,1.));
#13625 = VECTOR('',#13626,1.);
#13626 = DIRECTION('',(1.,0.));
#13627 = ( GEOMETRIC_REPRESENTATION_CONTEXT(2) 
PARAMETRIC_REPRESENTATION_CONTEXT() REPRESENTATION_CONTEXT('2D SPACE',''
  ) );
#13628 = PCURVE('',#7996,#13629);
#13629 = DEFINITIONAL_REPRESENTATION('',(#13630),#13633);
#13630 = B_SPLINE_CURVE_WITH_KNOTS('',1,(#13631,#13632),.UNSPECIFIED.,
  .F.,.F.,(2,2),(38.,39.),.PIECEWISE_BEZIER_KNOTS.);
#13631 = CARTESIAN_POINT('',(2.052249784943,-0.293910663574));
#13632 = CARTESIAN_POINT('',(1.214326272754,-0.315085338892));
#13633 = ( GEOMETRIC_REPRESENTATION_CONTEXT(2) 
PARAMETRIC_REPRESENTATION_CONTEXT() REPRESENTATION_CONTEXT('2D SPACE',''
  ) );
#13634 = ADVANCED_FACE('',(#13635),#784,.T.);
#13635 = FACE_BOUND('',#13636,.T.);
#13636 = EDGE_LOOP('',(#13637,#13638,#13639,#13662));
#13637 = ORIENTED_EDGE('',*,*,#13593,.F.);
#13638 = ORIENTED_EDGE('',*,*,#764,.F.);
#13639 = ORIENTED_EDGE('',*,*,#13640,.T.);
#13640 = EDGE_CURVE('',#729,#13641,#13643,.T.);
#13641 = VERTEX_POINT('',#13642);
#13642 = CARTESIAN_POINT('',(109.77033962384,8.954224656375,
    77.117761995817));
#13643 = SURFACE_CURVE('',#13644,(#13648,#13655),.PCURVE_S1.);
#13644 = B_SPLINE_CURVE_WITH_KNOTS('',2,(#13645,#13646,#13647),
  .UNSPECIFIED.,.F.,.F.,(3,3),(0.,1.),.PIECEWISE_BEZIER_KNOTS.);
#13645 = CARTESIAN_POINT('',(59.597274939236,-4.500338057804,
    79.054259607658));
#13646 = CARTESIAN_POINT('',(86.1674153936,2.449767243758,
    76.921418935889));
#13647 = CARTESIAN_POINT('',(109.77033962384,8.954224656375,
    77.117761995817));
#13648 = PCURVE('',#784,#13649);
#13649 = DEFINITIONAL_REPRESENTATION('',(#13650),#13654);
#13650 = LINE('',#13651,#13652);
#13651 = CARTESIAN_POINT('',(40.,0.));
#13652 = VECTOR('',#13653,1.);
#13653 = DIRECTION('',(0.,1.));
#13654 = ( GEOMETRIC_REPRESENTATION_CONTEXT(2) 
PARAMETRIC_REPRESENTATION_CONTEXT() REPRESENTATION_CONTEXT('2D SPACE',''
  ) );
#13655 = PCURVE('',#748,#13656);
#13656 = DEFINITIONAL_REPRESENTATION('',(#13657),#13661);
#13657 = LINE('',#13658,#13659);
#13658 = CARTESIAN_POINT('',(40.,0.));
#13659 = VECTOR('',#13660,1.);
#13660 = DIRECTION('',(0.,1.));
#13661 = ( GEOMETRIC_REPRESENTATION_CONTEXT(2) 
PARAMETRIC_REPRESENTATION_CONTEXT() REPRESENTATION_CONTEXT('2D SPACE',''
  ) );
#13662 = ORIENTED_EDGE('',*,*,#13663,.F.);
#13663 = EDGE_CURVE('',#13594,#13641,#13664,.T.);
#13664 = SURFACE_CURVE('',#13665,(#13668,#13675),.PCURVE_S1.);
#13665 = B_SPLINE_CURVE_WITH_KNOTS('',1,(#13666,#13667),.UNSPECIFIED.,
  .F.,.F.,(2,2),(39.,40.),.PIECEWISE_BEZIER_KNOTS.);
#13666 = CARTESIAN_POINT('',(109.73319504717,9.236365727385,
    77.682900628505));
#13667 = CARTESIAN_POINT('',(109.77033962384,8.954224656375,
    77.117761995817));
#13668 = PCURVE('',#784,#13669);
#13669 = DEFINITIONAL_REPRESENTATION('',(#13670),#13674);
#13670 = LINE('',#13671,#13672);
#13671 = CARTESIAN_POINT('',(0.,1.));
#13672 = VECTOR('',#13673,1.);
#13673 = DIRECTION('',(1.,0.));
#13674 = ( GEOMETRIC_REPRESENTATION_CONTEXT(2) 
PARAMETRIC_REPRESENTATION_CONTEXT() REPRESENTATION_CONTEXT('2D SPACE',''
  ) );
#13675 = PCURVE('',#7996,#13676);
#13676 = DEFINITIONAL_REPRESENTATION('',(#13677),#13680);
#13677 = B_SPLINE_CURVE_WITH_KNOTS('',1,(#13678,#13679),.UNSPECIFIED.,
  .F.,.F.,(2,2),(39.,40.),.PIECEWISE_BEZIER_KNOTS.);
#13678 = CARTESIAN_POINT('',(1.214326272754,-0.315085338892));
#13679 = CARTESIAN_POINT('',(0.582614032592,-0.27896576924));
#13680 = ( GEOMETRIC_REPRESENTATION_CONTEXT(2) 
PARAMETRIC_REPRESENTATION_CONTEXT() REPRESENTATION_CONTEXT('2D SPACE',''
  ) );
#13681 = ADVANCED_FACE('',(#13682),#748,.T.);
#13682 = FACE_BOUND('',#13683,.T.);
#13683 = EDGE_LOOP('',(#13684,#13685,#13686,#13709));
#13684 = ORIENTED_EDGE('',*,*,#13640,.F.);
#13685 = ORIENTED_EDGE('',*,*,#728,.F.);
#13686 = ORIENTED_EDGE('',*,*,#13687,.T.);
#13687 = EDGE_CURVE('',#693,#13688,#13690,.T.);
#13688 = VERTEX_POINT('',#13689);
#13689 = CARTESIAN_POINT('',(109.78537361723,8.84003013923,
    76.712135192076));
#13690 = SURFACE_CURVE('',#13691,(#13695,#13702),.PCURVE_S1.);
#13691 = B_SPLINE_CURVE_WITH_KNOTS('',2,(#13692,#13693,#13694),
  .UNSPECIFIED.,.F.,.F.,(3,3),(0.,1.),.PIECEWISE_BEZIER_KNOTS.);
#13692 = CARTESIAN_POINT('',(59.650538858441,-4.904917691159,
    78.53005407253));
#13693 = CARTESIAN_POINT('',(86.193754237485,2.249703861989,
    76.407843678799));
#13694 = CARTESIAN_POINT('',(109.78537361723,8.84003013923,
    76.712135192076));
#13695 = PCURVE('',#748,#13696);
#13696 = DEFINITIONAL_REPRESENTATION('',(#13697),#13701);
#13697 = LINE('',#13698,#13699);
#13698 = CARTESIAN_POINT('',(41.,0.));
#13699 = VECTOR('',#13700,1.);
#13700 = DIRECTION('',(0.,1.));
#13701 = ( GEOMETRIC_REPRESENTATION_CONTEXT(2) 
PARAMETRIC_REPRESENTATION_CONTEXT() REPRESENTATION_CONTEXT('2D SPACE',''
  ) );
#13702 = PCURVE('',#712,#13703);
#13703 = DEFINITIONAL_REPRESENTATION('',(#13704),#13708);
#13704 = LINE('',#13705,#13706);
#13705 = CARTESIAN_POINT('',(41.,0.));
#13706 = VECTOR('',#13707,1.);
#13707 = DIRECTION('',(0.,1.));
#13708 = ( GEOMETRIC_REPRESENTATION_CONTEXT(2) 
PARAMETRIC_REPRESENTATION_CONTEXT() REPRESENTATION_CONTEXT('2D SPACE',''
  ) );
#13709 = ORIENTED_EDGE('',*,*,#13710,.F.);
#13710 = EDGE_CURVE('',#13641,#13688,#13711,.T.);
#13711 = SURFACE_CURVE('',#13712,(#13715,#13722),.PCURVE_S1.);
#13712 = B_SPLINE_CURVE_WITH_KNOTS('',1,(#13713,#13714),.UNSPECIFIED.,
  .F.,.F.,(2,2),(40.,41.),.PIECEWISE_BEZIER_KNOTS.);
#13713 = CARTESIAN_POINT('',(109.77033962384,8.954224656375,
    77.117761995817));
#13714 = CARTESIAN_POINT('',(109.78537361723,8.84003013923,
    76.712135192076));
#13715 = PCURVE('',#748,#13716);
#13716 = DEFINITIONAL_REPRESENTATION('',(#13717),#13721);
#13717 = LINE('',#13718,#13719);
#13718 = CARTESIAN_POINT('',(0.,1.));
#13719 = VECTOR('',#13720,1.);
#13720 = DIRECTION('',(1.,0.));
#13721 = ( GEOMETRIC_REPRESENTATION_CONTEXT(2) 
PARAMETRIC_REPRESENTATION_CONTEXT() REPRESENTATION_CONTEXT('2D SPACE',''
  ) );
#13722 = PCURVE('',#7996,#13723);
#13723 = DEFINITIONAL_REPRESENTATION('',(#13724),#13727);
#13724 = B_SPLINE_CURVE_WITH_KNOTS('',1,(#13725,#13726),.UNSPECIFIED.,
  .F.,.F.,(2,2),(40.,41.),.PIECEWISE_BEZIER_KNOTS.);
#13725 = CARTESIAN_POINT('',(0.582614032592,-0.27896576924));
#13726 = CARTESIAN_POINT('',(0.17374096753,-0.175901084291));
#13727 = ( GEOMETRIC_REPRESENTATION_CONTEXT(2) 
PARAMETRIC_REPRESENTATION_CONTEXT() REPRESENTATION_CONTEXT('2D SPACE',''
  ) );
#13728 = ADVANCED_FACE('',(#13729),#712,.T.);
#13729 = FACE_BOUND('',#13730,.T.);
#13730 = EDGE_LOOP('',(#13731,#13732,#13733,#13756));
#13731 = ORIENTED_EDGE('',*,*,#13687,.F.);
#13732 = ORIENTED_EDGE('',*,*,#692,.F.);
#13733 = ORIENTED_EDGE('',*,*,#13734,.T.);
#13734 = EDGE_CURVE('',#657,#13735,#13737,.T.);
#13735 = VERTEX_POINT('',#13736);
#13736 = CARTESIAN_POINT('',(109.77682880832,8.90493440665,
    76.473720558371));
#13737 = SURFACE_CURVE('',#13738,(#13742,#13749),.PCURVE_S1.);
#13738 = B_SPLINE_CURVE_WITH_KNOTS('',2,(#13739,#13740,#13741),
  .UNSPECIFIED.,.F.,.F.,(3,3),(0.,1.),.PIECEWISE_BEZIER_KNOTS.);
#13739 = CARTESIAN_POINT('',(59.659911722529,-4.976111662109,
    78.051211036502));
#13740 = CARTESIAN_POINT('',(86.184705079853,2.31843903829,
    76.034699393759));
#13741 = CARTESIAN_POINT('',(109.77682880832,8.90493440665,
    76.473720558371));
#13742 = PCURVE('',#712,#13743);
#13743 = DEFINITIONAL_REPRESENTATION('',(#13744),#13748);
#13744 = LINE('',#13745,#13746);
#13745 = CARTESIAN_POINT('',(42.,0.));
#13746 = VECTOR('',#13747,1.);
#13747 = DIRECTION('',(0.,1.));
#13748 = ( GEOMETRIC_REPRESENTATION_CONTEXT(2) 
PARAMETRIC_REPRESENTATION_CONTEXT() REPRESENTATION_CONTEXT('2D SPACE',''
  ) );
#13749 = PCURVE('',#676,#13750);
#13750 = DEFINITIONAL_REPRESENTATION('',(#13751),#13755);
#13751 = LINE('',#13752,#13753);
#13752 = CARTESIAN_POINT('',(0.,0.));
#13753 = VECTOR('',#13754,1.);
#13754 = DIRECTION('',(0.,1.));
#13755 = ( GEOMETRIC_REPRESENTATION_CONTEXT(2) 
PARAMETRIC_REPRESENTATION_CONTEXT() REPRESENTATION_CONTEXT('2D SPACE',''
  ) );
#13756 = ORIENTED_EDGE('',*,*,#13757,.F.);
#13757 = EDGE_CURVE('',#13688,#13735,#13758,.T.);
#13758 = SURFACE_CURVE('',#13759,(#13762,#13769),.PCURVE_S1.);
#13759 = B_SPLINE_CURVE_WITH_KNOTS('',1,(#13760,#13761),.UNSPECIFIED.,
  .F.,.F.,(2,2),(41.,42.),.PIECEWISE_BEZIER_KNOTS.);
#13760 = CARTESIAN_POINT('',(109.78537361723,8.84003013923,
    76.712135192076));
#13761 = CARTESIAN_POINT('',(109.77682880832,8.90493440665,
    76.473720558371));
#13762 = PCURVE('',#712,#13763);
#13763 = DEFINITIONAL_REPRESENTATION('',(#13764),#13768);
#13764 = LINE('',#13765,#13766);
#13765 = CARTESIAN_POINT('',(0.,1.));
#13766 = VECTOR('',#13767,1.);
#13767 = DIRECTION('',(1.,0.));
#13768 = ( GEOMETRIC_REPRESENTATION_CONTEXT(2) 
PARAMETRIC_REPRESENTATION_CONTEXT() REPRESENTATION_CONTEXT('2D SPACE',''
  ) );
#13769 = PCURVE('',#7996,#13770);
#13770 = DEFINITIONAL_REPRESENTATION('',(#13771),#13774);
#13771 = B_SPLINE_CURVE_WITH_KNOTS('',1,(#13772,#13773),.UNSPECIFIED.,
  .F.,.F.,(2,2),(41.,42.),.PIECEWISE_BEZIER_KNOTS.);
#13772 = CARTESIAN_POINT('',(0.17374096753,-0.175901084291));
#13773 = CARTESIAN_POINT('',(0.,0.));
#13774 = ( GEOMETRIC_REPRESENTATION_CONTEXT(2) 
PARAMETRIC_REPRESENTATION_CONTEXT() REPRESENTATION_CONTEXT('2D SPACE',''
  ) );
#13775 = ADVANCED_FACE('',(#13776),#676,.T.);
#13776 = FACE_BOUND('',#13777,.T.);
#13777 = EDGE_LOOP('',(#13778,#13779,#13780,#13803));
#13778 = ORIENTED_EDGE('',*,*,#13734,.F.);
#13779 = ORIENTED_EDGE('',*,*,#656,.F.);
#13780 = ORIENTED_EDGE('',*,*,#13781,.T.);
#13781 = EDGE_CURVE('',#621,#13782,#13784,.T.);
#13782 = VERTEX_POINT('',#13783);
#13783 = CARTESIAN_POINT('',(109.74535186975,9.144025492292,
    76.417606452633));
#13784 = SURFACE_CURVE('',#13785,(#13789,#13796),.PCURVE_S1.);
#13785 = B_SPLINE_CURVE_WITH_KNOTS('',2,(#13786,#13787,#13788),
  .UNSPECIFIED.,.F.,.F.,(3,3),(0.,1.),.PIECEWISE_BEZIER_KNOTS.);
#13786 = CARTESIAN_POINT('',(59.624139094568,-4.70439157615,
    77.651169122698));
#13787 = CARTESIAN_POINT('',(86.140787645248,2.652025072815,
    75.828602975567));
#13788 = CARTESIAN_POINT('',(109.74535186975,9.144025492292,
    76.417606452633));
#13789 = PCURVE('',#676,#13790);
#13790 = DEFINITIONAL_REPRESENTATION('',(#13791),#13795);
#13791 = LINE('',#13792,#13793);
#13792 = CARTESIAN_POINT('',(1.,0.));
#13793 = VECTOR('',#13794,1.);
#13794 = DIRECTION('',(0.,1.));
#13795 = ( GEOMETRIC_REPRESENTATION_CONTEXT(2) 
PARAMETRIC_REPRESENTATION_CONTEXT() REPRESENTATION_CONTEXT('2D SPACE',''
  ) );
#13796 = PCURVE('',#640,#13797);
#13797 = DEFINITIONAL_REPRESENTATION('',(#13798),#13802);
#13798 = LINE('',#13799,#13800);
#13799 = CARTESIAN_POINT('',(1.,0.));
#13800 = VECTOR('',#13801,1.);
#13801 = DIRECTION('',(0.,1.));
#13802 = ( GEOMETRIC_REPRESENTATION_CONTEXT(2) 
PARAMETRIC_REPRESENTATION_CONTEXT() REPRESENTATION_CONTEXT('2D SPACE',''
  ) );
#13803 = ORIENTED_EDGE('',*,*,#13804,.F.);
#13804 = EDGE_CURVE('',#13735,#13782,#13805,.T.);
#13805 = SURFACE_CURVE('',#13806,(#13809,#13816),.PCURVE_S1.);
#13806 = B_SPLINE_CURVE_WITH_KNOTS('',1,(#13807,#13808),.UNSPECIFIED.,
  .F.,.F.,(2,2),(0.,1.),.PIECEWISE_BEZIER_KNOTS.);
#13807 = CARTESIAN_POINT('',(109.77682880832,8.90493440665,
    76.473720558371));
#13808 = CARTESIAN_POINT('',(109.74535186975,9.144025492292,
    76.417606452633));
#13809 = PCURVE('',#676,#13810);
#13810 = DEFINITIONAL_REPRESENTATION('',(#13811),#13815);
#13811 = LINE('',#13812,#13813);
#13812 = CARTESIAN_POINT('',(0.,1.));
#13813 = VECTOR('',#13814,1.);
#13814 = DIRECTION('',(1.,0.));
#13815 = ( GEOMETRIC_REPRESENTATION_CONTEXT(2) 
PARAMETRIC_REPRESENTATION_CONTEXT() REPRESENTATION_CONTEXT('2D SPACE',''
  ) );
#13816 = PCURVE('',#7996,#13817);
#13817 = DEFINITIONAL_REPRESENTATION('',(#13818),#13821);
#13818 = B_SPLINE_CURVE_WITH_KNOTS('',1,(#13819,#13820),.UNSPECIFIED.,
  .F.,.F.,(2,2),(0.,1.),.PIECEWISE_BEZIER_KNOTS.);
#13819 = CARTESIAN_POINT('',(0.,0.));
#13820 = CARTESIAN_POINT('',(7.198085551741E-02,0.236902710406));
#13821 = ( GEOMETRIC_REPRESENTATION_CONTEXT(2) 
PARAMETRIC_REPRESENTATION_CONTEXT() REPRESENTATION_CONTEXT('2D SPACE',''
  ) );
#13822 = ADVANCED_FACE('',(#13823),#640,.T.);
#13823 = FACE_BOUND('',#13824,.T.);
#13824 = EDGE_LOOP('',(#13825,#13826,#13827,#13850));
#13825 = ORIENTED_EDGE('',*,*,#13781,.F.);
#13826 = ORIENTED_EDGE('',*,*,#620,.F.);
#13827 = ORIENTED_EDGE('',*,*,#13828,.T.);
#13828 = EDGE_CURVE('',#585,#13829,#13831,.T.);
#13829 = VERTEX_POINT('',#13830);
#13830 = CARTESIAN_POINT('',(109.69267587802,9.544139373083,
    76.557348497402));
#13831 = SURFACE_CURVE('',#13832,(#13836,#13843),.PCURVE_S1.);
#13832 = B_SPLINE_CURVE_WITH_KNOTS('',2,(#13833,#13834,#13835),
  .UNSPECIFIED.,.F.,.F.,(3,3),(0.,1.),.PIECEWISE_BEZIER_KNOTS.);
#13833 = CARTESIAN_POINT('',(59.543645703537,-4.092983570178,
    77.369829758116));
#13834 = CARTESIAN_POINT('',(86.064030782019,3.235051332362,
    75.817065819741));
#13835 = CARTESIAN_POINT('',(109.69267587802,9.544139373083,
    76.557348497402));
#13836 = PCURVE('',#640,#13837);
#13837 = DEFINITIONAL_REPRESENTATION('',(#13838),#13842);
#13838 = LINE('',#13839,#13840);
#13839 = CARTESIAN_POINT('',(2.,0.));
#13840 = VECTOR('',#13841,1.);
#13841 = DIRECTION('',(0.,1.));
#13842 = ( GEOMETRIC_REPRESENTATION_CONTEXT(2) 
PARAMETRIC_REPRESENTATION_CONTEXT() REPRESENTATION_CONTEXT('2D SPACE',''
  ) );
#13843 = PCURVE('',#604,#13844);
#13844 = DEFINITIONAL_REPRESENTATION('',(#13845),#13849);
#13845 = LINE('',#13846,#13847);
#13846 = CARTESIAN_POINT('',(2.,0.));
#13847 = VECTOR('',#13848,1.);
#13848 = DIRECTION('',(0.,1.));
#13849 = ( GEOMETRIC_REPRESENTATION_CONTEXT(2) 
PARAMETRIC_REPRESENTATION_CONTEXT() REPRESENTATION_CONTEXT('2D SPACE',''
  ) );
#13850 = ORIENTED_EDGE('',*,*,#13851,.F.);
#13851 = EDGE_CURVE('',#13782,#13829,#13852,.T.);
#13852 = SURFACE_CURVE('',#13853,(#13856,#13863),.PCURVE_S1.);
#13853 = B_SPLINE_CURVE_WITH_KNOTS('',1,(#13854,#13855),.UNSPECIFIED.,
  .F.,.F.,(2,2),(1.,2.),.PIECEWISE_BEZIER_KNOTS.);
#13854 = CARTESIAN_POINT('',(109.74535186975,9.144025492292,
    76.417606452633));
#13855 = CARTESIAN_POINT('',(109.69267587802,9.544139373083,
    76.557348497402));
#13856 = PCURVE('',#640,#13857);
#13857 = DEFINITIONAL_REPRESENTATION('',(#13858),#13862);
#13858 = LINE('',#13859,#13860);
#13859 = CARTESIAN_POINT('',(0.,1.));
#13860 = VECTOR('',#13861,1.);
#13861 = DIRECTION('',(1.,0.));
#13862 = ( GEOMETRIC_REPRESENTATION_CONTEXT(2) 
PARAMETRIC_REPRESENTATION_CONTEXT() REPRESENTATION_CONTEXT('2D SPACE',''
  ) );
#13863 = PCURVE('',#7996,#13864);
#13864 = DEFINITIONAL_REPRESENTATION('',(#13865),#13868);
#13865 = B_SPLINE_CURVE_WITH_KNOTS('',1,(#13866,#13867),.UNSPECIFIED.,
  .F.,.F.,(2,2),(1.,2.),.PIECEWISE_BEZIER_KNOTS.);
#13866 = CARTESIAN_POINT('',(7.198085551741E-02,0.236902710406));
#13867 = CARTESIAN_POINT('',(0.394784240113,0.516530483841));
#13868 = ( GEOMETRIC_REPRESENTATION_CONTEXT(2) 
PARAMETRIC_REPRESENTATION_CONTEXT() REPRESENTATION_CONTEXT('2D SPACE',''
  ) );
#13869 = ADVANCED_FACE('',(#13870),#604,.T.);
#13870 = FACE_BOUND('',#13871,.T.);
#13871 = EDGE_LOOP('',(#13872,#13873,#13874,#13897));
#13872 = ORIENTED_EDGE('',*,*,#13828,.F.);
#13873 = ORIENTED_EDGE('',*,*,#584,.F.);
#13874 = ORIENTED_EDGE('',*,*,#13875,.T.);
#13875 = EDGE_CURVE('',#540,#13876,#13878,.T.);
#13876 = VERTEX_POINT('',#13877);
#13877 = CARTESIAN_POINT('',(109.62051654261,10.092243941807,
    76.895857415592));
#13878 = SURFACE_CURVE('',#13879,(#13883,#13890),.PCURVE_S1.);
#13879 = B_SPLINE_CURVE_WITH_KNOTS('',2,(#13880,#13881,#13882),
  .UNSPECIFIED.,.F.,.F.,(3,3),(0.,1.),.PIECEWISE_BEZIER_KNOTS.);
#13880 = CARTESIAN_POINT('',(59.420024419224,-3.153986691434,
    77.227722067914));
#13881 = CARTESIAN_POINT('',(85.95658101484,4.051213343328,
    76.01083222372));
#13882 = CARTESIAN_POINT('',(109.62051654261,10.092243941807,
    76.895857415592));
#13883 = PCURVE('',#604,#13884);
#13884 = DEFINITIONAL_REPRESENTATION('',(#13885),#13889);
#13885 = LINE('',#13886,#13887);
#13886 = CARTESIAN_POINT('',(3.,0.));
#13887 = VECTOR('',#13888,1.);
#13888 = DIRECTION('',(0.,1.));
#13889 = ( GEOMETRIC_REPRESENTATION_CONTEXT(2) 
PARAMETRIC_REPRESENTATION_CONTEXT() REPRESENTATION_CONTEXT('2D SPACE',''
  ) );
#13890 = PCURVE('',#565,#13891);
#13891 = DEFINITIONAL_REPRESENTATION('',(#13892),#13896);
#13892 = LINE('',#13893,#13894);
#13893 = CARTESIAN_POINT('',(3.,0.));
#13894 = VECTOR('',#13895,1.);
#13895 = DIRECTION('',(0.,1.));
#13896 = ( GEOMETRIC_REPRESENTATION_CONTEXT(2) 
PARAMETRIC_REPRESENTATION_CONTEXT() REPRESENTATION_CONTEXT('2D SPACE',''
  ) );
#13897 = ORIENTED_EDGE('',*,*,#13898,.F.);
#13898 = EDGE_CURVE('',#13829,#13876,#13899,.T.);
#13899 = SURFACE_CURVE('',#13900,(#13903,#13910),.PCURVE_S1.);
#13900 = B_SPLINE_CURVE_WITH_KNOTS('',1,(#13901,#13902),.UNSPECIFIED.,
  .F.,.F.,(2,2),(2.,3.),.PIECEWISE_BEZIER_KNOTS.);
#13901 = CARTESIAN_POINT('',(109.69267587802,9.544139373083,
    76.557348497402));
#13902 = CARTESIAN_POINT('',(109.62051654261,10.092243941807,
    76.895857415592));
#13903 = PCURVE('',#604,#13904);
#13904 = DEFINITIONAL_REPRESENTATION('',(#13905),#13909);
#13905 = LINE('',#13906,#13907);
#13906 = CARTESIAN_POINT('',(0.,1.));
#13907 = VECTOR('',#13908,1.);
#13908 = DIRECTION('',(1.,0.));
#13909 = ( GEOMETRIC_REPRESENTATION_CONTEXT(2) 
PARAMETRIC_REPRESENTATION_CONTEXT() REPRESENTATION_CONTEXT('2D SPACE',''
  ) );
#13910 = PCURVE('',#7996,#13911);
#13911 = DEFINITIONAL_REPRESENTATION('',(#13912),#13915);
#13912 = B_SPLINE_CURVE_WITH_KNOTS('',1,(#13913,#13914),.UNSPECIFIED.,
  .F.,.F.,(2,2),(2.,3.),.PIECEWISE_BEZIER_KNOTS.);
#13913 = CARTESIAN_POINT('',(0.394784240113,0.516530483841));
#13914 = CARTESIAN_POINT('',(0.964358633393,0.826044435313));
#13915 = ( GEOMETRIC_REPRESENTATION_CONTEXT(2) 
PARAMETRIC_REPRESENTATION_CONTEXT() REPRESENTATION_CONTEXT('2D SPACE',''
  ) );
#13916 = ADVANCED_FACE('',(#13917),#565,.T.);
#13917 = FACE_BOUND('',#13918,.T.);
#13918 = EDGE_LOOP('',(#13919,#13920,#13921,#13944));
#13919 = ORIENTED_EDGE('',*,*,#13875,.F.);
#13920 = ORIENTED_EDGE('',*,*,#539,.F.);
#13921 = ORIENTED_EDGE('',*,*,#13922,.T.);
#13922 = EDGE_CURVE('',#495,#13923,#13925,.T.);
#13923 = VERTEX_POINT('',#13924);
#13924 = CARTESIAN_POINT('',(109.5317595686,10.766420092204,
    77.434111547357));
#13925 = SURFACE_CURVE('',#13926,(#13930,#13937),.PCURVE_S1.);
#13926 = B_SPLINE_CURVE_WITH_KNOTS('',2,(#13927,#13928,#13929),
  .UNSPECIFIED.,.F.,.F.,(3,3),(0.,1.),.PIECEWISE_BEZIER_KNOTS.);
#13927 = CARTESIAN_POINT('',(59.256868683803,-1.914695843099,
    77.252304209735));
#13928 = CARTESIAN_POINT('',(85.822309483447,5.071106880124,
    76.421065110154));
#13929 = CARTESIAN_POINT('',(109.5317595686,10.766420092204,
    77.434111547357));
#13930 = PCURVE('',#565,#13931);
#13931 = DEFINITIONAL_REPRESENTATION('',(#13932),#13936);
#13932 = LINE('',#13933,#13934);
#13933 = CARTESIAN_POINT('',(4.,0.));
#13934 = VECTOR('',#13935,1.);
#13935 = DIRECTION('',(0.,1.));
#13936 = ( GEOMETRIC_REPRESENTATION_CONTEXT(2) 
PARAMETRIC_REPRESENTATION_CONTEXT() REPRESENTATION_CONTEXT('2D SPACE',''
  ) );
#13937 = PCURVE('',#520,#13938);
#13938 = DEFINITIONAL_REPRESENTATION('',(#13939),#13943);
#13939 = LINE('',#13940,#13941);
#13940 = CARTESIAN_POINT('',(4.,0.));
#13941 = VECTOR('',#13942,1.);
#13942 = DIRECTION('',(0.,1.));
#13943 = ( GEOMETRIC_REPRESENTATION_CONTEXT(2) 
PARAMETRIC_REPRESENTATION_CONTEXT() REPRESENTATION_CONTEXT('2D SPACE',''
  ) );
#13944 = ORIENTED_EDGE('',*,*,#13945,.F.);
#13945 = EDGE_CURVE('',#13876,#13923,#13946,.T.);
#13946 = SURFACE_CURVE('',#13947,(#13950,#13957),.PCURVE_S1.);
#13947 = B_SPLINE_CURVE_WITH_KNOTS('',1,(#13948,#13949),.UNSPECIFIED.,
  .F.,.F.,(2,2),(3.,4.),.PIECEWISE_BEZIER_KNOTS.);
#13948 = CARTESIAN_POINT('',(109.62051654261,10.092243941807,
    76.895857415592));
#13949 = CARTESIAN_POINT('',(109.5317595686,10.766420092204,
    77.434111547357));
#13950 = PCURVE('',#565,#13951);
#13951 = DEFINITIONAL_REPRESENTATION('',(#13952),#13956);
#13952 = LINE('',#13953,#13954);
#13953 = CARTESIAN_POINT('',(0.,1.));
#13954 = VECTOR('',#13955,1.);
#13955 = DIRECTION('',(1.,0.));
#13956 = ( GEOMETRIC_REPRESENTATION_CONTEXT(2) 
PARAMETRIC_REPRESENTATION_CONTEXT() REPRESENTATION_CONTEXT('2D SPACE',''
  ) );
#13957 = PCURVE('',#7996,#13958);
#13958 = DEFINITIONAL_REPRESENTATION('',(#13959),#13962);
#13959 = B_SPLINE_CURVE_WITH_KNOTS('',1,(#13960,#13961),.UNSPECIFIED.,
  .F.,.F.,(2,2),(3.,4.),.PIECEWISE_BEZIER_KNOTS.);
#13960 = CARTESIAN_POINT('',(0.964358633393,0.826044435313));
#13961 = CARTESIAN_POINT('',(1.770497180105,1.145809092628));
#13962 = ( GEOMETRIC_REPRESENTATION_CONTEXT(2) 
PARAMETRIC_REPRESENTATION_CONTEXT() REPRESENTATION_CONTEXT('2D SPACE',''
  ) );
#13963 = ADVANCED_FACE('',(#13964),#520,.T.);
#13964 = FACE_BOUND('',#13965,.T.);
#13965 = EDGE_LOOP('',(#13966,#13967,#13968,#13969));
#13966 = ORIENTED_EDGE('',*,*,#13922,.F.);
#13967 = ORIENTED_EDGE('',*,*,#494,.F.);
#13968 = ORIENTED_EDGE('',*,*,#7935,.T.);
#13969 = ORIENTED_EDGE('',*,*,#13970,.F.);
#13970 = EDGE_CURVE('',#13923,#7936,#13971,.T.);
#13971 = SURFACE_CURVE('',#13972,(#13975,#13982),.PCURVE_S1.);
#13972 = B_SPLINE_CURVE_WITH_KNOTS('',1,(#13973,#13974),.UNSPECIFIED.,
  .F.,.F.,(2,2),(4.,5.),.PIECEWISE_BEZIER_KNOTS.);
#13973 = CARTESIAN_POINT('',(109.5317595686,10.766420092204,
    77.434111547357));
#13974 = CARTESIAN_POINT('',(109.43021625248,11.537718153218,
    78.169663996046));
#13975 = PCURVE('',#520,#13976);
#13976 = DEFINITIONAL_REPRESENTATION('',(#13977),#13981);
#13977 = LINE('',#13978,#13979);
#13978 = CARTESIAN_POINT('',(0.,1.));
#13979 = VECTOR('',#13980,1.);
#13980 = DIRECTION('',(1.,0.));
#13981 = ( GEOMETRIC_REPRESENTATION_CONTEXT(2) 
PARAMETRIC_REPRESENTATION_CONTEXT() REPRESENTATION_CONTEXT('2D SPACE',''
  ) );
#13982 = PCURVE('',#7996,#13983);
#13983 = DEFINITIONAL_REPRESENTATION('',(#13984),#13987);
#13984 = B_SPLINE_CURVE_WITH_KNOTS('',1,(#13985,#13986),.UNSPECIFIED.,
  .F.,.F.,(2,2),(4.,5.),.PIECEWISE_BEZIER_KNOTS.);
#13985 = CARTESIAN_POINT('',(1.770497180105,1.145809092628));
#13986 = CARTESIAN_POINT('',(2.796481067275,1.451760415574));
#13987 = ( GEOMETRIC_REPRESENTATION_CONTEXT(2) 
PARAMETRIC_REPRESENTATION_CONTEXT() REPRESENTATION_CONTEXT('2D SPACE',''
  ) );
#13988 = ADVANCED_FACE('',(#13989),#2971,.T.);
#13989 = FACE_BOUND('',#13990,.T.);
#13990 = EDGE_LOOP('',(#13991,#14014,#14015,#14016));
#13991 = ORIENTED_EDGE('',*,*,#13992,.F.);
#13992 = EDGE_CURVE('',#2889,#13993,#13995,.T.);
#13993 = VERTEX_POINT('',#13994);
#13994 = CARTESIAN_POINT('',(84.750707693056,70.245486855666,
    92.879064221958));
#13995 = SURFACE_CURVE('',#13996,(#14000,#14007),.PCURVE_S1.);
#13996 = B_SPLINE_CURVE_WITH_KNOTS('',2,(#13997,#13998,#13999),
  .UNSPECIFIED.,.F.,.F.,(3,3),(0.,1.),.PIECEWISE_BEZIER_KNOTS.);
#13997 = CARTESIAN_POINT('',(40.722569191553,43.026073037004,
    91.58499215802));
#13998 = CARTESIAN_POINT('',(63.995407267646,57.459339922165,
    93.155768308041));
#13999 = CARTESIAN_POINT('',(84.750707693056,70.245486855666,
    92.879064221958));
#14000 = PCURVE('',#2971,#14001);
#14001 = DEFINITIONAL_REPRESENTATION('',(#14002),#14006);
#14002 = LINE('',#14003,#14004);
#14003 = CARTESIAN_POINT('',(26.,0.));
#14004 = VECTOR('',#14005,1.);
#14005 = DIRECTION('',(0.,1.));
#14006 = ( GEOMETRIC_REPRESENTATION_CONTEXT(2) 
PARAMETRIC_REPRESENTATION_CONTEXT() REPRESENTATION_CONTEXT('2D SPACE',''
  ) );
#14007 = PCURVE('',#2914,#14008);
#14008 = DEFINITIONAL_REPRESENTATION('',(#14009),#14013);
#14009 = LINE('',#14010,#14011);
#14010 = CARTESIAN_POINT('',(26.,0.));
#14011 = VECTOR('',#14012,1.);
#14012 = DIRECTION('',(0.,1.));
#14013 = ( GEOMETRIC_REPRESENTATION_CONTEXT(2) 
PARAMETRIC_REPRESENTATION_CONTEXT() REPRESENTATION_CONTEXT('2D SPACE',''
  ) );
#14014 = ORIENTED_EDGE('',*,*,#2933,.F.);
#14015 = ORIENTED_EDGE('',*,*,#9824,.T.);
#14016 = ORIENTED_EDGE('',*,*,#14017,.F.);
#14017 = EDGE_CURVE('',#13993,#9825,#14018,.T.);
#14018 = SURFACE_CURVE('',#14019,(#14022,#14029),.PCURVE_S1.);
#14019 = B_SPLINE_CURVE_WITH_KNOTS('',1,(#14020,#14021),.UNSPECIFIED.,
  .F.,.F.,(2,2),(26.,27.),.PIECEWISE_BEZIER_KNOTS.);
#14020 = CARTESIAN_POINT('',(84.750707693056,70.245486855666,
    92.879064221958));
#14021 = CARTESIAN_POINT('',(85.099047707818,69.791521310051,
    91.808754134346));
#14022 = PCURVE('',#2971,#14023);
#14023 = DEFINITIONAL_REPRESENTATION('',(#14024),#14028);
#14024 = LINE('',#14025,#14026);
#14025 = CARTESIAN_POINT('',(0.,1.));
#14026 = VECTOR('',#14027,1.);
#14027 = DIRECTION('',(1.,0.));
#14028 = ( GEOMETRIC_REPRESENTATION_CONTEXT(2) 
PARAMETRIC_REPRESENTATION_CONTEXT() REPRESENTATION_CONTEXT('2D SPACE',''
  ) );
#14029 = PCURVE('',#9885,#14030);
#14030 = DEFINITIONAL_REPRESENTATION('',(#14031),#14034);
#14031 = B_SPLINE_CURVE_WITH_KNOTS('',1,(#14032,#14033),.UNSPECIFIED.,
  .F.,.F.,(2,2),(26.,27.),.PIECEWISE_BEZIER_KNOTS.);
#14032 = CARTESIAN_POINT('',(19.025709226781,0.142807703643));
#14033 = CARTESIAN_POINT('',(17.812687977403,0.182413444284));
#14034 = ( GEOMETRIC_REPRESENTATION_CONTEXT(2) 
PARAMETRIC_REPRESENTATION_CONTEXT() REPRESENTATION_CONTEXT('2D SPACE',''
  ) );
#14035 = ADVANCED_FACE('',(#14036),#2914,.T.);
#14036 = FACE_BOUND('',#14037,.T.);
#14037 = EDGE_LOOP('',(#14038,#14061,#14062,#14063));
#14038 = ORIENTED_EDGE('',*,*,#14039,.F.);
#14039 = EDGE_CURVE('',#2844,#14040,#14042,.T.);
#14040 = VERTEX_POINT('',#14041);
#14041 = CARTESIAN_POINT('',(84.458104788961,70.626814384449,
    93.796769632324));
#14042 = SURFACE_CURVE('',#14043,(#14047,#14054),.PCURVE_S1.);
#14043 = B_SPLINE_CURVE_WITH_KNOTS('',2,(#14044,#14045,#14046),
  .UNSPECIFIED.,.F.,.F.,(3,3),(0.,1.),.PIECEWISE_BEZIER_KNOTS.);
#14044 = CARTESIAN_POINT('',(40.005531831,43.960534318552,
    92.393782373458));
#14045 = CARTESIAN_POINT('',(63.499455980078,58.105676223818,
    94.125781762074));
#14046 = CARTESIAN_POINT('',(84.458104788961,70.626814384449,
    93.796769632324));
#14047 = PCURVE('',#2914,#14048);
#14048 = DEFINITIONAL_REPRESENTATION('',(#14049),#14053);
#14049 = LINE('',#14050,#14051);
#14050 = CARTESIAN_POINT('',(25.,0.));
#14051 = VECTOR('',#14052,1.);
#14052 = DIRECTION('',(0.,1.));
#14053 = ( GEOMETRIC_REPRESENTATION_CONTEXT(2) 
PARAMETRIC_REPRESENTATION_CONTEXT() REPRESENTATION_CONTEXT('2D SPACE',''
  ) );
#14054 = PCURVE('',#2869,#14055);
#14055 = DEFINITIONAL_REPRESENTATION('',(#14056),#14060);
#14056 = LINE('',#14057,#14058);
#14057 = CARTESIAN_POINT('',(25.,0.));
#14058 = VECTOR('',#14059,1.);
#14059 = DIRECTION('',(0.,1.));
#14060 = ( GEOMETRIC_REPRESENTATION_CONTEXT(2) 
PARAMETRIC_REPRESENTATION_CONTEXT() REPRESENTATION_CONTEXT('2D SPACE',''
  ) );
#14061 = ORIENTED_EDGE('',*,*,#2888,.F.);
#14062 = ORIENTED_EDGE('',*,*,#13992,.T.);
#14063 = ORIENTED_EDGE('',*,*,#14064,.F.);
#14064 = EDGE_CURVE('',#14040,#13993,#14065,.T.);
#14065 = SURFACE_CURVE('',#14066,(#14069,#14076),.PCURVE_S1.);
#14066 = B_SPLINE_CURVE_WITH_KNOTS('',1,(#14067,#14068),.UNSPECIFIED.,
  .F.,.F.,(2,2),(25.,26.),.PIECEWISE_BEZIER_KNOTS.);
#14067 = CARTESIAN_POINT('',(84.458104788961,70.626814384449,
    93.796769632324));
#14068 = CARTESIAN_POINT('',(84.750707693056,70.245486855666,
    92.879064221958));
#14069 = PCURVE('',#2914,#14070);
#14070 = DEFINITIONAL_REPRESENTATION('',(#14071),#14075);
#14071 = LINE('',#14072,#14073);
#14072 = CARTESIAN_POINT('',(0.,1.));
#14073 = VECTOR('',#14074,1.);
#14074 = DIRECTION('',(1.,0.));
#14075 = ( GEOMETRIC_REPRESENTATION_CONTEXT(2) 
PARAMETRIC_REPRESENTATION_CONTEXT() REPRESENTATION_CONTEXT('2D SPACE',''
  ) );
#14076 = PCURVE('',#9885,#14077);
#14077 = DEFINITIONAL_REPRESENTATION('',(#14078),#14081);
#14078 = B_SPLINE_CURVE_WITH_KNOTS('',1,(#14079,#14080),.UNSPECIFIED.,
  .F.,.F.,(2,2),(25.,26.),.PIECEWISE_BEZIER_KNOTS.);
#14079 = CARTESIAN_POINT('',(20.060791840716,0.100212560277));
#14080 = CARTESIAN_POINT('',(19.025709226781,0.142807703643));
#14081 = ( GEOMETRIC_REPRESENTATION_CONTEXT(2) 
PARAMETRIC_REPRESENTATION_CONTEXT() REPRESENTATION_CONTEXT('2D SPACE',''
  ) );
#14082 = ADVANCED_FACE('',(#14083),#2869,.T.);
#14083 = FACE_BOUND('',#14084,.T.);
#14084 = EDGE_LOOP('',(#14085,#14108,#14109,#14110));
#14085 = ORIENTED_EDGE('',*,*,#14086,.F.);
#14086 = EDGE_CURVE('',#2808,#14087,#14089,.T.);
#14087 = VERTEX_POINT('',#14088);
#14088 = CARTESIAN_POINT('',(84.225742363943,70.929634992427,
    94.53765495926));
#14089 = SURFACE_CURVE('',#14090,(#14094,#14101),.PCURVE_S1.);
#14090 = B_SPLINE_CURVE_WITH_KNOTS('',2,(#14091,#14092,#14093),
  .UNSPECIFIED.,.F.,.F.,(3,3),(0.,1.),.PIECEWISE_BEZIER_KNOTS.);
#14091 = CARTESIAN_POINT('',(39.430336194603,44.710143866253,
    93.055116681825));
#14092 = CARTESIAN_POINT('',(63.103611104088,58.621551309916,
    94.911999925291));
#14093 = CARTESIAN_POINT('',(84.225742363943,70.929634992427,
    94.53765495926));
#14094 = PCURVE('',#2869,#14095);
#14095 = DEFINITIONAL_REPRESENTATION('',(#14096),#14100);
#14096 = LINE('',#14097,#14098);
#14097 = CARTESIAN_POINT('',(24.,0.));
#14098 = VECTOR('',#14099,1.);
#14099 = DIRECTION('',(0.,1.));
#14100 = ( GEOMETRIC_REPRESENTATION_CONTEXT(2) 
PARAMETRIC_REPRESENTATION_CONTEXT() REPRESENTATION_CONTEXT('2D SPACE',''
  ) );
#14101 = PCURVE('',#2827,#14102);
#14102 = DEFINITIONAL_REPRESENTATION('',(#14103),#14107);
#14103 = LINE('',#14104,#14105);
#14104 = CARTESIAN_POINT('',(24.,0.));
#14105 = VECTOR('',#14106,1.);
#14106 = DIRECTION('',(0.,1.));
#14107 = ( GEOMETRIC_REPRESENTATION_CONTEXT(2) 
PARAMETRIC_REPRESENTATION_CONTEXT() REPRESENTATION_CONTEXT('2D SPACE',''
  ) );
#14108 = ORIENTED_EDGE('',*,*,#2843,.F.);
#14109 = ORIENTED_EDGE('',*,*,#14039,.T.);
#14110 = ORIENTED_EDGE('',*,*,#14111,.F.);
#14111 = EDGE_CURVE('',#14087,#14040,#14112,.T.);
#14112 = SURFACE_CURVE('',#14113,(#14116,#14123),.PCURVE_S1.);
#14113 = B_SPLINE_CURVE_WITH_KNOTS('',1,(#14114,#14115),.UNSPECIFIED.,
  .F.,.F.,(2,2),(24.,25.),.PIECEWISE_BEZIER_KNOTS.);
#14114 = CARTESIAN_POINT('',(84.225742363943,70.929634992427,
    94.53765495926));
#14115 = CARTESIAN_POINT('',(84.458104788961,70.626814384449,
    93.796769632324));
#14116 = PCURVE('',#2869,#14117);
#14117 = DEFINITIONAL_REPRESENTATION('',(#14118),#14122);
#14118 = LINE('',#14119,#14120);
#14119 = CARTESIAN_POINT('',(0.,1.));
#14120 = VECTOR('',#14121,1.);
#14121 = DIRECTION('',(1.,0.));
#14122 = ( GEOMETRIC_REPRESENTATION_CONTEXT(2) 
PARAMETRIC_REPRESENTATION_CONTEXT() REPRESENTATION_CONTEXT('2D SPACE',''
  ) );
#14123 = PCURVE('',#9885,#14124);
#14124 = DEFINITIONAL_REPRESENTATION('',(#14125),#14128);
#14125 = B_SPLINE_CURVE_WITH_KNOTS('',1,(#14126,#14127),.UNSPECIFIED.,
  .F.,.F.,(2,2),(24.,25.),.PIECEWISE_BEZIER_KNOTS.);
#14126 = CARTESIAN_POINT('',(20.893265866509,6.032921505921E-02));
#14127 = CARTESIAN_POINT('',(20.060791840716,0.100212560277));
#14128 = ( GEOMETRIC_REPRESENTATION_CONTEXT(2) 
PARAMETRIC_REPRESENTATION_CONTEXT() REPRESENTATION_CONTEXT('2D SPACE',''
  ) );
#14129 = ADVANCED_FACE('',(#14130),#2827,.T.);
#14130 = FACE_BOUND('',#14131,.T.);
#14131 = EDGE_LOOP('',(#14132,#14155,#14156,#14157));
#14132 = ORIENTED_EDGE('',*,*,#14133,.F.);
#14133 = EDGE_CURVE('',#2772,#14134,#14136,.T.);
#14134 = VERTEX_POINT('',#14135);
#14135 = CARTESIAN_POINT('',(84.057154949954,71.14934238788,
    95.081801976765));
#14136 = SURFACE_CURVE('',#14137,(#14141,#14148),.PCURVE_S1.);
#14137 = B_SPLINE_CURVE_WITH_KNOTS('',2,(#14138,#14139,#14140),
  .UNSPECIFIED.,.F.,.F.,(3,3),(0.,1.),.PIECEWISE_BEZIER_KNOTS.);
#14138 = CARTESIAN_POINT('',(39.009762526098,45.258246142197,
    93.545452900572));
#14139 = CARTESIAN_POINT('',(62.815283341578,58.997307365714,
    95.491163798516));
#14140 = CARTESIAN_POINT('',(84.057154949954,71.14934238788,
    95.081801976765));
#14141 = PCURVE('',#2827,#14142);
#14142 = DEFINITIONAL_REPRESENTATION('',(#14143),#14147);
#14143 = LINE('',#14144,#14145);
#14144 = CARTESIAN_POINT('',(23.,0.));
#14145 = VECTOR('',#14146,1.);
#14146 = DIRECTION('',(0.,1.));
#14147 = ( GEOMETRIC_REPRESENTATION_CONTEXT(2) 
PARAMETRIC_REPRESENTATION_CONTEXT() REPRESENTATION_CONTEXT('2D SPACE',''
  ) );
#14148 = PCURVE('',#2791,#14149);
#14149 = DEFINITIONAL_REPRESENTATION('',(#14150),#14154);
#14150 = LINE('',#14151,#14152);
#14151 = CARTESIAN_POINT('',(23.,0.));
#14152 = VECTOR('',#14153,1.);
#14153 = DIRECTION('',(0.,1.));
#14154 = ( GEOMETRIC_REPRESENTATION_CONTEXT(2) 
PARAMETRIC_REPRESENTATION_CONTEXT() REPRESENTATION_CONTEXT('2D SPACE',''
  ) );
#14155 = ORIENTED_EDGE('',*,*,#2807,.F.);
#14156 = ORIENTED_EDGE('',*,*,#14086,.T.);
#14157 = ORIENTED_EDGE('',*,*,#14158,.F.);
#14158 = EDGE_CURVE('',#14134,#14087,#14159,.T.);
#14159 = SURFACE_CURVE('',#14160,(#14163,#14170),.PCURVE_S1.);
#14160 = B_SPLINE_CURVE_WITH_KNOTS('',1,(#14161,#14162),.UNSPECIFIED.,
  .F.,.F.,(2,2),(23.,24.),.PIECEWISE_BEZIER_KNOTS.);
#14161 = CARTESIAN_POINT('',(84.057154949954,71.14934238788,
    95.081801976765));
#14162 = CARTESIAN_POINT('',(84.225742363943,70.929634992427,
    94.53765495926));
#14163 = PCURVE('',#2827,#14164);
#14164 = DEFINITIONAL_REPRESENTATION('',(#14165),#14169);
#14165 = LINE('',#14166,#14167);
#14166 = CARTESIAN_POINT('',(0.,1.));
#14167 = VECTOR('',#14168,1.);
#14168 = DIRECTION('',(1.,0.));
#14169 = ( GEOMETRIC_REPRESENTATION_CONTEXT(2) 
PARAMETRIC_REPRESENTATION_CONTEXT() REPRESENTATION_CONTEXT('2D SPACE',''
  ) );
#14170 = PCURVE('',#9885,#14171);
#14171 = DEFINITIONAL_REPRESENTATION('',(#14172),#14175);
#14172 = B_SPLINE_CURVE_WITH_KNOTS('',1,(#14173,#14174),.UNSPECIFIED.,
  .F.,.F.,(2,2),(23.,24.),.PIECEWISE_BEZIER_KNOTS.);
#14173 = CARTESIAN_POINT('',(21.502978562623,2.808854773804E-02));
#14174 = CARTESIAN_POINT('',(20.893265866509,6.032921505921E-02));
#14175 = ( GEOMETRIC_REPRESENTATION_CONTEXT(2) 
PARAMETRIC_REPRESENTATION_CONTEXT() REPRESENTATION_CONTEXT('2D SPACE',''
  ) );
#14176 = ADVANCED_FACE('',(#14177),#2791,.T.);
#14177 = FACE_BOUND('',#14178,.T.);
#14178 = EDGE_LOOP('',(#14179,#14202,#14203,#14204));
#14179 = ORIENTED_EDGE('',*,*,#14180,.F.);
#14180 = EDGE_CURVE('',#2736,#14181,#14183,.T.);
#14181 = VERTEX_POINT('',#14182);
#14182 = CARTESIAN_POINT('',(83.954934113813,71.282559175171,
    95.414388594775));
#14183 = SURFACE_CURVE('',#14184,(#14188,#14195),.PCURVE_S1.);
#14184 = B_SPLINE_CURVE_WITH_KNOTS('',2,(#14185,#14186,#14187),
  .UNSPECIFIED.,.F.,.F.,(3,3),(0.,1.),.PIECEWISE_BEZIER_KNOTS.);
#14185 = CARTESIAN_POINT('',(38.753415049974,45.592324677345,
    93.847020703413));
#14186 = CARTESIAN_POINT('',(62.639992922572,59.225750287378,
    95.845855171677));
#14187 = CARTESIAN_POINT('',(83.954934113813,71.282559175171,
    95.414388594775));
#14188 = PCURVE('',#2791,#14189);
#14189 = DEFINITIONAL_REPRESENTATION('',(#14190),#14194);
#14190 = LINE('',#14191,#14192);
#14191 = CARTESIAN_POINT('',(22.,0.));
#14192 = VECTOR('',#14193,1.);
#14193 = DIRECTION('',(0.,1.));
#14194 = ( GEOMETRIC_REPRESENTATION_CONTEXT(2) 
PARAMETRIC_REPRESENTATION_CONTEXT() REPRESENTATION_CONTEXT('2D SPACE',''
  ) );
#14195 = PCURVE('',#2755,#14196);
#14196 = DEFINITIONAL_REPRESENTATION('',(#14197),#14201);
#14197 = LINE('',#14198,#14199);
#14198 = CARTESIAN_POINT('',(22.,0.));
#14199 = VECTOR('',#14200,1.);
#14200 = DIRECTION('',(0.,1.));
#14201 = ( GEOMETRIC_REPRESENTATION_CONTEXT(2) 
PARAMETRIC_REPRESENTATION_CONTEXT() REPRESENTATION_CONTEXT('2D SPACE',''
  ) );
#14202 = ORIENTED_EDGE('',*,*,#2771,.F.);
#14203 = ORIENTED_EDGE('',*,*,#14133,.T.);
#14204 = ORIENTED_EDGE('',*,*,#14205,.F.);
#14205 = EDGE_CURVE('',#14181,#14134,#14206,.T.);
#14206 = SURFACE_CURVE('',#14207,(#14210,#14217),.PCURVE_S1.);
#14207 = B_SPLINE_CURVE_WITH_KNOTS('',1,(#14208,#14209),.UNSPECIFIED.,
  .F.,.F.,(2,2),(22.,23.),.PIECEWISE_BEZIER_KNOTS.);
#14208 = CARTESIAN_POINT('',(83.954934113813,71.282559175171,
    95.414388594775));
#14209 = CARTESIAN_POINT('',(84.057154949954,71.14934238788,
    95.081801976765));
#14210 = PCURVE('',#2791,#14211);
#14211 = DEFINITIONAL_REPRESENTATION('',(#14212),#14216);
#14212 = LINE('',#14213,#14214);
#14213 = CARTESIAN_POINT('',(0.,1.));
#14214 = VECTOR('',#14215,1.);
#14215 = DIRECTION('',(1.,0.));
#14216 = ( GEOMETRIC_REPRESENTATION_CONTEXT(2) 
PARAMETRIC_REPRESENTATION_CONTEXT() REPRESENTATION_CONTEXT('2D SPACE',''
  ) );
#14217 = PCURVE('',#9885,#14218);
#14218 = DEFINITIONAL_REPRESENTATION('',(#14219),#14222);
#14219 = B_SPLINE_CURVE_WITH_KNOTS('',1,(#14220,#14221),.UNSPECIFIED.,
  .F.,.F.,(2,2),(22.,23.),.PIECEWISE_BEZIER_KNOTS.);
#14220 = CARTESIAN_POINT('',(21.87496506551,7.214834448909E-03));
#14221 = CARTESIAN_POINT('',(21.502978562623,2.808854773804E-02));
#14222 = ( GEOMETRIC_REPRESENTATION_CONTEXT(2) 
PARAMETRIC_REPRESENTATION_CONTEXT() REPRESENTATION_CONTEXT('2D SPACE',''
  ) );
#14223 = ADVANCED_FACE('',(#14224),#2755,.T.);
#14224 = FACE_BOUND('',#14225,.T.);
#14225 = EDGE_LOOP('',(#14226,#14249,#14250,#14251));
#14226 = ORIENTED_EDGE('',*,*,#14227,.F.);
#14227 = EDGE_CURVE('',#2700,#14228,#14230,.T.);
#14228 = VERTEX_POINT('',#14229);
#14229 = CARTESIAN_POINT('',(83.920679572488,71.327200562561,
    95.526279441629));
#14230 = SURFACE_CURVE('',#14231,(#14235,#14242),.PCURVE_S1.);
#14231 = B_SPLINE_CURVE_WITH_KNOTS('',2,(#14232,#14233,#14234),
  .UNSPECIFIED.,.F.,.F.,(3,3),(0.,1.),.PIECEWISE_BEZIER_KNOTS.);
#14232 = CARTESIAN_POINT('',(38.667285843773,45.70457044421,
    93.948788963498));
#14233 = CARTESIAN_POINT('',(62.581173362269,59.302405430785,
    95.965300606241));
#14234 = CARTESIAN_POINT('',(83.920679572488,71.327200562561,
    95.526279441629));
#14235 = PCURVE('',#2755,#14236);
#14236 = DEFINITIONAL_REPRESENTATION('',(#14237),#14241);
#14237 = LINE('',#14238,#14239);
#14238 = CARTESIAN_POINT('',(21.,0.));
#14239 = VECTOR('',#14240,1.);
#14240 = DIRECTION('',(0.,1.));
#14241 = ( GEOMETRIC_REPRESENTATION_CONTEXT(2) 
PARAMETRIC_REPRESENTATION_CONTEXT() REPRESENTATION_CONTEXT('2D SPACE',''
  ) );
#14242 = PCURVE('',#2719,#14243);
#14243 = DEFINITIONAL_REPRESENTATION('',(#14244),#14248);
#14244 = LINE('',#14245,#14246);
#14245 = CARTESIAN_POINT('',(21.,0.));
#14246 = VECTOR('',#14247,1.);
#14247 = DIRECTION('',(0.,1.));
#14248 = ( GEOMETRIC_REPRESENTATION_CONTEXT(2) 
PARAMETRIC_REPRESENTATION_CONTEXT() REPRESENTATION_CONTEXT('2D SPACE',''
  ) );
#14249 = ORIENTED_EDGE('',*,*,#2735,.F.);
#14250 = ORIENTED_EDGE('',*,*,#14180,.T.);
#14251 = ORIENTED_EDGE('',*,*,#14252,.F.);
#14252 = EDGE_CURVE('',#14228,#14181,#14253,.T.);
#14253 = SURFACE_CURVE('',#14254,(#14257,#14264),.PCURVE_S1.);
#14254 = B_SPLINE_CURVE_WITH_KNOTS('',1,(#14255,#14256),.UNSPECIFIED.,
  .F.,.F.,(2,2),(21.,22.),.PIECEWISE_BEZIER_KNOTS.);
#14255 = CARTESIAN_POINT('',(83.920679572488,71.327200562561,
    95.526279441629));
#14256 = CARTESIAN_POINT('',(83.954934113813,71.282559175171,
    95.414388594775));
#14257 = PCURVE('',#2755,#14258);
#14258 = DEFINITIONAL_REPRESENTATION('',(#14259),#14263);
#14259 = LINE('',#14260,#14261);
#14260 = CARTESIAN_POINT('',(0.,1.));
#14261 = VECTOR('',#14262,1.);
#14262 = DIRECTION('',(1.,0.));
#14263 = ( GEOMETRIC_REPRESENTATION_CONTEXT(2) 
PARAMETRIC_REPRESENTATION_CONTEXT() REPRESENTATION_CONTEXT('2D SPACE',''
  ) );
#14264 = PCURVE('',#9885,#14265);
#14265 = DEFINITIONAL_REPRESENTATION('',(#14266),#14269);
#14266 = B_SPLINE_CURVE_WITH_KNOTS('',1,(#14267,#14268),.UNSPECIFIED.,
  .F.,.F.,(2,2),(21.,22.),.PIECEWISE_BEZIER_KNOTS.);
#14267 = CARTESIAN_POINT('',(22.,0.));
#14268 = CARTESIAN_POINT('',(21.87496506551,7.214834448909E-03));
#14269 = ( GEOMETRIC_REPRESENTATION_CONTEXT(2) 
PARAMETRIC_REPRESENTATION_CONTEXT() REPRESENTATION_CONTEXT('2D SPACE',''
  ) );
#14270 = ADVANCED_FACE('',(#14271),#2719,.T.);
#14271 = FACE_BOUND('',#14272,.T.);
#14272 = EDGE_LOOP('',(#14273,#14296,#14297,#14298));
#14273 = ORIENTED_EDGE('',*,*,#14274,.F.);
#14274 = EDGE_CURVE('',#2664,#14275,#14277,.T.);
#14275 = VERTEX_POINT('',#14276);
#14276 = CARTESIAN_POINT('',(83.939727620585,71.302376662978,
    95.404987424349));
#14277 = SURFACE_CURVE('',#14278,(#14282,#14289),.PCURVE_S1.);
#14278 = B_SPLINE_CURVE_WITH_KNOTS('',2,(#14279,#14280,#14281),
  .UNSPECIFIED.,.F.,.F.,(3,3),(0.,1.),.PIECEWISE_BEZIER_KNOTS.);
#14279 = CARTESIAN_POINT('',(38.729037809011,45.624093716289,
    93.806999004157));
#14280 = CARTESIAN_POINT('',(62.616739868713,59.256054257163,
    95.825010575971));
#14281 = CARTESIAN_POINT('',(83.939727620585,71.302376662978,
    95.404987424349));
#14282 = PCURVE('',#2719,#14283);
#14283 = DEFINITIONAL_REPRESENTATION('',(#14284),#14288);
#14284 = LINE('',#14285,#14286);
#14285 = CARTESIAN_POINT('',(20.,0.));
#14286 = VECTOR('',#14287,1.);
#14287 = DIRECTION('',(0.,1.));
#14288 = ( GEOMETRIC_REPRESENTATION_CONTEXT(2) 
PARAMETRIC_REPRESENTATION_CONTEXT() REPRESENTATION_CONTEXT('2D SPACE',''
  ) );
#14289 = PCURVE('',#2683,#14290);
#14290 = DEFINITIONAL_REPRESENTATION('',(#14291),#14295);
#14291 = LINE('',#14292,#14293);
#14292 = CARTESIAN_POINT('',(20.,0.));
#14293 = VECTOR('',#14294,1.);
#14294 = DIRECTION('',(0.,1.));
#14295 = ( GEOMETRIC_REPRESENTATION_CONTEXT(2) 
PARAMETRIC_REPRESENTATION_CONTEXT() REPRESENTATION_CONTEXT('2D SPACE',''
  ) );
#14296 = ORIENTED_EDGE('',*,*,#2699,.F.);
#14297 = ORIENTED_EDGE('',*,*,#14227,.T.);
#14298 = ORIENTED_EDGE('',*,*,#14299,.F.);
#14299 = EDGE_CURVE('',#14275,#14228,#14300,.T.);
#14300 = SURFACE_CURVE('',#14301,(#14304,#14311),.PCURVE_S1.);
#14301 = B_SPLINE_CURVE_WITH_KNOTS('',1,(#14302,#14303),.UNSPECIFIED.,
  .F.,.F.,(2,2),(20.,21.),.PIECEWISE_BEZIER_KNOTS.);
#14302 = CARTESIAN_POINT('',(83.939727620585,71.302376662978,
    95.404987424349));
#14303 = CARTESIAN_POINT('',(83.920679572488,71.327200562561,
    95.526279441629));
#14304 = PCURVE('',#2719,#14305);
#14305 = DEFINITIONAL_REPRESENTATION('',(#14306),#14310);
#14306 = LINE('',#14307,#14308);
#14307 = CARTESIAN_POINT('',(0.,1.));
#14308 = VECTOR('',#14309,1.);
#14309 = DIRECTION('',(1.,0.));
#14310 = ( GEOMETRIC_REPRESENTATION_CONTEXT(2) 
PARAMETRIC_REPRESENTATION_CONTEXT() REPRESENTATION_CONTEXT('2D SPACE',''
  ) );
#14311 = PCURVE('',#9885,#14312);
#14312 = DEFINITIONAL_REPRESENTATION('',(#14313),#14316);
#14313 = B_SPLINE_CURVE_WITH_KNOTS('',1,(#14314,#14315),.UNSPECIFIED.,
  .F.,.F.,(2,2),(20.,21.),.PIECEWISE_BEZIER_KNOTS.);
#14314 = CARTESIAN_POINT('',(21.879313111443,3.354821177135E-02));
#14315 = CARTESIAN_POINT('',(22.,0.));
#14316 = ( GEOMETRIC_REPRESENTATION_CONTEXT(2) 
PARAMETRIC_REPRESENTATION_CONTEXT() REPRESENTATION_CONTEXT('2D SPACE',''
  ) );
#14317 = ADVANCED_FACE('',(#14318),#2683,.T.);
#14318 = FACE_BOUND('',#14319,.T.);
#14319 = EDGE_LOOP('',(#14320,#14343,#14344,#14345));
#14320 = ORIENTED_EDGE('',*,*,#14321,.F.);
#14321 = EDGE_CURVE('',#2628,#14322,#14324,.T.);
#14322 = VERTEX_POINT('',#14323);
#14323 = CARTESIAN_POINT('',(83.997413960328,71.227198361358,
    95.044363061895));
#14324 = SURFACE_CURVE('',#14325,(#14329,#14336),.PCURVE_S1.);
#14325 = B_SPLINE_CURVE_WITH_KNOTS('',2,(#14326,#14327,#14328),
  .UNSPECIFIED.,.F.,.F.,(3,3),(0.,1.),.PIECEWISE_BEZIER_KNOTS.);
#14326 = CARTESIAN_POINT('',(38.914420663439,45.382498076708,
    93.386987543867));
#14327 = CARTESIAN_POINT('',(62.724012862988,59.116253369204,
    95.408353648613));
#14328 = CARTESIAN_POINT('',(83.997413960328,71.227198361358,
    95.044363061895));
#14329 = PCURVE('',#2683,#14330);
#14330 = DEFINITIONAL_REPRESENTATION('',(#14331),#14335);
#14331 = LINE('',#14332,#14333);
#14332 = CARTESIAN_POINT('',(19.,0.));
#14333 = VECTOR('',#14334,1.);
#14334 = DIRECTION('',(0.,1.));
#14335 = ( GEOMETRIC_REPRESENTATION_CONTEXT(2) 
PARAMETRIC_REPRESENTATION_CONTEXT() REPRESENTATION_CONTEXT('2D SPACE',''
  ) );
#14336 = PCURVE('',#2647,#14337);
#14337 = DEFINITIONAL_REPRESENTATION('',(#14338),#14342);
#14338 = LINE('',#14339,#14340);
#14339 = CARTESIAN_POINT('',(19.,0.));
#14340 = VECTOR('',#14341,1.);
#14341 = DIRECTION('',(0.,1.));
#14342 = ( GEOMETRIC_REPRESENTATION_CONTEXT(2) 
PARAMETRIC_REPRESENTATION_CONTEXT() REPRESENTATION_CONTEXT('2D SPACE',''
  ) );
#14343 = ORIENTED_EDGE('',*,*,#2663,.F.);
#14344 = ORIENTED_EDGE('',*,*,#14274,.T.);
#14345 = ORIENTED_EDGE('',*,*,#14346,.F.);
#14346 = EDGE_CURVE('',#14322,#14275,#14347,.T.);
#14347 = SURFACE_CURVE('',#14348,(#14351,#14358),.PCURVE_S1.);
#14348 = B_SPLINE_CURVE_WITH_KNOTS('',1,(#14349,#14350),.UNSPECIFIED.,
  .F.,.F.,(2,2),(19.,20.),.PIECEWISE_BEZIER_KNOTS.);
#14349 = CARTESIAN_POINT('',(83.997413960328,71.227198361358,
    95.044363061895));
#14350 = CARTESIAN_POINT('',(83.939727620585,71.302376662978,
    95.404987424349));
#14351 = PCURVE('',#2683,#14352);
#14352 = DEFINITIONAL_REPRESENTATION('',(#14353),#14357);
#14353 = LINE('',#14354,#14355);
#14354 = CARTESIAN_POINT('',(0.,1.));
#14355 = VECTOR('',#14356,1.);
#14356 = DIRECTION('',(1.,0.));
#14357 = ( GEOMETRIC_REPRESENTATION_CONTEXT(2) 
PARAMETRIC_REPRESENTATION_CONTEXT() REPRESENTATION_CONTEXT('2D SPACE',''
  ) );
#14358 = PCURVE('',#9885,#14359);
#14359 = DEFINITIONAL_REPRESENTATION('',(#14360),#14363);
#14360 = B_SPLINE_CURVE_WITH_KNOTS('',1,(#14361,#14362),.UNSPECIFIED.,
  .F.,.F.,(2,2),(19.,20.),.PIECEWISE_BEZIER_KNOTS.);
#14361 = CARTESIAN_POINT('',(21.519623164673,0.131795673901));
#14362 = CARTESIAN_POINT('',(21.879313111443,3.354821177135E-02));
#14363 = ( GEOMETRIC_REPRESENTATION_CONTEXT(2) 
PARAMETRIC_REPRESENTATION_CONTEXT() REPRESENTATION_CONTEXT('2D SPACE',''
  ) );
#14364 = ADVANCED_FACE('',(#14365),#2647,.T.);
#14365 = FACE_BOUND('',#14366,.T.);
#14366 = EDGE_LOOP('',(#14367,#14390,#14391,#14392));
#14367 = ORIENTED_EDGE('',*,*,#14368,.F.);
#14368 = EDGE_CURVE('',#2583,#14369,#14371,.T.);
#14369 = VERTEX_POINT('',#14370);
#14370 = CARTESIAN_POINT('',(84.095230799213,71.099720975033,
    94.45404195739));
#14371 = SURFACE_CURVE('',#14372,(#14376,#14383),.PCURVE_S1.);
#14372 = B_SPLINE_CURVE_WITH_KNOTS('',2,(#14373,#14374,#14375),
  .UNSPECIFIED.,.F.,.F.,(3,3),(0.,1.),.PIECEWISE_BEZIER_KNOTS.);
#14373 = CARTESIAN_POINT('',(39.223606141976,44.979559716165,
    92.704481728364));
#14374 = CARTESIAN_POINT('',(62.904520292252,58.881011507401,
    94.727772443209));
#14375 = CARTESIAN_POINT('',(84.095230799213,71.099720975033,
    94.45404195739));
#14376 = PCURVE('',#2647,#14377);
#14377 = DEFINITIONAL_REPRESENTATION('',(#14378),#14382);
#14378 = LINE('',#14379,#14380);
#14379 = CARTESIAN_POINT('',(18.,0.));
#14380 = VECTOR('',#14381,1.);
#14381 = DIRECTION('',(0.,1.));
#14382 = ( GEOMETRIC_REPRESENTATION_CONTEXT(2) 
PARAMETRIC_REPRESENTATION_CONTEXT() REPRESENTATION_CONTEXT('2D SPACE',''
  ) );
#14383 = PCURVE('',#2608,#14384);
#14384 = DEFINITIONAL_REPRESENTATION('',(#14385),#14389);
#14385 = LINE('',#14386,#14387);
#14386 = CARTESIAN_POINT('',(18.,0.));
#14387 = VECTOR('',#14388,1.);
#14388 = DIRECTION('',(0.,1.));
#14389 = ( GEOMETRIC_REPRESENTATION_CONTEXT(2) 
PARAMETRIC_REPRESENTATION_CONTEXT() REPRESENTATION_CONTEXT('2D SPACE',''
  ) );
#14390 = ORIENTED_EDGE('',*,*,#2627,.F.);
#14391 = ORIENTED_EDGE('',*,*,#14321,.T.);
#14392 = ORIENTED_EDGE('',*,*,#14393,.F.);
#14393 = EDGE_CURVE('',#14369,#14322,#14394,.T.);
#14394 = SURFACE_CURVE('',#14395,(#14398,#14405),.PCURVE_S1.);
#14395 = B_SPLINE_CURVE_WITH_KNOTS('',1,(#14396,#14397),.UNSPECIFIED.,
  .F.,.F.,(2,2),(18.,19.),.PIECEWISE_BEZIER_KNOTS.);
#14396 = CARTESIAN_POINT('',(84.095230799213,71.099720975033,
    94.45404195739));
#14397 = CARTESIAN_POINT('',(83.997413960328,71.227198361358,
    95.044363061895));
#14398 = PCURVE('',#2647,#14399);
#14399 = DEFINITIONAL_REPRESENTATION('',(#14400),#14404);
#14400 = LINE('',#14401,#14402);
#14401 = CARTESIAN_POINT('',(0.,1.));
#14402 = VECTOR('',#14403,1.);
#14403 = DIRECTION('',(1.,0.));
#14404 = ( GEOMETRIC_REPRESENTATION_CONTEXT(2) 
PARAMETRIC_REPRESENTATION_CONTEXT() REPRESENTATION_CONTEXT('2D SPACE',''
  ) );
#14405 = PCURVE('',#9885,#14406);
#14406 = DEFINITIONAL_REPRESENTATION('',(#14407),#14410);
#14407 = B_SPLINE_CURVE_WITH_KNOTS('',1,(#14408,#14409),.UNSPECIFIED.,
  .F.,.F.,(2,2),(18.,19.),.PIECEWISE_BEZIER_KNOTS.);
#14408 = CARTESIAN_POINT('',(20.928049227344,0.287801767025));
#14409 = CARTESIAN_POINT('',(21.519623164673,0.131795673901));
#14410 = ( GEOMETRIC_REPRESENTATION_CONTEXT(2) 
PARAMETRIC_REPRESENTATION_CONTEXT() REPRESENTATION_CONTEXT('2D SPACE',''
  ) );
#14411 = ADVANCED_FACE('',(#14412),#2608,.T.);
#14412 = FACE_BOUND('',#14413,.T.);
#14413 = EDGE_LOOP('',(#14414,#14437,#14438,#14439));
#14414 = ORIENTED_EDGE('',*,*,#14415,.F.);
#14415 = EDGE_CURVE('',#2538,#14416,#14418,.T.);
#14416 = VERTEX_POINT('',#14417);
#14417 = CARTESIAN_POINT('',(84.235249838383,70.917244610505,
    93.649695089254));
#14418 = SURFACE_CURVE('',#14419,(#14423,#14430),.PCURVE_S1.);
#14419 = B_SPLINE_CURVE_WITH_KNOTS('',2,(#14420,#14421,#14422),
  .UNSPECIFIED.,.F.,.F.,(3,3),(0.,1.),.PIECEWISE_BEZIER_KNOTS.);
#14420 = CARTESIAN_POINT('',(39.656241374501,44.415738503953,
    91.784589289813));
#14421 = CARTESIAN_POINT('',(63.160217073858,58.547780973858,
    93.803372332438));
#14422 = CARTESIAN_POINT('',(84.235249838383,70.917244610505,
    93.649695089254));
#14423 = PCURVE('',#2608,#14424);
#14424 = DEFINITIONAL_REPRESENTATION('',(#14425),#14429);
#14425 = LINE('',#14426,#14427);
#14426 = CARTESIAN_POINT('',(17.,0.));
#14427 = VECTOR('',#14428,1.);
#14428 = DIRECTION('',(0.,1.));
#14429 = ( GEOMETRIC_REPRESENTATION_CONTEXT(2) 
PARAMETRIC_REPRESENTATION_CONTEXT() REPRESENTATION_CONTEXT('2D SPACE',''
  ) );
#14430 = PCURVE('',#2563,#14431);
#14431 = DEFINITIONAL_REPRESENTATION('',(#14432),#14436);
#14432 = LINE('',#14433,#14434);
#14433 = CARTESIAN_POINT('',(17.,0.));
#14434 = VECTOR('',#14435,1.);
#14435 = DIRECTION('',(0.,1.));
#14436 = ( GEOMETRIC_REPRESENTATION_CONTEXT(2) 
PARAMETRIC_REPRESENTATION_CONTEXT() REPRESENTATION_CONTEXT('2D SPACE',''
  ) );
#14437 = ORIENTED_EDGE('',*,*,#2582,.F.);
#14438 = ORIENTED_EDGE('',*,*,#14368,.T.);
#14439 = ORIENTED_EDGE('',*,*,#14440,.F.);
#14440 = EDGE_CURVE('',#14416,#14369,#14441,.T.);
#14441 = SURFACE_CURVE('',#14442,(#14445,#14452),.PCURVE_S1.);
#14442 = B_SPLINE_CURVE_WITH_KNOTS('',1,(#14443,#14444),.UNSPECIFIED.,
  .F.,.F.,(2,2),(17.,18.),.PIECEWISE_BEZIER_KNOTS.);
#14443 = CARTESIAN_POINT('',(84.235249838383,70.917244610505,
    93.649695089254));
#14444 = CARTESIAN_POINT('',(84.095230799213,71.099720975033,
    94.45404195739));
#14445 = PCURVE('',#2608,#14446);
#14446 = DEFINITIONAL_REPRESENTATION('',(#14447),#14451);
#14447 = LINE('',#14448,#14449);
#14448 = CARTESIAN_POINT('',(0.,1.));
#14449 = VECTOR('',#14450,1.);
#14450 = DIRECTION('',(1.,0.));
#14451 = ( GEOMETRIC_REPRESENTATION_CONTEXT(2) 
PARAMETRIC_REPRESENTATION_CONTEXT() REPRESENTATION_CONTEXT('2D SPACE',''
  ) );
#14452 = PCURVE('',#9885,#14453);
#14453 = DEFINITIONAL_REPRESENTATION('',(#14454),#14457);
#14454 = B_SPLINE_CURVE_WITH_KNOTS('',1,(#14455,#14456),.UNSPECIFIED.,
  .F.,.F.,(2,2),(17.,18.),.PIECEWISE_BEZIER_KNOTS.);
#14455 = CARTESIAN_POINT('',(20.116461194236,0.490783795139));
#14456 = CARTESIAN_POINT('',(20.928049227344,0.287801767025));
#14457 = ( GEOMETRIC_REPRESENTATION_CONTEXT(2) 
PARAMETRIC_REPRESENTATION_CONTEXT() REPRESENTATION_CONTEXT('2D SPACE',''
  ) );
#14458 = ADVANCED_FACE('',(#14459),#2563,.T.);
#14459 = FACE_BOUND('',#14460,.T.);
#14460 = EDGE_LOOP('',(#14461,#14484,#14485,#14486));
#14461 = ORIENTED_EDGE('',*,*,#14462,.F.);
#14462 = EDGE_CURVE('',#2475,#14463,#14465,.T.);
#14463 = VERTEX_POINT('',#14464);
#14464 = CARTESIAN_POINT('',(84.419602417993,70.676991651208,
    92.652480546588));
#14465 = SURFACE_CURVE('',#14466,(#14470,#14477),.PCURVE_S1.);
#14466 = B_SPLINE_CURVE_WITH_KNOTS('',2,(#14467,#14468,#14469),
  .UNSPECIFIED.,.F.,.F.,(3,3),(0.,1.),.PIECEWISE_BEZIER_KNOTS.);
#14467 = CARTESIAN_POINT('',(40.21067144485,43.693191168809,
    90.66032608884));
#14468 = CARTESIAN_POINT('',(63.492754716955,58.114409479949,
    92.662053493107));
#14469 = CARTESIAN_POINT('',(84.419602417993,70.676991651208,
    92.652480546588));
#14470 = PCURVE('',#2563,#14471);
#14471 = DEFINITIONAL_REPRESENTATION('',(#14472),#14476);
#14472 = LINE('',#14473,#14474);
#14473 = CARTESIAN_POINT('',(16.,0.));
#14474 = VECTOR('',#14475,1.);
#14475 = DIRECTION('',(0.,1.));
#14476 = ( GEOMETRIC_REPRESENTATION_CONTEXT(2) 
PARAMETRIC_REPRESENTATION_CONTEXT() REPRESENTATION_CONTEXT('2D SPACE',''
  ) );
#14477 = PCURVE('',#2512,#14478);
#14478 = DEFINITIONAL_REPRESENTATION('',(#14479),#14483);
#14479 = LINE('',#14480,#14481);
#14480 = CARTESIAN_POINT('',(16.,0.));
#14481 = VECTOR('',#14482,1.);
#14482 = DIRECTION('',(0.,1.));
#14483 = ( GEOMETRIC_REPRESENTATION_CONTEXT(2) 
PARAMETRIC_REPRESENTATION_CONTEXT() REPRESENTATION_CONTEXT('2D SPACE',''
  ) );
#14484 = ORIENTED_EDGE('',*,*,#2537,.F.);
#14485 = ORIENTED_EDGE('',*,*,#14415,.T.);
#14486 = ORIENTED_EDGE('',*,*,#14487,.F.);
#14487 = EDGE_CURVE('',#14463,#14416,#14488,.T.);
#14488 = SURFACE_CURVE('',#14489,(#14492,#14499),.PCURVE_S1.);
#14489 = B_SPLINE_CURVE_WITH_KNOTS('',1,(#14490,#14491),.UNSPECIFIED.,
  .F.,.F.,(2,2),(16.,17.),.PIECEWISE_BEZIER_KNOTS.);
#14490 = CARTESIAN_POINT('',(84.419602417993,70.676991651208,
    92.652480546588));
#14491 = CARTESIAN_POINT('',(84.235249838383,70.917244610505,
    93.649695089254));
#14492 = PCURVE('',#2563,#14493);
#14493 = DEFINITIONAL_REPRESENTATION('',(#14494),#14498);
#14494 = LINE('',#14495,#14496);
#14495 = CARTESIAN_POINT('',(0.,1.));
#14496 = VECTOR('',#14497,1.);
#14497 = DIRECTION('',(1.,0.));
#14498 = ( GEOMETRIC_REPRESENTATION_CONTEXT(2) 
PARAMETRIC_REPRESENTATION_CONTEXT() REPRESENTATION_CONTEXT('2D SPACE',''
  ) );
#14499 = PCURVE('',#9885,#14500);
#14500 = DEFINITIONAL_REPRESENTATION('',(#14501),#14504);
#14501 = B_SPLINE_CURVE_WITH_KNOTS('',1,(#14502,#14503),.UNSPECIFIED.,
  .F.,.F.,(2,2),(16.,17.),.PIECEWISE_BEZIER_KNOTS.);
#14502 = CARTESIAN_POINT('',(19.101431953475,0.727130664305));
#14503 = CARTESIAN_POINT('',(20.116461194236,0.490783795139));
#14504 = ( GEOMETRIC_REPRESENTATION_CONTEXT(2) 
PARAMETRIC_REPRESENTATION_CONTEXT() REPRESENTATION_CONTEXT('2D SPACE',''
  ) );
#14505 = ADVANCED_FACE('',(#14506),#2512,.T.);
#14506 = FACE_BOUND('',#14507,.T.);
#14507 = EDGE_LOOP('',(#14508,#14509,#14510,#14511));
#14508 = ORIENTED_EDGE('',*,*,#11217,.F.);
#14509 = ORIENTED_EDGE('',*,*,#2474,.F.);
#14510 = ORIENTED_EDGE('',*,*,#14462,.T.);
#14511 = ORIENTED_EDGE('',*,*,#14512,.F.);
#14512 = EDGE_CURVE('',#11218,#14463,#14513,.T.);
#14513 = SURFACE_CURVE('',#14514,(#14517,#14524),.PCURVE_S1.);
#14514 = B_SPLINE_CURVE_WITH_KNOTS('',1,(#14515,#14516),.UNSPECIFIED.,
  .F.,.F.,(2,2),(15.,16.),.PIECEWISE_BEZIER_KNOTS.);
#14515 = CARTESIAN_POINT('',(84.64992228812,70.376832952589,
    91.488342166972));
#14516 = CARTESIAN_POINT('',(84.419602417993,70.676991651208,
    92.652480546588));
#14517 = PCURVE('',#2512,#14518);
#14518 = DEFINITIONAL_REPRESENTATION('',(#14519),#14523);
#14519 = LINE('',#14520,#14521);
#14520 = CARTESIAN_POINT('',(0.,1.));
#14521 = VECTOR('',#14522,1.);
#14522 = DIRECTION('',(1.,0.));
#14523 = ( GEOMETRIC_REPRESENTATION_CONTEXT(2) 
PARAMETRIC_REPRESENTATION_CONTEXT() REPRESENTATION_CONTEXT('2D SPACE',''
  ) );
#14524 = PCURVE('',#9885,#14525);
#14525 = DEFINITIONAL_REPRESENTATION('',(#14526),#14529);
#14526 = B_SPLINE_CURVE_WITH_KNOTS('',1,(#14527,#14528),.UNSPECIFIED.,
  .F.,.F.,(2,2),(15.,16.),.PIECEWISE_BEZIER_KNOTS.);
#14527 = CARTESIAN_POINT('',(17.90408766349,0.98154627913));
#14528 = CARTESIAN_POINT('',(19.101431953475,0.727130664305));
#14529 = ( GEOMETRIC_REPRESENTATION_CONTEXT(2) 
PARAMETRIC_REPRESENTATION_CONTEXT() REPRESENTATION_CONTEXT('2D SPACE',''
  ) );
#14530 = ADVANCED_FACE('',(#14531),#7996,.F.);
#14531 = FACE_BOUND('',#14532,.T.);
#14532 = EDGE_LOOP('',(#14533,#14534,#14535,#14536,#14537,#14538,#14539,
    #14540,#14541,#14542,#14543,#14544,#14545,#14546,#14547,#14548,
    #14549,#14550,#14551,#14552,#14553,#14554,#14555,#14556,#14557,
    #14558,#14559,#14560,#14561,#14562,#14563,#14564,#14565,#14566,
    #14567,#14568,#14569,#14570,#14571,#14572,#14573,#14574));
#14533 = ORIENTED_EDGE('',*,*,#13804,.T.);
#14534 = ORIENTED_EDGE('',*,*,#13851,.T.);
#14535 = ORIENTED_EDGE('',*,*,#13898,.T.);
#14536 = ORIENTED_EDGE('',*,*,#13945,.T.);
#14537 = ORIENTED_EDGE('',*,*,#13970,.T.);
#14538 = ORIENTED_EDGE('',*,*,#7983,.T.);
#14539 = ORIENTED_EDGE('',*,*,#8035,.T.);
#14540 = ORIENTED_EDGE('',*,*,#8082,.T.);
#14541 = ORIENTED_EDGE('',*,*,#8129,.T.);
#14542 = ORIENTED_EDGE('',*,*,#8176,.T.);
#14543 = ORIENTED_EDGE('',*,*,#8223,.T.);
#14544 = ORIENTED_EDGE('',*,*,#8270,.T.);
#14545 = ORIENTED_EDGE('',*,*,#8317,.T.);
#14546 = ORIENTED_EDGE('',*,*,#8364,.T.);
#14547 = ORIENTED_EDGE('',*,*,#8411,.T.);
#14548 = ORIENTED_EDGE('',*,*,#8458,.T.);
#14549 = ORIENTED_EDGE('',*,*,#8505,.T.);
#14550 = ORIENTED_EDGE('',*,*,#8552,.T.);
#14551 = ORIENTED_EDGE('',*,*,#8599,.T.);
#14552 = ORIENTED_EDGE('',*,*,#8646,.T.);
#14553 = ORIENTED_EDGE('',*,*,#8693,.T.);
#14554 = ORIENTED_EDGE('',*,*,#8740,.T.);
#14555 = ORIENTED_EDGE('',*,*,#8787,.T.);
#14556 = ORIENTED_EDGE('',*,*,#8834,.T.);
#14557 = ORIENTED_EDGE('',*,*,#8881,.T.);
#14558 = ORIENTED_EDGE('',*,*,#8928,.T.);
#14559 = ORIENTED_EDGE('',*,*,#8975,.T.);
#14560 = ORIENTED_EDGE('',*,*,#9022,.T.);
#14561 = ORIENTED_EDGE('',*,*,#9069,.T.);
#14562 = ORIENTED_EDGE('',*,*,#9116,.T.);
#14563 = ORIENTED_EDGE('',*,*,#9163,.T.);
#14564 = ORIENTED_EDGE('',*,*,#9210,.T.);
#14565 = ORIENTED_EDGE('',*,*,#9257,.T.);
#14566 = ORIENTED_EDGE('',*,*,#9304,.T.);
#14567 = ORIENTED_EDGE('',*,*,#9351,.T.);
#14568 = ORIENTED_EDGE('',*,*,#9398,.T.);
#14569 = ORIENTED_EDGE('',*,*,#9445,.T.);
#14570 = ORIENTED_EDGE('',*,*,#13569,.T.);
#14571 = ORIENTED_EDGE('',*,*,#13616,.T.);
#14572 = ORIENTED_EDGE('',*,*,#13663,.T.);
#14573 = ORIENTED_EDGE('',*,*,#13710,.T.);
#14574 = ORIENTED_EDGE('',*,*,#13757,.T.);
#14575 = ADVANCED_FACE('',(#14576),#9885,.F.);
#14576 = FACE_BOUND('',#14577,.T.);
#14577 = EDGE_LOOP('',(#14578,#14579,#14580,#14581,#14582,#14583,#14584,
    #14585,#14586,#14587,#14588,#14589,#14590,#14591,#14592,#14593,
    #14594,#14595,#14596,#14597,#14598,#14599,#14600,#14601,#14602,
    #14603,#14604,#14605,#14606,#14607,#14608,#14609,#14610,#14611,
    #14612,#14613,#14614,#14615,#14616,#14617,#14618,#14619));
#14578 = ORIENTED_EDGE('',*,*,#10582,.T.);
#14579 = ORIENTED_EDGE('',*,*,#10629,.T.);
#14580 = ORIENTED_EDGE('',*,*,#10676,.T.);
#14581 = ORIENTED_EDGE('',*,*,#10723,.T.);
#14582 = ORIENTED_EDGE('',*,*,#10770,.T.);
#14583 = ORIENTED_EDGE('',*,*,#10817,.T.);
#14584 = ORIENTED_EDGE('',*,*,#10864,.T.);
#14585 = ORIENTED_EDGE('',*,*,#10911,.T.);
#14586 = ORIENTED_EDGE('',*,*,#10958,.T.);
#14587 = ORIENTED_EDGE('',*,*,#11005,.T.);
#14588 = ORIENTED_EDGE('',*,*,#11052,.T.);
#14589 = ORIENTED_EDGE('',*,*,#11099,.T.);
#14590 = ORIENTED_EDGE('',*,*,#11146,.T.);
#14591 = ORIENTED_EDGE('',*,*,#11193,.T.);
#14592 = ORIENTED_EDGE('',*,*,#11240,.T.);
#14593 = ORIENTED_EDGE('',*,*,#14512,.T.);
#14594 = ORIENTED_EDGE('',*,*,#14487,.T.);
#14595 = ORIENTED_EDGE('',*,*,#14440,.T.);
#14596 = ORIENTED_EDGE('',*,*,#14393,.T.);
#14597 = ORIENTED_EDGE('',*,*,#14346,.T.);
#14598 = ORIENTED_EDGE('',*,*,#14299,.T.);
#14599 = ORIENTED_EDGE('',*,*,#14252,.T.);
#14600 = ORIENTED_EDGE('',*,*,#14205,.T.);
#14601 = ORIENTED_EDGE('',*,*,#14158,.T.);
#14602 = ORIENTED_EDGE('',*,*,#14111,.T.);
#14603 = ORIENTED_EDGE('',*,*,#14064,.T.);
#14604 = ORIENTED_EDGE('',*,*,#14017,.T.);
#14605 = ORIENTED_EDGE('',*,*,#9872,.T.);
#14606 = ORIENTED_EDGE('',*,*,#9924,.T.);
#14607 = ORIENTED_EDGE('',*,*,#9971,.T.);
#14608 = ORIENTED_EDGE('',*,*,#10018,.T.);
#14609 = ORIENTED_EDGE('',*,*,#10065,.T.);
#14610 = ORIENTED_EDGE('',*,*,#10112,.T.);
#14611 = ORIENTED_EDGE('',*,*,#10159,.T.);
#14612 = ORIENTED_EDGE('',*,*,#10206,.T.);
#14613 = ORIENTED_EDGE('',*,*,#10253,.T.);
#14614 = ORIENTED_EDGE('',*,*,#10300,.T.);
#14615 = ORIENTED_EDGE('',*,*,#10347,.T.);
#14616 = ORIENTED_EDGE('',*,*,#10394,.T.);
#14617 = ORIENTED_EDGE('',*,*,#10441,.T.);
#14618 = ORIENTED_EDGE('',*,*,#10488,.T.);
#14619 = ORIENTED_EDGE('',*,*,#10535,.T.);
#14620 = ADVANCED_FACE('',(#14621),#11625,.F.);
#14621 = FACE_BOUND('',#14622,.T.);
#14622 = EDGE_LOOP('',(#14623,#14624,#14625,#14626,#14627,#14628,#14629,
    #14630,#14631,#14632,#14633,#14634,#14635,#14636,#14637,#14638,
    #14639,#14640,#14641,#14642,#14643,#14644,#14645,#14646,#14647,
    #14648,#14649,#14650,#14651,#14652,#14653,#14654,#14655,#14656,
    #14657,#14658,#14659,#14660,#14661,#14662,#14663,#14664));
#14623 = ORIENTED_EDGE('',*,*,#11711,.T.);
#14624 = ORIENTED_EDGE('',*,*,#11612,.T.);
#14625 = ORIENTED_EDGE('',*,*,#11664,.T.);
#14626 = ORIENTED_EDGE('',*,*,#11758,.T.);
#14627 = ORIENTED_EDGE('',*,*,#11852,.T.);
#14628 = ORIENTED_EDGE('',*,*,#11946,.T.);
#14629 = ORIENTED_EDGE('',*,*,#12040,.T.);
#14630 = ORIENTED_EDGE('',*,*,#12134,.T.);
#14631 = ORIENTED_EDGE('',*,*,#12228,.T.);
#14632 = ORIENTED_EDGE('',*,*,#12322,.T.);
#14633 = ORIENTED_EDGE('',*,*,#12416,.T.);
#14634 = ORIENTED_EDGE('',*,*,#12510,.T.);
#14635 = ORIENTED_EDGE('',*,*,#12604,.T.);
#14636 = ORIENTED_EDGE('',*,*,#12698,.T.);
#14637 = ORIENTED_EDGE('',*,*,#12792,.T.);
#14638 = ORIENTED_EDGE('',*,*,#12886,.T.);
#14639 = ORIENTED_EDGE('',*,*,#12980,.T.);
#14640 = ORIENTED_EDGE('',*,*,#13074,.T.);
#14641 = ORIENTED_EDGE('',*,*,#13168,.T.);
#14642 = ORIENTED_EDGE('',*,*,#13262,.T.);
#14643 = ORIENTED_EDGE('',*,*,#13356,.T.);
#14644 = ORIENTED_EDGE('',*,*,#13450,.T.);
#14645 = ORIENTED_EDGE('',*,*,#13522,.T.);
#14646 = ORIENTED_EDGE('',*,*,#13497,.T.);
#14647 = ORIENTED_EDGE('',*,*,#13403,.T.);
#14648 = ORIENTED_EDGE('',*,*,#13309,.T.);
#14649 = ORIENTED_EDGE('',*,*,#13215,.T.);
#14650 = ORIENTED_EDGE('',*,*,#13121,.T.);
#14651 = ORIENTED_EDGE('',*,*,#13027,.T.);
#14652 = ORIENTED_EDGE('',*,*,#12933,.T.);
#14653 = ORIENTED_EDGE('',*,*,#12839,.T.);
#14654 = ORIENTED_EDGE('',*,*,#12745,.T.);
#14655 = ORIENTED_EDGE('',*,*,#12651,.T.);
#14656 = ORIENTED_EDGE('',*,*,#12557,.T.);
#14657 = ORIENTED_EDGE('',*,*,#12463,.T.);
#14658 = ORIENTED_EDGE('',*,*,#12369,.T.);
#14659 = ORIENTED_EDGE('',*,*,#12275,.T.);
#14660 = ORIENTED_EDGE('',*,*,#12181,.T.);
#14661 = ORIENTED_EDGE('',*,*,#12087,.T.);
#14662 = ORIENTED_EDGE('',*,*,#11993,.T.);
#14663 = ORIENTED_EDGE('',*,*,#11899,.T.);
#14664 = ORIENTED_EDGE('',*,*,#11805,.T.);
#14665 = ( GEOMETRIC_REPRESENTATION_CONTEXT(3) 
GLOBAL_UNCERTAINTY_ASSIGNED_CONTEXT((#14669)) 
GLOBAL_UNIT_ASSIGNED_CONTEXT((#14666,#14667,#14668)) 
REPRESENTATION_CONTEXT('Context #1',
  '3D Context with UNIT and UNCERTAINTY') );
#14666 = ( LENGTH_UNIT() NAMED_UNIT(*) SI_UNIT(.MILLI.,.METRE.) );
#14667 = ( NAMED_UNIT(*) PLANE_ANGLE_UNIT() SI_UNIT($,.RADIAN.) );
#14668 = ( NAMED_UNIT(*) SI_UNIT($,.STERADIAN.) SOLID_ANGLE_UNIT() );
#14669 = UNCERTAINTY_MEASURE_WITH_UNIT(LENGTH_MEASURE(2.E-06),#14666,
  'distance_accuracy_value','confusion accuracy');
#14670 = PRODUCT_RELATED_PRODUCT_CATEGORY('part',$,(#7));
ENDSEC;
END-ISO-10303-21;
